[2025-12-17 19:49:42,832] [INFO] 日志已写入：./logs/msl_adv_hybrid/MambaTSAD_20251217_194942.log
[2025-12-17 19:49:42,833] [INFO] [shared_adv] 命令行参数：Namespace(dataset='msl', processed_root='./dataset/MSL', log_dir='./logs/msl_adv_hybrid', branch='hybrid_shared_adv', win_size=100, pred_len=10, train_stride=1, test_stride=1, batch_size=64, epochs=50, lr=0.001, weight_decay=0.0001, seed=42, no_amp=False, max_grad_norm=1.0, patience=8, lambda_recon=1.0, lambda_forecast=1.0, adv_epsilon=0.05, adv_beta=0.5, adv_warmup_epochs=5, no_point_adjust=False, num_workers=4)
[2025-12-17 19:49:42,912] [INFO] [shared_adv] 数据集 [msl] 构建完成，实体数量=27，input_dim=55，训练样本数=55644，测试样本数=71056
[2025-12-17 19:49:43,139] [INFO] [shared_adv] 当前使用设备：cuda
[2025-12-17 19:49:43,558] [INFO] 训练模式：混合模型 (hybrid)，context_len=90, pred_len=10。
[2025-12-17 19:49:44,129] [INFO] 模型结构：
MambaTSADHybrid(
  (recon_branch): MambaTSAD(
    (encoder): Linear(in_features=55, out_features=128, bias=True)
    (level1): ModuleList(
      (0-1): 2 x LSSBlockTS(
        (global_layers): ModuleList(
          (0-1): 2 x BiMambaBlock(
            (norm): LayerNorm((128,), eps=1e-05, elementwise_affine=True)
            (mamba_fwd): Mamba(
              (in_proj): Linear(in_features=128, out_features=512, bias=False)
              (conv1d): Conv1d(256, 256, kernel_size=(4,), stride=(1,), padding=(3,), groups=256)
              (act): SiLU()
              (x_proj): Linear(in_features=256, out_features=40, bias=False)
              (dt_proj): Linear(in_features=8, out_features=256, bias=True)
              (out_proj): Linear(in_features=256, out_features=128, bias=False)
            )
            (mamba_bwd): Mamba(
              (in_proj): Linear(in_features=128, out_features=512, bias=False)
              (conv1d): Conv1d(256, 256, kernel_size=(4,), stride=(1,), padding=(3,), groups=256)
              (act): SiLU()
              (x_proj): Linear(in_features=256, out_features=40, bias=False)
              (dt_proj): Linear(in_features=8, out_features=256, bias=True)
              (out_proj): Linear(in_features=256, out_features=128, bias=False)
            )
            (ffn): Sequential(
              (0): LayerNorm((128,), eps=1e-05, elementwise_affine=True)
              (1): Linear(in_features=128, out_features=512, bias=True)
              (2): GELU(approximate='none')
              (3): Dropout(p=0.1, inplace=False)
              (4): Linear(in_features=512, out_features=128, bias=True)
            )
            (dropout): Dropout(p=0.1, inplace=False)
          )
        )
        (local_branches): ModuleList(
          (0): LocalConvBlock1D(
            (block): Sequential(
              (0): Conv1d(128, 128, kernel_size=(1,), stride=(1,))
              (1): InstanceNorm1d(128, eps=1e-05, momentum=0.1, affine=False, track_running_stats=False)
              (2): SiLU()
              (3): Conv1d(128, 128, kernel_size=(5,), stride=(1,), padding=(2,), groups=128)
              (4): InstanceNorm1d(128, eps=1e-05, momentum=0.1, affine=False, track_running_stats=False)
              (5): SiLU()
              (6): Conv1d(128, 128, kernel_size=(1,), stride=(1,))
            )
          )
          (1): LocalConvBlock1D(
            (block): Sequential(
              (0): Conv1d(128, 128, kernel_size=(1,), stride=(1,))
              (1): InstanceNorm1d(128, eps=1e-05, momentum=0.1, affine=False, track_running_stats=False)
              (2): SiLU()
              (3): Conv1d(128, 128, kernel_size=(7,), stride=(1,), padding=(3,), groups=128)
              (4): InstanceNorm1d(128, eps=1e-05, momentum=0.1, affine=False, track_running_stats=False)
              (5): SiLU()
              (6): Conv1d(128, 128, kernel_size=(1,), stride=(1,))
            )
          )
        )
        (proj): Linear(in_features=384, out_features=128, bias=True)
      )
    )
    (level2): ModuleList(
      (0-1): 2 x LSSBlockTS(
        (global_layers): ModuleList(
          (0-1): 2 x BiMambaBlock(
            (norm): LayerNorm((128,), eps=1e-05, elementwise_affine=True)
            (mamba_fwd): Mamba(
              (in_proj): Linear(in_features=128, out_features=512, bias=False)
              (conv1d): Conv1d(256, 256, kernel_size=(4,), stride=(1,), padding=(3,), groups=256)
              (act): SiLU()
              (x_proj): Linear(in_features=256, out_features=40, bias=False)
              (dt_proj): Linear(in_features=8, out_features=256, bias=True)
              (out_proj): Linear(in_features=256, out_features=128, bias=False)
            )
            (mamba_bwd): Mamba(
              (in_proj): Linear(in_features=128, out_features=512, bias=False)
              (conv1d): Conv1d(256, 256, kernel_size=(4,), stride=(1,), padding=(3,), groups=256)
              (act): SiLU()
              (x_proj): Linear(in_features=256, out_features=40, bias=False)
              (dt_proj): Linear(in_features=8, out_features=256, bias=True)
              (out_proj): Linear(in_features=256, out_features=128, bias=False)
            )
            (ffn): Sequential(
              (0): LayerNorm((128,), eps=1e-05, elementwise_affine=True)
              (1): Linear(in_features=128, out_features=512, bias=True)
              (2): GELU(approximate='none')
              (3): Dropout(p=0.1, inplace=False)
              (4): Linear(in_features=512, out_features=128, bias=True)
            )
            (dropout): Dropout(p=0.1, inplace=False)
          )
        )
        (local_branches): ModuleList(
          (0): LocalConvBlock1D(
            (block): Sequential(
              (0): Conv1d(128, 128, kernel_size=(1,), stride=(1,))
              (1): InstanceNorm1d(128, eps=1e-05, momentum=0.1, affine=False, track_running_stats=False)
              (2): SiLU()
              (3): Conv1d(128, 128, kernel_size=(5,), stride=(1,), padding=(2,), groups=128)
              (4): InstanceNorm1d(128, eps=1e-05, momentum=0.1, affine=False, track_running_stats=False)
              (5): SiLU()
              (6): Conv1d(128, 128, kernel_size=(1,), stride=(1,))
            )
          )
          (1): LocalConvBlock1D(
            (block): Sequential(
              (0): Conv1d(128, 128, kernel_size=(1,), stride=(1,))
              (1): InstanceNorm1d(128, eps=1e-05, momentum=0.1, affine=False, track_running_stats=False)
              (2): SiLU()
              (3): Conv1d(128, 128, kernel_size=(7,), stride=(1,), padding=(3,), groups=128)
              (4): InstanceNorm1d(128, eps=1e-05, momentum=0.1, affine=False, track_running_stats=False)
              (5): SiLU()
              (6): Conv1d(128, 128, kernel_size=(1,), stride=(1,))
            )
          )
        )
        (proj): Linear(in_features=384, out_features=128, bias=True)
      )
    )
    (level3): ModuleList(
      (0-1): 2 x LSSBlockTS(
        (global_layers): ModuleList(
          (0-1): 2 x BiMambaBlock(
            (norm): LayerNorm((128,), eps=1e-05, elementwise_affine=True)
            (mamba_fwd): Mamba(
              (in_proj): Linear(in_features=128, out_features=512, bias=False)
              (conv1d): Conv1d(256, 256, kernel_size=(4,), stride=(1,), padding=(3,), groups=256)
              (act): SiLU()
              (x_proj): Linear(in_features=256, out_features=40, bias=False)
              (dt_proj): Linear(in_features=8, out_features=256, bias=True)
              (out_proj): Linear(in_features=256, out_features=128, bias=False)
            )
            (mamba_bwd): Mamba(
              (in_proj): Linear(in_features=128, out_features=512, bias=False)
              (conv1d): Conv1d(256, 256, kernel_size=(4,), stride=(1,), padding=(3,), groups=256)
              (act): SiLU()
              (x_proj): Linear(in_features=256, out_features=40, bias=False)
              (dt_proj): Linear(in_features=8, out_features=256, bias=True)
              (out_proj): Linear(in_features=256, out_features=128, bias=False)
            )
            (ffn): Sequential(
              (0): LayerNorm((128,), eps=1e-05, elementwise_affine=True)
              (1): Linear(in_features=128, out_features=512, bias=True)
              (2): GELU(approximate='none')
              (3): Dropout(p=0.1, inplace=False)
              (4): Linear(in_features=512, out_features=128, bias=True)
            )
            (dropout): Dropout(p=0.1, inplace=False)
          )
        )
        (local_branches): ModuleList(
          (0): LocalConvBlock1D(
            (block): Sequential(
              (0): Conv1d(128, 128, kernel_size=(1,), stride=(1,))
              (1): InstanceNorm1d(128, eps=1e-05, momentum=0.1, affine=False, track_running_stats=False)
              (2): SiLU()
              (3): Conv1d(128, 128, kernel_size=(5,), stride=(1,), padding=(2,), groups=128)
              (4): InstanceNorm1d(128, eps=1e-05, momentum=0.1, affine=False, track_running_stats=False)
              (5): SiLU()
              (6): Conv1d(128, 128, kernel_size=(1,), stride=(1,))
            )
          )
          (1): LocalConvBlock1D(
            (block): Sequential(
              (0): Conv1d(128, 128, kernel_size=(1,), stride=(1,))
              (1): InstanceNorm1d(128, eps=1e-05, momentum=0.1, affine=False, track_running_stats=False)
              (2): SiLU()
              (3): Conv1d(128, 128, kernel_size=(7,), stride=(1,), padding=(3,), groups=128)
              (4): InstanceNorm1d(128, eps=1e-05, momentum=0.1, affine=False, track_running_stats=False)
              (5): SiLU()
              (6): Conv1d(128, 128, kernel_size=(1,), stride=(1,))
            )
          )
        )
        (proj): Linear(in_features=384, out_features=128, bias=True)
      )
    )
    (decoder): Linear(in_features=128, out_features=55, bias=True)
  )
  (forecast_branch): MambaTSADForecast(
    (enc_embedding): InvertedTimeEmbedding(
      (proj): Linear(in_features=90, out_features=128, bias=True)
      (dropout): Dropout(p=0.1, inplace=False)
    )
    (encoder_layers): ModuleList(
      (0-2): 3 x BiMambaBlock1D(
        (norm): LayerNorm((128,), eps=1e-05, elementwise_affine=True)
        (mamba_fwd): Mamba(
          (in_proj): Linear(in_features=128, out_features=512, bias=False)
          (conv1d): Conv1d(256, 256, kernel_size=(4,), stride=(1,), padding=(3,), groups=256)
          (act): SiLU()
          (x_proj): Linear(in_features=256, out_features=40, bias=False)
          (dt_proj): Linear(in_features=8, out_features=256, bias=True)
          (out_proj): Linear(in_features=256, out_features=128, bias=False)
        )
        (mamba_bwd): Mamba(
          (in_proj): Linear(in_features=128, out_features=512, bias=False)
          (conv1d): Conv1d(256, 256, kernel_size=(4,), stride=(1,), padding=(3,), groups=256)
          (act): SiLU()
          (x_proj): Linear(in_features=256, out_features=40, bias=False)
          (dt_proj): Linear(in_features=8, out_features=256, bias=True)
          (out_proj): Linear(in_features=256, out_features=128, bias=False)
        )
        (ffn): Sequential(
          (0): LayerNorm((128,), eps=1e-05, elementwise_affine=True)
          (1): Linear(in_features=128, out_features=512, bias=True)
          (2): GELU(approximate='none')
          (3): Dropout(p=0.1, inplace=False)
          (4): Linear(in_features=512, out_features=128, bias=True)
        )
        (dropout): Dropout(p=0.1, inplace=False)
      )
    )
    (enc_norm): LayerNorm((128,), eps=1e-05, elementwise_affine=True)
    (projector): Linear(in_features=128, out_features=10, bias=True)
  )
)
[2025-12-17 19:49:44,131] [INFO] [TSADAdvTrainer] 对抗训练配置: epsilon=0.0500, beta=0.5000, warmup_epochs=5
[2025-12-17 19:49:44,131] [INFO] ========== Epoch 1/50 (hybrid_shared_adv) ==========
[2025-12-17 19:51:40,758] [INFO] [Epoch 1] hybrid_shared_adv 训练损失: total=1.374696, recon=0.738717, forecast=0.635980, adv=0.000000
[2025-12-17 19:52:43,973] [INFO] [Eval-recon(hybrid)] F1=0.8691, P=0.8942, R=0.8454, AUC=0.5446, thr=2.019379, point_adjust=True
[2025-12-17 19:53:15,713] [INFO] [Eval-forecast(hybrid)] F1=0.8865, P=0.9214, R=0.8542, AUC=0.6402, thr=10.228676, point_adjust=True
[2025-12-17 19:53:39,143] [INFO] [Eval-hybrid] F1=0.8783, P=0.9138, R=0.8454, AUC=0.5957, thr=0.375321, point_adjust=True; recon_F1=0.8691, forecast_F1=0.8865
[2025-12-17 19:53:39,261] [INFO] 发现更优模型，已保存至 ./logs/msl_adv_hybrid/best_model_hybrid_shared_adv.pt
[2025-12-17 19:53:39,519] [INFO] 已保存可视化图：./logs/msl_adv_hybrid/scores_epoch1_hybrid_shared_adv.png
[2025-12-17 19:53:39,519] [INFO] ========== Epoch 2/50 (hybrid_shared_adv) ==========
[2025-12-17 19:55:28,813] [INFO] [Epoch 2] hybrid_shared_adv 训练损失: total=1.267357, recon=0.694844, forecast=0.572513, adv=0.000000
[2025-12-17 19:56:31,330] [INFO] [Eval-recon(hybrid)] F1=0.8690, P=0.8842, R=0.8542, AUC=0.5487, thr=1.877550, point_adjust=True
[2025-12-17 19:57:03,390] [INFO] [Eval-forecast(hybrid)] F1=0.8869, P=0.9222, R=0.8542, AUC=0.6069, thr=10.284355, point_adjust=True
[2025-12-17 19:57:26,398] [INFO] [Eval-hybrid] F1=0.8780, P=0.9132, R=0.8454, AUC=0.5813, thr=0.369955, point_adjust=True; recon_F1=0.8690, forecast_F1=0.8869
[2025-12-17 19:57:26,652] [INFO] 已保存可视化图：./logs/msl_adv_hybrid/scores_epoch2_hybrid_shared_adv.png
[2025-12-17 19:57:26,652] [INFO] ========== Epoch 3/50 (hybrid_shared_adv) ==========
[2025-12-17 19:59:16,500] [INFO] [Epoch 3] hybrid_shared_adv 训练损失: total=1.257215, recon=0.688606, forecast=0.568608, adv=0.000000
[2025-12-17 20:00:19,102] [INFO] [Eval-recon(hybrid)] F1=0.8690, P=0.8842, R=0.8542, AUC=0.5516, thr=1.819848, point_adjust=True
[2025-12-17 20:00:51,346] [INFO] [Eval-forecast(hybrid)] F1=0.8878, P=0.9241, R=0.8542, AUC=0.6177, thr=10.238312, point_adjust=True
[2025-12-17 20:01:13,799] [INFO] [Eval-hybrid] F1=0.8780, P=0.9133, R=0.8454, AUC=0.5854, thr=0.369692, point_adjust=True; recon_F1=0.8690, forecast_F1=0.8878
[2025-12-17 20:01:14,051] [INFO] 已保存可视化图：./logs/msl_adv_hybrid/scores_epoch3_hybrid_shared_adv.png
[2025-12-17 20:01:14,051] [INFO] ========== Epoch 4/50 (hybrid_shared_adv) ==========
[2025-12-17 20:01:14,053] [INFO] [Epoch 4] hybrid_shared_adv 启用对抗训练 (epsilon=0.0500, beta=0.5000)
[2025-12-17 20:06:31,097] [INFO] [Epoch 4] hybrid_shared_adv 训练损失: total=2.040985, recon=0.770928, forecast=0.566461, adv=1.407192
[2025-12-17 20:07:37,414] [INFO] [Eval-recon(hybrid)] F1=0.8699, P=0.8861, R=0.8542, AUC=0.5524, thr=1.750636, point_adjust=True
[2025-12-17 20:08:10,109] [INFO] [Eval-forecast(hybrid)] F1=0.8898, P=0.9113, R=0.8693, AUC=0.6257, thr=4.674032, point_adjust=True
[2025-12-17 20:08:33,294] [INFO] [Eval-hybrid] F1=0.8788, P=0.9151, R=0.8454, AUC=0.5863, thr=0.362287, point_adjust=True; recon_F1=0.8699, forecast_F1=0.8898
[2025-12-17 20:08:33,413] [INFO] 发现更优模型，已保存至 ./logs/msl_adv_hybrid/best_model_hybrid_shared_adv.pt
[2025-12-17 20:08:33,662] [INFO] 已保存可视化图：./logs/msl_adv_hybrid/scores_epoch4_hybrid_shared_adv.png
[2025-12-17 20:08:33,662] [INFO] ========== Epoch 5/50 (hybrid_shared_adv) ==========
[2025-12-17 20:08:33,664] [INFO] [Epoch 5] hybrid_shared_adv 启用对抗训练 (epsilon=0.0500, beta=0.5000)
[2025-12-17 20:15:06,092] [INFO] [Epoch 5] hybrid_shared_adv 训练损失: total=1.878991, recon=0.683969, forecast=0.560956, adv=1.268132
[2025-12-17 20:16:09,234] [INFO] [Eval-recon(hybrid)] F1=0.8695, P=0.8852, R=0.8542, AUC=0.5521, thr=1.721202, point_adjust=True
[2025-12-17 20:16:41,073] [INFO] [Eval-forecast(hybrid)] F1=0.8888, P=0.9263, R=0.8542, AUC=0.6222, thr=10.237013, point_adjust=True
[2025-12-17 20:17:04,128] [INFO] [Eval-hybrid] F1=0.8795, P=0.9165, R=0.8454, AUC=0.5896, thr=0.410200, point_adjust=True; recon_F1=0.8695, forecast_F1=0.8888
[2025-12-17 20:17:04,242] [INFO] 发现更优模型，已保存至 ./logs/msl_adv_hybrid/best_model_hybrid_shared_adv.pt
[2025-12-17 20:17:04,490] [INFO] 已保存可视化图：./logs/msl_adv_hybrid/scores_epoch5_hybrid_shared_adv.png
[2025-12-17 20:17:04,490] [INFO] ========== Epoch 6/50 (hybrid_shared_adv) ==========
[2025-12-17 20:17:04,492] [INFO] [Epoch 6] hybrid_shared_adv 启用对抗训练 (epsilon=0.0500, beta=0.5000)
[2025-12-17 20:22:43,964] [INFO] [Epoch 6] hybrid_shared_adv 训练损失: total=1.871814, recon=0.683266, forecast=0.558162, adv=1.260774
[2025-12-17 20:23:50,431] [INFO] [Eval-recon(hybrid)] F1=0.8696, P=0.8855, R=0.8542, AUC=0.5530, thr=1.641097, point_adjust=True
[2025-12-17 20:24:23,524] [INFO] [Eval-forecast(hybrid)] F1=0.8906, P=0.9129, R=0.8693, AUC=0.6241, thr=4.685802, point_adjust=True
[2025-12-17 20:24:46,839] [INFO] [Eval-hybrid] F1=0.8795, P=0.9165, R=0.8454, AUC=0.5911, thr=0.384100, point_adjust=True; recon_F1=0.8696, forecast_F1=0.8906
[2025-12-17 20:24:47,095] [INFO] 已保存可视化图：./logs/msl_adv_hybrid/scores_epoch6_hybrid_shared_adv.png
[2025-12-17 20:24:47,095] [INFO] ========== Epoch 7/50 (hybrid_shared_adv) ==========
[2025-12-17 20:24:47,097] [INFO] [Epoch 7] hybrid_shared_adv 启用对抗训练 (epsilon=0.0500, beta=0.5000)
[2025-12-17 20:32:23,207] [INFO] [Epoch 7] hybrid_shared_adv 训练损失: total=11.455809, recon=6.867499, forecast=0.580261, adv=8.016097
[2025-12-17 20:33:50,488] [INFO] [Eval-recon(hybrid)] F1=0.8614, P=0.9007, R=0.8254, AUC=0.5130, thr=6.451592, point_adjust=True
[2025-12-17 20:34:27,520] [INFO] [Eval-forecast(hybrid)] F1=0.8816, P=0.9108, R=0.8542, AUC=0.5976, thr=10.239813, point_adjust=True
[2025-12-17 20:34:50,326] [INFO] [Eval-hybrid] F1=0.8814, P=0.9104, R=0.8542, AUC=0.5488, thr=0.179301, point_adjust=True; recon_F1=0.8614, forecast_F1=0.8816
[2025-12-17 20:34:50,462] [INFO] 发现更优模型，已保存至 ./logs/msl_adv_hybrid/best_model_hybrid_shared_adv.pt
[2025-12-17 20:34:50,731] [INFO] 已保存可视化图：./logs/msl_adv_hybrid/scores_epoch7_hybrid_shared_adv.png
[2025-12-17 20:34:50,731] [INFO] ========== Epoch 8/50 (hybrid_shared_adv) ==========
[2025-12-17 20:34:50,733] [INFO] [Epoch 8] hybrid_shared_adv 启用对抗训练 (epsilon=0.0500, beta=0.5000)
[2025-12-17 20:41:54,430] [WARNING] [TSADAdvTrainer] 生成对抗样本时梯度为 None 或包含 NaN/Inf，跳过对抗扰动。
[2025-12-17 20:41:54,997] [WARNING] [TSADAdvTrainer] 生成对抗样本时梯度为 None 或包含 NaN/Inf，跳过对抗扰动。
[2025-12-17 20:41:55,553] [WARNING] [TSADAdvTrainer] 生成对抗样本时梯度为 None 或包含 NaN/Inf，跳过对抗扰动。
[2025-12-17 20:41:56,104] [WARNING] [TSADAdvTrainer] 生成对抗样本时梯度为 None 或包含 NaN/Inf，跳过对抗扰动。
[2025-12-17 20:41:56,659] [WARNING] [TSADAdvTrainer] 生成对抗样本时梯度为 None 或包含 NaN/Inf，跳过对抗扰动。
[2025-12-17 20:41:57,218] [WARNING] [TSADAdvTrainer] 生成对抗样本时梯度为 None 或包含 NaN/Inf，跳过对抗扰动。
[2025-12-17 20:41:57,782] [WARNING] [TSADAdvTrainer] 生成对抗样本时梯度为 None 或包含 NaN/Inf，跳过对抗扰动。
[2025-12-17 20:41:58,339] [WARNING] [TSADAdvTrainer] 生成对抗样本时梯度为 None 或包含 NaN/Inf，跳过对抗扰动。
[2025-12-17 20:41:58,899] [WARNING] [TSADAdvTrainer] 生成对抗样本时梯度为 None 或包含 NaN/Inf，跳过对抗扰动。
[2025-12-17 20:41:59,462] [WARNING] [TSADAdvTrainer] 生成对抗样本时梯度为 None 或包含 NaN/Inf，跳过对抗扰动。
[2025-12-17 20:42:00,037] [WARNING] [TSADAdvTrainer] 生成对抗样本时梯度为 None 或包含 NaN/Inf，跳过对抗扰动。
[2025-12-17 20:42:00,602] [WARNING] [TSADAdvTrainer] 生成对抗样本时梯度为 None 或包含 NaN/Inf，跳过对抗扰动。
[2025-12-17 20:42:01,167] [WARNING] [TSADAdvTrainer] 生成对抗样本时梯度为 None 或包含 NaN/Inf，跳过对抗扰动。
[2025-12-17 20:42:01,726] [WARNING] [TSADAdvTrainer] 生成对抗样本时梯度为 None 或包含 NaN/Inf，跳过对抗扰动。
[2025-12-17 20:42:02,258] [WARNING] [TSADAdvTrainer] 生成对抗样本时梯度为 None 或包含 NaN/Inf，跳过对抗扰动。
[2025-12-17 20:42:02,817] [WARNING] [TSADAdvTrainer] 生成对抗样本时梯度为 None 或包含 NaN/Inf，跳过对抗扰动。
[2025-12-17 20:42:03,384] [WARNING] [TSADAdvTrainer] 生成对抗样本时梯度为 None 或包含 NaN/Inf，跳过对抗扰动。
[2025-12-17 20:42:03,930] [WARNING] [TSADAdvTrainer] 生成对抗样本时梯度为 None 或包含 NaN/Inf，跳过对抗扰动。
[2025-12-17 20:42:04,497] [WARNING] [TSADAdvTrainer] 生成对抗样本时梯度为 None 或包含 NaN/Inf，跳过对抗扰动。
[2025-12-17 20:42:05,050] [WARNING] [TSADAdvTrainer] 生成对抗样本时梯度为 None 或包含 NaN/Inf，跳过对抗扰动。
[2025-12-17 20:42:05,601] [WARNING] [TSADAdvTrainer] 生成对抗样本时梯度为 None 或包含 NaN/Inf，跳过对抗扰动。
[2025-12-17 20:42:06,164] [WARNING] [TSADAdvTrainer] 生成对抗样本时梯度为 None 或包含 NaN/Inf，跳过对抗扰动。
[2025-12-17 20:42:06,756] [WARNING] [TSADAdvTrainer] 生成对抗样本时梯度为 None 或包含 NaN/Inf，跳过对抗扰动。
[2025-12-17 20:42:07,271] [WARNING] [TSADAdvTrainer] 生成对抗样本时梯度为 None 或包含 NaN/Inf，跳过对抗扰动。
[2025-12-17 20:42:07,856] [WARNING] [TSADAdvTrainer] 生成对抗样本时梯度为 None 或包含 NaN/Inf，跳过对抗扰动。
[2025-12-17 20:42:08,420] [WARNING] [TSADAdvTrainer] 生成对抗样本时梯度为 None 或包含 NaN/Inf，跳过对抗扰动。
[2025-12-17 20:42:08,979] [WARNING] [TSADAdvTrainer] 生成对抗样本时梯度为 None 或包含 NaN/Inf，跳过对抗扰动。
[2025-12-17 20:42:09,564] [WARNING] [TSADAdvTrainer] 生成对抗样本时梯度为 None 或包含 NaN/Inf，跳过对抗扰动。
[2025-12-17 20:42:10,141] [WARNING] [TSADAdvTrainer] 生成对抗样本时梯度为 None 或包含 NaN/Inf，跳过对抗扰动。
[2025-12-17 20:42:10,692] [WARNING] [TSADAdvTrainer] 生成对抗样本时梯度为 None 或包含 NaN/Inf，跳过对抗扰动。
[2025-12-17 20:42:11,249] [WARNING] [TSADAdvTrainer] 生成对抗样本时梯度为 None 或包含 NaN/Inf，跳过对抗扰动。
[2025-12-17 20:42:11,805] [WARNING] [TSADAdvTrainer] 生成对抗样本时梯度为 None 或包含 NaN/Inf，跳过对抗扰动。
[2025-12-17 20:42:12,333] [WARNING] [TSADAdvTrainer] 生成对抗样本时梯度为 None 或包含 NaN/Inf，跳过对抗扰动。
[2025-12-17 20:42:12,877] [WARNING] [TSADAdvTrainer] 生成对抗样本时梯度为 None 或包含 NaN/Inf，跳过对抗扰动。
[2025-12-17 20:42:13,450] [WARNING] [TSADAdvTrainer] 生成对抗样本时梯度为 None 或包含 NaN/Inf，跳过对抗扰动。
[2025-12-17 20:42:14,039] [WARNING] [TSADAdvTrainer] 生成对抗样本时梯度为 None 或包含 NaN/Inf，跳过对抗扰动。
[2025-12-17 20:42:14,627] [WARNING] [TSADAdvTrainer] 生成对抗样本时梯度为 None 或包含 NaN/Inf，跳过对抗扰动。
[2025-12-17 20:42:15,207] [WARNING] [TSADAdvTrainer] 生成对抗样本时梯度为 None 或包含 NaN/Inf，跳过对抗扰动。
[2025-12-17 20:42:15,766] [WARNING] [TSADAdvTrainer] 生成对抗样本时梯度为 None 或包含 NaN/Inf，跳过对抗扰动。
[2025-12-17 20:42:16,357] [WARNING] [TSADAdvTrainer] 生成对抗样本时梯度为 None 或包含 NaN/Inf，跳过对抗扰动。
[2025-12-17 20:42:16,918] [WARNING] [TSADAdvTrainer] 生成对抗样本时梯度为 None 或包含 NaN/Inf，跳过对抗扰动。
[2025-12-17 20:42:17,477] [WARNING] [TSADAdvTrainer] 生成对抗样本时梯度为 None 或包含 NaN/Inf，跳过对抗扰动。
[2025-12-17 20:42:18,054] [WARNING] [TSADAdvTrainer] 生成对抗样本时梯度为 None 或包含 NaN/Inf，跳过对抗扰动。
[2025-12-17 20:42:18,596] [WARNING] [TSADAdvTrainer] 生成对抗样本时梯度为 None 或包含 NaN/Inf，跳过对抗扰动。
[2025-12-17 20:42:19,166] [WARNING] [TSADAdvTrainer] 生成对抗样本时梯度为 None 或包含 NaN/Inf，跳过对抗扰动。
[2025-12-17 20:42:19,742] [WARNING] [TSADAdvTrainer] 生成对抗样本时梯度为 None 或包含 NaN/Inf，跳过对抗扰动。
[2025-12-17 20:42:20,313] [WARNING] [TSADAdvTrainer] 生成对抗样本时梯度为 None 或包含 NaN/Inf，跳过对抗扰动。
[2025-12-17 20:42:20,862] [WARNING] [TSADAdvTrainer] 生成对抗样本时梯度为 None 或包含 NaN/Inf，跳过对抗扰动。
[2025-12-17 20:42:21,435] [WARNING] [TSADAdvTrainer] 生成对抗样本时梯度为 None 或包含 NaN/Inf，跳过对抗扰动。
[2025-12-17 20:42:22,016] [WARNING] [TSADAdvTrainer] 生成对抗样本时梯度为 None 或包含 NaN/Inf，跳过对抗扰动。
[2025-12-17 20:42:22,593] [WARNING] [TSADAdvTrainer] 生成对抗样本时梯度为 None 或包含 NaN/Inf，跳过对抗扰动。
[2025-12-17 20:42:23,147] [WARNING] [TSADAdvTrainer] 生成对抗样本时梯度为 None 或包含 NaN/Inf，跳过对抗扰动。
[2025-12-17 20:42:23,726] [WARNING] [TSADAdvTrainer] 生成对抗样本时梯度为 None 或包含 NaN/Inf，跳过对抗扰动。
[2025-12-17 20:42:24,298] [WARNING] [TSADAdvTrainer] 生成对抗样本时梯度为 None 或包含 NaN/Inf，跳过对抗扰动。
[2025-12-17 20:42:24,867] [WARNING] [TSADAdvTrainer] 生成对抗样本时梯度为 None 或包含 NaN/Inf，跳过对抗扰动。
[2025-12-17 20:42:25,428] [WARNING] [TSADAdvTrainer] 生成对抗样本时梯度为 None 或包含 NaN/Inf，跳过对抗扰动。
[2025-12-17 20:42:26,024] [WARNING] [TSADAdvTrainer] 生成对抗样本时梯度为 None 或包含 NaN/Inf，跳过对抗扰动。
[2025-12-17 20:42:26,583] [WARNING] [TSADAdvTrainer] 生成对抗样本时梯度为 None 或包含 NaN/Inf，跳过对抗扰动。
[2025-12-17 20:42:27,155] [WARNING] [TSADAdvTrainer] 生成对抗样本时梯度为 None 或包含 NaN/Inf，跳过对抗扰动。
[2025-12-17 20:42:27,730] [WARNING] [TSADAdvTrainer] 生成对抗样本时梯度为 None 或包含 NaN/Inf，跳过对抗扰动。
[2025-12-17 20:42:28,309] [WARNING] [TSADAdvTrainer] 生成对抗样本时梯度为 None 或包含 NaN/Inf，跳过对抗扰动。
[2025-12-17 20:42:28,862] [WARNING] [TSADAdvTrainer] 生成对抗样本时梯度为 None 或包含 NaN/Inf，跳过对抗扰动。
[2025-12-17 20:42:29,439] [WARNING] [TSADAdvTrainer] 生成对抗样本时梯度为 None 或包含 NaN/Inf，跳过对抗扰动。
[2025-12-17 20:42:30,004] [WARNING] [TSADAdvTrainer] 生成对抗样本时梯度为 None 或包含 NaN/Inf，跳过对抗扰动。
[2025-12-17 20:42:30,576] [WARNING] [TSADAdvTrainer] 生成对抗样本时梯度为 None 或包含 NaN/Inf，跳过对抗扰动。
[2025-12-17 20:42:31,168] [WARNING] [TSADAdvTrainer] 生成对抗样本时梯度为 None 或包含 NaN/Inf，跳过对抗扰动。
[2025-12-17 20:42:31,729] [WARNING] [TSADAdvTrainer] 生成对抗样本时梯度为 None 或包含 NaN/Inf，跳过对抗扰动。
[2025-12-17 20:42:32,295] [WARNING] [TSADAdvTrainer] 生成对抗样本时梯度为 None 或包含 NaN/Inf，跳过对抗扰动。
[2025-12-17 20:42:32,859] [WARNING] [TSADAdvTrainer] 生成对抗样本时梯度为 None 或包含 NaN/Inf，跳过对抗扰动。
[2025-12-17 20:42:33,448] [WARNING] [TSADAdvTrainer] 生成对抗样本时梯度为 None 或包含 NaN/Inf，跳过对抗扰动。
[2025-12-17 20:42:34,029] [WARNING] [TSADAdvTrainer] 生成对抗样本时梯度为 None 或包含 NaN/Inf，跳过对抗扰动。
[2025-12-17 20:42:34,614] [WARNING] [TSADAdvTrainer] 生成对抗样本时梯度为 None 或包含 NaN/Inf，跳过对抗扰动。
[2025-12-17 20:42:35,138] [WARNING] [TSADAdvTrainer] 生成对抗样本时梯度为 None 或包含 NaN/Inf，跳过对抗扰动。
[2025-12-17 20:42:35,681] [WARNING] [TSADAdvTrainer] 生成对抗样本时梯度为 None 或包含 NaN/Inf，跳过对抗扰动。
[2025-12-17 20:42:36,237] [WARNING] [TSADAdvTrainer] 生成对抗样本时梯度为 None 或包含 NaN/Inf，跳过对抗扰动。
[2025-12-17 20:42:36,814] [WARNING] [TSADAdvTrainer] 生成对抗样本时梯度为 None 或包含 NaN/Inf，跳过对抗扰动。
[2025-12-17 20:42:37,355] [WARNING] [TSADAdvTrainer] 生成对抗样本时梯度为 None 或包含 NaN/Inf，跳过对抗扰动。
[2025-12-17 20:42:37,935] [WARNING] [TSADAdvTrainer] 生成对抗样本时梯度为 None 或包含 NaN/Inf，跳过对抗扰动。
[2025-12-17 20:42:38,505] [WARNING] [TSADAdvTrainer] 生成对抗样本时梯度为 None 或包含 NaN/Inf，跳过对抗扰动。
[2025-12-17 20:42:39,060] [WARNING] [TSADAdvTrainer] 生成对抗样本时梯度为 None 或包含 NaN/Inf，跳过对抗扰动。
[2025-12-17 20:42:39,606] [WARNING] [TSADAdvTrainer] 生成对抗样本时梯度为 None 或包含 NaN/Inf，跳过对抗扰动。
[2025-12-17 20:42:40,156] [WARNING] [TSADAdvTrainer] 生成对抗样本时梯度为 None 或包含 NaN/Inf，跳过对抗扰动。
[2025-12-17 20:42:40,724] [WARNING] [TSADAdvTrainer] 生成对抗样本时梯度为 None 或包含 NaN/Inf，跳过对抗扰动。
[2025-12-17 20:42:41,284] [WARNING] [TSADAdvTrainer] 生成对抗样本时梯度为 None 或包含 NaN/Inf，跳过对抗扰动。
[2025-12-17 20:42:41,837] [WARNING] [TSADAdvTrainer] 生成对抗样本时梯度为 None 或包含 NaN/Inf，跳过对抗扰动。
[2025-12-17 20:42:42,412] [WARNING] [TSADAdvTrainer] 生成对抗样本时梯度为 None 或包含 NaN/Inf，跳过对抗扰动。
[2025-12-17 20:42:42,977] [WARNING] [TSADAdvTrainer] 生成对抗样本时梯度为 None 或包含 NaN/Inf，跳过对抗扰动。
[2025-12-17 20:42:43,542] [WARNING] [TSADAdvTrainer] 生成对抗样本时梯度为 None 或包含 NaN/Inf，跳过对抗扰动。
[2025-12-17 20:42:44,117] [WARNING] [TSADAdvTrainer] 生成对抗样本时梯度为 None 或包含 NaN/Inf，跳过对抗扰动。
[2025-12-17 20:42:44,681] [WARNING] [TSADAdvTrainer] 生成对抗样本时梯度为 None 或包含 NaN/Inf，跳过对抗扰动。
[2025-12-17 20:42:45,207] [WARNING] [TSADAdvTrainer] 生成对抗样本时梯度为 None 或包含 NaN/Inf，跳过对抗扰动。
[2025-12-17 20:42:45,762] [WARNING] [TSADAdvTrainer] 生成对抗样本时梯度为 None 或包含 NaN/Inf，跳过对抗扰动。
[2025-12-17 20:42:46,326] [WARNING] [TSADAdvTrainer] 生成对抗样本时梯度为 None 或包含 NaN/Inf，跳过对抗扰动。
[2025-12-17 20:42:46,867] [WARNING] [TSADAdvTrainer] 生成对抗样本时梯度为 None 或包含 NaN/Inf，跳过对抗扰动。
[2025-12-17 20:42:47,447] [WARNING] [TSADAdvTrainer] 生成对抗样本时梯度为 None 或包含 NaN/Inf，跳过对抗扰动。
[2025-12-17 20:42:48,002] [WARNING] [TSADAdvTrainer] 生成对抗样本时梯度为 None 或包含 NaN/Inf，跳过对抗扰动。
[2025-12-17 20:42:48,559] [WARNING] [TSADAdvTrainer] 生成对抗样本时梯度为 None 或包含 NaN/Inf，跳过对抗扰动。
[2025-12-17 20:42:49,135] [WARNING] [TSADAdvTrainer] 生成对抗样本时梯度为 None 或包含 NaN/Inf，跳过对抗扰动。
[2025-12-17 20:42:49,703] [WARNING] [TSADAdvTrainer] 生成对抗样本时梯度为 None 或包含 NaN/Inf，跳过对抗扰动。
[2025-12-17 20:42:50,255] [WARNING] [TSADAdvTrainer] 生成对抗样本时梯度为 None 或包含 NaN/Inf，跳过对抗扰动。
[2025-12-17 20:42:50,848] [WARNING] [TSADAdvTrainer] 生成对抗样本时梯度为 None 或包含 NaN/Inf，跳过对抗扰动。
[2025-12-17 20:42:51,405] [WARNING] [TSADAdvTrainer] 生成对抗样本时梯度为 None 或包含 NaN/Inf，跳过对抗扰动。
[2025-12-17 20:42:51,961] [WARNING] [TSADAdvTrainer] 生成对抗样本时梯度为 None 或包含 NaN/Inf，跳过对抗扰动。
[2025-12-17 20:42:52,545] [WARNING] [TSADAdvTrainer] 生成对抗样本时梯度为 None 或包含 NaN/Inf，跳过对抗扰动。
[2025-12-17 20:42:53,114] [WARNING] [TSADAdvTrainer] 生成对抗样本时梯度为 None 或包含 NaN/Inf，跳过对抗扰动。
[2025-12-17 20:42:53,674] [WARNING] [TSADAdvTrainer] 生成对抗样本时梯度为 None 或包含 NaN/Inf，跳过对抗扰动。
[2025-12-17 20:42:54,254] [WARNING] [TSADAdvTrainer] 生成对抗样本时梯度为 None 或包含 NaN/Inf，跳过对抗扰动。
[2025-12-17 20:42:54,806] [WARNING] [TSADAdvTrainer] 生成对抗样本时梯度为 None 或包含 NaN/Inf，跳过对抗扰动。
[2025-12-17 20:42:55,374] [WARNING] [TSADAdvTrainer] 生成对抗样本时梯度为 None 或包含 NaN/Inf，跳过对抗扰动。
[2025-12-17 20:42:55,938] [WARNING] [TSADAdvTrainer] 生成对抗样本时梯度为 None 或包含 NaN/Inf，跳过对抗扰动。
[2025-12-17 20:42:56,520] [WARNING] [TSADAdvTrainer] 生成对抗样本时梯度为 None 或包含 NaN/Inf，跳过对抗扰动。
[2025-12-17 20:42:57,080] [WARNING] [TSADAdvTrainer] 生成对抗样本时梯度为 None 或包含 NaN/Inf，跳过对抗扰动。
[2025-12-17 20:42:57,645] [WARNING] [TSADAdvTrainer] 生成对抗样本时梯度为 None 或包含 NaN/Inf，跳过对抗扰动。
[2025-12-17 20:42:58,217] [WARNING] [TSADAdvTrainer] 生成对抗样本时梯度为 None 或包含 NaN/Inf，跳过对抗扰动。
[2025-12-17 20:42:58,661] [INFO] [Epoch 8] hybrid_shared_adv 训练损失: total=21.145589, recon=13.146760, forecast=0.596709, adv=14.804240
[2025-12-17 20:44:23,786] [INFO] [Eval-recon(hybrid)] F1=0.8841, P=0.9160, R=0.8542, AUC=0.5318, thr=10.204665, point_adjust=True
[2025-12-17 20:45:00,827] [INFO] [Eval-forecast(hybrid)] F1=0.8858, P=0.9197, R=0.8542, AUC=0.5530, thr=10.205374, point_adjust=True
[2025-12-17 20:45:24,134] [INFO] [Eval-hybrid] F1=0.8883, P=0.9134, R=0.8647, AUC=0.5403, thr=0.079619, point_adjust=True; recon_F1=0.8841, forecast_F1=0.8858
[2025-12-17 20:45:24,255] [INFO] 发现更优模型，已保存至 ./logs/msl_adv_hybrid/best_model_hybrid_shared_adv.pt
[2025-12-17 20:45:24,503] [INFO] 已保存可视化图：./logs/msl_adv_hybrid/scores_epoch8_hybrid_shared_adv.png
[2025-12-17 20:45:24,503] [INFO] ========== Epoch 9/50 (hybrid_shared_adv) ==========
[2025-12-17 20:45:24,505] [INFO] [Epoch 9] hybrid_shared_adv 启用对抗训练 (epsilon=0.0500, beta=0.5000)
[2025-12-17 20:45:24,860] [WARNING] [TSADAdvTrainer] 生成对抗样本时梯度为 None 或包含 NaN/Inf，跳过对抗扰动。
[2025-12-17 20:45:25,402] [WARNING] [TSADAdvTrainer] 生成对抗样本时梯度为 None 或包含 NaN/Inf，跳过对抗扰动。
[2025-12-17 20:45:25,954] [WARNING] [TSADAdvTrainer] 生成对抗样本时梯度为 None 或包含 NaN/Inf，跳过对抗扰动。
[2025-12-17 20:45:26,521] [WARNING] [TSADAdvTrainer] 生成对抗样本时梯度为 None 或包含 NaN/Inf，跳过对抗扰动。
[2025-12-17 20:45:27,063] [WARNING] [TSADAdvTrainer] 生成对抗样本时梯度为 None 或包含 NaN/Inf，跳过对抗扰动。
[2025-12-17 20:45:27,582] [WARNING] [TSADAdvTrainer] 生成对抗样本时梯度为 None 或包含 NaN/Inf，跳过对抗扰动。
[2025-12-17 20:45:28,132] [WARNING] [TSADAdvTrainer] 生成对抗样本时梯度为 None 或包含 NaN/Inf，跳过对抗扰动。
[2025-12-17 20:45:28,722] [WARNING] [TSADAdvTrainer] 生成对抗样本时梯度为 None 或包含 NaN/Inf，跳过对抗扰动。
[2025-12-17 20:45:29,256] [WARNING] [TSADAdvTrainer] 生成对抗样本时梯度为 None 或包含 NaN/Inf，跳过对抗扰动。
[2025-12-17 20:45:29,800] [WARNING] [TSADAdvTrainer] 生成对抗样本时梯度为 None 或包含 NaN/Inf，跳过对抗扰动。
[2025-12-17 20:45:30,329] [WARNING] [TSADAdvTrainer] 生成对抗样本时梯度为 None 或包含 NaN/Inf，跳过对抗扰动。
[2025-12-17 20:45:30,834] [WARNING] [TSADAdvTrainer] 生成对抗样本时梯度为 None 或包含 NaN/Inf，跳过对抗扰动。
[2025-12-17 20:45:31,388] [WARNING] [TSADAdvTrainer] 生成对抗样本时梯度为 None 或包含 NaN/Inf，跳过对抗扰动。
[2025-12-17 20:45:31,937] [WARNING] [TSADAdvTrainer] 生成对抗样本时梯度为 None 或包含 NaN/Inf，跳过对抗扰动。
[2025-12-17 20:45:32,500] [WARNING] [TSADAdvTrainer] 生成对抗样本时梯度为 None 或包含 NaN/Inf，跳过对抗扰动。
[2025-12-17 20:45:33,044] [WARNING] [TSADAdvTrainer] 生成对抗样本时梯度为 None 或包含 NaN/Inf，跳过对抗扰动。
[2025-12-17 20:45:33,577] [WARNING] [TSADAdvTrainer] 生成对抗样本时梯度为 None 或包含 NaN/Inf，跳过对抗扰动。
[2025-12-17 20:45:34,123] [WARNING] [TSADAdvTrainer] 生成对抗样本时梯度为 None 或包含 NaN/Inf，跳过对抗扰动。
[2025-12-17 20:45:34,683] [WARNING] [TSADAdvTrainer] 生成对抗样本时梯度为 None 或包含 NaN/Inf，跳过对抗扰动。
[2025-12-17 20:45:35,213] [WARNING] [TSADAdvTrainer] 生成对抗样本时梯度为 None 或包含 NaN/Inf，跳过对抗扰动。
[2025-12-17 20:45:35,747] [WARNING] [TSADAdvTrainer] 生成对抗样本时梯度为 None 或包含 NaN/Inf，跳过对抗扰动。
[2025-12-17 20:45:36,281] [WARNING] [TSADAdvTrainer] 生成对抗样本时梯度为 None 或包含 NaN/Inf，跳过对抗扰动。
[2025-12-17 20:45:36,798] [WARNING] [TSADAdvTrainer] 生成对抗样本时梯度为 None 或包含 NaN/Inf，跳过对抗扰动。
[2025-12-17 20:45:37,332] [WARNING] [TSADAdvTrainer] 生成对抗样本时梯度为 None 或包含 NaN/Inf，跳过对抗扰动。
[2025-12-17 20:45:37,862] [WARNING] [TSADAdvTrainer] 生成对抗样本时梯度为 None 或包含 NaN/Inf，跳过对抗扰动。
[2025-12-17 20:45:38,418] [WARNING] [TSADAdvTrainer] 生成对抗样本时梯度为 None 或包含 NaN/Inf，跳过对抗扰动。
[2025-12-17 20:45:38,947] [WARNING] [TSADAdvTrainer] 生成对抗样本时梯度为 None 或包含 NaN/Inf，跳过对抗扰动。
[2025-12-17 20:45:39,473] [WARNING] [TSADAdvTrainer] 生成对抗样本时梯度为 None 或包含 NaN/Inf，跳过对抗扰动。
[2025-12-17 20:45:40,009] [WARNING] [TSADAdvTrainer] 生成对抗样本时梯度为 None 或包含 NaN/Inf，跳过对抗扰动。
[2025-12-17 20:45:40,522] [WARNING] [TSADAdvTrainer] 生成对抗样本时梯度为 None 或包含 NaN/Inf，跳过对抗扰动。
[2025-12-17 20:45:41,089] [WARNING] [TSADAdvTrainer] 生成对抗样本时梯度为 None 或包含 NaN/Inf，跳过对抗扰动。
[2025-12-17 20:45:41,620] [WARNING] [TSADAdvTrainer] 生成对抗样本时梯度为 None 或包含 NaN/Inf，跳过对抗扰动。
[2025-12-17 20:45:42,162] [WARNING] [TSADAdvTrainer] 生成对抗样本时梯度为 None 或包含 NaN/Inf，跳过对抗扰动。
[2025-12-17 20:45:42,689] [WARNING] [TSADAdvTrainer] 生成对抗样本时梯度为 None 或包含 NaN/Inf，跳过对抗扰动。
[2025-12-17 20:45:43,254] [WARNING] [TSADAdvTrainer] 生成对抗样本时梯度为 None 或包含 NaN/Inf，跳过对抗扰动。
[2025-12-17 20:45:43,779] [WARNING] [TSADAdvTrainer] 生成对抗样本时梯度为 None 或包含 NaN/Inf，跳过对抗扰动。
[2025-12-17 20:45:44,319] [WARNING] [TSADAdvTrainer] 生成对抗样本时梯度为 None 或包含 NaN/Inf，跳过对抗扰动。
[2025-12-17 20:45:44,881] [WARNING] [TSADAdvTrainer] 生成对抗样本时梯度为 None 或包含 NaN/Inf，跳过对抗扰动。
[2025-12-17 20:45:45,425] [WARNING] [TSADAdvTrainer] 生成对抗样本时梯度为 None 或包含 NaN/Inf，跳过对抗扰动。
[2025-12-17 20:45:45,968] [WARNING] [TSADAdvTrainer] 生成对抗样本时梯度为 None 或包含 NaN/Inf，跳过对抗扰动。
[2025-12-17 20:45:46,513] [WARNING] [TSADAdvTrainer] 生成对抗样本时梯度为 None 或包含 NaN/Inf，跳过对抗扰动。
[2025-12-17 20:45:47,055] [WARNING] [TSADAdvTrainer] 生成对抗样本时梯度为 None 或包含 NaN/Inf，跳过对抗扰动。
[2025-12-17 20:45:47,537] [WARNING] [TSADAdvTrainer] 生成对抗样本时梯度为 None 或包含 NaN/Inf，跳过对抗扰动。
[2025-12-17 20:45:48,090] [WARNING] [TSADAdvTrainer] 生成对抗样本时梯度为 None 或包含 NaN/Inf，跳过对抗扰动。
[2025-12-17 20:45:48,621] [WARNING] [TSADAdvTrainer] 生成对抗样本时梯度为 None 或包含 NaN/Inf，跳过对抗扰动。
[2025-12-17 20:45:49,153] [WARNING] [TSADAdvTrainer] 生成对抗样本时梯度为 None 或包含 NaN/Inf，跳过对抗扰动。
[2025-12-17 20:45:49,711] [WARNING] [TSADAdvTrainer] 生成对抗样本时梯度为 None 或包含 NaN/Inf，跳过对抗扰动。
[2025-12-17 20:45:50,255] [WARNING] [TSADAdvTrainer] 生成对抗样本时梯度为 None 或包含 NaN/Inf，跳过对抗扰动。
[2025-12-17 20:45:50,765] [WARNING] [TSADAdvTrainer] 生成对抗样本时梯度为 None 或包含 NaN/Inf，跳过对抗扰动。
[2025-12-17 20:45:51,308] [WARNING] [TSADAdvTrainer] 生成对抗样本时梯度为 None 或包含 NaN/Inf，跳过对抗扰动。
[2025-12-17 20:45:51,865] [WARNING] [TSADAdvTrainer] 生成对抗样本时梯度为 None 或包含 NaN/Inf，跳过对抗扰动。
[2025-12-17 20:45:52,410] [WARNING] [TSADAdvTrainer] 生成对抗样本时梯度为 None 或包含 NaN/Inf，跳过对抗扰动。
[2025-12-17 20:45:52,949] [WARNING] [TSADAdvTrainer] 生成对抗样本时梯度为 None 或包含 NaN/Inf，跳过对抗扰动。
[2025-12-17 20:45:53,488] [WARNING] [TSADAdvTrainer] 生成对抗样本时梯度为 None 或包含 NaN/Inf，跳过对抗扰动。
[2025-12-17 20:45:54,035] [WARNING] [TSADAdvTrainer] 生成对抗样本时梯度为 None 或包含 NaN/Inf，跳过对抗扰动。
[2025-12-17 20:45:54,568] [WARNING] [TSADAdvTrainer] 生成对抗样本时梯度为 None 或包含 NaN/Inf，跳过对抗扰动。
[2025-12-17 20:45:55,294] [WARNING] [TSADAdvTrainer] 生成对抗样本时梯度为 None 或包含 NaN/Inf，跳过对抗扰动。
[2025-12-17 20:45:55,843] [WARNING] [TSADAdvTrainer] 生成对抗样本时梯度为 None 或包含 NaN/Inf，跳过对抗扰动。
[2025-12-17 20:45:56,380] [WARNING] [TSADAdvTrainer] 生成对抗样本时梯度为 None 或包含 NaN/Inf，跳过对抗扰动。
[2025-12-17 20:45:56,926] [WARNING] [TSADAdvTrainer] 生成对抗样本时梯度为 None 或包含 NaN/Inf，跳过对抗扰动。
[2025-12-17 20:45:57,465] [WARNING] [TSADAdvTrainer] 生成对抗样本时梯度为 None 或包含 NaN/Inf，跳过对抗扰动。
[2025-12-17 20:45:58,007] [WARNING] [TSADAdvTrainer] 生成对抗样本时梯度为 None 或包含 NaN/Inf，跳过对抗扰动。
[2025-12-17 20:45:58,542] [WARNING] [TSADAdvTrainer] 生成对抗样本时梯度为 None 或包含 NaN/Inf，跳过对抗扰动。
[2025-12-17 20:45:59,070] [WARNING] [TSADAdvTrainer] 生成对抗样本时梯度为 None 或包含 NaN/Inf，跳过对抗扰动。
[2025-12-17 20:45:59,620] [WARNING] [TSADAdvTrainer] 生成对抗样本时梯度为 None 或包含 NaN/Inf，跳过对抗扰动。
[2025-12-17 20:46:00,161] [WARNING] [TSADAdvTrainer] 生成对抗样本时梯度为 None 或包含 NaN/Inf，跳过对抗扰动。
[2025-12-17 20:46:00,690] [WARNING] [TSADAdvTrainer] 生成对抗样本时梯度为 None 或包含 NaN/Inf，跳过对抗扰动。
[2025-12-17 20:46:01,243] [WARNING] [TSADAdvTrainer] 生成对抗样本时梯度为 None 或包含 NaN/Inf，跳过对抗扰动。
[2025-12-17 20:46:01,796] [WARNING] [TSADAdvTrainer] 生成对抗样本时梯度为 None 或包含 NaN/Inf，跳过对抗扰动。
[2025-12-17 20:46:02,352] [WARNING] [TSADAdvTrainer] 生成对抗样本时梯度为 None 或包含 NaN/Inf，跳过对抗扰动。
[2025-12-17 20:46:02,880] [WARNING] [TSADAdvTrainer] 生成对抗样本时梯度为 None 或包含 NaN/Inf，跳过对抗扰动。
[2025-12-17 20:46:03,411] [WARNING] [TSADAdvTrainer] 生成对抗样本时梯度为 None 或包含 NaN/Inf，跳过对抗扰动。
[2025-12-17 20:46:03,944] [WARNING] [TSADAdvTrainer] 生成对抗样本时梯度为 None 或包含 NaN/Inf，跳过对抗扰动。
[2025-12-17 20:46:04,473] [WARNING] [TSADAdvTrainer] 生成对抗样本时梯度为 None 或包含 NaN/Inf，跳过对抗扰动。
[2025-12-17 20:46:05,016] [WARNING] [TSADAdvTrainer] 生成对抗样本时梯度为 None 或包含 NaN/Inf，跳过对抗扰动。
[2025-12-17 20:46:05,569] [WARNING] [TSADAdvTrainer] 生成对抗样本时梯度为 None 或包含 NaN/Inf，跳过对抗扰动。
[2025-12-17 20:46:06,098] [WARNING] [TSADAdvTrainer] 生成对抗样本时梯度为 None 或包含 NaN/Inf，跳过对抗扰动。
[2025-12-17 20:46:06,640] [WARNING] [TSADAdvTrainer] 生成对抗样本时梯度为 None 或包含 NaN/Inf，跳过对抗扰动。
[2025-12-17 20:46:07,186] [WARNING] [TSADAdvTrainer] 生成对抗样本时梯度为 None 或包含 NaN/Inf，跳过对抗扰动。
[2025-12-17 20:46:07,733] [WARNING] [TSADAdvTrainer] 生成对抗样本时梯度为 None 或包含 NaN/Inf，跳过对抗扰动。
[2025-12-17 20:46:08,269] [WARNING] [TSADAdvTrainer] 生成对抗样本时梯度为 None 或包含 NaN/Inf，跳过对抗扰动。
[2025-12-17 20:46:08,825] [WARNING] [TSADAdvTrainer] 生成对抗样本时梯度为 None 或包含 NaN/Inf，跳过对抗扰动。
[2025-12-17 20:46:09,372] [WARNING] [TSADAdvTrainer] 生成对抗样本时梯度为 None 或包含 NaN/Inf，跳过对抗扰动。
[2025-12-17 20:46:09,923] [WARNING] [TSADAdvTrainer] 生成对抗样本时梯度为 None 或包含 NaN/Inf，跳过对抗扰动。
[2025-12-17 20:46:10,468] [WARNING] [TSADAdvTrainer] 生成对抗样本时梯度为 None 或包含 NaN/Inf，跳过对抗扰动。
[2025-12-17 20:46:10,997] [WARNING] [TSADAdvTrainer] 生成对抗样本时梯度为 None 或包含 NaN/Inf，跳过对抗扰动。
[2025-12-17 20:46:11,530] [WARNING] [TSADAdvTrainer] 生成对抗样本时梯度为 None 或包含 NaN/Inf，跳过对抗扰动。
[2025-12-17 20:46:11,983] [WARNING] [TSADAdvTrainer] 生成对抗样本时梯度为 None 或包含 NaN/Inf，跳过对抗扰动。
[2025-12-17 20:46:12,537] [WARNING] [TSADAdvTrainer] 生成对抗样本时梯度为 None 或包含 NaN/Inf，跳过对抗扰动。
[2025-12-17 20:46:13,068] [WARNING] [TSADAdvTrainer] 生成对抗样本时梯度为 None 或包含 NaN/Inf，跳过对抗扰动。
[2025-12-17 20:46:13,620] [WARNING] [TSADAdvTrainer] 生成对抗样本时梯度为 None 或包含 NaN/Inf，跳过对抗扰动。
[2025-12-17 20:46:14,151] [WARNING] [TSADAdvTrainer] 生成对抗样本时梯度为 None 或包含 NaN/Inf，跳过对抗扰动。
[2025-12-17 20:46:14,691] [WARNING] [TSADAdvTrainer] 生成对抗样本时梯度为 None 或包含 NaN/Inf，跳过对抗扰动。
[2025-12-17 20:46:15,219] [WARNING] [TSADAdvTrainer] 生成对抗样本时梯度为 None 或包含 NaN/Inf，跳过对抗扰动。
[2025-12-17 20:46:15,759] [WARNING] [TSADAdvTrainer] 生成对抗样本时梯度为 None 或包含 NaN/Inf，跳过对抗扰动。
[2025-12-17 20:46:16,296] [WARNING] [TSADAdvTrainer] 生成对抗样本时梯度为 None 或包含 NaN/Inf，跳过对抗扰动。
[2025-12-17 20:46:16,831] [WARNING] [TSADAdvTrainer] 生成对抗样本时梯度为 None 或包含 NaN/Inf，跳过对抗扰动。
[2025-12-17 20:46:17,358] [WARNING] [TSADAdvTrainer] 生成对抗样本时梯度为 None 或包含 NaN/Inf，跳过对抗扰动。
[2025-12-17 20:46:17,903] [WARNING] [TSADAdvTrainer] 生成对抗样本时梯度为 None 或包含 NaN/Inf，跳过对抗扰动。
[2025-12-17 20:46:18,444] [WARNING] [TSADAdvTrainer] 生成对抗样本时梯度为 None 或包含 NaN/Inf，跳过对抗扰动。
[2025-12-17 20:46:18,982] [WARNING] [TSADAdvTrainer] 生成对抗样本时梯度为 None 或包含 NaN/Inf，跳过对抗扰动。
[2025-12-17 20:46:19,536] [WARNING] [TSADAdvTrainer] 生成对抗样本时梯度为 None 或包含 NaN/Inf，跳过对抗扰动。
[2025-12-17 20:46:20,067] [WARNING] [TSADAdvTrainer] 生成对抗样本时梯度为 None 或包含 NaN/Inf，跳过对抗扰动。
[2025-12-17 20:46:20,613] [WARNING] [TSADAdvTrainer] 生成对抗样本时梯度为 None 或包含 NaN/Inf，跳过对抗扰动。
[2025-12-17 20:46:21,162] [WARNING] [TSADAdvTrainer] 生成对抗样本时梯度为 None 或包含 NaN/Inf，跳过对抗扰动。
[2025-12-17 20:46:21,707] [WARNING] [TSADAdvTrainer] 生成对抗样本时梯度为 None 或包含 NaN/Inf，跳过对抗扰动。
[2025-12-17 20:46:22,247] [WARNING] [TSADAdvTrainer] 生成对抗样本时梯度为 None 或包含 NaN/Inf，跳过对抗扰动。
[2025-12-17 20:46:22,801] [WARNING] [TSADAdvTrainer] 生成对抗样本时梯度为 None 或包含 NaN/Inf，跳过对抗扰动。
[2025-12-17 20:46:23,350] [WARNING] [TSADAdvTrainer] 生成对抗样本时梯度为 None 或包含 NaN/Inf，跳过对抗扰动。
[2025-12-17 20:46:23,896] [WARNING] [TSADAdvTrainer] 生成对抗样本时梯度为 None 或包含 NaN/Inf，跳过对抗扰动。
[2025-12-17 20:46:24,452] [WARNING] [TSADAdvTrainer] 生成对抗样本时梯度为 None 或包含 NaN/Inf，跳过对抗扰动。
[2025-12-17 20:46:24,981] [WARNING] [TSADAdvTrainer] 生成对抗样本时梯度为 None 或包含 NaN/Inf，跳过对抗扰动。
[2025-12-17 20:46:25,577] [WARNING] [TSADAdvTrainer] 生成对抗样本时梯度为 None 或包含 NaN/Inf，跳过对抗扰动。
[2025-12-17 20:46:26,101] [WARNING] [TSADAdvTrainer] 生成对抗样本时梯度为 None 或包含 NaN/Inf，跳过对抗扰动。
[2025-12-17 20:46:26,627] [WARNING] [TSADAdvTrainer] 生成对抗样本时梯度为 None 或包含 NaN/Inf，跳过对抗扰动。
[2025-12-17 20:46:27,163] [WARNING] [TSADAdvTrainer] 生成对抗样本时梯度为 None 或包含 NaN/Inf，跳过对抗扰动。
[2025-12-17 20:46:27,712] [WARNING] [TSADAdvTrainer] 生成对抗样本时梯度为 None 或包含 NaN/Inf，跳过对抗扰动。
[2025-12-17 20:46:28,254] [WARNING] [TSADAdvTrainer] 生成对抗样本时梯度为 None 或包含 NaN/Inf，跳过对抗扰动。
[2025-12-17 20:46:28,797] [WARNING] [TSADAdvTrainer] 生成对抗样本时梯度为 None 或包含 NaN/Inf，跳过对抗扰动。
[2025-12-17 20:46:29,333] [WARNING] [TSADAdvTrainer] 生成对抗样本时梯度为 None 或包含 NaN/Inf，跳过对抗扰动。
[2025-12-17 20:46:29,871] [WARNING] [TSADAdvTrainer] 生成对抗样本时梯度为 None 或包含 NaN/Inf，跳过对抗扰动。
[2025-12-17 20:46:30,403] [WARNING] [TSADAdvTrainer] 生成对抗样本时梯度为 None 或包含 NaN/Inf，跳过对抗扰动。
[2025-12-17 20:46:30,959] [WARNING] [TSADAdvTrainer] 生成对抗样本时梯度为 None 或包含 NaN/Inf，跳过对抗扰动。
[2025-12-17 20:46:31,481] [WARNING] [TSADAdvTrainer] 生成对抗样本时梯度为 None 或包含 NaN/Inf，跳过对抗扰动。
[2025-12-17 20:46:32,029] [WARNING] [TSADAdvTrainer] 生成对抗样本时梯度为 None 或包含 NaN/Inf，跳过对抗扰动。
[2025-12-17 20:46:32,581] [WARNING] [TSADAdvTrainer] 生成对抗样本时梯度为 None 或包含 NaN/Inf，跳过对抗扰动。
[2025-12-17 20:46:33,114] [WARNING] [TSADAdvTrainer] 生成对抗样本时梯度为 None 或包含 NaN/Inf，跳过对抗扰动。
[2025-12-17 20:46:33,654] [WARNING] [TSADAdvTrainer] 生成对抗样本时梯度为 None 或包含 NaN/Inf，跳过对抗扰动。
[2025-12-17 20:46:34,203] [WARNING] [TSADAdvTrainer] 生成对抗样本时梯度为 None 或包含 NaN/Inf，跳过对抗扰动。
[2025-12-17 20:46:34,772] [WARNING] [TSADAdvTrainer] 生成对抗样本时梯度为 None 或包含 NaN/Inf，跳过对抗扰动。
[2025-12-17 20:46:35,313] [WARNING] [TSADAdvTrainer] 生成对抗样本时梯度为 None 或包含 NaN/Inf，跳过对抗扰动。
[2025-12-17 20:46:35,863] [WARNING] [TSADAdvTrainer] 生成对抗样本时梯度为 None 或包含 NaN/Inf，跳过对抗扰动。
[2025-12-17 20:46:36,402] [WARNING] [TSADAdvTrainer] 生成对抗样本时梯度为 None 或包含 NaN/Inf，跳过对抗扰动。
[2025-12-17 20:46:36,925] [WARNING] [TSADAdvTrainer] 生成对抗样本时梯度为 None 或包含 NaN/Inf，跳过对抗扰动。
[2025-12-17 20:46:37,455] [WARNING] [TSADAdvTrainer] 生成对抗样本时梯度为 None 或包含 NaN/Inf，跳过对抗扰动。
[2025-12-17 20:46:38,001] [WARNING] [TSADAdvTrainer] 生成对抗样本时梯度为 None 或包含 NaN/Inf，跳过对抗扰动。
[2025-12-17 20:46:38,563] [WARNING] [TSADAdvTrainer] 生成对抗样本时梯度为 None 或包含 NaN/Inf，跳过对抗扰动。
[2025-12-17 20:46:39,120] [WARNING] [TSADAdvTrainer] 生成对抗样本时梯度为 None 或包含 NaN/Inf，跳过对抗扰动。
[2025-12-17 20:46:39,666] [WARNING] [TSADAdvTrainer] 生成对抗样本时梯度为 None 或包含 NaN/Inf，跳过对抗扰动。
[2025-12-17 20:46:40,194] [WARNING] [TSADAdvTrainer] 生成对抗样本时梯度为 None 或包含 NaN/Inf，跳过对抗扰动。
[2025-12-17 20:46:40,755] [WARNING] [TSADAdvTrainer] 生成对抗样本时梯度为 None 或包含 NaN/Inf，跳过对抗扰动。
[2025-12-17 20:46:41,291] [WARNING] [TSADAdvTrainer] 生成对抗样本时梯度为 None 或包含 NaN/Inf，跳过对抗扰动。
[2025-12-17 20:46:41,856] [WARNING] [TSADAdvTrainer] 生成对抗样本时梯度为 None 或包含 NaN/Inf，跳过对抗扰动。
[2025-12-17 20:46:42,394] [WARNING] [TSADAdvTrainer] 生成对抗样本时梯度为 None 或包含 NaN/Inf，跳过对抗扰动。
[2025-12-17 20:46:42,953] [WARNING] [TSADAdvTrainer] 生成对抗样本时梯度为 None 或包含 NaN/Inf，跳过对抗扰动。
[2025-12-17 20:46:43,505] [WARNING] [TSADAdvTrainer] 生成对抗样本时梯度为 None 或包含 NaN/Inf，跳过对抗扰动。
[2025-12-17 20:46:44,054] [WARNING] [TSADAdvTrainer] 生成对抗样本时梯度为 None 或包含 NaN/Inf，跳过对抗扰动。
[2025-12-17 20:46:44,585] [WARNING] [TSADAdvTrainer] 生成对抗样本时梯度为 None 或包含 NaN/Inf，跳过对抗扰动。
[2025-12-17 20:46:45,126] [WARNING] [TSADAdvTrainer] 生成对抗样本时梯度为 None 或包含 NaN/Inf，跳过对抗扰动。
[2025-12-17 20:46:45,662] [WARNING] [TSADAdvTrainer] 生成对抗样本时梯度为 None 或包含 NaN/Inf，跳过对抗扰动。
[2025-12-17 20:46:46,192] [WARNING] [TSADAdvTrainer] 生成对抗样本时梯度为 None 或包含 NaN/Inf，跳过对抗扰动。
[2025-12-17 20:46:46,744] [WARNING] [TSADAdvTrainer] 生成对抗样本时梯度为 None 或包含 NaN/Inf，跳过对抗扰动。
[2025-12-17 20:46:47,285] [WARNING] [TSADAdvTrainer] 生成对抗样本时梯度为 None 或包含 NaN/Inf，跳过对抗扰动。
[2025-12-17 20:46:47,817] [WARNING] [TSADAdvTrainer] 生成对抗样本时梯度为 None 或包含 NaN/Inf，跳过对抗扰动。
[2025-12-17 20:46:48,362] [WARNING] [TSADAdvTrainer] 生成对抗样本时梯度为 None 或包含 NaN/Inf，跳过对抗扰动。
[2025-12-17 20:46:48,903] [WARNING] [TSADAdvTrainer] 生成对抗样本时梯度为 None 或包含 NaN/Inf，跳过对抗扰动。
[2025-12-17 20:46:49,438] [WARNING] [TSADAdvTrainer] 生成对抗样本时梯度为 None 或包含 NaN/Inf，跳过对抗扰动。
[2025-12-17 20:46:49,968] [WARNING] [TSADAdvTrainer] 生成对抗样本时梯度为 None 或包含 NaN/Inf，跳过对抗扰动。
[2025-12-17 20:46:50,516] [WARNING] [TSADAdvTrainer] 生成对抗样本时梯度为 None 或包含 NaN/Inf，跳过对抗扰动。
[2025-12-17 20:46:51,070] [WARNING] [TSADAdvTrainer] 生成对抗样本时梯度为 None 或包含 NaN/Inf，跳过对抗扰动。
[2025-12-17 20:46:51,606] [WARNING] [TSADAdvTrainer] 生成对抗样本时梯度为 None 或包含 NaN/Inf，跳过对抗扰动。
[2025-12-17 20:46:52,158] [WARNING] [TSADAdvTrainer] 生成对抗样本时梯度为 None 或包含 NaN/Inf，跳过对抗扰动。
[2025-12-17 20:46:52,703] [WARNING] [TSADAdvTrainer] 生成对抗样本时梯度为 None 或包含 NaN/Inf，跳过对抗扰动。
[2025-12-17 20:46:53,256] [WARNING] [TSADAdvTrainer] 生成对抗样本时梯度为 None 或包含 NaN/Inf，跳过对抗扰动。
[2025-12-17 20:46:53,755] [WARNING] [TSADAdvTrainer] 生成对抗样本时梯度为 None 或包含 NaN/Inf，跳过对抗扰动。
[2025-12-17 20:46:54,297] [WARNING] [TSADAdvTrainer] 生成对抗样本时梯度为 None 或包含 NaN/Inf，跳过对抗扰动。
[2025-12-17 20:46:54,839] [WARNING] [TSADAdvTrainer] 生成对抗样本时梯度为 None 或包含 NaN/Inf，跳过对抗扰动。
[2025-12-17 20:46:55,372] [WARNING] [TSADAdvTrainer] 生成对抗样本时梯度为 None 或包含 NaN/Inf，跳过对抗扰动。
[2025-12-17 20:46:55,910] [WARNING] [TSADAdvTrainer] 生成对抗样本时梯度为 None 或包含 NaN/Inf，跳过对抗扰动。
[2025-12-17 20:46:56,448] [WARNING] [TSADAdvTrainer] 生成对抗样本时梯度为 None 或包含 NaN/Inf，跳过对抗扰动。
[2025-12-17 20:46:56,987] [WARNING] [TSADAdvTrainer] 生成对抗样本时梯度为 None 或包含 NaN/Inf，跳过对抗扰动。
[2025-12-17 20:46:57,521] [WARNING] [TSADAdvTrainer] 生成对抗样本时梯度为 None 或包含 NaN/Inf，跳过对抗扰动。
[2025-12-17 20:46:58,055] [WARNING] [TSADAdvTrainer] 生成对抗样本时梯度为 None 或包含 NaN/Inf，跳过对抗扰动。
[2025-12-17 20:46:58,588] [WARNING] [TSADAdvTrainer] 生成对抗样本时梯度为 None 或包含 NaN/Inf，跳过对抗扰动。
[2025-12-17 20:46:59,122] [WARNING] [TSADAdvTrainer] 生成对抗样本时梯度为 None 或包含 NaN/Inf，跳过对抗扰动。
[2025-12-17 20:46:59,687] [WARNING] [TSADAdvTrainer] 生成对抗样本时梯度为 None 或包含 NaN/Inf，跳过对抗扰动。
[2025-12-17 20:47:00,243] [WARNING] [TSADAdvTrainer] 生成对抗样本时梯度为 None 或包含 NaN/Inf，跳过对抗扰动。
[2025-12-17 20:47:00,796] [WARNING] [TSADAdvTrainer] 生成对抗样本时梯度为 None 或包含 NaN/Inf，跳过对抗扰动。
[2025-12-17 20:47:01,344] [WARNING] [TSADAdvTrainer] 生成对抗样本时梯度为 None 或包含 NaN/Inf，跳过对抗扰动。
[2025-12-17 20:47:01,884] [WARNING] [TSADAdvTrainer] 生成对抗样本时梯度为 None 或包含 NaN/Inf，跳过对抗扰动。
[2025-12-17 20:47:02,412] [WARNING] [TSADAdvTrainer] 生成对抗样本时梯度为 None 或包含 NaN/Inf，跳过对抗扰动。
[2025-12-17 20:47:02,963] [WARNING] [TSADAdvTrainer] 生成对抗样本时梯度为 None 或包含 NaN/Inf，跳过对抗扰动。
[2025-12-17 20:47:03,497] [WARNING] [TSADAdvTrainer] 生成对抗样本时梯度为 None 或包含 NaN/Inf，跳过对抗扰动。
[2025-12-17 20:47:04,023] [WARNING] [TSADAdvTrainer] 生成对抗样本时梯度为 None 或包含 NaN/Inf，跳过对抗扰动。
[2025-12-17 20:47:04,561] [WARNING] [TSADAdvTrainer] 生成对抗样本时梯度为 None 或包含 NaN/Inf，跳过对抗扰动。
[2025-12-17 20:47:05,108] [WARNING] [TSADAdvTrainer] 生成对抗样本时梯度为 None 或包含 NaN/Inf，跳过对抗扰动。
[2025-12-17 20:47:05,674] [WARNING] [TSADAdvTrainer] 生成对抗样本时梯度为 None 或包含 NaN/Inf，跳过对抗扰动。
[2025-12-17 20:47:06,228] [WARNING] [TSADAdvTrainer] 生成对抗样本时梯度为 None 或包含 NaN/Inf，跳过对抗扰动。
[2025-12-17 20:47:06,782] [WARNING] [TSADAdvTrainer] 生成对抗样本时梯度为 None 或包含 NaN/Inf，跳过对抗扰动。
[2025-12-17 20:47:07,300] [WARNING] [TSADAdvTrainer] 生成对抗样本时梯度为 None 或包含 NaN/Inf，跳过对抗扰动。
[2025-12-17 20:47:07,843] [WARNING] [TSADAdvTrainer] 生成对抗样本时梯度为 None 或包含 NaN/Inf，跳过对抗扰动。
[2025-12-17 20:47:08,392] [WARNING] [TSADAdvTrainer] 生成对抗样本时梯度为 None 或包含 NaN/Inf，跳过对抗扰动。
[2025-12-17 20:47:08,963] [WARNING] [TSADAdvTrainer] 生成对抗样本时梯度为 None 或包含 NaN/Inf，跳过对抗扰动。
[2025-12-17 20:47:09,491] [WARNING] [TSADAdvTrainer] 生成对抗样本时梯度为 None 或包含 NaN/Inf，跳过对抗扰动。
[2025-12-17 20:47:10,062] [WARNING] [TSADAdvTrainer] 生成对抗样本时梯度为 None 或包含 NaN/Inf，跳过对抗扰动。
[2025-12-17 20:47:10,603] [WARNING] [TSADAdvTrainer] 生成对抗样本时梯度为 None 或包含 NaN/Inf，跳过对抗扰动。
[2025-12-17 20:47:11,145] [WARNING] [TSADAdvTrainer] 生成对抗样本时梯度为 None 或包含 NaN/Inf，跳过对抗扰动。
[2025-12-17 20:47:11,693] [WARNING] [TSADAdvTrainer] 生成对抗样本时梯度为 None 或包含 NaN/Inf，跳过对抗扰动。
[2025-12-17 20:47:12,244] [WARNING] [TSADAdvTrainer] 生成对抗样本时梯度为 None 或包含 NaN/Inf，跳过对抗扰动。
[2025-12-17 20:47:12,786] [WARNING] [TSADAdvTrainer] 生成对抗样本时梯度为 None 或包含 NaN/Inf，跳过对抗扰动。
[2025-12-17 20:47:13,314] [WARNING] [TSADAdvTrainer] 生成对抗样本时梯度为 None 或包含 NaN/Inf，跳过对抗扰动。
[2025-12-17 20:47:13,857] [WARNING] [TSADAdvTrainer] 生成对抗样本时梯度为 None 或包含 NaN/Inf，跳过对抗扰动。
[2025-12-17 20:47:14,432] [WARNING] [TSADAdvTrainer] 生成对抗样本时梯度为 None 或包含 NaN/Inf，跳过对抗扰动。
[2025-12-17 20:47:14,948] [WARNING] [TSADAdvTrainer] 生成对抗样本时梯度为 None 或包含 NaN/Inf，跳过对抗扰动。
[2025-12-17 20:47:15,492] [WARNING] [TSADAdvTrainer] 生成对抗样本时梯度为 None 或包含 NaN/Inf，跳过对抗扰动。
[2025-12-17 20:47:16,035] [WARNING] [TSADAdvTrainer] 生成对抗样本时梯度为 None 或包含 NaN/Inf，跳过对抗扰动。
[2025-12-17 20:47:16,575] [WARNING] [TSADAdvTrainer] 生成对抗样本时梯度为 None 或包含 NaN/Inf，跳过对抗扰动。
[2025-12-17 20:47:17,122] [WARNING] [TSADAdvTrainer] 生成对抗样本时梯度为 None 或包含 NaN/Inf，跳过对抗扰动。
[2025-12-17 20:47:17,662] [WARNING] [TSADAdvTrainer] 生成对抗样本时梯度为 None 或包含 NaN/Inf，跳过对抗扰动。
[2025-12-17 20:47:18,215] [WARNING] [TSADAdvTrainer] 生成对抗样本时梯度为 None 或包含 NaN/Inf，跳过对抗扰动。
[2025-12-17 20:47:18,757] [WARNING] [TSADAdvTrainer] 生成对抗样本时梯度为 None 或包含 NaN/Inf，跳过对抗扰动。
[2025-12-17 20:47:19,287] [WARNING] [TSADAdvTrainer] 生成对抗样本时梯度为 None 或包含 NaN/Inf，跳过对抗扰动。
[2025-12-17 20:47:19,820] [WARNING] [TSADAdvTrainer] 生成对抗样本时梯度为 None 或包含 NaN/Inf，跳过对抗扰动。
[2025-12-17 20:47:20,346] [WARNING] [TSADAdvTrainer] 生成对抗样本时梯度为 None 或包含 NaN/Inf，跳过对抗扰动。
[2025-12-17 20:47:20,893] [WARNING] [TSADAdvTrainer] 生成对抗样本时梯度为 None 或包含 NaN/Inf，跳过对抗扰动。
[2025-12-17 20:47:21,450] [WARNING] [TSADAdvTrainer] 生成对抗样本时梯度为 None 或包含 NaN/Inf，跳过对抗扰动。
[2025-12-17 20:47:21,980] [WARNING] [TSADAdvTrainer] 生成对抗样本时梯度为 None 或包含 NaN/Inf，跳过对抗扰动。
[2025-12-17 20:47:22,514] [WARNING] [TSADAdvTrainer] 生成对抗样本时梯度为 None 或包含 NaN/Inf，跳过对抗扰动。
[2025-12-17 20:47:23,061] [WARNING] [TSADAdvTrainer] 生成对抗样本时梯度为 None 或包含 NaN/Inf，跳过对抗扰动。
[2025-12-17 20:47:23,629] [WARNING] [TSADAdvTrainer] 生成对抗样本时梯度为 None 或包含 NaN/Inf，跳过对抗扰动。
[2025-12-17 20:47:24,170] [WARNING] [TSADAdvTrainer] 生成对抗样本时梯度为 None 或包含 NaN/Inf，跳过对抗扰动。
[2025-12-17 20:47:24,723] [WARNING] [TSADAdvTrainer] 生成对抗样本时梯度为 None 或包含 NaN/Inf，跳过对抗扰动。
[2025-12-17 20:47:25,275] [WARNING] [TSADAdvTrainer] 生成对抗样本时梯度为 None 或包含 NaN/Inf，跳过对抗扰动。
[2025-12-17 20:47:25,830] [WARNING] [TSADAdvTrainer] 生成对抗样本时梯度为 None 或包含 NaN/Inf，跳过对抗扰动。
[2025-12-17 20:47:26,377] [WARNING] [TSADAdvTrainer] 生成对抗样本时梯度为 None 或包含 NaN/Inf，跳过对抗扰动。
[2025-12-17 20:47:26,934] [WARNING] [TSADAdvTrainer] 生成对抗样本时梯度为 None 或包含 NaN/Inf，跳过对抗扰动。
[2025-12-17 20:47:27,476] [WARNING] [TSADAdvTrainer] 生成对抗样本时梯度为 None 或包含 NaN/Inf，跳过对抗扰动。
[2025-12-17 20:47:28,017] [WARNING] [TSADAdvTrainer] 生成对抗样本时梯度为 None 或包含 NaN/Inf，跳过对抗扰动。
[2025-12-17 20:47:28,570] [WARNING] [TSADAdvTrainer] 生成对抗样本时梯度为 None 或包含 NaN/Inf，跳过对抗扰动。
[2025-12-17 20:47:29,099] [WARNING] [TSADAdvTrainer] 生成对抗样本时梯度为 None 或包含 NaN/Inf，跳过对抗扰动。
[2025-12-17 20:47:29,594] [WARNING] [TSADAdvTrainer] 生成对抗样本时梯度为 None 或包含 NaN/Inf，跳过对抗扰动。
[2025-12-17 20:47:30,121] [WARNING] [TSADAdvTrainer] 生成对抗样本时梯度为 None 或包含 NaN/Inf，跳过对抗扰动。
[2025-12-17 20:47:30,661] [WARNING] [TSADAdvTrainer] 生成对抗样本时梯度为 None 或包含 NaN/Inf，跳过对抗扰动。
[2025-12-17 20:47:31,196] [WARNING] [TSADAdvTrainer] 生成对抗样本时梯度为 None 或包含 NaN/Inf，跳过对抗扰动。
[2025-12-17 20:47:31,654] [WARNING] [TSADAdvTrainer] 生成对抗样本时梯度为 None 或包含 NaN/Inf，跳过对抗扰动。
[2025-12-17 20:47:32,189] [WARNING] [TSADAdvTrainer] 生成对抗样本时梯度为 None 或包含 NaN/Inf，跳过对抗扰动。
[2025-12-17 20:47:32,710] [WARNING] [TSADAdvTrainer] 生成对抗样本时梯度为 None 或包含 NaN/Inf，跳过对抗扰动。
[2025-12-17 20:47:33,222] [WARNING] [TSADAdvTrainer] 生成对抗样本时梯度为 None 或包含 NaN/Inf，跳过对抗扰动。
[2025-12-17 20:47:33,770] [WARNING] [TSADAdvTrainer] 生成对抗样本时梯度为 None 或包含 NaN/Inf，跳过对抗扰动。
[2025-12-17 20:47:34,295] [WARNING] [TSADAdvTrainer] 生成对抗样本时梯度为 None 或包含 NaN/Inf，跳过对抗扰动。
[2025-12-17 20:47:34,835] [WARNING] [TSADAdvTrainer] 生成对抗样本时梯度为 None 或包含 NaN/Inf，跳过对抗扰动。
[2025-12-17 20:47:35,392] [WARNING] [TSADAdvTrainer] 生成对抗样本时梯度为 None 或包含 NaN/Inf，跳过对抗扰动。
[2025-12-17 20:47:35,910] [WARNING] [TSADAdvTrainer] 生成对抗样本时梯度为 None 或包含 NaN/Inf，跳过对抗扰动。
[2025-12-17 20:47:36,451] [WARNING] [TSADAdvTrainer] 生成对抗样本时梯度为 None 或包含 NaN/Inf，跳过对抗扰动。
[2025-12-17 20:47:37,008] [WARNING] [TSADAdvTrainer] 生成对抗样本时梯度为 None 或包含 NaN/Inf，跳过对抗扰动。
[2025-12-17 20:47:37,548] [WARNING] [TSADAdvTrainer] 生成对抗样本时梯度为 None 或包含 NaN/Inf，跳过对抗扰动。
[2025-12-17 20:47:38,081] [WARNING] [TSADAdvTrainer] 生成对抗样本时梯度为 None 或包含 NaN/Inf，跳过对抗扰动。
[2025-12-17 20:47:38,637] [WARNING] [TSADAdvTrainer] 生成对抗样本时梯度为 None 或包含 NaN/Inf，跳过对抗扰动。
[2025-12-17 20:47:39,149] [WARNING] [TSADAdvTrainer] 生成对抗样本时梯度为 None 或包含 NaN/Inf，跳过对抗扰动。
[2025-12-17 20:47:39,688] [WARNING] [TSADAdvTrainer] 生成对抗样本时梯度为 None 或包含 NaN/Inf，跳过对抗扰动。
[2025-12-17 20:47:40,224] [WARNING] [TSADAdvTrainer] 生成对抗样本时梯度为 None 或包含 NaN/Inf，跳过对抗扰动。
[2025-12-17 20:47:40,758] [WARNING] [TSADAdvTrainer] 生成对抗样本时梯度为 None 或包含 NaN/Inf，跳过对抗扰动。
[2025-12-17 20:47:41,308] [WARNING] [TSADAdvTrainer] 生成对抗样本时梯度为 None 或包含 NaN/Inf，跳过对抗扰动。
[2025-12-17 20:47:41,845] [WARNING] [TSADAdvTrainer] 生成对抗样本时梯度为 None 或包含 NaN/Inf，跳过对抗扰动。
[2025-12-17 20:47:42,374] [WARNING] [TSADAdvTrainer] 生成对抗样本时梯度为 None 或包含 NaN/Inf，跳过对抗扰动。
[2025-12-17 20:47:42,917] [WARNING] [TSADAdvTrainer] 生成对抗样本时梯度为 None 或包含 NaN/Inf，跳过对抗扰动。
[2025-12-17 20:47:43,441] [WARNING] [TSADAdvTrainer] 生成对抗样本时梯度为 None 或包含 NaN/Inf，跳过对抗扰动。
[2025-12-17 20:47:43,971] [WARNING] [TSADAdvTrainer] 生成对抗样本时梯度为 None 或包含 NaN/Inf，跳过对抗扰动。
[2025-12-17 20:47:44,495] [WARNING] [TSADAdvTrainer] 生成对抗样本时梯度为 None 或包含 NaN/Inf，跳过对抗扰动。
[2025-12-17 20:47:45,053] [WARNING] [TSADAdvTrainer] 生成对抗样本时梯度为 None 或包含 NaN/Inf，跳过对抗扰动。
[2025-12-17 20:47:45,604] [WARNING] [TSADAdvTrainer] 生成对抗样本时梯度为 None 或包含 NaN/Inf，跳过对抗扰动。
[2025-12-17 20:47:46,139] [WARNING] [TSADAdvTrainer] 生成对抗样本时梯度为 None 或包含 NaN/Inf，跳过对抗扰动。
[2025-12-17 20:47:46,678] [WARNING] [TSADAdvTrainer] 生成对抗样本时梯度为 None 或包含 NaN/Inf，跳过对抗扰动。
[2025-12-17 20:47:47,225] [WARNING] [TSADAdvTrainer] 生成对抗样本时梯度为 None 或包含 NaN/Inf，跳过对抗扰动。
[2025-12-17 20:47:47,770] [WARNING] [TSADAdvTrainer] 生成对抗样本时梯度为 None 或包含 NaN/Inf，跳过对抗扰动。
[2025-12-17 20:47:48,296] [WARNING] [TSADAdvTrainer] 生成对抗样本时梯度为 None 或包含 NaN/Inf，跳过对抗扰动。
[2025-12-17 20:47:48,834] [WARNING] [TSADAdvTrainer] 生成对抗样本时梯度为 None 或包含 NaN/Inf，跳过对抗扰动。
[2025-12-17 20:47:49,368] [WARNING] [TSADAdvTrainer] 生成对抗样本时梯度为 None 或包含 NaN/Inf，跳过对抗扰动。
[2025-12-17 20:47:49,894] [WARNING] [TSADAdvTrainer] 生成对抗样本时梯度为 None 或包含 NaN/Inf，跳过对抗扰动。
[2025-12-17 20:47:50,441] [WARNING] [TSADAdvTrainer] 生成对抗样本时梯度为 None 或包含 NaN/Inf，跳过对抗扰动。
[2025-12-17 20:47:50,991] [WARNING] [TSADAdvTrainer] 生成对抗样本时梯度为 None 或包含 NaN/Inf，跳过对抗扰动。
[2025-12-17 20:47:51,546] [WARNING] [TSADAdvTrainer] 生成对抗样本时梯度为 None 或包含 NaN/Inf，跳过对抗扰动。
[2025-12-17 20:47:52,072] [WARNING] [TSADAdvTrainer] 生成对抗样本时梯度为 None 或包含 NaN/Inf，跳过对抗扰动。
[2025-12-17 20:47:52,605] [WARNING] [TSADAdvTrainer] 生成对抗样本时梯度为 None 或包含 NaN/Inf，跳过对抗扰动。
[2025-12-17 20:47:53,122] [WARNING] [TSADAdvTrainer] 生成对抗样本时梯度为 None 或包含 NaN/Inf，跳过对抗扰动。
[2025-12-17 20:47:53,661] [WARNING] [TSADAdvTrainer] 生成对抗样本时梯度为 None 或包含 NaN/Inf，跳过对抗扰动。
[2025-12-17 20:47:54,207] [WARNING] [TSADAdvTrainer] 生成对抗样本时梯度为 None 或包含 NaN/Inf，跳过对抗扰动。
[2025-12-17 20:47:54,744] [WARNING] [TSADAdvTrainer] 生成对抗样本时梯度为 None 或包含 NaN/Inf，跳过对抗扰动。
[2025-12-17 20:47:55,289] [WARNING] [TSADAdvTrainer] 生成对抗样本时梯度为 None 或包含 NaN/Inf，跳过对抗扰动。
[2025-12-17 20:47:55,814] [WARNING] [TSADAdvTrainer] 生成对抗样本时梯度为 None 或包含 NaN/Inf，跳过对抗扰动。
[2025-12-17 20:47:56,361] [WARNING] [TSADAdvTrainer] 生成对抗样本时梯度为 None 或包含 NaN/Inf，跳过对抗扰动。
[2025-12-17 20:47:56,901] [WARNING] [TSADAdvTrainer] 生成对抗样本时梯度为 None 或包含 NaN/Inf，跳过对抗扰动。
[2025-12-17 20:47:57,440] [WARNING] [TSADAdvTrainer] 生成对抗样本时梯度为 None 或包含 NaN/Inf，跳过对抗扰动。
[2025-12-17 20:47:57,981] [WARNING] [TSADAdvTrainer] 生成对抗样本时梯度为 None 或包含 NaN/Inf，跳过对抗扰动。
[2025-12-17 20:47:58,532] [WARNING] [TSADAdvTrainer] 生成对抗样本时梯度为 None 或包含 NaN/Inf，跳过对抗扰动。
[2025-12-17 20:47:59,061] [WARNING] [TSADAdvTrainer] 生成对抗样本时梯度为 None 或包含 NaN/Inf，跳过对抗扰动。
[2025-12-17 20:47:59,598] [WARNING] [TSADAdvTrainer] 生成对抗样本时梯度为 None 或包含 NaN/Inf，跳过对抗扰动。
[2025-12-17 20:48:00,153] [WARNING] [TSADAdvTrainer] 生成对抗样本时梯度为 None 或包含 NaN/Inf，跳过对抗扰动。
[2025-12-17 20:48:00,704] [WARNING] [TSADAdvTrainer] 生成对抗样本时梯度为 None 或包含 NaN/Inf，跳过对抗扰动。
[2025-12-17 20:48:01,240] [WARNING] [TSADAdvTrainer] 生成对抗样本时梯度为 None 或包含 NaN/Inf，跳过对抗扰动。
[2025-12-17 20:48:01,798] [WARNING] [TSADAdvTrainer] 生成对抗样本时梯度为 None 或包含 NaN/Inf，跳过对抗扰动。
[2025-12-17 20:48:02,327] [WARNING] [TSADAdvTrainer] 生成对抗样本时梯度为 None 或包含 NaN/Inf，跳过对抗扰动。
[2025-12-17 20:48:02,864] [WARNING] [TSADAdvTrainer] 生成对抗样本时梯度为 None 或包含 NaN/Inf，跳过对抗扰动。
[2025-12-17 20:48:03,392] [WARNING] [TSADAdvTrainer] 生成对抗样本时梯度为 None 或包含 NaN/Inf，跳过对抗扰动。
[2025-12-17 20:48:03,949] [WARNING] [TSADAdvTrainer] 生成对抗样本时梯度为 None 或包含 NaN/Inf，跳过对抗扰动。
[2025-12-17 20:48:04,500] [WARNING] [TSADAdvTrainer] 生成对抗样本时梯度为 None 或包含 NaN/Inf，跳过对抗扰动。
[2025-12-17 20:48:05,046] [WARNING] [TSADAdvTrainer] 生成对抗样本时梯度为 None 或包含 NaN/Inf，跳过对抗扰动。
[2025-12-17 20:48:05,581] [WARNING] [TSADAdvTrainer] 生成对抗样本时梯度为 None 或包含 NaN/Inf，跳过对抗扰动。
[2025-12-17 20:48:05,963] [WARNING] [TSADAdvTrainer] 生成对抗样本时梯度为 None 或包含 NaN/Inf，跳过对抗扰动。
[2025-12-17 20:48:06,310] [WARNING] [TSADAdvTrainer] 生成对抗样本时梯度为 None 或包含 NaN/Inf，跳过对抗扰动。
[2025-12-17 20:48:06,663] [WARNING] [TSADAdvTrainer] 生成对抗样本时梯度为 None 或包含 NaN/Inf，跳过对抗扰动。
[2025-12-17 20:48:07,006] [WARNING] [TSADAdvTrainer] 生成对抗样本时梯度为 None 或包含 NaN/Inf，跳过对抗扰动。
[2025-12-17 20:48:07,361] [WARNING] [TSADAdvTrainer] 生成对抗样本时梯度为 None 或包含 NaN/Inf，跳过对抗扰动。
[2025-12-17 20:48:07,709] [WARNING] [TSADAdvTrainer] 生成对抗样本时梯度为 None 或包含 NaN/Inf，跳过对抗扰动。
[2025-12-17 20:48:08,062] [WARNING] [TSADAdvTrainer] 生成对抗样本时梯度为 None 或包含 NaN/Inf，跳过对抗扰动。
[2025-12-17 20:48:08,404] [WARNING] [TSADAdvTrainer] 生成对抗样本时梯度为 None 或包含 NaN/Inf，跳过对抗扰动。
[2025-12-17 20:48:08,760] [WARNING] [TSADAdvTrainer] 生成对抗样本时梯度为 None 或包含 NaN/Inf，跳过对抗扰动。
[2025-12-17 20:48:09,109] [WARNING] [TSADAdvTrainer] 生成对抗样本时梯度为 None 或包含 NaN/Inf，跳过对抗扰动。
[2025-12-17 20:48:09,457] [WARNING] [TSADAdvTrainer] 生成对抗样本时梯度为 None 或包含 NaN/Inf，跳过对抗扰动。
[2025-12-17 20:48:09,802] [WARNING] [TSADAdvTrainer] 生成对抗样本时梯度为 None 或包含 NaN/Inf，跳过对抗扰动。
[2025-12-17 20:48:10,165] [WARNING] [TSADAdvTrainer] 生成对抗样本时梯度为 None 或包含 NaN/Inf，跳过对抗扰动。
[2025-12-17 20:48:10,508] [WARNING] [TSADAdvTrainer] 生成对抗样本时梯度为 None 或包含 NaN/Inf，跳过对抗扰动。
[2025-12-17 20:48:10,856] [WARNING] [TSADAdvTrainer] 生成对抗样本时梯度为 None 或包含 NaN/Inf，跳过对抗扰动。
[2025-12-17 20:48:11,209] [WARNING] [TSADAdvTrainer] 生成对抗样本时梯度为 None 或包含 NaN/Inf，跳过对抗扰动。
[2025-12-17 20:48:11,564] [WARNING] [TSADAdvTrainer] 生成对抗样本时梯度为 None 或包含 NaN/Inf，跳过对抗扰动。
[2025-12-17 20:48:11,909] [WARNING] [TSADAdvTrainer] 生成对抗样本时梯度为 None 或包含 NaN/Inf，跳过对抗扰动。
[2025-12-17 20:48:12,260] [WARNING] [TSADAdvTrainer] 生成对抗样本时梯度为 None 或包含 NaN/Inf，跳过对抗扰动。
[2025-12-17 20:48:12,627] [WARNING] [TSADAdvTrainer] 生成对抗样本时梯度为 None 或包含 NaN/Inf，跳过对抗扰动。
[2025-12-17 20:48:12,969] [WARNING] [TSADAdvTrainer] 生成对抗样本时梯度为 None 或包含 NaN/Inf，跳过对抗扰动。
[2025-12-17 20:48:13,312] [WARNING] [TSADAdvTrainer] 生成对抗样本时梯度为 None 或包含 NaN/Inf，跳过对抗扰动。
[2025-12-17 20:48:13,656] [WARNING] [TSADAdvTrainer] 生成对抗样本时梯度为 None 或包含 NaN/Inf，跳过对抗扰动。
[2025-12-17 20:48:14,010] [WARNING] [TSADAdvTrainer] 生成对抗样本时梯度为 None 或包含 NaN/Inf，跳过对抗扰动。
[2025-12-17 20:48:14,366] [WARNING] [TSADAdvTrainer] 生成对抗样本时梯度为 None 或包含 NaN/Inf，跳过对抗扰动。
[2025-12-17 20:48:14,709] [WARNING] [TSADAdvTrainer] 生成对抗样本时梯度为 None 或包含 NaN/Inf，跳过对抗扰动。
[2025-12-17 20:48:15,064] [WARNING] [TSADAdvTrainer] 生成对抗样本时梯度为 None 或包含 NaN/Inf，跳过对抗扰动。
[2025-12-17 20:48:15,440] [WARNING] [TSADAdvTrainer] 生成对抗样本时梯度为 None 或包含 NaN/Inf，跳过对抗扰动。
[2025-12-17 20:48:15,780] [WARNING] [TSADAdvTrainer] 生成对抗样本时梯度为 None 或包含 NaN/Inf，跳过对抗扰动。
[2025-12-17 20:48:16,127] [WARNING] [TSADAdvTrainer] 生成对抗样本时梯度为 None 或包含 NaN/Inf，跳过对抗扰动。
[2025-12-17 20:48:16,482] [WARNING] [TSADAdvTrainer] 生成对抗样本时梯度为 None 或包含 NaN/Inf，跳过对抗扰动。
[2025-12-17 20:48:16,829] [WARNING] [TSADAdvTrainer] 生成对抗样本时梯度为 None 或包含 NaN/Inf，跳过对抗扰动。
[2025-12-17 20:48:17,182] [WARNING] [TSADAdvTrainer] 生成对抗样本时梯度为 None 或包含 NaN/Inf，跳过对抗扰动。
[2025-12-17 20:48:17,528] [WARNING] [TSADAdvTrainer] 生成对抗样本时梯度为 None 或包含 NaN/Inf，跳过对抗扰动。
[2025-12-17 20:48:17,879] [WARNING] [TSADAdvTrainer] 生成对抗样本时梯度为 None 或包含 NaN/Inf，跳过对抗扰动。
[2025-12-17 20:48:18,230] [WARNING] [TSADAdvTrainer] 生成对抗样本时梯度为 None 或包含 NaN/Inf，跳过对抗扰动。
[2025-12-17 20:48:18,577] [WARNING] [TSADAdvTrainer] 生成对抗样本时梯度为 None 或包含 NaN/Inf，跳过对抗扰动。
[2025-12-17 20:48:18,928] [WARNING] [TSADAdvTrainer] 生成对抗样本时梯度为 None 或包含 NaN/Inf，跳过对抗扰动。
[2025-12-17 20:48:19,269] [WARNING] [TSADAdvTrainer] 生成对抗样本时梯度为 None 或包含 NaN/Inf，跳过对抗扰动。
[2025-12-17 20:48:19,629] [WARNING] [TSADAdvTrainer] 生成对抗样本时梯度为 None 或包含 NaN/Inf，跳过对抗扰动。
[2025-12-17 20:48:19,979] [WARNING] [TSADAdvTrainer] 生成对抗样本时梯度为 None 或包含 NaN/Inf，跳过对抗扰动。
[2025-12-17 20:48:20,333] [WARNING] [TSADAdvTrainer] 生成对抗样本时梯度为 None 或包含 NaN/Inf，跳过对抗扰动。
[2025-12-17 20:48:20,610] [WARNING] [TSADAdvTrainer] 生成对抗样本时梯度为 None 或包含 NaN/Inf，跳过对抗扰动。
[2025-12-17 20:48:20,938] [WARNING] [TSADAdvTrainer] 生成对抗样本时梯度为 None 或包含 NaN/Inf，跳过对抗扰动。
[2025-12-17 20:48:21,283] [WARNING] [TSADAdvTrainer] 生成对抗样本时梯度为 None 或包含 NaN/Inf，跳过对抗扰动。
[2025-12-17 20:48:21,619] [WARNING] [TSADAdvTrainer] 生成对抗样本时梯度为 None 或包含 NaN/Inf，跳过对抗扰动。
[2025-12-17 20:48:21,967] [WARNING] [TSADAdvTrainer] 生成对抗样本时梯度为 None 或包含 NaN/Inf，跳过对抗扰动。
[2025-12-17 20:48:22,381] [WARNING] [TSADAdvTrainer] 生成对抗样本时梯度为 None 或包含 NaN/Inf，跳过对抗扰动。
[2025-12-17 20:48:22,719] [WARNING] [TSADAdvTrainer] 生成对抗样本时梯度为 None 或包含 NaN/Inf，跳过对抗扰动。
[2025-12-17 20:48:23,080] [WARNING] [TSADAdvTrainer] 生成对抗样本时梯度为 None 或包含 NaN/Inf，跳过对抗扰动。
[2025-12-17 20:48:23,428] [WARNING] [TSADAdvTrainer] 生成对抗样本时梯度为 None 或包含 NaN/Inf，跳过对抗扰动。
[2025-12-17 20:48:23,778] [WARNING] [TSADAdvTrainer] 生成对抗样本时梯度为 None 或包含 NaN/Inf，跳过对抗扰动。
[2025-12-17 20:48:24,122] [WARNING] [TSADAdvTrainer] 生成对抗样本时梯度为 None 或包含 NaN/Inf，跳过对抗扰动。
[2025-12-17 20:48:24,488] [WARNING] [TSADAdvTrainer] 生成对抗样本时梯度为 None 或包含 NaN/Inf，跳过对抗扰动。
[2025-12-17 20:48:24,840] [WARNING] [TSADAdvTrainer] 生成对抗样本时梯度为 None 或包含 NaN/Inf，跳过对抗扰动。
[2025-12-17 20:48:25,186] [WARNING] [TSADAdvTrainer] 生成对抗样本时梯度为 None 或包含 NaN/Inf，跳过对抗扰动。
[2025-12-17 20:48:25,544] [WARNING] [TSADAdvTrainer] 生成对抗样本时梯度为 None 或包含 NaN/Inf，跳过对抗扰动。
[2025-12-17 20:48:25,893] [WARNING] [TSADAdvTrainer] 生成对抗样本时梯度为 None 或包含 NaN/Inf，跳过对抗扰动。
[2025-12-17 20:48:26,248] [WARNING] [TSADAdvTrainer] 生成对抗样本时梯度为 None 或包含 NaN/Inf，跳过对抗扰动。
[2025-12-17 20:48:26,605] [WARNING] [TSADAdvTrainer] 生成对抗样本时梯度为 None 或包含 NaN/Inf，跳过对抗扰动。
[2025-12-17 20:48:26,957] [WARNING] [TSADAdvTrainer] 生成对抗样本时梯度为 None 或包含 NaN/Inf，跳过对抗扰动。
[2025-12-17 20:48:27,308] [WARNING] [TSADAdvTrainer] 生成对抗样本时梯度为 None 或包含 NaN/Inf，跳过对抗扰动。
[2025-12-17 20:48:27,674] [WARNING] [TSADAdvTrainer] 生成对抗样本时梯度为 None 或包含 NaN/Inf，跳过对抗扰动。
[2025-12-17 20:48:28,022] [WARNING] [TSADAdvTrainer] 生成对抗样本时梯度为 None 或包含 NaN/Inf，跳过对抗扰动。
[2025-12-17 20:48:28,389] [WARNING] [TSADAdvTrainer] 生成对抗样本时梯度为 None 或包含 NaN/Inf，跳过对抗扰动。
[2025-12-17 20:48:28,743] [WARNING] [TSADAdvTrainer] 生成对抗样本时梯度为 None 或包含 NaN/Inf，跳过对抗扰动。
[2025-12-17 20:48:29,096] [WARNING] [TSADAdvTrainer] 生成对抗样本时梯度为 None 或包含 NaN/Inf，跳过对抗扰动。
[2025-12-17 20:48:29,466] [WARNING] [TSADAdvTrainer] 生成对抗样本时梯度为 None 或包含 NaN/Inf，跳过对抗扰动。
[2025-12-17 20:48:29,820] [WARNING] [TSADAdvTrainer] 生成对抗样本时梯度为 None 或包含 NaN/Inf，跳过对抗扰动。
[2025-12-17 20:48:30,176] [WARNING] [TSADAdvTrainer] 生成对抗样本时梯度为 None 或包含 NaN/Inf，跳过对抗扰动。
[2025-12-17 20:48:30,522] [WARNING] [TSADAdvTrainer] 生成对抗样本时梯度为 None 或包含 NaN/Inf，跳过对抗扰动。
[2025-12-17 20:48:30,883] [WARNING] [TSADAdvTrainer] 生成对抗样本时梯度为 None 或包含 NaN/Inf，跳过对抗扰动。
[2025-12-17 20:48:31,233] [WARNING] [TSADAdvTrainer] 生成对抗样本时梯度为 None 或包含 NaN/Inf，跳过对抗扰动。
[2025-12-17 20:48:31,603] [WARNING] [TSADAdvTrainer] 生成对抗样本时梯度为 None 或包含 NaN/Inf，跳过对抗扰动。
[2025-12-17 20:48:31,954] [WARNING] [TSADAdvTrainer] 生成对抗样本时梯度为 None 或包含 NaN/Inf，跳过对抗扰动。
[2025-12-17 20:48:32,296] [WARNING] [TSADAdvTrainer] 生成对抗样本时梯度为 None 或包含 NaN/Inf，跳过对抗扰动。
[2025-12-17 20:48:32,637] [WARNING] [TSADAdvTrainer] 生成对抗样本时梯度为 None 或包含 NaN/Inf，跳过对抗扰动。
[2025-12-17 20:48:32,985] [WARNING] [TSADAdvTrainer] 生成对抗样本时梯度为 None 或包含 NaN/Inf，跳过对抗扰动。
[2025-12-17 20:48:33,334] [WARNING] [TSADAdvTrainer] 生成对抗样本时梯度为 None 或包含 NaN/Inf，跳过对抗扰动。
[2025-12-17 20:48:33,683] [WARNING] [TSADAdvTrainer] 生成对抗样本时梯度为 None 或包含 NaN/Inf，跳过对抗扰动。
[2025-12-17 20:48:34,032] [WARNING] [TSADAdvTrainer] 生成对抗样本时梯度为 None 或包含 NaN/Inf，跳过对抗扰动。
[2025-12-17 20:48:34,376] [WARNING] [TSADAdvTrainer] 生成对抗样本时梯度为 None 或包含 NaN/Inf，跳过对抗扰动。
[2025-12-17 20:48:34,730] [WARNING] [TSADAdvTrainer] 生成对抗样本时梯度为 None 或包含 NaN/Inf，跳过对抗扰动。
[2025-12-17 20:48:35,084] [WARNING] [TSADAdvTrainer] 生成对抗样本时梯度为 None 或包含 NaN/Inf，跳过对抗扰动。
[2025-12-17 20:48:35,438] [WARNING] [TSADAdvTrainer] 生成对抗样本时梯度为 None 或包含 NaN/Inf，跳过对抗扰动。
[2025-12-17 20:48:35,795] [WARNING] [TSADAdvTrainer] 生成对抗样本时梯度为 None 或包含 NaN/Inf，跳过对抗扰动。
[2025-12-17 20:48:36,142] [WARNING] [TSADAdvTrainer] 生成对抗样本时梯度为 None 或包含 NaN/Inf，跳过对抗扰动。
[2025-12-17 20:48:36,506] [WARNING] [TSADAdvTrainer] 生成对抗样本时梯度为 None 或包含 NaN/Inf，跳过对抗扰动。
[2025-12-17 20:48:36,856] [WARNING] [TSADAdvTrainer] 生成对抗样本时梯度为 None 或包含 NaN/Inf，跳过对抗扰动。
[2025-12-17 20:48:37,189] [WARNING] [TSADAdvTrainer] 生成对抗样本时梯度为 None 或包含 NaN/Inf，跳过对抗扰动。
[2025-12-17 20:48:37,542] [WARNING] [TSADAdvTrainer] 生成对抗样本时梯度为 None 或包含 NaN/Inf，跳过对抗扰动。
[2025-12-17 20:48:37,893] [WARNING] [TSADAdvTrainer] 生成对抗样本时梯度为 None 或包含 NaN/Inf，跳过对抗扰动。
[2025-12-17 20:48:38,258] [WARNING] [TSADAdvTrainer] 生成对抗样本时梯度为 None 或包含 NaN/Inf，跳过对抗扰动。
[2025-12-17 20:48:38,614] [WARNING] [TSADAdvTrainer] 生成对抗样本时梯度为 None 或包含 NaN/Inf，跳过对抗扰动。
[2025-12-17 20:48:38,954] [WARNING] [TSADAdvTrainer] 生成对抗样本时梯度为 None 或包含 NaN/Inf，跳过对抗扰动。
[2025-12-17 20:48:39,293] [WARNING] [TSADAdvTrainer] 生成对抗样本时梯度为 None 或包含 NaN/Inf，跳过对抗扰动。
[2025-12-17 20:48:39,635] [WARNING] [TSADAdvTrainer] 生成对抗样本时梯度为 None 或包含 NaN/Inf，跳过对抗扰动。
[2025-12-17 20:48:39,978] [WARNING] [TSADAdvTrainer] 生成对抗样本时梯度为 None 或包含 NaN/Inf，跳过对抗扰动。
[2025-12-17 20:48:40,330] [WARNING] [TSADAdvTrainer] 生成对抗样本时梯度为 None 或包含 NaN/Inf，跳过对抗扰动。
[2025-12-17 20:48:40,725] [WARNING] [TSADAdvTrainer] 生成对抗样本时梯度为 None 或包含 NaN/Inf，跳过对抗扰动。
[2025-12-17 20:48:41,066] [WARNING] [TSADAdvTrainer] 生成对抗样本时梯度为 None 或包含 NaN/Inf，跳过对抗扰动。
[2025-12-17 20:48:41,389] [WARNING] [TSADAdvTrainer] 生成对抗样本时梯度为 None 或包含 NaN/Inf，跳过对抗扰动。
[2025-12-17 20:48:41,737] [WARNING] [TSADAdvTrainer] 生成对抗样本时梯度为 None 或包含 NaN/Inf，跳过对抗扰动。
[2025-12-17 20:48:42,070] [WARNING] [TSADAdvTrainer] 生成对抗样本时梯度为 None 或包含 NaN/Inf，跳过对抗扰动。
[2025-12-17 20:48:42,427] [WARNING] [TSADAdvTrainer] 生成对抗样本时梯度为 None 或包含 NaN/Inf，跳过对抗扰动。
[2025-12-17 20:48:42,777] [WARNING] [TSADAdvTrainer] 生成对抗样本时梯度为 None 或包含 NaN/Inf，跳过对抗扰动。
[2025-12-17 20:48:43,115] [WARNING] [TSADAdvTrainer] 生成对抗样本时梯度为 None 或包含 NaN/Inf，跳过对抗扰动。
[2025-12-17 20:48:43,465] [WARNING] [TSADAdvTrainer] 生成对抗样本时梯度为 None 或包含 NaN/Inf，跳过对抗扰动。
[2025-12-17 20:48:43,837] [WARNING] [TSADAdvTrainer] 生成对抗样本时梯度为 None 或包含 NaN/Inf，跳过对抗扰动。
[2025-12-17 20:48:44,190] [WARNING] [TSADAdvTrainer] 生成对抗样本时梯度为 None 或包含 NaN/Inf，跳过对抗扰动。
[2025-12-17 20:48:44,539] [WARNING] [TSADAdvTrainer] 生成对抗样本时梯度为 None 或包含 NaN/Inf，跳过对抗扰动。
[2025-12-17 20:48:44,892] [WARNING] [TSADAdvTrainer] 生成对抗样本时梯度为 None 或包含 NaN/Inf，跳过对抗扰动。
[2025-12-17 20:48:45,235] [WARNING] [TSADAdvTrainer] 生成对抗样本时梯度为 None 或包含 NaN/Inf，跳过对抗扰动。
[2025-12-17 20:48:45,575] [WARNING] [TSADAdvTrainer] 生成对抗样本时梯度为 None 或包含 NaN/Inf，跳过对抗扰动。
[2025-12-17 20:48:45,918] [WARNING] [TSADAdvTrainer] 生成对抗样本时梯度为 None 或包含 NaN/Inf，跳过对抗扰动。
[2025-12-17 20:48:46,272] [WARNING] [TSADAdvTrainer] 生成对抗样本时梯度为 None 或包含 NaN/Inf，跳过对抗扰动。
[2025-12-17 20:48:46,615] [WARNING] [TSADAdvTrainer] 生成对抗样本时梯度为 None 或包含 NaN/Inf，跳过对抗扰动。
[2025-12-17 20:48:46,965] [WARNING] [TSADAdvTrainer] 生成对抗样本时梯度为 None 或包含 NaN/Inf，跳过对抗扰动。
[2025-12-17 20:48:47,315] [WARNING] [TSADAdvTrainer] 生成对抗样本时梯度为 None 或包含 NaN/Inf，跳过对抗扰动。
[2025-12-17 20:48:47,674] [WARNING] [TSADAdvTrainer] 生成对抗样本时梯度为 None 或包含 NaN/Inf，跳过对抗扰动。
[2025-12-17 20:48:48,020] [WARNING] [TSADAdvTrainer] 生成对抗样本时梯度为 None 或包含 NaN/Inf，跳过对抗扰动。
[2025-12-17 20:48:48,498] [WARNING] [TSADAdvTrainer] 生成对抗样本时梯度为 None 或包含 NaN/Inf，跳过对抗扰动。
[2025-12-17 20:48:48,847] [WARNING] [TSADAdvTrainer] 生成对抗样本时梯度为 None 或包含 NaN/Inf，跳过对抗扰动。
[2025-12-17 20:48:49,210] [WARNING] [TSADAdvTrainer] 生成对抗样本时梯度为 None 或包含 NaN/Inf，跳过对抗扰动。
[2025-12-17 20:48:49,559] [WARNING] [TSADAdvTrainer] 生成对抗样本时梯度为 None 或包含 NaN/Inf，跳过对抗扰动。
[2025-12-17 20:48:49,895] [WARNING] [TSADAdvTrainer] 生成对抗样本时梯度为 None 或包含 NaN/Inf，跳过对抗扰动。
[2025-12-17 20:48:50,238] [WARNING] [TSADAdvTrainer] 生成对抗样本时梯度为 None 或包含 NaN/Inf，跳过对抗扰动。
[2025-12-17 20:48:50,591] [WARNING] [TSADAdvTrainer] 生成对抗样本时梯度为 None 或包含 NaN/Inf，跳过对抗扰动。
[2025-12-17 20:48:50,960] [WARNING] [TSADAdvTrainer] 生成对抗样本时梯度为 None 或包含 NaN/Inf，跳过对抗扰动。
[2025-12-17 20:48:51,311] [WARNING] [TSADAdvTrainer] 生成对抗样本时梯度为 None 或包含 NaN/Inf，跳过对抗扰动。
[2025-12-17 20:48:51,678] [WARNING] [TSADAdvTrainer] 生成对抗样本时梯度为 None 或包含 NaN/Inf，跳过对抗扰动。
[2025-12-17 20:48:52,029] [WARNING] [TSADAdvTrainer] 生成对抗样本时梯度为 None 或包含 NaN/Inf，跳过对抗扰动。
[2025-12-17 20:48:52,376] [WARNING] [TSADAdvTrainer] 生成对抗样本时梯度为 None 或包含 NaN/Inf，跳过对抗扰动。
[2025-12-17 20:48:52,732] [WARNING] [TSADAdvTrainer] 生成对抗样本时梯度为 None 或包含 NaN/Inf，跳过对抗扰动。
[2025-12-17 20:48:53,074] [WARNING] [TSADAdvTrainer] 生成对抗样本时梯度为 None 或包含 NaN/Inf，跳过对抗扰动。
[2025-12-17 20:48:53,408] [WARNING] [TSADAdvTrainer] 生成对抗样本时梯度为 None 或包含 NaN/Inf，跳过对抗扰动。
[2025-12-17 20:48:53,734] [WARNING] [TSADAdvTrainer] 生成对抗样本时梯度为 None 或包含 NaN/Inf，跳过对抗扰动。
[2025-12-17 20:48:54,088] [WARNING] [TSADAdvTrainer] 生成对抗样本时梯度为 None 或包含 NaN/Inf，跳过对抗扰动。
[2025-12-17 20:48:54,445] [WARNING] [TSADAdvTrainer] 生成对抗样本时梯度为 None 或包含 NaN/Inf，跳过对抗扰动。
[2025-12-17 20:48:54,797] [WARNING] [TSADAdvTrainer] 生成对抗样本时梯度为 None 或包含 NaN/Inf，跳过对抗扰动。
[2025-12-17 20:48:55,141] [WARNING] [TSADAdvTrainer] 生成对抗样本时梯度为 None 或包含 NaN/Inf，跳过对抗扰动。
[2025-12-17 20:48:55,484] [WARNING] [TSADAdvTrainer] 生成对抗样本时梯度为 None 或包含 NaN/Inf，跳过对抗扰动。
[2025-12-17 20:48:55,839] [WARNING] [TSADAdvTrainer] 生成对抗样本时梯度为 None 或包含 NaN/Inf，跳过对抗扰动。
[2025-12-17 20:48:56,172] [WARNING] [TSADAdvTrainer] 生成对抗样本时梯度为 None 或包含 NaN/Inf，跳过对抗扰动。
[2025-12-17 20:48:56,519] [WARNING] [TSADAdvTrainer] 生成对抗样本时梯度为 None 或包含 NaN/Inf，跳过对抗扰动。
[2025-12-17 20:48:56,874] [WARNING] [TSADAdvTrainer] 生成对抗样本时梯度为 None 或包含 NaN/Inf，跳过对抗扰动。
[2025-12-17 20:48:57,220] [WARNING] [TSADAdvTrainer] 生成对抗样本时梯度为 None 或包含 NaN/Inf，跳过对抗扰动。
[2025-12-17 20:48:57,566] [WARNING] [TSADAdvTrainer] 生成对抗样本时梯度为 None 或包含 NaN/Inf，跳过对抗扰动。
[2025-12-17 20:48:57,907] [WARNING] [TSADAdvTrainer] 生成对抗样本时梯度为 None 或包含 NaN/Inf，跳过对抗扰动。
[2025-12-17 20:48:58,260] [WARNING] [TSADAdvTrainer] 生成对抗样本时梯度为 None 或包含 NaN/Inf，跳过对抗扰动。
[2025-12-17 20:48:58,612] [WARNING] [TSADAdvTrainer] 生成对抗样本时梯度为 None 或包含 NaN/Inf，跳过对抗扰动。
[2025-12-17 20:48:58,958] [WARNING] [TSADAdvTrainer] 生成对抗样本时梯度为 None 或包含 NaN/Inf，跳过对抗扰动。
[2025-12-17 20:48:59,301] [WARNING] [TSADAdvTrainer] 生成对抗样本时梯度为 None 或包含 NaN/Inf，跳过对抗扰动。
[2025-12-17 20:48:59,641] [WARNING] [TSADAdvTrainer] 生成对抗样本时梯度为 None 或包含 NaN/Inf，跳过对抗扰动。
[2025-12-17 20:48:59,978] [WARNING] [TSADAdvTrainer] 生成对抗样本时梯度为 None 或包含 NaN/Inf，跳过对抗扰动。
[2025-12-17 20:49:00,335] [WARNING] [TSADAdvTrainer] 生成对抗样本时梯度为 None 或包含 NaN/Inf，跳过对抗扰动。
[2025-12-17 20:49:00,684] [WARNING] [TSADAdvTrainer] 生成对抗样本时梯度为 None 或包含 NaN/Inf，跳过对抗扰动。
[2025-12-17 20:49:01,021] [WARNING] [TSADAdvTrainer] 生成对抗样本时梯度为 None 或包含 NaN/Inf，跳过对抗扰动。
[2025-12-17 20:49:01,369] [WARNING] [TSADAdvTrainer] 生成对抗样本时梯度为 None 或包含 NaN/Inf，跳过对抗扰动。
[2025-12-17 20:49:01,714] [WARNING] [TSADAdvTrainer] 生成对抗样本时梯度为 None 或包含 NaN/Inf，跳过对抗扰动。
[2025-12-17 20:49:02,044] [WARNING] [TSADAdvTrainer] 生成对抗样本时梯度为 None 或包含 NaN/Inf，跳过对抗扰动。
[2025-12-17 20:49:02,398] [WARNING] [TSADAdvTrainer] 生成对抗样本时梯度为 None 或包含 NaN/Inf，跳过对抗扰动。
[2025-12-17 20:49:02,741] [WARNING] [TSADAdvTrainer] 生成对抗样本时梯度为 None 或包含 NaN/Inf，跳过对抗扰动。
[2025-12-17 20:49:03,094] [WARNING] [TSADAdvTrainer] 生成对抗样本时梯度为 None 或包含 NaN/Inf，跳过对抗扰动。
[2025-12-17 20:49:03,440] [WARNING] [TSADAdvTrainer] 生成对抗样本时梯度为 None 或包含 NaN/Inf，跳过对抗扰动。
[2025-12-17 20:49:03,788] [WARNING] [TSADAdvTrainer] 生成对抗样本时梯度为 None 或包含 NaN/Inf，跳过对抗扰动。
[2025-12-17 20:49:04,146] [WARNING] [TSADAdvTrainer] 生成对抗样本时梯度为 None 或包含 NaN/Inf，跳过对抗扰动。
[2025-12-17 20:49:04,489] [WARNING] [TSADAdvTrainer] 生成对抗样本时梯度为 None 或包含 NaN/Inf，跳过对抗扰动。
[2025-12-17 20:49:04,839] [WARNING] [TSADAdvTrainer] 生成对抗样本时梯度为 None 或包含 NaN/Inf，跳过对抗扰动。
[2025-12-17 20:49:05,183] [WARNING] [TSADAdvTrainer] 生成对抗样本时梯度为 None 或包含 NaN/Inf，跳过对抗扰动。
[2025-12-17 20:49:05,539] [WARNING] [TSADAdvTrainer] 生成对抗样本时梯度为 None 或包含 NaN/Inf，跳过对抗扰动。
[2025-12-17 20:49:05,896] [WARNING] [TSADAdvTrainer] 生成对抗样本时梯度为 None 或包含 NaN/Inf，跳过对抗扰动。
[2025-12-17 20:49:06,241] [WARNING] [TSADAdvTrainer] 生成对抗样本时梯度为 None 或包含 NaN/Inf，跳过对抗扰动。
[2025-12-17 20:49:06,587] [WARNING] [TSADAdvTrainer] 生成对抗样本时梯度为 None 或包含 NaN/Inf，跳过对抗扰动。
[2025-12-17 20:49:06,934] [WARNING] [TSADAdvTrainer] 生成对抗样本时梯度为 None 或包含 NaN/Inf，跳过对抗扰动。
[2025-12-17 20:49:07,293] [WARNING] [TSADAdvTrainer] 生成对抗样本时梯度为 None 或包含 NaN/Inf，跳过对抗扰动。
[2025-12-17 20:49:07,639] [WARNING] [TSADAdvTrainer] 生成对抗样本时梯度为 None 或包含 NaN/Inf，跳过对抗扰动。
[2025-12-17 20:49:07,983] [WARNING] [TSADAdvTrainer] 生成对抗样本时梯度为 None 或包含 NaN/Inf，跳过对抗扰动。
[2025-12-17 20:49:08,339] [WARNING] [TSADAdvTrainer] 生成对抗样本时梯度为 None 或包含 NaN/Inf，跳过对抗扰动。
[2025-12-17 20:49:08,692] [WARNING] [TSADAdvTrainer] 生成对抗样本时梯度为 None 或包含 NaN/Inf，跳过对抗扰动。
[2025-12-17 20:49:09,039] [WARNING] [TSADAdvTrainer] 生成对抗样本时梯度为 None 或包含 NaN/Inf，跳过对抗扰动。
[2025-12-17 20:49:09,386] [WARNING] [TSADAdvTrainer] 生成对抗样本时梯度为 None 或包含 NaN/Inf，跳过对抗扰动。
[2025-12-17 20:49:09,739] [WARNING] [TSADAdvTrainer] 生成对抗样本时梯度为 None 或包含 NaN/Inf，跳过对抗扰动。
[2025-12-17 20:49:10,107] [WARNING] [TSADAdvTrainer] 生成对抗样本时梯度为 None 或包含 NaN/Inf，跳过对抗扰动。
[2025-12-17 20:49:10,459] [WARNING] [TSADAdvTrainer] 生成对抗样本时梯度为 None 或包含 NaN/Inf，跳过对抗扰动。
[2025-12-17 20:49:10,808] [WARNING] [TSADAdvTrainer] 生成对抗样本时梯度为 None 或包含 NaN/Inf，跳过对抗扰动。
[2025-12-17 20:49:11,147] [WARNING] [TSADAdvTrainer] 生成对抗样本时梯度为 None 或包含 NaN/Inf，跳过对抗扰动。
[2025-12-17 20:49:11,488] [WARNING] [TSADAdvTrainer] 生成对抗样本时梯度为 None 或包含 NaN/Inf，跳过对抗扰动。
[2025-12-17 20:49:11,836] [WARNING] [TSADAdvTrainer] 生成对抗样本时梯度为 None 或包含 NaN/Inf，跳过对抗扰动。
[2025-12-17 20:49:12,171] [WARNING] [TSADAdvTrainer] 生成对抗样本时梯度为 None 或包含 NaN/Inf，跳过对抗扰动。
[2025-12-17 20:49:12,510] [WARNING] [TSADAdvTrainer] 生成对抗样本时梯度为 None 或包含 NaN/Inf，跳过对抗扰动。
[2025-12-17 20:49:12,863] [WARNING] [TSADAdvTrainer] 生成对抗样本时梯度为 None 或包含 NaN/Inf，跳过对抗扰动。
[2025-12-17 20:49:13,225] [WARNING] [TSADAdvTrainer] 生成对抗样本时梯度为 None 或包含 NaN/Inf，跳过对抗扰动。
[2025-12-17 20:49:13,576] [WARNING] [TSADAdvTrainer] 生成对抗样本时梯度为 None 或包含 NaN/Inf，跳过对抗扰动。
[2025-12-17 20:49:13,925] [WARNING] [TSADAdvTrainer] 生成对抗样本时梯度为 None 或包含 NaN/Inf，跳过对抗扰动。
[2025-12-17 20:49:14,273] [WARNING] [TSADAdvTrainer] 生成对抗样本时梯度为 None 或包含 NaN/Inf，跳过对抗扰动。
[2025-12-17 20:49:14,619] [WARNING] [TSADAdvTrainer] 生成对抗样本时梯度为 None 或包含 NaN/Inf，跳过对抗扰动。
[2025-12-17 20:49:14,962] [WARNING] [TSADAdvTrainer] 生成对抗样本时梯度为 None 或包含 NaN/Inf，跳过对抗扰动。
[2025-12-17 20:49:15,313] [WARNING] [TSADAdvTrainer] 生成对抗样本时梯度为 None 或包含 NaN/Inf，跳过对抗扰动。
[2025-12-17 20:49:15,663] [WARNING] [TSADAdvTrainer] 生成对抗样本时梯度为 None 或包含 NaN/Inf，跳过对抗扰动。
[2025-12-17 20:49:16,021] [WARNING] [TSADAdvTrainer] 生成对抗样本时梯度为 None 或包含 NaN/Inf，跳过对抗扰动。
[2025-12-17 20:49:16,369] [WARNING] [TSADAdvTrainer] 生成对抗样本时梯度为 None 或包含 NaN/Inf，跳过对抗扰动。
[2025-12-17 20:49:16,714] [WARNING] [TSADAdvTrainer] 生成对抗样本时梯度为 None 或包含 NaN/Inf，跳过对抗扰动。
[2025-12-17 20:49:17,063] [WARNING] [TSADAdvTrainer] 生成对抗样本时梯度为 None 或包含 NaN/Inf，跳过对抗扰动。
[2025-12-17 20:49:17,405] [WARNING] [TSADAdvTrainer] 生成对抗样本时梯度为 None 或包含 NaN/Inf，跳过对抗扰动。
[2025-12-17 20:49:17,760] [WARNING] [TSADAdvTrainer] 生成对抗样本时梯度为 None 或包含 NaN/Inf，跳过对抗扰动。
[2025-12-17 20:49:18,107] [WARNING] [TSADAdvTrainer] 生成对抗样本时梯度为 None 或包含 NaN/Inf，跳过对抗扰动。
[2025-12-17 20:49:18,458] [WARNING] [TSADAdvTrainer] 生成对抗样本时梯度为 None 或包含 NaN/Inf，跳过对抗扰动。
[2025-12-17 20:49:18,815] [WARNING] [TSADAdvTrainer] 生成对抗样本时梯度为 None 或包含 NaN/Inf，跳过对抗扰动。
[2025-12-17 20:49:19,160] [WARNING] [TSADAdvTrainer] 生成对抗样本时梯度为 None 或包含 NaN/Inf，跳过对抗扰动。
[2025-12-17 20:49:19,518] [WARNING] [TSADAdvTrainer] 生成对抗样本时梯度为 None 或包含 NaN/Inf，跳过对抗扰动。
[2025-12-17 20:49:19,872] [WARNING] [TSADAdvTrainer] 生成对抗样本时梯度为 None 或包含 NaN/Inf，跳过对抗扰动。
[2025-12-17 20:49:20,217] [WARNING] [TSADAdvTrainer] 生成对抗样本时梯度为 None 或包含 NaN/Inf，跳过对抗扰动。
[2025-12-17 20:49:20,567] [WARNING] [TSADAdvTrainer] 生成对抗样本时梯度为 None 或包含 NaN/Inf，跳过对抗扰动。
[2025-12-17 20:49:20,918] [WARNING] [TSADAdvTrainer] 生成对抗样本时梯度为 None 或包含 NaN/Inf，跳过对抗扰动。
[2025-12-17 20:49:21,259] [WARNING] [TSADAdvTrainer] 生成对抗样本时梯度为 None 或包含 NaN/Inf，跳过对抗扰动。
[2025-12-17 20:49:21,598] [WARNING] [TSADAdvTrainer] 生成对抗样本时梯度为 None 或包含 NaN/Inf，跳过对抗扰动。
[2025-12-17 20:49:21,950] [WARNING] [TSADAdvTrainer] 生成对抗样本时梯度为 None 或包含 NaN/Inf，跳过对抗扰动。
[2025-12-17 20:49:22,315] [WARNING] [TSADAdvTrainer] 生成对抗样本时梯度为 None 或包含 NaN/Inf，跳过对抗扰动。
[2025-12-17 20:49:22,647] [WARNING] [TSADAdvTrainer] 生成对抗样本时梯度为 None 或包含 NaN/Inf，跳过对抗扰动。
[2025-12-17 20:49:22,995] [WARNING] [TSADAdvTrainer] 生成对抗样本时梯度为 None 或包含 NaN/Inf，跳过对抗扰动。
[2025-12-17 20:49:23,340] [WARNING] [TSADAdvTrainer] 生成对抗样本时梯度为 None 或包含 NaN/Inf，跳过对抗扰动。
[2025-12-17 20:49:23,679] [WARNING] [TSADAdvTrainer] 生成对抗样本时梯度为 None 或包含 NaN/Inf，跳过对抗扰动。
[2025-12-17 20:49:24,030] [WARNING] [TSADAdvTrainer] 生成对抗样本时梯度为 None 或包含 NaN/Inf，跳过对抗扰动。
[2025-12-17 20:49:24,380] [WARNING] [TSADAdvTrainer] 生成对抗样本时梯度为 None 或包含 NaN/Inf，跳过对抗扰动。
[2025-12-17 20:49:24,740] [WARNING] [TSADAdvTrainer] 生成对抗样本时梯度为 None 或包含 NaN/Inf，跳过对抗扰动。
[2025-12-17 20:49:25,076] [WARNING] [TSADAdvTrainer] 生成对抗样本时梯度为 None 或包含 NaN/Inf，跳过对抗扰动。
[2025-12-17 20:49:25,415] [WARNING] [TSADAdvTrainer] 生成对抗样本时梯度为 None 或包含 NaN/Inf，跳过对抗扰动。
[2025-12-17 20:49:25,766] [WARNING] [TSADAdvTrainer] 生成对抗样本时梯度为 None 或包含 NaN/Inf，跳过对抗扰动。
[2025-12-17 20:49:26,109] [WARNING] [TSADAdvTrainer] 生成对抗样本时梯度为 None 或包含 NaN/Inf，跳过对抗扰动。
[2025-12-17 20:49:26,462] [WARNING] [TSADAdvTrainer] 生成对抗样本时梯度为 None 或包含 NaN/Inf，跳过对抗扰动。
[2025-12-17 20:49:26,807] [WARNING] [TSADAdvTrainer] 生成对抗样本时梯度为 None 或包含 NaN/Inf，跳过对抗扰动。
[2025-12-17 20:49:27,157] [WARNING] [TSADAdvTrainer] 生成对抗样本时梯度为 None 或包含 NaN/Inf，跳过对抗扰动。
[2025-12-17 20:49:27,506] [WARNING] [TSADAdvTrainer] 生成对抗样本时梯度为 None 或包含 NaN/Inf，跳过对抗扰动。
[2025-12-17 20:49:27,855] [WARNING] [TSADAdvTrainer] 生成对抗样本时梯度为 None 或包含 NaN/Inf，跳过对抗扰动。
[2025-12-17 20:49:28,194] [WARNING] [TSADAdvTrainer] 生成对抗样本时梯度为 None 或包含 NaN/Inf，跳过对抗扰动。
[2025-12-17 20:49:28,536] [WARNING] [TSADAdvTrainer] 生成对抗样本时梯度为 None 或包含 NaN/Inf，跳过对抗扰动。
[2025-12-17 20:49:28,885] [WARNING] [TSADAdvTrainer] 生成对抗样本时梯度为 None 或包含 NaN/Inf，跳过对抗扰动。
[2025-12-17 20:49:29,236] [WARNING] [TSADAdvTrainer] 生成对抗样本时梯度为 None 或包含 NaN/Inf，跳过对抗扰动。
[2025-12-17 20:49:29,582] [WARNING] [TSADAdvTrainer] 生成对抗样本时梯度为 None 或包含 NaN/Inf，跳过对抗扰动。
[2025-12-17 20:49:29,935] [WARNING] [TSADAdvTrainer] 生成对抗样本时梯度为 None 或包含 NaN/Inf，跳过对抗扰动。
[2025-12-17 20:49:30,285] [WARNING] [TSADAdvTrainer] 生成对抗样本时梯度为 None 或包含 NaN/Inf，跳过对抗扰动。
[2025-12-17 20:49:30,649] [WARNING] [TSADAdvTrainer] 生成对抗样本时梯度为 None 或包含 NaN/Inf，跳过对抗扰动。
[2025-12-17 20:49:30,989] [WARNING] [TSADAdvTrainer] 生成对抗样本时梯度为 None 或包含 NaN/Inf，跳过对抗扰动。
[2025-12-17 20:49:31,324] [WARNING] [TSADAdvTrainer] 生成对抗样本时梯度为 None 或包含 NaN/Inf，跳过对抗扰动。
[2025-12-17 20:49:31,676] [WARNING] [TSADAdvTrainer] 生成对抗样本时梯度为 None 或包含 NaN/Inf，跳过对抗扰动。
[2025-12-17 20:49:32,040] [WARNING] [TSADAdvTrainer] 生成对抗样本时梯度为 None 或包含 NaN/Inf，跳过对抗扰动。
[2025-12-17 20:49:32,389] [WARNING] [TSADAdvTrainer] 生成对抗样本时梯度为 None 或包含 NaN/Inf，跳过对抗扰动。
[2025-12-17 20:49:32,746] [WARNING] [TSADAdvTrainer] 生成对抗样本时梯度为 None 或包含 NaN/Inf，跳过对抗扰动。
[2025-12-17 20:49:33,098] [WARNING] [TSADAdvTrainer] 生成对抗样本时梯度为 None 或包含 NaN/Inf，跳过对抗扰动。
[2025-12-17 20:49:33,448] [WARNING] [TSADAdvTrainer] 生成对抗样本时梯度为 None 或包含 NaN/Inf，跳过对抗扰动。
[2025-12-17 20:49:33,801] [WARNING] [TSADAdvTrainer] 生成对抗样本时梯度为 None 或包含 NaN/Inf，跳过对抗扰动。
[2025-12-17 20:49:34,149] [WARNING] [TSADAdvTrainer] 生成对抗样本时梯度为 None 或包含 NaN/Inf，跳过对抗扰动。
[2025-12-17 20:49:34,487] [WARNING] [TSADAdvTrainer] 生成对抗样本时梯度为 None 或包含 NaN/Inf，跳过对抗扰动。
[2025-12-17 20:49:34,841] [WARNING] [TSADAdvTrainer] 生成对抗样本时梯度为 None 或包含 NaN/Inf，跳过对抗扰动。
[2025-12-17 20:49:35,186] [WARNING] [TSADAdvTrainer] 生成对抗样本时梯度为 None 或包含 NaN/Inf，跳过对抗扰动。
[2025-12-17 20:49:35,537] [WARNING] [TSADAdvTrainer] 生成对抗样本时梯度为 None 或包含 NaN/Inf，跳过对抗扰动。
[2025-12-17 20:49:35,883] [WARNING] [TSADAdvTrainer] 生成对抗样本时梯度为 None 或包含 NaN/Inf，跳过对抗扰动。
[2025-12-17 20:49:36,242] [WARNING] [TSADAdvTrainer] 生成对抗样本时梯度为 None 或包含 NaN/Inf，跳过对抗扰动。
[2025-12-17 20:49:36,617] [WARNING] [TSADAdvTrainer] 生成对抗样本时梯度为 None 或包含 NaN/Inf，跳过对抗扰动。
[2025-12-17 20:49:36,984] [WARNING] [TSADAdvTrainer] 生成对抗样本时梯度为 None 或包含 NaN/Inf，跳过对抗扰动。
[2025-12-17 20:49:37,339] [WARNING] [TSADAdvTrainer] 生成对抗样本时梯度为 None 或包含 NaN/Inf，跳过对抗扰动。
[2025-12-17 20:49:37,673] [WARNING] [TSADAdvTrainer] 生成对抗样本时梯度为 None 或包含 NaN/Inf，跳过对抗扰动。
[2025-12-17 20:49:38,026] [WARNING] [TSADAdvTrainer] 生成对抗样本时梯度为 None 或包含 NaN/Inf，跳过对抗扰动。
[2025-12-17 20:49:38,378] [WARNING] [TSADAdvTrainer] 生成对抗样本时梯度为 None 或包含 NaN/Inf，跳过对抗扰动。
[2025-12-17 20:49:38,734] [WARNING] [TSADAdvTrainer] 生成对抗样本时梯度为 None 或包含 NaN/Inf，跳过对抗扰动。
[2025-12-17 20:49:39,085] [WARNING] [TSADAdvTrainer] 生成对抗样本时梯度为 None 或包含 NaN/Inf，跳过对抗扰动。
[2025-12-17 20:49:39,433] [WARNING] [TSADAdvTrainer] 生成对抗样本时梯度为 None 或包含 NaN/Inf，跳过对抗扰动。
[2025-12-17 20:49:39,789] [WARNING] [TSADAdvTrainer] 生成对抗样本时梯度为 None 或包含 NaN/Inf，跳过对抗扰动。
[2025-12-17 20:49:40,145] [WARNING] [TSADAdvTrainer] 生成对抗样本时梯度为 None 或包含 NaN/Inf，跳过对抗扰动。
[2025-12-17 20:49:40,496] [WARNING] [TSADAdvTrainer] 生成对抗样本时梯度为 None 或包含 NaN/Inf，跳过对抗扰动。
[2025-12-17 20:49:40,842] [WARNING] [TSADAdvTrainer] 生成对抗样本时梯度为 None 或包含 NaN/Inf，跳过对抗扰动。
[2025-12-17 20:49:41,198] [WARNING] [TSADAdvTrainer] 生成对抗样本时梯度为 None 或包含 NaN/Inf，跳过对抗扰动。
[2025-12-17 20:49:41,543] [WARNING] [TSADAdvTrainer] 生成对抗样本时梯度为 None 或包含 NaN/Inf，跳过对抗扰动。
[2025-12-17 20:49:41,889] [WARNING] [TSADAdvTrainer] 生成对抗样本时梯度为 None 或包含 NaN/Inf，跳过对抗扰动。
[2025-12-17 20:49:42,229] [WARNING] [TSADAdvTrainer] 生成对抗样本时梯度为 None 或包含 NaN/Inf，跳过对抗扰动。
[2025-12-17 20:49:42,573] [WARNING] [TSADAdvTrainer] 生成对抗样本时梯度为 None 或包含 NaN/Inf，跳过对抗扰动。
[2025-12-17 20:49:42,926] [WARNING] [TSADAdvTrainer] 生成对抗样本时梯度为 None 或包含 NaN/Inf，跳过对抗扰动。
[2025-12-17 20:49:43,282] [WARNING] [TSADAdvTrainer] 生成对抗样本时梯度为 None 或包含 NaN/Inf，跳过对抗扰动。
[2025-12-17 20:49:43,648] [WARNING] [TSADAdvTrainer] 生成对抗样本时梯度为 None 或包含 NaN/Inf，跳过对抗扰动。
[2025-12-17 20:49:43,997] [WARNING] [TSADAdvTrainer] 生成对抗样本时梯度为 None 或包含 NaN/Inf，跳过对抗扰动。
[2025-12-17 20:49:44,336] [WARNING] [TSADAdvTrainer] 生成对抗样本时梯度为 None 或包含 NaN/Inf，跳过对抗扰动。
[2025-12-17 20:49:44,695] [WARNING] [TSADAdvTrainer] 生成对抗样本时梯度为 None 或包含 NaN/Inf，跳过对抗扰动。
[2025-12-17 20:49:45,062] [WARNING] [TSADAdvTrainer] 生成对抗样本时梯度为 None 或包含 NaN/Inf，跳过对抗扰动。
[2025-12-17 20:49:45,427] [WARNING] [TSADAdvTrainer] 生成对抗样本时梯度为 None 或包含 NaN/Inf，跳过对抗扰动。
[2025-12-17 20:49:45,765] [WARNING] [TSADAdvTrainer] 生成对抗样本时梯度为 None 或包含 NaN/Inf，跳过对抗扰动。
[2025-12-17 20:49:46,103] [WARNING] [TSADAdvTrainer] 生成对抗样本时梯度为 None 或包含 NaN/Inf，跳过对抗扰动。
[2025-12-17 20:49:46,453] [WARNING] [TSADAdvTrainer] 生成对抗样本时梯度为 None 或包含 NaN/Inf，跳过对抗扰动。
[2025-12-17 20:49:46,812] [WARNING] [TSADAdvTrainer] 生成对抗样本时梯度为 None 或包含 NaN/Inf，跳过对抗扰动。
[2025-12-17 20:49:47,159] [WARNING] [TSADAdvTrainer] 生成对抗样本时梯度为 None 或包含 NaN/Inf，跳过对抗扰动。
[2025-12-17 20:49:47,512] [WARNING] [TSADAdvTrainer] 生成对抗样本时梯度为 None 或包含 NaN/Inf，跳过对抗扰动。
[2025-12-17 20:49:47,860] [WARNING] [TSADAdvTrainer] 生成对抗样本时梯度为 None 或包含 NaN/Inf，跳过对抗扰动。
[2025-12-17 20:49:48,211] [WARNING] [TSADAdvTrainer] 生成对抗样本时梯度为 None 或包含 NaN/Inf，跳过对抗扰动。
[2025-12-17 20:49:48,553] [WARNING] [TSADAdvTrainer] 生成对抗样本时梯度为 None 或包含 NaN/Inf，跳过对抗扰动。
[2025-12-17 20:49:48,911] [WARNING] [TSADAdvTrainer] 生成对抗样本时梯度为 None 或包含 NaN/Inf，跳过对抗扰动。
[2025-12-17 20:49:49,260] [WARNING] [TSADAdvTrainer] 生成对抗样本时梯度为 None 或包含 NaN/Inf，跳过对抗扰动。
[2025-12-17 20:49:49,614] [WARNING] [TSADAdvTrainer] 生成对抗样本时梯度为 None 或包含 NaN/Inf，跳过对抗扰动。
[2025-12-17 20:49:49,964] [WARNING] [TSADAdvTrainer] 生成对抗样本时梯度为 None 或包含 NaN/Inf，跳过对抗扰动。
[2025-12-17 20:49:50,311] [WARNING] [TSADAdvTrainer] 生成对抗样本时梯度为 None 或包含 NaN/Inf，跳过对抗扰动。
[2025-12-17 20:49:50,669] [WARNING] [TSADAdvTrainer] 生成对抗样本时梯度为 None 或包含 NaN/Inf，跳过对抗扰动。
[2025-12-17 20:49:51,019] [WARNING] [TSADAdvTrainer] 生成对抗样本时梯度为 None 或包含 NaN/Inf，跳过对抗扰动。
[2025-12-17 20:49:51,359] [WARNING] [TSADAdvTrainer] 生成对抗样本时梯度为 None 或包含 NaN/Inf，跳过对抗扰动。
[2025-12-17 20:49:51,713] [WARNING] [TSADAdvTrainer] 生成对抗样本时梯度为 None 或包含 NaN/Inf，跳过对抗扰动。
[2025-12-17 20:49:52,060] [WARNING] [TSADAdvTrainer] 生成对抗样本时梯度为 None 或包含 NaN/Inf，跳过对抗扰动。
[2025-12-17 20:49:52,419] [WARNING] [TSADAdvTrainer] 生成对抗样本时梯度为 None 或包含 NaN/Inf，跳过对抗扰动。
[2025-12-17 20:49:52,773] [WARNING] [TSADAdvTrainer] 生成对抗样本时梯度为 None 或包含 NaN/Inf，跳过对抗扰动。
[2025-12-17 20:49:53,100] [WARNING] [TSADAdvTrainer] 生成对抗样本时梯度为 None 或包含 NaN/Inf，跳过对抗扰动。
[2025-12-17 20:49:53,395] [WARNING] [TSADAdvTrainer] 生成对抗样本时梯度为 None 或包含 NaN/Inf，跳过对抗扰动。
[2025-12-17 20:49:53,739] [WARNING] [TSADAdvTrainer] 生成对抗样本时梯度为 None 或包含 NaN/Inf，跳过对抗扰动。
[2025-12-17 20:49:54,093] [WARNING] [TSADAdvTrainer] 生成对抗样本时梯度为 None 或包含 NaN/Inf，跳过对抗扰动。
[2025-12-17 20:49:54,437] [WARNING] [TSADAdvTrainer] 生成对抗样本时梯度为 None 或包含 NaN/Inf，跳过对抗扰动。
[2025-12-17 20:49:54,777] [WARNING] [TSADAdvTrainer] 生成对抗样本时梯度为 None 或包含 NaN/Inf，跳过对抗扰动。
[2025-12-17 20:49:55,124] [WARNING] [TSADAdvTrainer] 生成对抗样本时梯度为 None 或包含 NaN/Inf，跳过对抗扰动。
[2025-12-17 20:49:55,477] [WARNING] [TSADAdvTrainer] 生成对抗样本时梯度为 None 或包含 NaN/Inf，跳过对抗扰动。
[2025-12-17 20:49:55,820] [WARNING] [TSADAdvTrainer] 生成对抗样本时梯度为 None 或包含 NaN/Inf，跳过对抗扰动。
[2025-12-17 20:49:56,176] [WARNING] [TSADAdvTrainer] 生成对抗样本时梯度为 None 或包含 NaN/Inf，跳过对抗扰动。
[2025-12-17 20:49:56,520] [WARNING] [TSADAdvTrainer] 生成对抗样本时梯度为 None 或包含 NaN/Inf，跳过对抗扰动。
[2025-12-17 20:49:56,865] [WARNING] [TSADAdvTrainer] 生成对抗样本时梯度为 None 或包含 NaN/Inf，跳过对抗扰动。
[2025-12-17 20:49:57,228] [WARNING] [TSADAdvTrainer] 生成对抗样本时梯度为 None 或包含 NaN/Inf，跳过对抗扰动。
[2025-12-17 20:49:57,576] [WARNING] [TSADAdvTrainer] 生成对抗样本时梯度为 None 或包含 NaN/Inf，跳过对抗扰动。
[2025-12-17 20:49:57,931] [WARNING] [TSADAdvTrainer] 生成对抗样本时梯度为 None 或包含 NaN/Inf，跳过对抗扰动。
[2025-12-17 20:49:58,273] [WARNING] [TSADAdvTrainer] 生成对抗样本时梯度为 None 或包含 NaN/Inf，跳过对抗扰动。
[2025-12-17 20:49:58,629] [WARNING] [TSADAdvTrainer] 生成对抗样本时梯度为 None 或包含 NaN/Inf，跳过对抗扰动。
[2025-12-17 20:49:58,974] [WARNING] [TSADAdvTrainer] 生成对抗样本时梯度为 None 或包含 NaN/Inf，跳过对抗扰动。
[2025-12-17 20:49:59,324] [WARNING] [TSADAdvTrainer] 生成对抗样本时梯度为 None 或包含 NaN/Inf，跳过对抗扰动。
[2025-12-17 20:49:59,673] [WARNING] [TSADAdvTrainer] 生成对抗样本时梯度为 None 或包含 NaN/Inf，跳过对抗扰动。
[2025-12-17 20:50:00,025] [WARNING] [TSADAdvTrainer] 生成对抗样本时梯度为 None 或包含 NaN/Inf，跳过对抗扰动。
[2025-12-17 20:50:00,368] [WARNING] [TSADAdvTrainer] 生成对抗样本时梯度为 None 或包含 NaN/Inf，跳过对抗扰动。
[2025-12-17 20:50:00,725] [WARNING] [TSADAdvTrainer] 生成对抗样本时梯度为 None 或包含 NaN/Inf，跳过对抗扰动。
[2025-12-17 20:50:01,081] [WARNING] [TSADAdvTrainer] 生成对抗样本时梯度为 None 或包含 NaN/Inf，跳过对抗扰动。
[2025-12-17 20:50:01,422] [WARNING] [TSADAdvTrainer] 生成对抗样本时梯度为 None 或包含 NaN/Inf，跳过对抗扰动。
[2025-12-17 20:50:01,784] [WARNING] [TSADAdvTrainer] 生成对抗样本时梯度为 None 或包含 NaN/Inf，跳过对抗扰动。
[2025-12-17 20:50:02,136] [WARNING] [TSADAdvTrainer] 生成对抗样本时梯度为 None 或包含 NaN/Inf，跳过对抗扰动。
[2025-12-17 20:50:02,494] [WARNING] [TSADAdvTrainer] 生成对抗样本时梯度为 None 或包含 NaN/Inf，跳过对抗扰动。
[2025-12-17 20:50:02,838] [WARNING] [TSADAdvTrainer] 生成对抗样本时梯度为 None 或包含 NaN/Inf，跳过对抗扰动。
[2025-12-17 20:50:03,186] [WARNING] [TSADAdvTrainer] 生成对抗样本时梯度为 None 或包含 NaN/Inf，跳过对抗扰动。
[2025-12-17 20:50:03,537] [WARNING] [TSADAdvTrainer] 生成对抗样本时梯度为 None 或包含 NaN/Inf，跳过对抗扰动。
[2025-12-17 20:50:03,896] [WARNING] [TSADAdvTrainer] 生成对抗样本时梯度为 None 或包含 NaN/Inf，跳过对抗扰动。
[2025-12-17 20:50:04,228] [WARNING] [TSADAdvTrainer] 生成对抗样本时梯度为 None 或包含 NaN/Inf，跳过对抗扰动。
[2025-12-17 20:50:04,580] [WARNING] [TSADAdvTrainer] 生成对抗样本时梯度为 None 或包含 NaN/Inf，跳过对抗扰动。
[2025-12-17 20:50:04,923] [WARNING] [TSADAdvTrainer] 生成对抗样本时梯度为 None 或包含 NaN/Inf，跳过对抗扰动。
[2025-12-17 20:50:05,255] [WARNING] [TSADAdvTrainer] 生成对抗样本时梯度为 None 或包含 NaN/Inf，跳过对抗扰动。
[2025-12-17 20:50:05,597] [WARNING] [TSADAdvTrainer] 生成对抗样本时梯度为 None 或包含 NaN/Inf，跳过对抗扰动。
[2025-12-17 20:50:05,936] [WARNING] [TSADAdvTrainer] 生成对抗样本时梯度为 None 或包含 NaN/Inf，跳过对抗扰动。
[2025-12-17 20:50:06,283] [WARNING] [TSADAdvTrainer] 生成对抗样本时梯度为 None 或包含 NaN/Inf，跳过对抗扰动。
[2025-12-17 20:50:06,621] [WARNING] [TSADAdvTrainer] 生成对抗样本时梯度为 None 或包含 NaN/Inf，跳过对抗扰动。
[2025-12-17 20:50:06,978] [WARNING] [TSADAdvTrainer] 生成对抗样本时梯度为 None 或包含 NaN/Inf，跳过对抗扰动。
[2025-12-17 20:50:07,335] [WARNING] [TSADAdvTrainer] 生成对抗样本时梯度为 None 或包含 NaN/Inf，跳过对抗扰动。
[2025-12-17 20:50:07,688] [WARNING] [TSADAdvTrainer] 生成对抗样本时梯度为 None 或包含 NaN/Inf，跳过对抗扰动。
[2025-12-17 20:50:08,019] [WARNING] [TSADAdvTrainer] 生成对抗样本时梯度为 None 或包含 NaN/Inf，跳过对抗扰动。
[2025-12-17 20:50:08,392] [WARNING] [TSADAdvTrainer] 生成对抗样本时梯度为 None 或包含 NaN/Inf，跳过对抗扰动。
[2025-12-17 20:50:08,740] [WARNING] [TSADAdvTrainer] 生成对抗样本时梯度为 None 或包含 NaN/Inf，跳过对抗扰动。
[2025-12-17 20:50:09,086] [WARNING] [TSADAdvTrainer] 生成对抗样本时梯度为 None 或包含 NaN/Inf，跳过对抗扰动。
[2025-12-17 20:50:09,449] [WARNING] [TSADAdvTrainer] 生成对抗样本时梯度为 None 或包含 NaN/Inf，跳过对抗扰动。
[2025-12-17 20:50:09,787] [WARNING] [TSADAdvTrainer] 生成对抗样本时梯度为 None 或包含 NaN/Inf，跳过对抗扰动。
[2025-12-17 20:50:10,155] [WARNING] [TSADAdvTrainer] 生成对抗样本时梯度为 None 或包含 NaN/Inf，跳过对抗扰动。
[2025-12-17 20:50:10,497] [WARNING] [TSADAdvTrainer] 生成对抗样本时梯度为 None 或包含 NaN/Inf，跳过对抗扰动。
[2025-12-17 20:50:10,852] [WARNING] [TSADAdvTrainer] 生成对抗样本时梯度为 None 或包含 NaN/Inf，跳过对抗扰动。
[2025-12-17 20:50:11,194] [WARNING] [TSADAdvTrainer] 生成对抗样本时梯度为 None 或包含 NaN/Inf，跳过对抗扰动。
[2025-12-17 20:50:11,543] [WARNING] [TSADAdvTrainer] 生成对抗样本时梯度为 None 或包含 NaN/Inf，跳过对抗扰动。
[2025-12-17 20:50:11,911] [WARNING] [TSADAdvTrainer] 生成对抗样本时梯度为 None 或包含 NaN/Inf，跳过对抗扰动。
[2025-12-17 20:50:12,256] [WARNING] [TSADAdvTrainer] 生成对抗样本时梯度为 None 或包含 NaN/Inf，跳过对抗扰动。
[2025-12-17 20:50:12,592] [WARNING] [TSADAdvTrainer] 生成对抗样本时梯度为 None 或包含 NaN/Inf，跳过对抗扰动。
[2025-12-17 20:50:12,936] [WARNING] [TSADAdvTrainer] 生成对抗样本时梯度为 None 或包含 NaN/Inf，跳过对抗扰动。
[2025-12-17 20:50:13,298] [WARNING] [TSADAdvTrainer] 生成对抗样本时梯度为 None 或包含 NaN/Inf，跳过对抗扰动。
[2025-12-17 20:50:13,642] [WARNING] [TSADAdvTrainer] 生成对抗样本时梯度为 None 或包含 NaN/Inf，跳过对抗扰动。
[2025-12-17 20:50:14,004] [WARNING] [TSADAdvTrainer] 生成对抗样本时梯度为 None 或包含 NaN/Inf，跳过对抗扰动。
[2025-12-17 20:50:14,366] [WARNING] [TSADAdvTrainer] 生成对抗样本时梯度为 None 或包含 NaN/Inf，跳过对抗扰动。
[2025-12-17 20:50:14,722] [WARNING] [TSADAdvTrainer] 生成对抗样本时梯度为 None 或包含 NaN/Inf，跳过对抗扰动。
[2025-12-17 20:50:15,090] [WARNING] [TSADAdvTrainer] 生成对抗样本时梯度为 None 或包含 NaN/Inf，跳过对抗扰动。
[2025-12-17 20:50:15,454] [WARNING] [TSADAdvTrainer] 生成对抗样本时梯度为 None 或包含 NaN/Inf，跳过对抗扰动。
[2025-12-17 20:50:15,802] [WARNING] [TSADAdvTrainer] 生成对抗样本时梯度为 None 或包含 NaN/Inf，跳过对抗扰动。
[2025-12-17 20:50:16,169] [WARNING] [TSADAdvTrainer] 生成对抗样本时梯度为 None 或包含 NaN/Inf，跳过对抗扰动。
[2025-12-17 20:50:16,524] [WARNING] [TSADAdvTrainer] 生成对抗样本时梯度为 None 或包含 NaN/Inf，跳过对抗扰动。
[2025-12-17 20:50:16,868] [WARNING] [TSADAdvTrainer] 生成对抗样本时梯度为 None 或包含 NaN/Inf，跳过对抗扰动。
[2025-12-17 20:50:17,213] [WARNING] [TSADAdvTrainer] 生成对抗样本时梯度为 None 或包含 NaN/Inf，跳过对抗扰动。
[2025-12-17 20:50:17,553] [WARNING] [TSADAdvTrainer] 生成对抗样本时梯度为 None 或包含 NaN/Inf，跳过对抗扰动。
[2025-12-17 20:50:17,885] [WARNING] [TSADAdvTrainer] 生成对抗样本时梯度为 None 或包含 NaN/Inf，跳过对抗扰动。
[2025-12-17 20:50:18,232] [WARNING] [TSADAdvTrainer] 生成对抗样本时梯度为 None 或包含 NaN/Inf，跳过对抗扰动。
[2025-12-17 20:50:18,570] [WARNING] [TSADAdvTrainer] 生成对抗样本时梯度为 None 或包含 NaN/Inf，跳过对抗扰动。
[2025-12-17 20:50:18,922] [WARNING] [TSADAdvTrainer] 生成对抗样本时梯度为 None 或包含 NaN/Inf，跳过对抗扰动。
[2025-12-17 20:50:19,273] [WARNING] [TSADAdvTrainer] 生成对抗样本时梯度为 None 或包含 NaN/Inf，跳过对抗扰动。
[2025-12-17 20:50:19,621] [WARNING] [TSADAdvTrainer] 生成对抗样本时梯度为 None 或包含 NaN/Inf，跳过对抗扰动。
[2025-12-17 20:50:19,977] [WARNING] [TSADAdvTrainer] 生成对抗样本时梯度为 None 或包含 NaN/Inf，跳过对抗扰动。
[2025-12-17 20:50:20,319] [WARNING] [TSADAdvTrainer] 生成对抗样本时梯度为 None 或包含 NaN/Inf，跳过对抗扰动。
[2025-12-17 20:50:20,654] [WARNING] [TSADAdvTrainer] 生成对抗样本时梯度为 None 或包含 NaN/Inf，跳过对抗扰动。
[2025-12-17 20:50:21,000] [WARNING] [TSADAdvTrainer] 生成对抗样本时梯度为 None 或包含 NaN/Inf，跳过对抗扰动。
[2025-12-17 20:50:21,344] [WARNING] [TSADAdvTrainer] 生成对抗样本时梯度为 None 或包含 NaN/Inf，跳过对抗扰动。
[2025-12-17 20:50:21,708] [WARNING] [TSADAdvTrainer] 生成对抗样本时梯度为 None 或包含 NaN/Inf，跳过对抗扰动。
[2025-12-17 20:50:22,051] [WARNING] [TSADAdvTrainer] 生成对抗样本时梯度为 None 或包含 NaN/Inf，跳过对抗扰动。
[2025-12-17 20:50:22,399] [WARNING] [TSADAdvTrainer] 生成对抗样本时梯度为 None 或包含 NaN/Inf，跳过对抗扰动。
[2025-12-17 20:50:22,747] [WARNING] [TSADAdvTrainer] 生成对抗样本时梯度为 None 或包含 NaN/Inf，跳过对抗扰动。
[2025-12-17 20:50:23,101] [WARNING] [TSADAdvTrainer] 生成对抗样本时梯度为 None 或包含 NaN/Inf，跳过对抗扰动。
[2025-12-17 20:50:23,454] [WARNING] [TSADAdvTrainer] 生成对抗样本时梯度为 None 或包含 NaN/Inf，跳过对抗扰动。
[2025-12-17 20:50:23,813] [WARNING] [TSADAdvTrainer] 生成对抗样本时梯度为 None 或包含 NaN/Inf，跳过对抗扰动。
[2025-12-17 20:50:24,161] [WARNING] [TSADAdvTrainer] 生成对抗样本时梯度为 None 或包含 NaN/Inf，跳过对抗扰动。
[2025-12-17 20:50:24,490] [WARNING] [TSADAdvTrainer] 生成对抗样本时梯度为 None 或包含 NaN/Inf，跳过对抗扰动。
[2025-12-17 20:50:24,850] [WARNING] [TSADAdvTrainer] 生成对抗样本时梯度为 None 或包含 NaN/Inf，跳过对抗扰动。
[2025-12-17 20:50:25,205] [WARNING] [TSADAdvTrainer] 生成对抗样本时梯度为 None 或包含 NaN/Inf，跳过对抗扰动。
[2025-12-17 20:50:25,559] [WARNING] [TSADAdvTrainer] 生成对抗样本时梯度为 None 或包含 NaN/Inf，跳过对抗扰动。
[2025-12-17 20:50:25,917] [WARNING] [TSADAdvTrainer] 生成对抗样本时梯度为 None 或包含 NaN/Inf，跳过对抗扰动。
[2025-12-17 20:50:26,276] [WARNING] [TSADAdvTrainer] 生成对抗样本时梯度为 None 或包含 NaN/Inf，跳过对抗扰动。
[2025-12-17 20:50:26,619] [WARNING] [TSADAdvTrainer] 生成对抗样本时梯度为 None 或包含 NaN/Inf，跳过对抗扰动。
[2025-12-17 20:50:26,969] [WARNING] [TSADAdvTrainer] 生成对抗样本时梯度为 None 或包含 NaN/Inf，跳过对抗扰动。
[2025-12-17 20:50:27,328] [WARNING] [TSADAdvTrainer] 生成对抗样本时梯度为 None 或包含 NaN/Inf，跳过对抗扰动。
[2025-12-17 20:50:27,668] [WARNING] [TSADAdvTrainer] 生成对抗样本时梯度为 None 或包含 NaN/Inf，跳过对抗扰动。
[2025-12-17 20:50:28,007] [WARNING] [TSADAdvTrainer] 生成对抗样本时梯度为 None 或包含 NaN/Inf，跳过对抗扰动。
[2025-12-17 20:50:28,355] [WARNING] [TSADAdvTrainer] 生成对抗样本时梯度为 None 或包含 NaN/Inf，跳过对抗扰动。
[2025-12-17 20:50:28,702] [WARNING] [TSADAdvTrainer] 生成对抗样本时梯度为 None 或包含 NaN/Inf，跳过对抗扰动。
[2025-12-17 20:50:29,048] [WARNING] [TSADAdvTrainer] 生成对抗样本时梯度为 None 或包含 NaN/Inf，跳过对抗扰动。
[2025-12-17 20:50:29,389] [WARNING] [TSADAdvTrainer] 生成对抗样本时梯度为 None 或包含 NaN/Inf，跳过对抗扰动。
[2025-12-17 20:50:29,736] [WARNING] [TSADAdvTrainer] 生成对抗样本时梯度为 None 或包含 NaN/Inf，跳过对抗扰动。
[2025-12-17 20:50:30,085] [WARNING] [TSADAdvTrainer] 生成对抗样本时梯度为 None 或包含 NaN/Inf，跳过对抗扰动。
[2025-12-17 20:50:30,440] [WARNING] [TSADAdvTrainer] 生成对抗样本时梯度为 None 或包含 NaN/Inf，跳过对抗扰动。
[2025-12-17 20:50:30,796] [WARNING] [TSADAdvTrainer] 生成对抗样本时梯度为 None 或包含 NaN/Inf，跳过对抗扰动。
[2025-12-17 20:50:31,137] [WARNING] [TSADAdvTrainer] 生成对抗样本时梯度为 None 或包含 NaN/Inf，跳过对抗扰动。
[2025-12-17 20:50:31,474] [WARNING] [TSADAdvTrainer] 生成对抗样本时梯度为 None 或包含 NaN/Inf，跳过对抗扰动。
[2025-12-17 20:50:31,828] [WARNING] [TSADAdvTrainer] 生成对抗样本时梯度为 None 或包含 NaN/Inf，跳过对抗扰动。
[2025-12-17 20:50:32,177] [WARNING] [TSADAdvTrainer] 生成对抗样本时梯度为 None 或包含 NaN/Inf，跳过对抗扰动。
[2025-12-17 20:50:32,523] [WARNING] [TSADAdvTrainer] 生成对抗样本时梯度为 None 或包含 NaN/Inf，跳过对抗扰动。
[2025-12-17 20:50:32,862] [WARNING] [TSADAdvTrainer] 生成对抗样本时梯度为 None 或包含 NaN/Inf，跳过对抗扰动。
[2025-12-17 20:50:33,200] [WARNING] [TSADAdvTrainer] 生成对抗样本时梯度为 None 或包含 NaN/Inf，跳过对抗扰动。
[2025-12-17 20:50:33,530] [WARNING] [TSADAdvTrainer] 生成对抗样本时梯度为 None 或包含 NaN/Inf，跳过对抗扰动。
[2025-12-17 20:50:33,870] [WARNING] [TSADAdvTrainer] 生成对抗样本时梯度为 None 或包含 NaN/Inf，跳过对抗扰动。
[2025-12-17 20:50:34,224] [WARNING] [TSADAdvTrainer] 生成对抗样本时梯度为 None 或包含 NaN/Inf，跳过对抗扰动。
[2025-12-17 20:50:34,574] [WARNING] [TSADAdvTrainer] 生成对抗样本时梯度为 None 或包含 NaN/Inf，跳过对抗扰动。
[2025-12-17 20:50:34,934] [WARNING] [TSADAdvTrainer] 生成对抗样本时梯度为 None 或包含 NaN/Inf，跳过对抗扰动。
[2025-12-17 20:50:35,274] [WARNING] [TSADAdvTrainer] 生成对抗样本时梯度为 None 或包含 NaN/Inf，跳过对抗扰动。
[2025-12-17 20:50:35,623] [WARNING] [TSADAdvTrainer] 生成对抗样本时梯度为 None 或包含 NaN/Inf，跳过对抗扰动。
[2025-12-17 20:50:35,971] [WARNING] [TSADAdvTrainer] 生成对抗样本时梯度为 None 或包含 NaN/Inf，跳过对抗扰动。
[2025-12-17 20:50:36,303] [WARNING] [TSADAdvTrainer] 生成对抗样本时梯度为 None 或包含 NaN/Inf，跳过对抗扰动。
[2025-12-17 20:50:36,697] [WARNING] [TSADAdvTrainer] 生成对抗样本时梯度为 None 或包含 NaN/Inf，跳过对抗扰动。
[2025-12-17 20:50:37,078] [WARNING] [TSADAdvTrainer] 生成对抗样本时梯度为 None 或包含 NaN/Inf，跳过对抗扰动。
[2025-12-17 20:50:37,432] [WARNING] [TSADAdvTrainer] 生成对抗样本时梯度为 None 或包含 NaN/Inf，跳过对抗扰动。
[2025-12-17 20:50:37,783] [WARNING] [TSADAdvTrainer] 生成对抗样本时梯度为 None 或包含 NaN/Inf，跳过对抗扰动。
[2025-12-17 20:50:38,127] [WARNING] [TSADAdvTrainer] 生成对抗样本时梯度为 None 或包含 NaN/Inf，跳过对抗扰动。
[2025-12-17 20:50:38,483] [WARNING] [TSADAdvTrainer] 生成对抗样本时梯度为 None 或包含 NaN/Inf，跳过对抗扰动。
[2025-12-17 20:50:38,831] [WARNING] [TSADAdvTrainer] 生成对抗样本时梯度为 None 或包含 NaN/Inf，跳过对抗扰动。
[2025-12-17 20:50:39,206] [WARNING] [TSADAdvTrainer] 生成对抗样本时梯度为 None 或包含 NaN/Inf，跳过对抗扰动。
[2025-12-17 20:50:39,556] [WARNING] [TSADAdvTrainer] 生成对抗样本时梯度为 None 或包含 NaN/Inf，跳过对抗扰动。
[2025-12-17 20:50:39,908] [WARNING] [TSADAdvTrainer] 生成对抗样本时梯度为 None 或包含 NaN/Inf，跳过对抗扰动。
[2025-12-17 20:50:40,265] [WARNING] [TSADAdvTrainer] 生成对抗样本时梯度为 None 或包含 NaN/Inf，跳过对抗扰动。
[2025-12-17 20:50:40,639] [WARNING] [TSADAdvTrainer] 生成对抗样本时梯度为 None 或包含 NaN/Inf，跳过对抗扰动。
[2025-12-17 20:50:40,998] [WARNING] [TSADAdvTrainer] 生成对抗样本时梯度为 None 或包含 NaN/Inf，跳过对抗扰动。
[2025-12-17 20:50:41,346] [WARNING] [TSADAdvTrainer] 生成对抗样本时梯度为 None 或包含 NaN/Inf，跳过对抗扰动。
[2025-12-17 20:50:41,707] [WARNING] [TSADAdvTrainer] 生成对抗样本时梯度为 None 或包含 NaN/Inf，跳过对抗扰动。
[2025-12-17 20:50:42,057] [WARNING] [TSADAdvTrainer] 生成对抗样本时梯度为 None 或包含 NaN/Inf，跳过对抗扰动。
[2025-12-17 20:50:42,411] [WARNING] [TSADAdvTrainer] 生成对抗样本时梯度为 None 或包含 NaN/Inf，跳过对抗扰动。
[2025-12-17 20:50:42,766] [WARNING] [TSADAdvTrainer] 生成对抗样本时梯度为 None 或包含 NaN/Inf，跳过对抗扰动。
[2025-12-17 20:50:43,122] [WARNING] [TSADAdvTrainer] 生成对抗样本时梯度为 None 或包含 NaN/Inf，跳过对抗扰动。
[2025-12-17 20:50:43,459] [WARNING] [TSADAdvTrainer] 生成对抗样本时梯度为 None 或包含 NaN/Inf，跳过对抗扰动。
[2025-12-17 20:50:43,808] [WARNING] [TSADAdvTrainer] 生成对抗样本时梯度为 None 或包含 NaN/Inf，跳过对抗扰动。
[2025-12-17 20:50:44,169] [WARNING] [TSADAdvTrainer] 生成对抗样本时梯度为 None 或包含 NaN/Inf，跳过对抗扰动。
[2025-12-17 20:50:44,522] [WARNING] [TSADAdvTrainer] 生成对抗样本时梯度为 None 或包含 NaN/Inf，跳过对抗扰动。
[2025-12-17 20:50:44,860] [WARNING] [TSADAdvTrainer] 生成对抗样本时梯度为 None 或包含 NaN/Inf，跳过对抗扰动。
[2025-12-17 20:50:45,207] [WARNING] [TSADAdvTrainer] 生成对抗样本时梯度为 None 或包含 NaN/Inf，跳过对抗扰动。
[2025-12-17 20:50:45,566] [WARNING] [TSADAdvTrainer] 生成对抗样本时梯度为 None 或包含 NaN/Inf，跳过对抗扰动。
[2025-12-17 20:50:45,913] [WARNING] [TSADAdvTrainer] 生成对抗样本时梯度为 None 或包含 NaN/Inf，跳过对抗扰动。
[2025-12-17 20:50:46,259] [WARNING] [TSADAdvTrainer] 生成对抗样本时梯度为 None 或包含 NaN/Inf，跳过对抗扰动。
[2025-12-17 20:50:46,611] [WARNING] [TSADAdvTrainer] 生成对抗样本时梯度为 None 或包含 NaN/Inf，跳过对抗扰动。
[2025-12-17 20:50:46,961] [WARNING] [TSADAdvTrainer] 生成对抗样本时梯度为 None 或包含 NaN/Inf，跳过对抗扰动。
[2025-12-17 20:50:47,321] [WARNING] [TSADAdvTrainer] 生成对抗样本时梯度为 None 或包含 NaN/Inf，跳过对抗扰动。
[2025-12-17 20:50:47,675] [WARNING] [TSADAdvTrainer] 生成对抗样本时梯度为 None 或包含 NaN/Inf，跳过对抗扰动。
[2025-12-17 20:50:48,029] [WARNING] [TSADAdvTrainer] 生成对抗样本时梯度为 None 或包含 NaN/Inf，跳过对抗扰动。
[2025-12-17 20:50:48,384] [WARNING] [TSADAdvTrainer] 生成对抗样本时梯度为 None 或包含 NaN/Inf，跳过对抗扰动。
[2025-12-17 20:50:48,722] [WARNING] [TSADAdvTrainer] 生成对抗样本时梯度为 None 或包含 NaN/Inf，跳过对抗扰动。
[2025-12-17 20:50:49,092] [WARNING] [TSADAdvTrainer] 生成对抗样本时梯度为 None 或包含 NaN/Inf，跳过对抗扰动。
[2025-12-17 20:50:49,446] [WARNING] [TSADAdvTrainer] 生成对抗样本时梯度为 None 或包含 NaN/Inf，跳过对抗扰动。
[2025-12-17 20:50:49,800] [WARNING] [TSADAdvTrainer] 生成对抗样本时梯度为 None 或包含 NaN/Inf，跳过对抗扰动。
[2025-12-17 20:50:50,146] [WARNING] [TSADAdvTrainer] 生成对抗样本时梯度为 None 或包含 NaN/Inf，跳过对抗扰动。
[2025-12-17 20:50:50,492] [WARNING] [TSADAdvTrainer] 生成对抗样本时梯度为 None 或包含 NaN/Inf，跳过对抗扰动。
[2025-12-17 20:50:50,838] [WARNING] [TSADAdvTrainer] 生成对抗样本时梯度为 None 或包含 NaN/Inf，跳过对抗扰动。
[2025-12-17 20:50:51,192] [WARNING] [TSADAdvTrainer] 生成对抗样本时梯度为 None 或包含 NaN/Inf，跳过对抗扰动。
[2025-12-17 20:50:51,544] [WARNING] [TSADAdvTrainer] 生成对抗样本时梯度为 None 或包含 NaN/Inf，跳过对抗扰动。
[2025-12-17 20:50:51,897] [WARNING] [TSADAdvTrainer] 生成对抗样本时梯度为 None 或包含 NaN/Inf，跳过对抗扰动。
[2025-12-17 20:50:52,262] [WARNING] [TSADAdvTrainer] 生成对抗样本时梯度为 None 或包含 NaN/Inf，跳过对抗扰动。
[2025-12-17 20:50:52,616] [WARNING] [TSADAdvTrainer] 生成对抗样本时梯度为 None 或包含 NaN/Inf，跳过对抗扰动。
[2025-12-17 20:50:52,963] [WARNING] [TSADAdvTrainer] 生成对抗样本时梯度为 None 或包含 NaN/Inf，跳过对抗扰动。
[2025-12-17 20:50:53,303] [WARNING] [TSADAdvTrainer] 生成对抗样本时梯度为 None 或包含 NaN/Inf，跳过对抗扰动。
[2025-12-17 20:50:53,658] [WARNING] [TSADAdvTrainer] 生成对抗样本时梯度为 None 或包含 NaN/Inf，跳过对抗扰动。
[2025-12-17 20:50:54,003] [WARNING] [TSADAdvTrainer] 生成对抗样本时梯度为 None 或包含 NaN/Inf，跳过对抗扰动。
[2025-12-17 20:50:54,345] [WARNING] [TSADAdvTrainer] 生成对抗样本时梯度为 None 或包含 NaN/Inf，跳过对抗扰动。
[2025-12-17 20:50:54,838] [WARNING] [TSADAdvTrainer] 生成对抗样本时梯度为 None 或包含 NaN/Inf，跳过对抗扰动。
[2025-12-17 20:50:55,176] [WARNING] [TSADAdvTrainer] 生成对抗样本时梯度为 None 或包含 NaN/Inf，跳过对抗扰动。
[2025-12-17 20:50:55,525] [WARNING] [TSADAdvTrainer] 生成对抗样本时梯度为 None 或包含 NaN/Inf，跳过对抗扰动。
[2025-12-17 20:50:55,875] [WARNING] [TSADAdvTrainer] 生成对抗样本时梯度为 None 或包含 NaN/Inf，跳过对抗扰动。
[2025-12-17 20:50:56,215] [WARNING] [TSADAdvTrainer] 生成对抗样本时梯度为 None 或包含 NaN/Inf，跳过对抗扰动。
[2025-12-17 20:50:56,585] [WARNING] [TSADAdvTrainer] 生成对抗样本时梯度为 None 或包含 NaN/Inf，跳过对抗扰动。
[2025-12-17 20:50:56,943] [WARNING] [TSADAdvTrainer] 生成对抗样本时梯度为 None 或包含 NaN/Inf，跳过对抗扰动。
[2025-12-17 20:50:57,277] [WARNING] [TSADAdvTrainer] 生成对抗样本时梯度为 None 或包含 NaN/Inf，跳过对抗扰动。
[2025-12-17 20:50:57,618] [WARNING] [TSADAdvTrainer] 生成对抗样本时梯度为 None 或包含 NaN/Inf，跳过对抗扰动。
[2025-12-17 20:50:57,965] [WARNING] [TSADAdvTrainer] 生成对抗样本时梯度为 None 或包含 NaN/Inf，跳过对抗扰动。
[2025-12-17 20:50:58,311] [WARNING] [TSADAdvTrainer] 生成对抗样本时梯度为 None 或包含 NaN/Inf，跳过对抗扰动。
[2025-12-17 20:50:58,655] [WARNING] [TSADAdvTrainer] 生成对抗样本时梯度为 None 或包含 NaN/Inf，跳过对抗扰动。
[2025-12-17 20:50:59,003] [WARNING] [TSADAdvTrainer] 生成对抗样本时梯度为 None 或包含 NaN/Inf，跳过对抗扰动。
[2025-12-17 20:50:59,363] [WARNING] [TSADAdvTrainer] 生成对抗样本时梯度为 None 或包含 NaN/Inf，跳过对抗扰动。
[2025-12-17 20:50:59,703] [WARNING] [TSADAdvTrainer] 生成对抗样本时梯度为 None 或包含 NaN/Inf，跳过对抗扰动。
[2025-12-17 20:51:00,052] [WARNING] [TSADAdvTrainer] 生成对抗样本时梯度为 None 或包含 NaN/Inf，跳过对抗扰动。
[2025-12-17 20:51:00,393] [WARNING] [TSADAdvTrainer] 生成对抗样本时梯度为 None 或包含 NaN/Inf，跳过对抗扰动。
[2025-12-17 20:51:00,740] [WARNING] [TSADAdvTrainer] 生成对抗样本时梯度为 None 或包含 NaN/Inf，跳过对抗扰动。
[2025-12-17 20:51:01,087] [WARNING] [TSADAdvTrainer] 生成对抗样本时梯度为 None 或包含 NaN/Inf，跳过对抗扰动。
[2025-12-17 20:51:01,435] [WARNING] [TSADAdvTrainer] 生成对抗样本时梯度为 None 或包含 NaN/Inf，跳过对抗扰动。
[2025-12-17 20:51:01,780] [WARNING] [TSADAdvTrainer] 生成对抗样本时梯度为 None 或包含 NaN/Inf，跳过对抗扰动。
[2025-12-17 20:51:02,118] [WARNING] [TSADAdvTrainer] 生成对抗样本时梯度为 None 或包含 NaN/Inf，跳过对抗扰动。
[2025-12-17 20:51:02,473] [WARNING] [TSADAdvTrainer] 生成对抗样本时梯度为 None 或包含 NaN/Inf，跳过对抗扰动。
[2025-12-17 20:51:02,826] [WARNING] [TSADAdvTrainer] 生成对抗样本时梯度为 None 或包含 NaN/Inf，跳过对抗扰动。
[2025-12-17 20:51:03,179] [WARNING] [TSADAdvTrainer] 生成对抗样本时梯度为 None 或包含 NaN/Inf，跳过对抗扰动。
[2025-12-17 20:51:03,513] [WARNING] [TSADAdvTrainer] 生成对抗样本时梯度为 None 或包含 NaN/Inf，跳过对抗扰动。
[2025-12-17 20:51:03,855] [WARNING] [TSADAdvTrainer] 生成对抗样本时梯度为 None 或包含 NaN/Inf，跳过对抗扰动。
[2025-12-17 20:51:04,202] [WARNING] [TSADAdvTrainer] 生成对抗样本时梯度为 None 或包含 NaN/Inf，跳过对抗扰动。
[2025-12-17 20:51:04,562] [WARNING] [TSADAdvTrainer] 生成对抗样本时梯度为 None 或包含 NaN/Inf，跳过对抗扰动。
[2025-12-17 20:51:04,900] [WARNING] [TSADAdvTrainer] 生成对抗样本时梯度为 None 或包含 NaN/Inf，跳过对抗扰动。
[2025-12-17 20:51:05,246] [WARNING] [TSADAdvTrainer] 生成对抗样本时梯度为 None 或包含 NaN/Inf，跳过对抗扰动。
[2025-12-17 20:51:05,596] [WARNING] [TSADAdvTrainer] 生成对抗样本时梯度为 None 或包含 NaN/Inf，跳过对抗扰动。
[2025-12-17 20:51:05,939] [WARNING] [TSADAdvTrainer] 生成对抗样本时梯度为 None 或包含 NaN/Inf，跳过对抗扰动。
[2025-12-17 20:51:06,281] [WARNING] [TSADAdvTrainer] 生成对抗样本时梯度为 None 或包含 NaN/Inf，跳过对抗扰动。
[2025-12-17 20:51:06,663] [WARNING] [TSADAdvTrainer] 生成对抗样本时梯度为 None 或包含 NaN/Inf，跳过对抗扰动。
[2025-12-17 20:51:07,023] [WARNING] [TSADAdvTrainer] 生成对抗样本时梯度为 None 或包含 NaN/Inf，跳过对抗扰动。
[2025-12-17 20:51:07,363] [WARNING] [TSADAdvTrainer] 生成对抗样本时梯度为 None 或包含 NaN/Inf，跳过对抗扰动。
[2025-12-17 20:51:07,700] [WARNING] [TSADAdvTrainer] 生成对抗样本时梯度为 None 或包含 NaN/Inf，跳过对抗扰动。
[2025-12-17 20:51:08,050] [WARNING] [TSADAdvTrainer] 生成对抗样本时梯度为 None 或包含 NaN/Inf，跳过对抗扰动。
[2025-12-17 20:51:08,402] [WARNING] [TSADAdvTrainer] 生成对抗样本时梯度为 None 或包含 NaN/Inf，跳过对抗扰动。
[2025-12-17 20:51:08,744] [WARNING] [TSADAdvTrainer] 生成对抗样本时梯度为 None 或包含 NaN/Inf，跳过对抗扰动。
[2025-12-17 20:51:09,082] [WARNING] [TSADAdvTrainer] 生成对抗样本时梯度为 None 或包含 NaN/Inf，跳过对抗扰动。
[2025-12-17 20:51:09,442] [WARNING] [TSADAdvTrainer] 生成对抗样本时梯度为 None 或包含 NaN/Inf，跳过对抗扰动。
[2025-12-17 20:51:09,792] [WARNING] [TSADAdvTrainer] 生成对抗样本时梯度为 None 或包含 NaN/Inf，跳过对抗扰动。
[2025-12-17 20:51:10,136] [WARNING] [TSADAdvTrainer] 生成对抗样本时梯度为 None 或包含 NaN/Inf，跳过对抗扰动。
[2025-12-17 20:51:10,488] [WARNING] [TSADAdvTrainer] 生成对抗样本时梯度为 None 或包含 NaN/Inf，跳过对抗扰动。
[2025-12-17 20:51:10,840] [WARNING] [TSADAdvTrainer] 生成对抗样本时梯度为 None 或包含 NaN/Inf，跳过对抗扰动。
[2025-12-17 20:51:11,203] [WARNING] [TSADAdvTrainer] 生成对抗样本时梯度为 None 或包含 NaN/Inf，跳过对抗扰动。
[2025-12-17 20:51:11,555] [WARNING] [TSADAdvTrainer] 生成对抗样本时梯度为 None 或包含 NaN/Inf，跳过对抗扰动。
[2025-12-17 20:51:11,900] [WARNING] [TSADAdvTrainer] 生成对抗样本时梯度为 None 或包含 NaN/Inf，跳过对抗扰动。
[2025-12-17 20:51:12,252] [WARNING] [TSADAdvTrainer] 生成对抗样本时梯度为 None 或包含 NaN/Inf，跳过对抗扰动。
[2025-12-17 20:51:12,599] [WARNING] [TSADAdvTrainer] 生成对抗样本时梯度为 None 或包含 NaN/Inf，跳过对抗扰动。
[2025-12-17 20:51:12,943] [WARNING] [TSADAdvTrainer] 生成对抗样本时梯度为 None 或包含 NaN/Inf，跳过对抗扰动。
[2025-12-17 20:51:13,304] [WARNING] [TSADAdvTrainer] 生成对抗样本时梯度为 None 或包含 NaN/Inf，跳过对抗扰动。
[2025-12-17 20:51:13,655] [WARNING] [TSADAdvTrainer] 生成对抗样本时梯度为 None 或包含 NaN/Inf，跳过对抗扰动。
[2025-12-17 20:51:13,987] [WARNING] [TSADAdvTrainer] 生成对抗样本时梯度为 None 或包含 NaN/Inf，跳过对抗扰动。
[2025-12-17 20:51:14,325] [WARNING] [TSADAdvTrainer] 生成对抗样本时梯度为 None 或包含 NaN/Inf，跳过对抗扰动。
[2025-12-17 20:51:14,664] [WARNING] [TSADAdvTrainer] 生成对抗样本时梯度为 None 或包含 NaN/Inf，跳过对抗扰动。
[2025-12-17 20:51:15,001] [WARNING] [TSADAdvTrainer] 生成对抗样本时梯度为 None 或包含 NaN/Inf，跳过对抗扰动。
[2025-12-17 20:51:15,358] [WARNING] [TSADAdvTrainer] 生成对抗样本时梯度为 None 或包含 NaN/Inf，跳过对抗扰动。
[2025-12-17 20:51:15,695] [WARNING] [TSADAdvTrainer] 生成对抗样本时梯度为 None 或包含 NaN/Inf，跳过对抗扰动。
[2025-12-17 20:51:16,036] [WARNING] [TSADAdvTrainer] 生成对抗样本时梯度为 None 或包含 NaN/Inf，跳过对抗扰动。
[2025-12-17 20:51:16,378] [WARNING] [TSADAdvTrainer] 生成对抗样本时梯度为 None 或包含 NaN/Inf，跳过对抗扰动。
[2025-12-17 20:51:16,730] [WARNING] [TSADAdvTrainer] 生成对抗样本时梯度为 None 或包含 NaN/Inf，跳过对抗扰动。
[2025-12-17 20:51:17,074] [WARNING] [TSADAdvTrainer] 生成对抗样本时梯度为 None 或包含 NaN/Inf，跳过对抗扰动。
[2025-12-17 20:51:17,418] [WARNING] [TSADAdvTrainer] 生成对抗样本时梯度为 None 或包含 NaN/Inf，跳过对抗扰动。
[2025-12-17 20:51:17,761] [WARNING] [TSADAdvTrainer] 生成对抗样本时梯度为 None 或包含 NaN/Inf，跳过对抗扰动。
[2025-12-17 20:51:18,118] [WARNING] [TSADAdvTrainer] 生成对抗样本时梯度为 None 或包含 NaN/Inf，跳过对抗扰动。
[2025-12-17 20:51:18,456] [WARNING] [TSADAdvTrainer] 生成对抗样本时梯度为 None 或包含 NaN/Inf，跳过对抗扰动。
[2025-12-17 20:51:18,815] [WARNING] [TSADAdvTrainer] 生成对抗样本时梯度为 None 或包含 NaN/Inf，跳过对抗扰动。
[2025-12-17 20:51:19,164] [WARNING] [TSADAdvTrainer] 生成对抗样本时梯度为 None 或包含 NaN/Inf，跳过对抗扰动。
[2025-12-17 20:51:19,517] [WARNING] [TSADAdvTrainer] 生成对抗样本时梯度为 None 或包含 NaN/Inf，跳过对抗扰动。
[2025-12-17 20:51:19,855] [WARNING] [TSADAdvTrainer] 生成对抗样本时梯度为 None 或包含 NaN/Inf，跳过对抗扰动。
[2025-12-17 20:51:20,204] [WARNING] [TSADAdvTrainer] 生成对抗样本时梯度为 None 或包含 NaN/Inf，跳过对抗扰动。
[2025-12-17 20:51:20,572] [WARNING] [TSADAdvTrainer] 生成对抗样本时梯度为 None 或包含 NaN/Inf，跳过对抗扰动。
[2025-12-17 20:51:20,922] [WARNING] [TSADAdvTrainer] 生成对抗样本时梯度为 None 或包含 NaN/Inf，跳过对抗扰动。
[2025-12-17 20:51:21,283] [WARNING] [TSADAdvTrainer] 生成对抗样本时梯度为 None 或包含 NaN/Inf，跳过对抗扰动。
[2025-12-17 20:51:21,624] [WARNING] [TSADAdvTrainer] 生成对抗样本时梯度为 None 或包含 NaN/Inf，跳过对抗扰动。
[2025-12-17 20:51:21,979] [WARNING] [TSADAdvTrainer] 生成对抗样本时梯度为 None 或包含 NaN/Inf，跳过对抗扰动。
[2025-12-17 20:51:22,321] [WARNING] [TSADAdvTrainer] 生成对抗样本时梯度为 None 或包含 NaN/Inf，跳过对抗扰动。
[2025-12-17 20:51:22,672] [WARNING] [TSADAdvTrainer] 生成对抗样本时梯度为 None 或包含 NaN/Inf，跳过对抗扰动。
[2025-12-17 20:51:23,021] [WARNING] [TSADAdvTrainer] 生成对抗样本时梯度为 None 或包含 NaN/Inf，跳过对抗扰动。
[2025-12-17 20:51:23,373] [WARNING] [TSADAdvTrainer] 生成对抗样本时梯度为 None 或包含 NaN/Inf，跳过对抗扰动。
[2025-12-17 20:51:23,714] [WARNING] [TSADAdvTrainer] 生成对抗样本时梯度为 None 或包含 NaN/Inf，跳过对抗扰动。
[2025-12-17 20:51:24,062] [WARNING] [TSADAdvTrainer] 生成对抗样本时梯度为 None 或包含 NaN/Inf，跳过对抗扰动。
[2025-12-17 20:51:24,400] [WARNING] [TSADAdvTrainer] 生成对抗样本时梯度为 None 或包含 NaN/Inf，跳过对抗扰动。
[2025-12-17 20:51:24,766] [WARNING] [TSADAdvTrainer] 生成对抗样本时梯度为 None 或包含 NaN/Inf，跳过对抗扰动。
[2025-12-17 20:51:25,129] [WARNING] [TSADAdvTrainer] 生成对抗样本时梯度为 None 或包含 NaN/Inf，跳过对抗扰动。
[2025-12-17 20:51:25,480] [WARNING] [TSADAdvTrainer] 生成对抗样本时梯度为 None 或包含 NaN/Inf，跳过对抗扰动。
[2025-12-17 20:51:25,778] [INFO] [Epoch 9] hybrid_shared_adv 训练损失: total=3.561335, recon=1.785590, forecast=0.588633, adv=2.374223
[2025-12-17 20:52:28,965] [INFO] [Eval-recon(hybrid)] F1=0.8841, P=0.9160, R=0.8542, AUC=0.5318, thr=10.204665, point_adjust=True
[2025-12-17 20:53:00,325] [INFO] [Eval-forecast(hybrid)] F1=0.8858, P=0.9197, R=0.8542, AUC=0.5530, thr=10.205374, point_adjust=True
[2025-12-17 20:53:22,579] [INFO] [Eval-hybrid] F1=0.8883, P=0.9134, R=0.8647, AUC=0.5403, thr=0.079619, point_adjust=True; recon_F1=0.8841, forecast_F1=0.8858
[2025-12-17 20:53:22,826] [INFO] 已保存可视化图：./logs/msl_adv_hybrid/scores_epoch9_hybrid_shared_adv.png
[2025-12-17 20:53:22,826] [INFO] ========== Epoch 10/50 (hybrid_shared_adv) ==========
[2025-12-17 20:53:22,828] [INFO] [Epoch 10] hybrid_shared_adv 启用对抗训练 (epsilon=0.0500, beta=0.5000)
[2025-12-17 20:53:23,132] [WARNING] [TSADAdvTrainer] 生成对抗样本时梯度为 None 或包含 NaN/Inf，跳过对抗扰动。
[2025-12-17 20:53:23,496] [WARNING] [TSADAdvTrainer] 生成对抗样本时梯度为 None 或包含 NaN/Inf，跳过对抗扰动。
[2025-12-17 20:53:23,854] [WARNING] [TSADAdvTrainer] 生成对抗样本时梯度为 None 或包含 NaN/Inf，跳过对抗扰动。
[2025-12-17 20:53:24,207] [WARNING] [TSADAdvTrainer] 生成对抗样本时梯度为 None 或包含 NaN/Inf，跳过对抗扰动。
[2025-12-17 20:53:24,551] [WARNING] [TSADAdvTrainer] 生成对抗样本时梯度为 None 或包含 NaN/Inf，跳过对抗扰动。
[2025-12-17 20:53:24,896] [WARNING] [TSADAdvTrainer] 生成对抗样本时梯度为 None 或包含 NaN/Inf，跳过对抗扰动。
[2025-12-17 20:53:25,238] [WARNING] [TSADAdvTrainer] 生成对抗样本时梯度为 None 或包含 NaN/Inf，跳过对抗扰动。
[2025-12-17 20:53:25,587] [WARNING] [TSADAdvTrainer] 生成对抗样本时梯度为 None 或包含 NaN/Inf，跳过对抗扰动。
[2025-12-17 20:53:25,942] [WARNING] [TSADAdvTrainer] 生成对抗样本时梯度为 None 或包含 NaN/Inf，跳过对抗扰动。
[2025-12-17 20:53:26,296] [WARNING] [TSADAdvTrainer] 生成对抗样本时梯度为 None 或包含 NaN/Inf，跳过对抗扰动。
[2025-12-17 20:53:26,653] [WARNING] [TSADAdvTrainer] 生成对抗样本时梯度为 None 或包含 NaN/Inf，跳过对抗扰动。
[2025-12-17 20:53:26,996] [WARNING] [TSADAdvTrainer] 生成对抗样本时梯度为 None 或包含 NaN/Inf，跳过对抗扰动。
[2025-12-17 20:53:27,353] [WARNING] [TSADAdvTrainer] 生成对抗样本时梯度为 None 或包含 NaN/Inf，跳过对抗扰动。
[2025-12-17 20:53:27,703] [WARNING] [TSADAdvTrainer] 生成对抗样本时梯度为 None 或包含 NaN/Inf，跳过对抗扰动。
[2025-12-17 20:53:28,052] [WARNING] [TSADAdvTrainer] 生成对抗样本时梯度为 None 或包含 NaN/Inf，跳过对抗扰动。
[2025-12-17 20:53:28,387] [WARNING] [TSADAdvTrainer] 生成对抗样本时梯度为 None 或包含 NaN/Inf，跳过对抗扰动。
[2025-12-17 20:53:28,723] [WARNING] [TSADAdvTrainer] 生成对抗样本时梯度为 None 或包含 NaN/Inf，跳过对抗扰动。
[2025-12-17 20:53:29,062] [WARNING] [TSADAdvTrainer] 生成对抗样本时梯度为 None 或包含 NaN/Inf，跳过对抗扰动。
[2025-12-17 20:53:29,415] [WARNING] [TSADAdvTrainer] 生成对抗样本时梯度为 None 或包含 NaN/Inf，跳过对抗扰动。
[2025-12-17 20:53:29,750] [WARNING] [TSADAdvTrainer] 生成对抗样本时梯度为 None 或包含 NaN/Inf，跳过对抗扰动。
[2025-12-17 20:53:30,093] [WARNING] [TSADAdvTrainer] 生成对抗样本时梯度为 None 或包含 NaN/Inf，跳过对抗扰动。
[2025-12-17 20:53:30,461] [WARNING] [TSADAdvTrainer] 生成对抗样本时梯度为 None 或包含 NaN/Inf，跳过对抗扰动。
[2025-12-17 20:53:30,809] [WARNING] [TSADAdvTrainer] 生成对抗样本时梯度为 None 或包含 NaN/Inf，跳过对抗扰动。
[2025-12-17 20:53:31,162] [WARNING] [TSADAdvTrainer] 生成对抗样本时梯度为 None 或包含 NaN/Inf，跳过对抗扰动。
[2025-12-17 20:53:31,513] [WARNING] [TSADAdvTrainer] 生成对抗样本时梯度为 None 或包含 NaN/Inf，跳过对抗扰动。
[2025-12-17 20:53:31,860] [WARNING] [TSADAdvTrainer] 生成对抗样本时梯度为 None 或包含 NaN/Inf，跳过对抗扰动。
[2025-12-17 20:53:32,215] [WARNING] [TSADAdvTrainer] 生成对抗样本时梯度为 None 或包含 NaN/Inf，跳过对抗扰动。
[2025-12-17 20:53:32,567] [WARNING] [TSADAdvTrainer] 生成对抗样本时梯度为 None 或包含 NaN/Inf，跳过对抗扰动。
[2025-12-17 20:53:32,925] [WARNING] [TSADAdvTrainer] 生成对抗样本时梯度为 None 或包含 NaN/Inf，跳过对抗扰动。
[2025-12-17 20:53:33,287] [WARNING] [TSADAdvTrainer] 生成对抗样本时梯度为 None 或包含 NaN/Inf，跳过对抗扰动。
[2025-12-17 20:53:33,656] [WARNING] [TSADAdvTrainer] 生成对抗样本时梯度为 None 或包含 NaN/Inf，跳过对抗扰动。
[2025-12-17 20:53:34,007] [WARNING] [TSADAdvTrainer] 生成对抗样本时梯度为 None 或包含 NaN/Inf，跳过对抗扰动。
[2025-12-17 20:53:34,374] [WARNING] [TSADAdvTrainer] 生成对抗样本时梯度为 None 或包含 NaN/Inf，跳过对抗扰动。
[2025-12-17 20:53:34,721] [WARNING] [TSADAdvTrainer] 生成对抗样本时梯度为 None 或包含 NaN/Inf，跳过对抗扰动。
[2025-12-17 20:53:35,072] [WARNING] [TSADAdvTrainer] 生成对抗样本时梯度为 None 或包含 NaN/Inf，跳过对抗扰动。
[2025-12-17 20:53:35,437] [WARNING] [TSADAdvTrainer] 生成对抗样本时梯度为 None 或包含 NaN/Inf，跳过对抗扰动。
[2025-12-17 20:53:35,803] [WARNING] [TSADAdvTrainer] 生成对抗样本时梯度为 None 或包含 NaN/Inf，跳过对抗扰动。
[2025-12-17 20:53:36,155] [WARNING] [TSADAdvTrainer] 生成对抗样本时梯度为 None 或包含 NaN/Inf，跳过对抗扰动。
[2025-12-17 20:53:36,506] [WARNING] [TSADAdvTrainer] 生成对抗样本时梯度为 None 或包含 NaN/Inf，跳过对抗扰动。
[2025-12-17 20:53:36,855] [WARNING] [TSADAdvTrainer] 生成对抗样本时梯度为 None 或包含 NaN/Inf，跳过对抗扰动。
[2025-12-17 20:53:37,201] [WARNING] [TSADAdvTrainer] 生成对抗样本时梯度为 None 或包含 NaN/Inf，跳过对抗扰动。
[2025-12-17 20:53:37,561] [WARNING] [TSADAdvTrainer] 生成对抗样本时梯度为 None 或包含 NaN/Inf，跳过对抗扰动。
[2025-12-17 20:53:37,898] [WARNING] [TSADAdvTrainer] 生成对抗样本时梯度为 None 或包含 NaN/Inf，跳过对抗扰动。
[2025-12-17 20:53:38,257] [WARNING] [TSADAdvTrainer] 生成对抗样本时梯度为 None 或包含 NaN/Inf，跳过对抗扰动。
[2025-12-17 20:53:38,593] [WARNING] [TSADAdvTrainer] 生成对抗样本时梯度为 None 或包含 NaN/Inf，跳过对抗扰动。
[2025-12-17 20:53:38,956] [WARNING] [TSADAdvTrainer] 生成对抗样本时梯度为 None 或包含 NaN/Inf，跳过对抗扰动。
[2025-12-17 20:53:39,303] [WARNING] [TSADAdvTrainer] 生成对抗样本时梯度为 None 或包含 NaN/Inf，跳过对抗扰动。
[2025-12-17 20:53:39,653] [WARNING] [TSADAdvTrainer] 生成对抗样本时梯度为 None 或包含 NaN/Inf，跳过对抗扰动。
[2025-12-17 20:53:40,002] [WARNING] [TSADAdvTrainer] 生成对抗样本时梯度为 None 或包含 NaN/Inf，跳过对抗扰动。
[2025-12-17 20:53:40,347] [WARNING] [TSADAdvTrainer] 生成对抗样本时梯度为 None 或包含 NaN/Inf，跳过对抗扰动。
[2025-12-17 20:53:40,707] [WARNING] [TSADAdvTrainer] 生成对抗样本时梯度为 None 或包含 NaN/Inf，跳过对抗扰动。
[2025-12-17 20:53:41,074] [WARNING] [TSADAdvTrainer] 生成对抗样本时梯度为 None 或包含 NaN/Inf，跳过对抗扰动。
[2025-12-17 20:53:41,430] [WARNING] [TSADAdvTrainer] 生成对抗样本时梯度为 None 或包含 NaN/Inf，跳过对抗扰动。
[2025-12-17 20:53:41,772] [WARNING] [TSADAdvTrainer] 生成对抗样本时梯度为 None 或包含 NaN/Inf，跳过对抗扰动。
[2025-12-17 20:53:42,129] [WARNING] [TSADAdvTrainer] 生成对抗样本时梯度为 None 或包含 NaN/Inf，跳过对抗扰动。
[2025-12-17 20:53:42,486] [WARNING] [TSADAdvTrainer] 生成对抗样本时梯度为 None 或包含 NaN/Inf，跳过对抗扰动。
[2025-12-17 20:53:42,834] [WARNING] [TSADAdvTrainer] 生成对抗样本时梯度为 None 或包含 NaN/Inf，跳过对抗扰动。
[2025-12-17 20:53:43,187] [WARNING] [TSADAdvTrainer] 生成对抗样本时梯度为 None 或包含 NaN/Inf，跳过对抗扰动。
[2025-12-17 20:53:43,544] [WARNING] [TSADAdvTrainer] 生成对抗样本时梯度为 None 或包含 NaN/Inf，跳过对抗扰动。
[2025-12-17 20:53:43,885] [WARNING] [TSADAdvTrainer] 生成对抗样本时梯度为 None 或包含 NaN/Inf，跳过对抗扰动。
[2025-12-17 20:53:44,234] [WARNING] [TSADAdvTrainer] 生成对抗样本时梯度为 None 或包含 NaN/Inf，跳过对抗扰动。
[2025-12-17 20:53:44,586] [WARNING] [TSADAdvTrainer] 生成对抗样本时梯度为 None 或包含 NaN/Inf，跳过对抗扰动。
[2025-12-17 20:53:44,939] [WARNING] [TSADAdvTrainer] 生成对抗样本时梯度为 None 或包含 NaN/Inf，跳过对抗扰动。
[2025-12-17 20:53:45,294] [WARNING] [TSADAdvTrainer] 生成对抗样本时梯度为 None 或包含 NaN/Inf，跳过对抗扰动。
[2025-12-17 20:53:45,657] [WARNING] [TSADAdvTrainer] 生成对抗样本时梯度为 None 或包含 NaN/Inf，跳过对抗扰动。
[2025-12-17 20:53:46,008] [WARNING] [TSADAdvTrainer] 生成对抗样本时梯度为 None 或包含 NaN/Inf，跳过对抗扰动。
[2025-12-17 20:53:46,346] [WARNING] [TSADAdvTrainer] 生成对抗样本时梯度为 None 或包含 NaN/Inf，跳过对抗扰动。
[2025-12-17 20:53:46,705] [WARNING] [TSADAdvTrainer] 生成对抗样本时梯度为 None 或包含 NaN/Inf，跳过对抗扰动。
[2025-12-17 20:53:47,060] [WARNING] [TSADAdvTrainer] 生成对抗样本时梯度为 None 或包含 NaN/Inf，跳过对抗扰动。
[2025-12-17 20:53:47,432] [WARNING] [TSADAdvTrainer] 生成对抗样本时梯度为 None 或包含 NaN/Inf，跳过对抗扰动。
[2025-12-17 20:53:47,792] [WARNING] [TSADAdvTrainer] 生成对抗样本时梯度为 None 或包含 NaN/Inf，跳过对抗扰动。
[2025-12-17 20:53:48,144] [WARNING] [TSADAdvTrainer] 生成对抗样本时梯度为 None 或包含 NaN/Inf，跳过对抗扰动。
[2025-12-17 20:53:48,486] [WARNING] [TSADAdvTrainer] 生成对抗样本时梯度为 None 或包含 NaN/Inf，跳过对抗扰动。
[2025-12-17 20:53:48,850] [WARNING] [TSADAdvTrainer] 生成对抗样本时梯度为 None 或包含 NaN/Inf，跳过对抗扰动。
[2025-12-17 20:53:49,197] [WARNING] [TSADAdvTrainer] 生成对抗样本时梯度为 None 或包含 NaN/Inf，跳过对抗扰动。
[2025-12-17 20:53:49,555] [WARNING] [TSADAdvTrainer] 生成对抗样本时梯度为 None 或包含 NaN/Inf，跳过对抗扰动。
[2025-12-17 20:53:49,904] [WARNING] [TSADAdvTrainer] 生成对抗样本时梯度为 None 或包含 NaN/Inf，跳过对抗扰动。
[2025-12-17 20:53:50,271] [WARNING] [TSADAdvTrainer] 生成对抗样本时梯度为 None 或包含 NaN/Inf，跳过对抗扰动。
[2025-12-17 20:53:50,625] [WARNING] [TSADAdvTrainer] 生成对抗样本时梯度为 None 或包含 NaN/Inf，跳过对抗扰动。
[2025-12-17 20:53:50,985] [WARNING] [TSADAdvTrainer] 生成对抗样本时梯度为 None 或包含 NaN/Inf，跳过对抗扰动。
[2025-12-17 20:53:51,350] [WARNING] [TSADAdvTrainer] 生成对抗样本时梯度为 None 或包含 NaN/Inf，跳过对抗扰动。
[2025-12-17 20:53:51,716] [WARNING] [TSADAdvTrainer] 生成对抗样本时梯度为 None 或包含 NaN/Inf，跳过对抗扰动。
[2025-12-17 20:53:52,090] [WARNING] [TSADAdvTrainer] 生成对抗样本时梯度为 None 或包含 NaN/Inf，跳过对抗扰动。
[2025-12-17 20:53:52,463] [WARNING] [TSADAdvTrainer] 生成对抗样本时梯度为 None 或包含 NaN/Inf，跳过对抗扰动。
[2025-12-17 20:53:52,830] [WARNING] [TSADAdvTrainer] 生成对抗样本时梯度为 None 或包含 NaN/Inf，跳过对抗扰动。
[2025-12-17 20:53:53,181] [WARNING] [TSADAdvTrainer] 生成对抗样本时梯度为 None 或包含 NaN/Inf，跳过对抗扰动。
[2025-12-17 20:53:53,541] [WARNING] [TSADAdvTrainer] 生成对抗样本时梯度为 None 或包含 NaN/Inf，跳过对抗扰动。
[2025-12-17 20:53:53,904] [WARNING] [TSADAdvTrainer] 生成对抗样本时梯度为 None 或包含 NaN/Inf，跳过对抗扰动。
[2025-12-17 20:53:54,268] [WARNING] [TSADAdvTrainer] 生成对抗样本时梯度为 None 或包含 NaN/Inf，跳过对抗扰动。
[2025-12-17 20:53:54,626] [WARNING] [TSADAdvTrainer] 生成对抗样本时梯度为 None 或包含 NaN/Inf，跳过对抗扰动。
[2025-12-17 20:53:54,976] [WARNING] [TSADAdvTrainer] 生成对抗样本时梯度为 None 或包含 NaN/Inf，跳过对抗扰动。
[2025-12-17 20:53:55,351] [WARNING] [TSADAdvTrainer] 生成对抗样本时梯度为 None 或包含 NaN/Inf，跳过对抗扰动。
[2025-12-17 20:53:55,710] [WARNING] [TSADAdvTrainer] 生成对抗样本时梯度为 None 或包含 NaN/Inf，跳过对抗扰动。
[2025-12-17 20:53:56,059] [WARNING] [TSADAdvTrainer] 生成对抗样本时梯度为 None 或包含 NaN/Inf，跳过对抗扰动。
[2025-12-17 20:53:56,413] [WARNING] [TSADAdvTrainer] 生成对抗样本时梯度为 None 或包含 NaN/Inf，跳过对抗扰动。
[2025-12-17 20:53:56,777] [WARNING] [TSADAdvTrainer] 生成对抗样本时梯度为 None 或包含 NaN/Inf，跳过对抗扰动。
[2025-12-17 20:53:57,153] [WARNING] [TSADAdvTrainer] 生成对抗样本时梯度为 None 或包含 NaN/Inf，跳过对抗扰动。
[2025-12-17 20:53:57,531] [WARNING] [TSADAdvTrainer] 生成对抗样本时梯度为 None 或包含 NaN/Inf，跳过对抗扰动。
[2025-12-17 20:53:57,884] [WARNING] [TSADAdvTrainer] 生成对抗样本时梯度为 None 或包含 NaN/Inf，跳过对抗扰动。
[2025-12-17 20:53:58,244] [WARNING] [TSADAdvTrainer] 生成对抗样本时梯度为 None 或包含 NaN/Inf，跳过对抗扰动。
[2025-12-17 20:53:58,604] [WARNING] [TSADAdvTrainer] 生成对抗样本时梯度为 None 或包含 NaN/Inf，跳过对抗扰动。
[2025-12-17 20:53:58,973] [WARNING] [TSADAdvTrainer] 生成对抗样本时梯度为 None 或包含 NaN/Inf，跳过对抗扰动。
[2025-12-17 20:53:59,335] [WARNING] [TSADAdvTrainer] 生成对抗样本时梯度为 None 或包含 NaN/Inf，跳过对抗扰动。
[2025-12-17 20:53:59,702] [WARNING] [TSADAdvTrainer] 生成对抗样本时梯度为 None 或包含 NaN/Inf，跳过对抗扰动。
[2025-12-17 20:54:00,049] [WARNING] [TSADAdvTrainer] 生成对抗样本时梯度为 None 或包含 NaN/Inf，跳过对抗扰动。
[2025-12-17 20:54:00,397] [WARNING] [TSADAdvTrainer] 生成对抗样本时梯度为 None 或包含 NaN/Inf，跳过对抗扰动。
[2025-12-17 20:54:00,753] [WARNING] [TSADAdvTrainer] 生成对抗样本时梯度为 None 或包含 NaN/Inf，跳过对抗扰动。
[2025-12-17 20:54:01,112] [WARNING] [TSADAdvTrainer] 生成对抗样本时梯度为 None 或包含 NaN/Inf，跳过对抗扰动。
[2025-12-17 20:54:01,469] [WARNING] [TSADAdvTrainer] 生成对抗样本时梯度为 None 或包含 NaN/Inf，跳过对抗扰动。
[2025-12-17 20:54:01,830] [WARNING] [TSADAdvTrainer] 生成对抗样本时梯度为 None 或包含 NaN/Inf，跳过对抗扰动。
[2025-12-17 20:54:02,180] [WARNING] [TSADAdvTrainer] 生成对抗样本时梯度为 None 或包含 NaN/Inf，跳过对抗扰动。
[2025-12-17 20:54:02,546] [WARNING] [TSADAdvTrainer] 生成对抗样本时梯度为 None 或包含 NaN/Inf，跳过对抗扰动。
[2025-12-17 20:54:02,912] [WARNING] [TSADAdvTrainer] 生成对抗样本时梯度为 None 或包含 NaN/Inf，跳过对抗扰动。
[2025-12-17 20:54:03,270] [WARNING] [TSADAdvTrainer] 生成对抗样本时梯度为 None 或包含 NaN/Inf，跳过对抗扰动。
[2025-12-17 20:54:03,628] [WARNING] [TSADAdvTrainer] 生成对抗样本时梯度为 None 或包含 NaN/Inf，跳过对抗扰动。
[2025-12-17 20:54:03,990] [WARNING] [TSADAdvTrainer] 生成对抗样本时梯度为 None 或包含 NaN/Inf，跳过对抗扰动。
[2025-12-17 20:54:04,350] [WARNING] [TSADAdvTrainer] 生成对抗样本时梯度为 None 或包含 NaN/Inf，跳过对抗扰动。
[2025-12-17 20:54:04,718] [WARNING] [TSADAdvTrainer] 生成对抗样本时梯度为 None 或包含 NaN/Inf，跳过对抗扰动。
[2025-12-17 20:54:05,062] [WARNING] [TSADAdvTrainer] 生成对抗样本时梯度为 None 或包含 NaN/Inf，跳过对抗扰动。
[2025-12-17 20:54:05,402] [WARNING] [TSADAdvTrainer] 生成对抗样本时梯度为 None 或包含 NaN/Inf，跳过对抗扰动。
[2025-12-17 20:54:05,754] [WARNING] [TSADAdvTrainer] 生成对抗样本时梯度为 None 或包含 NaN/Inf，跳过对抗扰动。
[2025-12-17 20:54:06,097] [WARNING] [TSADAdvTrainer] 生成对抗样本时梯度为 None 或包含 NaN/Inf，跳过对抗扰动。
[2025-12-17 20:54:06,458] [WARNING] [TSADAdvTrainer] 生成对抗样本时梯度为 None 或包含 NaN/Inf，跳过对抗扰动。
[2025-12-17 20:54:06,806] [WARNING] [TSADAdvTrainer] 生成对抗样本时梯度为 None 或包含 NaN/Inf，跳过对抗扰动。
[2025-12-17 20:54:07,163] [WARNING] [TSADAdvTrainer] 生成对抗样本时梯度为 None 或包含 NaN/Inf，跳过对抗扰动。
[2025-12-17 20:54:07,509] [WARNING] [TSADAdvTrainer] 生成对抗样本时梯度为 None 或包含 NaN/Inf，跳过对抗扰动。
[2025-12-17 20:54:07,861] [WARNING] [TSADAdvTrainer] 生成对抗样本时梯度为 None 或包含 NaN/Inf，跳过对抗扰动。
[2025-12-17 20:54:08,214] [WARNING] [TSADAdvTrainer] 生成对抗样本时梯度为 None 或包含 NaN/Inf，跳过对抗扰动。
[2025-12-17 20:54:08,571] [WARNING] [TSADAdvTrainer] 生成对抗样本时梯度为 None 或包含 NaN/Inf，跳过对抗扰动。
[2025-12-17 20:54:08,929] [WARNING] [TSADAdvTrainer] 生成对抗样本时梯度为 None 或包含 NaN/Inf，跳过对抗扰动。
[2025-12-17 20:54:09,268] [WARNING] [TSADAdvTrainer] 生成对抗样本时梯度为 None 或包含 NaN/Inf，跳过对抗扰动。
[2025-12-17 20:54:09,622] [WARNING] [TSADAdvTrainer] 生成对抗样本时梯度为 None 或包含 NaN/Inf，跳过对抗扰动。
[2025-12-17 20:54:09,986] [WARNING] [TSADAdvTrainer] 生成对抗样本时梯度为 None 或包含 NaN/Inf，跳过对抗扰动。
[2025-12-17 20:54:10,330] [WARNING] [TSADAdvTrainer] 生成对抗样本时梯度为 None 或包含 NaN/Inf，跳过对抗扰动。
[2025-12-17 20:54:10,685] [WARNING] [TSADAdvTrainer] 生成对抗样本时梯度为 None 或包含 NaN/Inf，跳过对抗扰动。
[2025-12-17 20:54:11,030] [WARNING] [TSADAdvTrainer] 生成对抗样本时梯度为 None 或包含 NaN/Inf，跳过对抗扰动。
[2025-12-17 20:54:11,371] [WARNING] [TSADAdvTrainer] 生成对抗样本时梯度为 None 或包含 NaN/Inf，跳过对抗扰动。
[2025-12-17 20:54:11,723] [WARNING] [TSADAdvTrainer] 生成对抗样本时梯度为 None 或包含 NaN/Inf，跳过对抗扰动。
[2025-12-17 20:54:12,047] [WARNING] [TSADAdvTrainer] 生成对抗样本时梯度为 None 或包含 NaN/Inf，跳过对抗扰动。
[2025-12-17 20:54:12,406] [WARNING] [TSADAdvTrainer] 生成对抗样本时梯度为 None 或包含 NaN/Inf，跳过对抗扰动。
[2025-12-17 20:54:12,747] [WARNING] [TSADAdvTrainer] 生成对抗样本时梯度为 None 或包含 NaN/Inf，跳过对抗扰动。
[2025-12-17 20:54:13,088] [WARNING] [TSADAdvTrainer] 生成对抗样本时梯度为 None 或包含 NaN/Inf，跳过对抗扰动。
[2025-12-17 20:54:13,428] [WARNING] [TSADAdvTrainer] 生成对抗样本时梯度为 None 或包含 NaN/Inf，跳过对抗扰动。
[2025-12-17 20:54:13,777] [WARNING] [TSADAdvTrainer] 生成对抗样本时梯度为 None 或包含 NaN/Inf，跳过对抗扰动。
[2025-12-17 20:54:14,157] [WARNING] [TSADAdvTrainer] 生成对抗样本时梯度为 None 或包含 NaN/Inf，跳过对抗扰动。
[2025-12-17 20:54:14,512] [WARNING] [TSADAdvTrainer] 生成对抗样本时梯度为 None 或包含 NaN/Inf，跳过对抗扰动。
[2025-12-17 20:54:14,857] [WARNING] [TSADAdvTrainer] 生成对抗样本时梯度为 None 或包含 NaN/Inf，跳过对抗扰动。
[2025-12-17 20:54:15,212] [WARNING] [TSADAdvTrainer] 生成对抗样本时梯度为 None 或包含 NaN/Inf，跳过对抗扰动。
[2025-12-17 20:54:15,566] [WARNING] [TSADAdvTrainer] 生成对抗样本时梯度为 None 或包含 NaN/Inf，跳过对抗扰动。
[2025-12-17 20:54:15,913] [WARNING] [TSADAdvTrainer] 生成对抗样本时梯度为 None 或包含 NaN/Inf，跳过对抗扰动。
[2025-12-17 20:54:16,269] [WARNING] [TSADAdvTrainer] 生成对抗样本时梯度为 None 或包含 NaN/Inf，跳过对抗扰动。
[2025-12-17 20:54:16,617] [WARNING] [TSADAdvTrainer] 生成对抗样本时梯度为 None 或包含 NaN/Inf，跳过对抗扰动。
[2025-12-17 20:54:16,935] [WARNING] [TSADAdvTrainer] 生成对抗样本时梯度为 None 或包含 NaN/Inf，跳过对抗扰动。
[2025-12-17 20:54:17,264] [WARNING] [TSADAdvTrainer] 生成对抗样本时梯度为 None 或包含 NaN/Inf，跳过对抗扰动。
[2025-12-17 20:54:17,565] [WARNING] [TSADAdvTrainer] 生成对抗样本时梯度为 None 或包含 NaN/Inf，跳过对抗扰动。
[2025-12-17 20:54:17,919] [WARNING] [TSADAdvTrainer] 生成对抗样本时梯度为 None 或包含 NaN/Inf，跳过对抗扰动。
[2025-12-17 20:54:18,271] [WARNING] [TSADAdvTrainer] 生成对抗样本时梯度为 None 或包含 NaN/Inf，跳过对抗扰动。
[2025-12-17 20:54:18,633] [WARNING] [TSADAdvTrainer] 生成对抗样本时梯度为 None 或包含 NaN/Inf，跳过对抗扰动。
[2025-12-17 20:54:18,985] [WARNING] [TSADAdvTrainer] 生成对抗样本时梯度为 None 或包含 NaN/Inf，跳过对抗扰动。
[2025-12-17 20:54:19,355] [WARNING] [TSADAdvTrainer] 生成对抗样本时梯度为 None 或包含 NaN/Inf，跳过对抗扰动。
[2025-12-17 20:54:19,716] [WARNING] [TSADAdvTrainer] 生成对抗样本时梯度为 None 或包含 NaN/Inf，跳过对抗扰动。
[2025-12-17 20:54:20,064] [WARNING] [TSADAdvTrainer] 生成对抗样本时梯度为 None 或包含 NaN/Inf，跳过对抗扰动。
[2025-12-17 20:54:20,422] [WARNING] [TSADAdvTrainer] 生成对抗样本时梯度为 None 或包含 NaN/Inf，跳过对抗扰动。
[2025-12-17 20:54:20,779] [WARNING] [TSADAdvTrainer] 生成对抗样本时梯度为 None 或包含 NaN/Inf，跳过对抗扰动。
[2025-12-17 20:54:21,141] [WARNING] [TSADAdvTrainer] 生成对抗样本时梯度为 None 或包含 NaN/Inf，跳过对抗扰动。
[2025-12-17 20:54:21,487] [WARNING] [TSADAdvTrainer] 生成对抗样本时梯度为 None 或包含 NaN/Inf，跳过对抗扰动。
[2025-12-17 20:54:21,839] [WARNING] [TSADAdvTrainer] 生成对抗样本时梯度为 None 或包含 NaN/Inf，跳过对抗扰动。
[2025-12-17 20:54:22,198] [WARNING] [TSADAdvTrainer] 生成对抗样本时梯度为 None 或包含 NaN/Inf，跳过对抗扰动。
[2025-12-17 20:54:22,536] [WARNING] [TSADAdvTrainer] 生成对抗样本时梯度为 None 或包含 NaN/Inf，跳过对抗扰动。
[2025-12-17 20:54:22,876] [WARNING] [TSADAdvTrainer] 生成对抗样本时梯度为 None 或包含 NaN/Inf，跳过对抗扰动。
[2025-12-17 20:54:23,226] [WARNING] [TSADAdvTrainer] 生成对抗样本时梯度为 None 或包含 NaN/Inf，跳过对抗扰动。
[2025-12-17 20:54:23,571] [WARNING] [TSADAdvTrainer] 生成对抗样本时梯度为 None 或包含 NaN/Inf，跳过对抗扰动。
[2025-12-17 20:54:23,919] [WARNING] [TSADAdvTrainer] 生成对抗样本时梯度为 None 或包含 NaN/Inf，跳过对抗扰动。
[2025-12-17 20:54:24,252] [WARNING] [TSADAdvTrainer] 生成对抗样本时梯度为 None 或包含 NaN/Inf，跳过对抗扰动。
[2025-12-17 20:54:24,638] [WARNING] [TSADAdvTrainer] 生成对抗样本时梯度为 None 或包含 NaN/Inf，跳过对抗扰动。
[2025-12-17 20:54:24,988] [WARNING] [TSADAdvTrainer] 生成对抗样本时梯度为 None 或包含 NaN/Inf，跳过对抗扰动。
[2025-12-17 20:54:25,324] [WARNING] [TSADAdvTrainer] 生成对抗样本时梯度为 None 或包含 NaN/Inf，跳过对抗扰动。
[2025-12-17 20:54:25,686] [WARNING] [TSADAdvTrainer] 生成对抗样本时梯度为 None 或包含 NaN/Inf，跳过对抗扰动。
[2025-12-17 20:54:26,060] [WARNING] [TSADAdvTrainer] 生成对抗样本时梯度为 None 或包含 NaN/Inf，跳过对抗扰动。
[2025-12-17 20:54:26,403] [WARNING] [TSADAdvTrainer] 生成对抗样本时梯度为 None 或包含 NaN/Inf，跳过对抗扰动。
[2025-12-17 20:54:26,746] [WARNING] [TSADAdvTrainer] 生成对抗样本时梯度为 None 或包含 NaN/Inf，跳过对抗扰动。
[2025-12-17 20:54:27,103] [WARNING] [TSADAdvTrainer] 生成对抗样本时梯度为 None 或包含 NaN/Inf，跳过对抗扰动。
[2025-12-17 20:54:27,443] [WARNING] [TSADAdvTrainer] 生成对抗样本时梯度为 None 或包含 NaN/Inf，跳过对抗扰动。
[2025-12-17 20:54:27,791] [WARNING] [TSADAdvTrainer] 生成对抗样本时梯度为 None 或包含 NaN/Inf，跳过对抗扰动。
[2025-12-17 20:54:28,147] [WARNING] [TSADAdvTrainer] 生成对抗样本时梯度为 None 或包含 NaN/Inf，跳过对抗扰动。
[2025-12-17 20:54:28,478] [WARNING] [TSADAdvTrainer] 生成对抗样本时梯度为 None 或包含 NaN/Inf，跳过对抗扰动。
[2025-12-17 20:54:28,825] [WARNING] [TSADAdvTrainer] 生成对抗样本时梯度为 None 或包含 NaN/Inf，跳过对抗扰动。
[2025-12-17 20:54:29,170] [WARNING] [TSADAdvTrainer] 生成对抗样本时梯度为 None 或包含 NaN/Inf，跳过对抗扰动。
[2025-12-17 20:54:29,514] [WARNING] [TSADAdvTrainer] 生成对抗样本时梯度为 None 或包含 NaN/Inf，跳过对抗扰动。
[2025-12-17 20:54:29,862] [WARNING] [TSADAdvTrainer] 生成对抗样本时梯度为 None 或包含 NaN/Inf，跳过对抗扰动。
[2025-12-17 20:54:30,217] [WARNING] [TSADAdvTrainer] 生成对抗样本时梯度为 None 或包含 NaN/Inf，跳过对抗扰动。
[2025-12-17 20:54:30,583] [WARNING] [TSADAdvTrainer] 生成对抗样本时梯度为 None 或包含 NaN/Inf，跳过对抗扰动。
[2025-12-17 20:54:30,933] [WARNING] [TSADAdvTrainer] 生成对抗样本时梯度为 None 或包含 NaN/Inf，跳过对抗扰动。
[2025-12-17 20:54:31,289] [WARNING] [TSADAdvTrainer] 生成对抗样本时梯度为 None 或包含 NaN/Inf，跳过对抗扰动。
[2025-12-17 20:54:31,650] [WARNING] [TSADAdvTrainer] 生成对抗样本时梯度为 None 或包含 NaN/Inf，跳过对抗扰动。
[2025-12-17 20:54:32,003] [WARNING] [TSADAdvTrainer] 生成对抗样本时梯度为 None 或包含 NaN/Inf，跳过对抗扰动。
[2025-12-17 20:54:32,349] [WARNING] [TSADAdvTrainer] 生成对抗样本时梯度为 None 或包含 NaN/Inf，跳过对抗扰动。
[2025-12-17 20:54:32,703] [WARNING] [TSADAdvTrainer] 生成对抗样本时梯度为 None 或包含 NaN/Inf，跳过对抗扰动。
[2025-12-17 20:54:33,048] [WARNING] [TSADAdvTrainer] 生成对抗样本时梯度为 None 或包含 NaN/Inf，跳过对抗扰动。
[2025-12-17 20:54:33,400] [WARNING] [TSADAdvTrainer] 生成对抗样本时梯度为 None 或包含 NaN/Inf，跳过对抗扰动。
[2025-12-17 20:54:33,770] [WARNING] [TSADAdvTrainer] 生成对抗样本时梯度为 None 或包含 NaN/Inf，跳过对抗扰动。
[2025-12-17 20:54:34,118] [WARNING] [TSADAdvTrainer] 生成对抗样本时梯度为 None 或包含 NaN/Inf，跳过对抗扰动。
[2025-12-17 20:54:34,473] [WARNING] [TSADAdvTrainer] 生成对抗样本时梯度为 None 或包含 NaN/Inf，跳过对抗扰动。
[2025-12-17 20:54:34,830] [WARNING] [TSADAdvTrainer] 生成对抗样本时梯度为 None 或包含 NaN/Inf，跳过对抗扰动。
[2025-12-17 20:54:35,190] [WARNING] [TSADAdvTrainer] 生成对抗样本时梯度为 None 或包含 NaN/Inf，跳过对抗扰动。
[2025-12-17 20:54:35,544] [WARNING] [TSADAdvTrainer] 生成对抗样本时梯度为 None 或包含 NaN/Inf，跳过对抗扰动。
[2025-12-17 20:54:35,888] [WARNING] [TSADAdvTrainer] 生成对抗样本时梯度为 None 或包含 NaN/Inf，跳过对抗扰动。
[2025-12-17 20:54:36,242] [WARNING] [TSADAdvTrainer] 生成对抗样本时梯度为 None 或包含 NaN/Inf，跳过对抗扰动。
[2025-12-17 20:54:36,611] [WARNING] [TSADAdvTrainer] 生成对抗样本时梯度为 None 或包含 NaN/Inf，跳过对抗扰动。
[2025-12-17 20:54:36,963] [WARNING] [TSADAdvTrainer] 生成对抗样本时梯度为 None 或包含 NaN/Inf，跳过对抗扰动。
[2025-12-17 20:54:37,312] [WARNING] [TSADAdvTrainer] 生成对抗样本时梯度为 None 或包含 NaN/Inf，跳过对抗扰动。
[2025-12-17 20:54:37,662] [WARNING] [TSADAdvTrainer] 生成对抗样本时梯度为 None 或包含 NaN/Inf，跳过对抗扰动。
[2025-12-17 20:54:38,017] [WARNING] [TSADAdvTrainer] 生成对抗样本时梯度为 None 或包含 NaN/Inf，跳过对抗扰动。
[2025-12-17 20:54:38,363] [WARNING] [TSADAdvTrainer] 生成对抗样本时梯度为 None 或包含 NaN/Inf，跳过对抗扰动。
[2025-12-17 20:54:38,723] [WARNING] [TSADAdvTrainer] 生成对抗样本时梯度为 None 或包含 NaN/Inf，跳过对抗扰动。
[2025-12-17 20:54:39,070] [WARNING] [TSADAdvTrainer] 生成对抗样本时梯度为 None 或包含 NaN/Inf，跳过对抗扰动。
[2025-12-17 20:54:39,417] [WARNING] [TSADAdvTrainer] 生成对抗样本时梯度为 None 或包含 NaN/Inf，跳过对抗扰动。
[2025-12-17 20:54:39,768] [WARNING] [TSADAdvTrainer] 生成对抗样本时梯度为 None 或包含 NaN/Inf，跳过对抗扰动。
[2025-12-17 20:54:40,121] [WARNING] [TSADAdvTrainer] 生成对抗样本时梯度为 None 或包含 NaN/Inf，跳过对抗扰动。
[2025-12-17 20:54:40,461] [WARNING] [TSADAdvTrainer] 生成对抗样本时梯度为 None 或包含 NaN/Inf，跳过对抗扰动。
[2025-12-17 20:54:40,803] [WARNING] [TSADAdvTrainer] 生成对抗样本时梯度为 None 或包含 NaN/Inf，跳过对抗扰动。
[2025-12-17 20:54:41,148] [WARNING] [TSADAdvTrainer] 生成对抗样本时梯度为 None 或包含 NaN/Inf，跳过对抗扰动。
[2025-12-17 20:54:41,511] [WARNING] [TSADAdvTrainer] 生成对抗样本时梯度为 None 或包含 NaN/Inf，跳过对抗扰动。
[2025-12-17 20:54:41,854] [WARNING] [TSADAdvTrainer] 生成对抗样本时梯度为 None 或包含 NaN/Inf，跳过对抗扰动。
[2025-12-17 20:54:42,200] [WARNING] [TSADAdvTrainer] 生成对抗样本时梯度为 None 或包含 NaN/Inf，跳过对抗扰动。
[2025-12-17 20:54:42,545] [WARNING] [TSADAdvTrainer] 生成对抗样本时梯度为 None 或包含 NaN/Inf，跳过对抗扰动。
[2025-12-17 20:54:42,899] [WARNING] [TSADAdvTrainer] 生成对抗样本时梯度为 None 或包含 NaN/Inf，跳过对抗扰动。
[2025-12-17 20:54:43,260] [WARNING] [TSADAdvTrainer] 生成对抗样本时梯度为 None 或包含 NaN/Inf，跳过对抗扰动。
[2025-12-17 20:54:43,607] [WARNING] [TSADAdvTrainer] 生成对抗样本时梯度为 None 或包含 NaN/Inf，跳过对抗扰动。
[2025-12-17 20:54:43,949] [WARNING] [TSADAdvTrainer] 生成对抗样本时梯度为 None 或包含 NaN/Inf，跳过对抗扰动。
[2025-12-17 20:54:44,296] [WARNING] [TSADAdvTrainer] 生成对抗样本时梯度为 None 或包含 NaN/Inf，跳过对抗扰动。
[2025-12-17 20:54:44,630] [WARNING] [TSADAdvTrainer] 生成对抗样本时梯度为 None 或包含 NaN/Inf，跳过对抗扰动。
[2025-12-17 20:54:44,987] [WARNING] [TSADAdvTrainer] 生成对抗样本时梯度为 None 或包含 NaN/Inf，跳过对抗扰动。
[2025-12-17 20:54:45,330] [WARNING] [TSADAdvTrainer] 生成对抗样本时梯度为 None 或包含 NaN/Inf，跳过对抗扰动。
[2025-12-17 20:54:45,686] [WARNING] [TSADAdvTrainer] 生成对抗样本时梯度为 None 或包含 NaN/Inf，跳过对抗扰动。
[2025-12-17 20:54:46,037] [WARNING] [TSADAdvTrainer] 生成对抗样本时梯度为 None 或包含 NaN/Inf，跳过对抗扰动。
[2025-12-17 20:54:46,396] [WARNING] [TSADAdvTrainer] 生成对抗样本时梯度为 None 或包含 NaN/Inf，跳过对抗扰动。
[2025-12-17 20:54:46,747] [WARNING] [TSADAdvTrainer] 生成对抗样本时梯度为 None 或包含 NaN/Inf，跳过对抗扰动。
[2025-12-17 20:54:47,088] [WARNING] [TSADAdvTrainer] 生成对抗样本时梯度为 None 或包含 NaN/Inf，跳过对抗扰动。
[2025-12-17 20:54:47,432] [WARNING] [TSADAdvTrainer] 生成对抗样本时梯度为 None 或包含 NaN/Inf，跳过对抗扰动。
[2025-12-17 20:54:47,788] [WARNING] [TSADAdvTrainer] 生成对抗样本时梯度为 None 或包含 NaN/Inf，跳过对抗扰动。
[2025-12-17 20:54:48,138] [WARNING] [TSADAdvTrainer] 生成对抗样本时梯度为 None 或包含 NaN/Inf，跳过对抗扰动。
[2025-12-17 20:54:48,479] [WARNING] [TSADAdvTrainer] 生成对抗样本时梯度为 None 或包含 NaN/Inf，跳过对抗扰动。
[2025-12-17 20:54:48,826] [WARNING] [TSADAdvTrainer] 生成对抗样本时梯度为 None 或包含 NaN/Inf，跳过对抗扰动。
[2025-12-17 20:54:49,376] [WARNING] [TSADAdvTrainer] 生成对抗样本时梯度为 None 或包含 NaN/Inf，跳过对抗扰动。
[2025-12-17 20:54:49,730] [WARNING] [TSADAdvTrainer] 生成对抗样本时梯度为 None 或包含 NaN/Inf，跳过对抗扰动。
[2025-12-17 20:54:50,067] [WARNING] [TSADAdvTrainer] 生成对抗样本时梯度为 None 或包含 NaN/Inf，跳过对抗扰动。
[2025-12-17 20:54:50,432] [WARNING] [TSADAdvTrainer] 生成对抗样本时梯度为 None 或包含 NaN/Inf，跳过对抗扰动。
[2025-12-17 20:54:50,782] [WARNING] [TSADAdvTrainer] 生成对抗样本时梯度为 None 或包含 NaN/Inf，跳过对抗扰动。
[2025-12-17 20:54:51,126] [WARNING] [TSADAdvTrainer] 生成对抗样本时梯度为 None 或包含 NaN/Inf，跳过对抗扰动。
[2025-12-17 20:54:51,471] [WARNING] [TSADAdvTrainer] 生成对抗样本时梯度为 None 或包含 NaN/Inf，跳过对抗扰动。
[2025-12-17 20:54:51,837] [WARNING] [TSADAdvTrainer] 生成对抗样本时梯度为 None 或包含 NaN/Inf，跳过对抗扰动。
[2025-12-17 20:54:52,184] [WARNING] [TSADAdvTrainer] 生成对抗样本时梯度为 None 或包含 NaN/Inf，跳过对抗扰动。
[2025-12-17 20:54:52,535] [WARNING] [TSADAdvTrainer] 生成对抗样本时梯度为 None 或包含 NaN/Inf，跳过对抗扰动。
[2025-12-17 20:54:52,889] [WARNING] [TSADAdvTrainer] 生成对抗样本时梯度为 None 或包含 NaN/Inf，跳过对抗扰动。
[2025-12-17 20:54:53,237] [WARNING] [TSADAdvTrainer] 生成对抗样本时梯度为 None 或包含 NaN/Inf，跳过对抗扰动。
[2025-12-17 20:54:53,588] [WARNING] [TSADAdvTrainer] 生成对抗样本时梯度为 None 或包含 NaN/Inf，跳过对抗扰动。
[2025-12-17 20:54:53,985] [WARNING] [TSADAdvTrainer] 生成对抗样本时梯度为 None 或包含 NaN/Inf，跳过对抗扰动。
[2025-12-17 20:54:54,330] [WARNING] [TSADAdvTrainer] 生成对抗样本时梯度为 None 或包含 NaN/Inf，跳过对抗扰动。
[2025-12-17 20:54:54,682] [WARNING] [TSADAdvTrainer] 生成对抗样本时梯度为 None 或包含 NaN/Inf，跳过对抗扰动。
[2025-12-17 20:54:55,029] [WARNING] [TSADAdvTrainer] 生成对抗样本时梯度为 None 或包含 NaN/Inf，跳过对抗扰动。
[2025-12-17 20:54:55,386] [WARNING] [TSADAdvTrainer] 生成对抗样本时梯度为 None 或包含 NaN/Inf，跳过对抗扰动。
[2025-12-17 20:54:55,732] [WARNING] [TSADAdvTrainer] 生成对抗样本时梯度为 None 或包含 NaN/Inf，跳过对抗扰动。
[2025-12-17 20:54:56,075] [WARNING] [TSADAdvTrainer] 生成对抗样本时梯度为 None 或包含 NaN/Inf，跳过对抗扰动。
[2025-12-17 20:54:56,424] [WARNING] [TSADAdvTrainer] 生成对抗样本时梯度为 None 或包含 NaN/Inf，跳过对抗扰动。
[2025-12-17 20:54:56,769] [WARNING] [TSADAdvTrainer] 生成对抗样本时梯度为 None 或包含 NaN/Inf，跳过对抗扰动。
[2025-12-17 20:54:57,129] [WARNING] [TSADAdvTrainer] 生成对抗样本时梯度为 None 或包含 NaN/Inf，跳过对抗扰动。
[2025-12-17 20:54:57,493] [WARNING] [TSADAdvTrainer] 生成对抗样本时梯度为 None 或包含 NaN/Inf，跳过对抗扰动。
[2025-12-17 20:54:57,861] [WARNING] [TSADAdvTrainer] 生成对抗样本时梯度为 None 或包含 NaN/Inf，跳过对抗扰动。
[2025-12-17 20:54:58,219] [WARNING] [TSADAdvTrainer] 生成对抗样本时梯度为 None 或包含 NaN/Inf，跳过对抗扰动。
[2025-12-17 20:54:58,573] [WARNING] [TSADAdvTrainer] 生成对抗样本时梯度为 None 或包含 NaN/Inf，跳过对抗扰动。
[2025-12-17 20:54:58,924] [WARNING] [TSADAdvTrainer] 生成对抗样本时梯度为 None 或包含 NaN/Inf，跳过对抗扰动。
[2025-12-17 20:54:59,274] [WARNING] [TSADAdvTrainer] 生成对抗样本时梯度为 None 或包含 NaN/Inf，跳过对抗扰动。
[2025-12-17 20:54:59,634] [WARNING] [TSADAdvTrainer] 生成对抗样本时梯度为 None 或包含 NaN/Inf，跳过对抗扰动。
[2025-12-17 20:54:59,984] [WARNING] [TSADAdvTrainer] 生成对抗样本时梯度为 None 或包含 NaN/Inf，跳过对抗扰动。
[2025-12-17 20:55:00,333] [WARNING] [TSADAdvTrainer] 生成对抗样本时梯度为 None 或包含 NaN/Inf，跳过对抗扰动。
[2025-12-17 20:55:00,677] [WARNING] [TSADAdvTrainer] 生成对抗样本时梯度为 None 或包含 NaN/Inf，跳过对抗扰动。
[2025-12-17 20:55:01,032] [WARNING] [TSADAdvTrainer] 生成对抗样本时梯度为 None 或包含 NaN/Inf，跳过对抗扰动。
[2025-12-17 20:55:01,380] [WARNING] [TSADAdvTrainer] 生成对抗样本时梯度为 None 或包含 NaN/Inf，跳过对抗扰动。
[2025-12-17 20:55:01,724] [WARNING] [TSADAdvTrainer] 生成对抗样本时梯度为 None 或包含 NaN/Inf，跳过对抗扰动。
[2025-12-17 20:55:02,064] [WARNING] [TSADAdvTrainer] 生成对抗样本时梯度为 None 或包含 NaN/Inf，跳过对抗扰动。
[2025-12-17 20:55:02,423] [WARNING] [TSADAdvTrainer] 生成对抗样本时梯度为 None 或包含 NaN/Inf，跳过对抗扰动。
[2025-12-17 20:55:02,773] [WARNING] [TSADAdvTrainer] 生成对抗样本时梯度为 None 或包含 NaN/Inf，跳过对抗扰动。
[2025-12-17 20:55:03,110] [WARNING] [TSADAdvTrainer] 生成对抗样本时梯度为 None 或包含 NaN/Inf，跳过对抗扰动。
[2025-12-17 20:55:03,462] [WARNING] [TSADAdvTrainer] 生成对抗样本时梯度为 None 或包含 NaN/Inf，跳过对抗扰动。
[2025-12-17 20:55:03,812] [WARNING] [TSADAdvTrainer] 生成对抗样本时梯度为 None 或包含 NaN/Inf，跳过对抗扰动。
[2025-12-17 20:55:04,158] [WARNING] [TSADAdvTrainer] 生成对抗样本时梯度为 None 或包含 NaN/Inf，跳过对抗扰动。
[2025-12-17 20:55:04,509] [WARNING] [TSADAdvTrainer] 生成对抗样本时梯度为 None 或包含 NaN/Inf，跳过对抗扰动。
[2025-12-17 20:55:04,858] [WARNING] [TSADAdvTrainer] 生成对抗样本时梯度为 None 或包含 NaN/Inf，跳过对抗扰动。
[2025-12-17 20:55:05,196] [WARNING] [TSADAdvTrainer] 生成对抗样本时梯度为 None 或包含 NaN/Inf，跳过对抗扰动。
[2025-12-17 20:55:05,527] [WARNING] [TSADAdvTrainer] 生成对抗样本时梯度为 None 或包含 NaN/Inf，跳过对抗扰动。
[2025-12-17 20:55:05,875] [WARNING] [TSADAdvTrainer] 生成对抗样本时梯度为 None 或包含 NaN/Inf，跳过对抗扰动。
[2025-12-17 20:55:06,229] [WARNING] [TSADAdvTrainer] 生成对抗样本时梯度为 None 或包含 NaN/Inf，跳过对抗扰动。
[2025-12-17 20:55:06,582] [WARNING] [TSADAdvTrainer] 生成对抗样本时梯度为 None 或包含 NaN/Inf，跳过对抗扰动。
[2025-12-17 20:55:06,933] [WARNING] [TSADAdvTrainer] 生成对抗样本时梯度为 None 或包含 NaN/Inf，跳过对抗扰动。
[2025-12-17 20:55:07,280] [WARNING] [TSADAdvTrainer] 生成对抗样本时梯度为 None 或包含 NaN/Inf，跳过对抗扰动。
[2025-12-17 20:55:07,641] [WARNING] [TSADAdvTrainer] 生成对抗样本时梯度为 None 或包含 NaN/Inf，跳过对抗扰动。
[2025-12-17 20:55:07,983] [WARNING] [TSADAdvTrainer] 生成对抗样本时梯度为 None 或包含 NaN/Inf，跳过对抗扰动。
[2025-12-17 20:55:08,330] [WARNING] [TSADAdvTrainer] 生成对抗样本时梯度为 None 或包含 NaN/Inf，跳过对抗扰动。
[2025-12-17 20:55:08,689] [WARNING] [TSADAdvTrainer] 生成对抗样本时梯度为 None 或包含 NaN/Inf，跳过对抗扰动。
[2025-12-17 20:55:09,034] [WARNING] [TSADAdvTrainer] 生成对抗样本时梯度为 None 或包含 NaN/Inf，跳过对抗扰动。
[2025-12-17 20:55:09,383] [WARNING] [TSADAdvTrainer] 生成对抗样本时梯度为 None 或包含 NaN/Inf，跳过对抗扰动。
[2025-12-17 20:55:09,738] [WARNING] [TSADAdvTrainer] 生成对抗样本时梯度为 None 或包含 NaN/Inf，跳过对抗扰动。
[2025-12-17 20:55:10,096] [WARNING] [TSADAdvTrainer] 生成对抗样本时梯度为 None 或包含 NaN/Inf，跳过对抗扰动。
[2025-12-17 20:55:10,446] [WARNING] [TSADAdvTrainer] 生成对抗样本时梯度为 None 或包含 NaN/Inf，跳过对抗扰动。
[2025-12-17 20:55:10,801] [WARNING] [TSADAdvTrainer] 生成对抗样本时梯度为 None 或包含 NaN/Inf，跳过对抗扰动。
[2025-12-17 20:55:11,159] [WARNING] [TSADAdvTrainer] 生成对抗样本时梯度为 None 或包含 NaN/Inf，跳过对抗扰动。
[2025-12-17 20:55:11,504] [WARNING] [TSADAdvTrainer] 生成对抗样本时梯度为 None 或包含 NaN/Inf，跳过对抗扰动。
[2025-12-17 20:55:11,849] [WARNING] [TSADAdvTrainer] 生成对抗样本时梯度为 None 或包含 NaN/Inf，跳过对抗扰动。
[2025-12-17 20:55:12,191] [WARNING] [TSADAdvTrainer] 生成对抗样本时梯度为 None 或包含 NaN/Inf，跳过对抗扰动。
[2025-12-17 20:55:12,533] [WARNING] [TSADAdvTrainer] 生成对抗样本时梯度为 None 或包含 NaN/Inf，跳过对抗扰动。
[2025-12-17 20:55:12,874] [WARNING] [TSADAdvTrainer] 生成对抗样本时梯度为 None 或包含 NaN/Inf，跳过对抗扰动。
[2025-12-17 20:55:13,217] [WARNING] [TSADAdvTrainer] 生成对抗样本时梯度为 None 或包含 NaN/Inf，跳过对抗扰动。
[2025-12-17 20:55:13,557] [WARNING] [TSADAdvTrainer] 生成对抗样本时梯度为 None 或包含 NaN/Inf，跳过对抗扰动。
[2025-12-17 20:55:13,917] [WARNING] [TSADAdvTrainer] 生成对抗样本时梯度为 None 或包含 NaN/Inf，跳过对抗扰动。
[2025-12-17 20:55:14,268] [WARNING] [TSADAdvTrainer] 生成对抗样本时梯度为 None 或包含 NaN/Inf，跳过对抗扰动。
[2025-12-17 20:55:14,626] [WARNING] [TSADAdvTrainer] 生成对抗样本时梯度为 None 或包含 NaN/Inf，跳过对抗扰动。
[2025-12-17 20:55:14,977] [WARNING] [TSADAdvTrainer] 生成对抗样本时梯度为 None 或包含 NaN/Inf，跳过对抗扰动。
[2025-12-17 20:55:15,326] [WARNING] [TSADAdvTrainer] 生成对抗样本时梯度为 None 或包含 NaN/Inf，跳过对抗扰动。
[2025-12-17 20:55:15,673] [WARNING] [TSADAdvTrainer] 生成对抗样本时梯度为 None 或包含 NaN/Inf，跳过对抗扰动。
[2025-12-17 20:55:16,022] [WARNING] [TSADAdvTrainer] 生成对抗样本时梯度为 None 或包含 NaN/Inf，跳过对抗扰动。
[2025-12-17 20:55:16,372] [WARNING] [TSADAdvTrainer] 生成对抗样本时梯度为 None 或包含 NaN/Inf，跳过对抗扰动。
[2025-12-17 20:55:16,707] [WARNING] [TSADAdvTrainer] 生成对抗样本时梯度为 None 或包含 NaN/Inf，跳过对抗扰动。
[2025-12-17 20:55:17,056] [WARNING] [TSADAdvTrainer] 生成对抗样本时梯度为 None 或包含 NaN/Inf，跳过对抗扰动。
[2025-12-17 20:55:17,412] [WARNING] [TSADAdvTrainer] 生成对抗样本时梯度为 None 或包含 NaN/Inf，跳过对抗扰动。
[2025-12-17 20:55:17,760] [WARNING] [TSADAdvTrainer] 生成对抗样本时梯度为 None 或包含 NaN/Inf，跳过对抗扰动。
[2025-12-17 20:55:18,115] [WARNING] [TSADAdvTrainer] 生成对抗样本时梯度为 None 或包含 NaN/Inf，跳过对抗扰动。
[2025-12-17 20:55:18,459] [WARNING] [TSADAdvTrainer] 生成对抗样本时梯度为 None 或包含 NaN/Inf，跳过对抗扰动。
[2025-12-17 20:55:18,834] [WARNING] [TSADAdvTrainer] 生成对抗样本时梯度为 None 或包含 NaN/Inf，跳过对抗扰动。
[2025-12-17 20:55:19,185] [WARNING] [TSADAdvTrainer] 生成对抗样本时梯度为 None 或包含 NaN/Inf，跳过对抗扰动。
[2025-12-17 20:55:19,524] [WARNING] [TSADAdvTrainer] 生成对抗样本时梯度为 None 或包含 NaN/Inf，跳过对抗扰动。
[2025-12-17 20:55:19,875] [WARNING] [TSADAdvTrainer] 生成对抗样本时梯度为 None 或包含 NaN/Inf，跳过对抗扰动。
[2025-12-17 20:55:20,235] [WARNING] [TSADAdvTrainer] 生成对抗样本时梯度为 None 或包含 NaN/Inf，跳过对抗扰动。
[2025-12-17 20:55:20,592] [WARNING] [TSADAdvTrainer] 生成对抗样本时梯度为 None 或包含 NaN/Inf，跳过对抗扰动。
[2025-12-17 20:55:20,927] [WARNING] [TSADAdvTrainer] 生成对抗样本时梯度为 None 或包含 NaN/Inf，跳过对抗扰动。
[2025-12-17 20:55:21,274] [WARNING] [TSADAdvTrainer] 生成对抗样本时梯度为 None 或包含 NaN/Inf，跳过对抗扰动。
[2025-12-17 20:55:21,614] [WARNING] [TSADAdvTrainer] 生成对抗样本时梯度为 None 或包含 NaN/Inf，跳过对抗扰动。
[2025-12-17 20:55:21,959] [WARNING] [TSADAdvTrainer] 生成对抗样本时梯度为 None 或包含 NaN/Inf，跳过对抗扰动。
[2025-12-17 20:55:22,301] [WARNING] [TSADAdvTrainer] 生成对抗样本时梯度为 None 或包含 NaN/Inf，跳过对抗扰动。
[2025-12-17 20:55:22,642] [WARNING] [TSADAdvTrainer] 生成对抗样本时梯度为 None 或包含 NaN/Inf，跳过对抗扰动。
[2025-12-17 20:55:22,977] [WARNING] [TSADAdvTrainer] 生成对抗样本时梯度为 None 或包含 NaN/Inf，跳过对抗扰动。
[2025-12-17 20:55:23,315] [WARNING] [TSADAdvTrainer] 生成对抗样本时梯度为 None 或包含 NaN/Inf，跳过对抗扰动。
[2025-12-17 20:55:23,661] [WARNING] [TSADAdvTrainer] 生成对抗样本时梯度为 None 或包含 NaN/Inf，跳过对抗扰动。
[2025-12-17 20:55:24,023] [WARNING] [TSADAdvTrainer] 生成对抗样本时梯度为 None 或包含 NaN/Inf，跳过对抗扰动。
[2025-12-17 20:55:24,371] [WARNING] [TSADAdvTrainer] 生成对抗样本时梯度为 None 或包含 NaN/Inf，跳过对抗扰动。
[2025-12-17 20:55:24,726] [WARNING] [TSADAdvTrainer] 生成对抗样本时梯度为 None 或包含 NaN/Inf，跳过对抗扰动。
[2025-12-17 20:55:25,074] [WARNING] [TSADAdvTrainer] 生成对抗样本时梯度为 None 或包含 NaN/Inf，跳过对抗扰动。
[2025-12-17 20:55:25,452] [WARNING] [TSADAdvTrainer] 生成对抗样本时梯度为 None 或包含 NaN/Inf，跳过对抗扰动。
[2025-12-17 20:55:25,809] [WARNING] [TSADAdvTrainer] 生成对抗样本时梯度为 None 或包含 NaN/Inf，跳过对抗扰动。
[2025-12-17 20:55:26,127] [WARNING] [TSADAdvTrainer] 生成对抗样本时梯度为 None 或包含 NaN/Inf，跳过对抗扰动。
[2025-12-17 20:55:26,480] [WARNING] [TSADAdvTrainer] 生成对抗样本时梯度为 None 或包含 NaN/Inf，跳过对抗扰动。
[2025-12-17 20:55:26,833] [WARNING] [TSADAdvTrainer] 生成对抗样本时梯度为 None 或包含 NaN/Inf，跳过对抗扰动。
[2025-12-17 20:55:27,114] [WARNING] [TSADAdvTrainer] 生成对抗样本时梯度为 None 或包含 NaN/Inf，跳过对抗扰动。
[2025-12-17 20:55:27,418] [WARNING] [TSADAdvTrainer] 生成对抗样本时梯度为 None 或包含 NaN/Inf，跳过对抗扰动。
[2025-12-17 20:55:27,789] [WARNING] [TSADAdvTrainer] 生成对抗样本时梯度为 None 或包含 NaN/Inf，跳过对抗扰动。
[2025-12-17 20:55:28,176] [WARNING] [TSADAdvTrainer] 生成对抗样本时梯度为 None 或包含 NaN/Inf，跳过对抗扰动。
[2025-12-17 20:55:28,538] [WARNING] [TSADAdvTrainer] 生成对抗样本时梯度为 None 或包含 NaN/Inf，跳过对抗扰动。
[2025-12-17 20:55:28,922] [WARNING] [TSADAdvTrainer] 生成对抗样本时梯度为 None 或包含 NaN/Inf，跳过对抗扰动。
[2025-12-17 20:55:29,296] [WARNING] [TSADAdvTrainer] 生成对抗样本时梯度为 None 或包含 NaN/Inf，跳过对抗扰动。
[2025-12-17 20:55:29,668] [WARNING] [TSADAdvTrainer] 生成对抗样本时梯度为 None 或包含 NaN/Inf，跳过对抗扰动。
[2025-12-17 20:55:30,029] [WARNING] [TSADAdvTrainer] 生成对抗样本时梯度为 None 或包含 NaN/Inf，跳过对抗扰动。
[2025-12-17 20:55:30,401] [WARNING] [TSADAdvTrainer] 生成对抗样本时梯度为 None 或包含 NaN/Inf，跳过对抗扰动。
[2025-12-17 20:55:30,783] [WARNING] [TSADAdvTrainer] 生成对抗样本时梯度为 None 或包含 NaN/Inf，跳过对抗扰动。
[2025-12-17 20:55:31,157] [WARNING] [TSADAdvTrainer] 生成对抗样本时梯度为 None 或包含 NaN/Inf，跳过对抗扰动。
[2025-12-17 20:55:31,529] [WARNING] [TSADAdvTrainer] 生成对抗样本时梯度为 None 或包含 NaN/Inf，跳过对抗扰动。
[2025-12-17 20:55:31,899] [WARNING] [TSADAdvTrainer] 生成对抗样本时梯度为 None 或包含 NaN/Inf，跳过对抗扰动。
[2025-12-17 20:55:32,271] [WARNING] [TSADAdvTrainer] 生成对抗样本时梯度为 None 或包含 NaN/Inf，跳过对抗扰动。
[2025-12-17 20:55:32,643] [WARNING] [TSADAdvTrainer] 生成对抗样本时梯度为 None 或包含 NaN/Inf，跳过对抗扰动。
[2025-12-17 20:55:33,005] [WARNING] [TSADAdvTrainer] 生成对抗样本时梯度为 None 或包含 NaN/Inf，跳过对抗扰动。
[2025-12-17 20:55:33,386] [WARNING] [TSADAdvTrainer] 生成对抗样本时梯度为 None 或包含 NaN/Inf，跳过对抗扰动。
[2025-12-17 20:55:33,758] [WARNING] [TSADAdvTrainer] 生成对抗样本时梯度为 None 或包含 NaN/Inf，跳过对抗扰动。
[2025-12-17 20:55:34,132] [WARNING] [TSADAdvTrainer] 生成对抗样本时梯度为 None 或包含 NaN/Inf，跳过对抗扰动。
[2025-12-17 20:55:34,509] [WARNING] [TSADAdvTrainer] 生成对抗样本时梯度为 None 或包含 NaN/Inf，跳过对抗扰动。
[2025-12-17 20:55:34,882] [WARNING] [TSADAdvTrainer] 生成对抗样本时梯度为 None 或包含 NaN/Inf，跳过对抗扰动。
[2025-12-17 20:55:35,274] [WARNING] [TSADAdvTrainer] 生成对抗样本时梯度为 None 或包含 NaN/Inf，跳过对抗扰动。
[2025-12-17 20:55:35,663] [WARNING] [TSADAdvTrainer] 生成对抗样本时梯度为 None 或包含 NaN/Inf，跳过对抗扰动。
[2025-12-17 20:55:36,033] [WARNING] [TSADAdvTrainer] 生成对抗样本时梯度为 None 或包含 NaN/Inf，跳过对抗扰动。
[2025-12-17 20:55:36,415] [WARNING] [TSADAdvTrainer] 生成对抗样本时梯度为 None 或包含 NaN/Inf，跳过对抗扰动。
[2025-12-17 20:55:36,789] [WARNING] [TSADAdvTrainer] 生成对抗样本时梯度为 None 或包含 NaN/Inf，跳过对抗扰动。
[2025-12-17 20:55:37,148] [WARNING] [TSADAdvTrainer] 生成对抗样本时梯度为 None 或包含 NaN/Inf，跳过对抗扰动。
[2025-12-17 20:55:37,519] [WARNING] [TSADAdvTrainer] 生成对抗样本时梯度为 None 或包含 NaN/Inf，跳过对抗扰动。
[2025-12-17 20:55:37,886] [WARNING] [TSADAdvTrainer] 生成对抗样本时梯度为 None 或包含 NaN/Inf，跳过对抗扰动。
[2025-12-17 20:55:38,265] [WARNING] [TSADAdvTrainer] 生成对抗样本时梯度为 None 或包含 NaN/Inf，跳过对抗扰动。
[2025-12-17 20:55:38,633] [WARNING] [TSADAdvTrainer] 生成对抗样本时梯度为 None 或包含 NaN/Inf，跳过对抗扰动。
[2025-12-17 20:55:39,014] [WARNING] [TSADAdvTrainer] 生成对抗样本时梯度为 None 或包含 NaN/Inf，跳过对抗扰动。
[2025-12-17 20:55:39,382] [WARNING] [TSADAdvTrainer] 生成对抗样本时梯度为 None 或包含 NaN/Inf，跳过对抗扰动。
[2025-12-17 20:55:39,755] [WARNING] [TSADAdvTrainer] 生成对抗样本时梯度为 None 或包含 NaN/Inf，跳过对抗扰动。
[2025-12-17 20:55:40,125] [WARNING] [TSADAdvTrainer] 生成对抗样本时梯度为 None 或包含 NaN/Inf，跳过对抗扰动。
[2025-12-17 20:55:40,502] [WARNING] [TSADAdvTrainer] 生成对抗样本时梯度为 None 或包含 NaN/Inf，跳过对抗扰动。
[2025-12-17 20:55:40,876] [WARNING] [TSADAdvTrainer] 生成对抗样本时梯度为 None 或包含 NaN/Inf，跳过对抗扰动。
[2025-12-17 20:55:41,257] [WARNING] [TSADAdvTrainer] 生成对抗样本时梯度为 None 或包含 NaN/Inf，跳过对抗扰动。
[2025-12-17 20:55:41,645] [WARNING] [TSADAdvTrainer] 生成对抗样本时梯度为 None 或包含 NaN/Inf，跳过对抗扰动。
[2025-12-17 20:55:42,026] [WARNING] [TSADAdvTrainer] 生成对抗样本时梯度为 None 或包含 NaN/Inf，跳过对抗扰动。
[2025-12-17 20:55:42,408] [WARNING] [TSADAdvTrainer] 生成对抗样本时梯度为 None 或包含 NaN/Inf，跳过对抗扰动。
[2025-12-17 20:55:42,782] [WARNING] [TSADAdvTrainer] 生成对抗样本时梯度为 None 或包含 NaN/Inf，跳过对抗扰动。
[2025-12-17 20:55:43,160] [WARNING] [TSADAdvTrainer] 生成对抗样本时梯度为 None 或包含 NaN/Inf，跳过对抗扰动。
[2025-12-17 20:55:43,524] [WARNING] [TSADAdvTrainer] 生成对抗样本时梯度为 None 或包含 NaN/Inf，跳过对抗扰动。
[2025-12-17 20:55:43,898] [WARNING] [TSADAdvTrainer] 生成对抗样本时梯度为 None 或包含 NaN/Inf，跳过对抗扰动。
[2025-12-17 20:55:44,275] [WARNING] [TSADAdvTrainer] 生成对抗样本时梯度为 None 或包含 NaN/Inf，跳过对抗扰动。
[2025-12-17 20:55:44,656] [WARNING] [TSADAdvTrainer] 生成对抗样本时梯度为 None 或包含 NaN/Inf，跳过对抗扰动。
[2025-12-17 20:55:45,042] [WARNING] [TSADAdvTrainer] 生成对抗样本时梯度为 None 或包含 NaN/Inf，跳过对抗扰动。
[2025-12-17 20:55:45,410] [WARNING] [TSADAdvTrainer] 生成对抗样本时梯度为 None 或包含 NaN/Inf，跳过对抗扰动。
[2025-12-17 20:55:45,779] [WARNING] [TSADAdvTrainer] 生成对抗样本时梯度为 None 或包含 NaN/Inf，跳过对抗扰动。
[2025-12-17 20:55:46,143] [WARNING] [TSADAdvTrainer] 生成对抗样本时梯度为 None 或包含 NaN/Inf，跳过对抗扰动。
[2025-12-17 20:55:46,508] [WARNING] [TSADAdvTrainer] 生成对抗样本时梯度为 None 或包含 NaN/Inf，跳过对抗扰动。
[2025-12-17 20:55:46,877] [WARNING] [TSADAdvTrainer] 生成对抗样本时梯度为 None 或包含 NaN/Inf，跳过对抗扰动。
[2025-12-17 20:55:47,258] [WARNING] [TSADAdvTrainer] 生成对抗样本时梯度为 None 或包含 NaN/Inf，跳过对抗扰动。
[2025-12-17 20:55:47,657] [WARNING] [TSADAdvTrainer] 生成对抗样本时梯度为 None 或包含 NaN/Inf，跳过对抗扰动。
[2025-12-17 20:55:48,026] [WARNING] [TSADAdvTrainer] 生成对抗样本时梯度为 None 或包含 NaN/Inf，跳过对抗扰动。
[2025-12-17 20:55:48,397] [WARNING] [TSADAdvTrainer] 生成对抗样本时梯度为 None 或包含 NaN/Inf，跳过对抗扰动。
[2025-12-17 20:55:48,765] [WARNING] [TSADAdvTrainer] 生成对抗样本时梯度为 None 或包含 NaN/Inf，跳过对抗扰动。
[2025-12-17 20:55:49,132] [WARNING] [TSADAdvTrainer] 生成对抗样本时梯度为 None 或包含 NaN/Inf，跳过对抗扰动。
[2025-12-17 20:55:49,503] [WARNING] [TSADAdvTrainer] 生成对抗样本时梯度为 None 或包含 NaN/Inf，跳过对抗扰动。
[2025-12-17 20:55:49,881] [WARNING] [TSADAdvTrainer] 生成对抗样本时梯度为 None 或包含 NaN/Inf，跳过对抗扰动。
[2025-12-17 20:55:50,254] [WARNING] [TSADAdvTrainer] 生成对抗样本时梯度为 None 或包含 NaN/Inf，跳过对抗扰动。
[2025-12-17 20:55:50,627] [WARNING] [TSADAdvTrainer] 生成对抗样本时梯度为 None 或包含 NaN/Inf，跳过对抗扰动。
[2025-12-17 20:55:51,012] [WARNING] [TSADAdvTrainer] 生成对抗样本时梯度为 None 或包含 NaN/Inf，跳过对抗扰动。
[2025-12-17 20:55:51,380] [WARNING] [TSADAdvTrainer] 生成对抗样本时梯度为 None 或包含 NaN/Inf，跳过对抗扰动。
[2025-12-17 20:55:51,749] [WARNING] [TSADAdvTrainer] 生成对抗样本时梯度为 None 或包含 NaN/Inf，跳过对抗扰动。
[2025-12-17 20:55:52,123] [WARNING] [TSADAdvTrainer] 生成对抗样本时梯度为 None 或包含 NaN/Inf，跳过对抗扰动。
[2025-12-17 20:55:52,493] [WARNING] [TSADAdvTrainer] 生成对抗样本时梯度为 None 或包含 NaN/Inf，跳过对抗扰动。
[2025-12-17 20:55:52,869] [WARNING] [TSADAdvTrainer] 生成对抗样本时梯度为 None 或包含 NaN/Inf，跳过对抗扰动。
[2025-12-17 20:55:53,255] [WARNING] [TSADAdvTrainer] 生成对抗样本时梯度为 None 或包含 NaN/Inf，跳过对抗扰动。
[2025-12-17 20:55:53,628] [WARNING] [TSADAdvTrainer] 生成对抗样本时梯度为 None 或包含 NaN/Inf，跳过对抗扰动。
[2025-12-17 20:55:53,990] [WARNING] [TSADAdvTrainer] 生成对抗样本时梯度为 None 或包含 NaN/Inf，跳过对抗扰动。
[2025-12-17 20:55:54,370] [WARNING] [TSADAdvTrainer] 生成对抗样本时梯度为 None 或包含 NaN/Inf，跳过对抗扰动。
[2025-12-17 20:55:54,726] [WARNING] [TSADAdvTrainer] 生成对抗样本时梯度为 None 或包含 NaN/Inf，跳过对抗扰动。
[2025-12-17 20:55:55,089] [WARNING] [TSADAdvTrainer] 生成对抗样本时梯度为 None 或包含 NaN/Inf，跳过对抗扰动。
[2025-12-17 20:55:55,450] [WARNING] [TSADAdvTrainer] 生成对抗样本时梯度为 None 或包含 NaN/Inf，跳过对抗扰动。
[2025-12-17 20:55:55,823] [WARNING] [TSADAdvTrainer] 生成对抗样本时梯度为 None 或包含 NaN/Inf，跳过对抗扰动。
[2025-12-17 20:55:56,193] [WARNING] [TSADAdvTrainer] 生成对抗样本时梯度为 None 或包含 NaN/Inf，跳过对抗扰动。
[2025-12-17 20:55:56,573] [WARNING] [TSADAdvTrainer] 生成对抗样本时梯度为 None 或包含 NaN/Inf，跳过对抗扰动。
[2025-12-17 20:55:56,929] [WARNING] [TSADAdvTrainer] 生成对抗样本时梯度为 None 或包含 NaN/Inf，跳过对抗扰动。
[2025-12-17 20:55:57,294] [WARNING] [TSADAdvTrainer] 生成对抗样本时梯度为 None 或包含 NaN/Inf，跳过对抗扰动。
[2025-12-17 20:55:57,664] [WARNING] [TSADAdvTrainer] 生成对抗样本时梯度为 None 或包含 NaN/Inf，跳过对抗扰动。
[2025-12-17 20:55:58,042] [WARNING] [TSADAdvTrainer] 生成对抗样本时梯度为 None 或包含 NaN/Inf，跳过对抗扰动。
[2025-12-17 20:55:58,424] [WARNING] [TSADAdvTrainer] 生成对抗样本时梯度为 None 或包含 NaN/Inf，跳过对抗扰动。
[2025-12-17 20:55:58,784] [WARNING] [TSADAdvTrainer] 生成对抗样本时梯度为 None 或包含 NaN/Inf，跳过对抗扰动。
[2025-12-17 20:55:59,153] [WARNING] [TSADAdvTrainer] 生成对抗样本时梯度为 None 或包含 NaN/Inf，跳过对抗扰动。
[2025-12-17 20:55:59,524] [WARNING] [TSADAdvTrainer] 生成对抗样本时梯度为 None 或包含 NaN/Inf，跳过对抗扰动。
[2025-12-17 20:55:59,907] [WARNING] [TSADAdvTrainer] 生成对抗样本时梯度为 None 或包含 NaN/Inf，跳过对抗扰动。
[2025-12-17 20:56:00,272] [WARNING] [TSADAdvTrainer] 生成对抗样本时梯度为 None 或包含 NaN/Inf，跳过对抗扰动。
[2025-12-17 20:56:00,641] [WARNING] [TSADAdvTrainer] 生成对抗样本时梯度为 None 或包含 NaN/Inf，跳过对抗扰动。
[2025-12-17 20:56:01,012] [WARNING] [TSADAdvTrainer] 生成对抗样本时梯度为 None 或包含 NaN/Inf，跳过对抗扰动。
[2025-12-17 20:56:01,381] [WARNING] [TSADAdvTrainer] 生成对抗样本时梯度为 None 或包含 NaN/Inf，跳过对抗扰动。
[2025-12-17 20:56:01,752] [WARNING] [TSADAdvTrainer] 生成对抗样本时梯度为 None 或包含 NaN/Inf，跳过对抗扰动。
[2025-12-17 20:56:02,119] [WARNING] [TSADAdvTrainer] 生成对抗样本时梯度为 None 或包含 NaN/Inf，跳过对抗扰动。
[2025-12-17 20:56:02,494] [WARNING] [TSADAdvTrainer] 生成对抗样本时梯度为 None 或包含 NaN/Inf，跳过对抗扰动。
[2025-12-17 20:56:02,865] [WARNING] [TSADAdvTrainer] 生成对抗样本时梯度为 None 或包含 NaN/Inf，跳过对抗扰动。
[2025-12-17 20:56:03,237] [WARNING] [TSADAdvTrainer] 生成对抗样本时梯度为 None 或包含 NaN/Inf，跳过对抗扰动。
[2025-12-17 20:56:03,613] [WARNING] [TSADAdvTrainer] 生成对抗样本时梯度为 None 或包含 NaN/Inf，跳过对抗扰动。
[2025-12-17 20:56:03,985] [WARNING] [TSADAdvTrainer] 生成对抗样本时梯度为 None 或包含 NaN/Inf，跳过对抗扰动。
[2025-12-17 20:56:04,372] [WARNING] [TSADAdvTrainer] 生成对抗样本时梯度为 None 或包含 NaN/Inf，跳过对抗扰动。
[2025-12-17 20:56:04,746] [WARNING] [TSADAdvTrainer] 生成对抗样本时梯度为 None 或包含 NaN/Inf，跳过对抗扰动。
[2025-12-17 20:56:05,123] [WARNING] [TSADAdvTrainer] 生成对抗样本时梯度为 None 或包含 NaN/Inf，跳过对抗扰动。
[2025-12-17 20:56:05,543] [WARNING] [TSADAdvTrainer] 生成对抗样本时梯度为 None 或包含 NaN/Inf，跳过对抗扰动。
[2025-12-17 20:56:05,921] [WARNING] [TSADAdvTrainer] 生成对抗样本时梯度为 None 或包含 NaN/Inf，跳过对抗扰动。
[2025-12-17 20:56:06,277] [WARNING] [TSADAdvTrainer] 生成对抗样本时梯度为 None 或包含 NaN/Inf，跳过对抗扰动。
[2025-12-17 20:56:06,638] [WARNING] [TSADAdvTrainer] 生成对抗样本时梯度为 None 或包含 NaN/Inf，跳过对抗扰动。
[2025-12-17 20:56:07,000] [WARNING] [TSADAdvTrainer] 生成对抗样本时梯度为 None 或包含 NaN/Inf，跳过对抗扰动。
[2025-12-17 20:56:07,373] [WARNING] [TSADAdvTrainer] 生成对抗样本时梯度为 None 或包含 NaN/Inf，跳过对抗扰动。
[2025-12-17 20:56:07,747] [WARNING] [TSADAdvTrainer] 生成对抗样本时梯度为 None 或包含 NaN/Inf，跳过对抗扰动。
[2025-12-17 20:56:08,134] [WARNING] [TSADAdvTrainer] 生成对抗样本时梯度为 None 或包含 NaN/Inf，跳过对抗扰动。
[2025-12-17 20:56:08,510] [WARNING] [TSADAdvTrainer] 生成对抗样本时梯度为 None 或包含 NaN/Inf，跳过对抗扰动。
[2025-12-17 20:56:08,885] [WARNING] [TSADAdvTrainer] 生成对抗样本时梯度为 None 或包含 NaN/Inf，跳过对抗扰动。
[2025-12-17 20:56:09,279] [WARNING] [TSADAdvTrainer] 生成对抗样本时梯度为 None 或包含 NaN/Inf，跳过对抗扰动。
[2025-12-17 20:56:09,635] [WARNING] [TSADAdvTrainer] 生成对抗样本时梯度为 None 或包含 NaN/Inf，跳过对抗扰动。
[2025-12-17 20:56:10,008] [WARNING] [TSADAdvTrainer] 生成对抗样本时梯度为 None 或包含 NaN/Inf，跳过对抗扰动。
[2025-12-17 20:56:10,394] [WARNING] [TSADAdvTrainer] 生成对抗样本时梯度为 None 或包含 NaN/Inf，跳过对抗扰动。
[2025-12-17 20:56:10,772] [WARNING] [TSADAdvTrainer] 生成对抗样本时梯度为 None 或包含 NaN/Inf，跳过对抗扰动。
[2025-12-17 20:56:11,153] [WARNING] [TSADAdvTrainer] 生成对抗样本时梯度为 None 或包含 NaN/Inf，跳过对抗扰动。
[2025-12-17 20:56:11,516] [WARNING] [TSADAdvTrainer] 生成对抗样本时梯度为 None 或包含 NaN/Inf，跳过对抗扰动。
[2025-12-17 20:56:11,897] [WARNING] [TSADAdvTrainer] 生成对抗样本时梯度为 None 或包含 NaN/Inf，跳过对抗扰动。
[2025-12-17 20:56:12,261] [WARNING] [TSADAdvTrainer] 生成对抗样本时梯度为 None 或包含 NaN/Inf，跳过对抗扰动。
[2025-12-17 20:56:12,621] [WARNING] [TSADAdvTrainer] 生成对抗样本时梯度为 None 或包含 NaN/Inf，跳过对抗扰动。
[2025-12-17 20:56:13,006] [WARNING] [TSADAdvTrainer] 生成对抗样本时梯度为 None 或包含 NaN/Inf，跳过对抗扰动。
[2025-12-17 20:56:13,361] [WARNING] [TSADAdvTrainer] 生成对抗样本时梯度为 None 或包含 NaN/Inf，跳过对抗扰动。
[2025-12-17 20:56:13,734] [WARNING] [TSADAdvTrainer] 生成对抗样本时梯度为 None 或包含 NaN/Inf，跳过对抗扰动。
[2025-12-17 20:56:14,092] [WARNING] [TSADAdvTrainer] 生成对抗样本时梯度为 None 或包含 NaN/Inf，跳过对抗扰动。
[2025-12-17 20:56:14,457] [WARNING] [TSADAdvTrainer] 生成对抗样本时梯度为 None 或包含 NaN/Inf，跳过对抗扰动。
[2025-12-17 20:56:14,814] [WARNING] [TSADAdvTrainer] 生成对抗样本时梯度为 None 或包含 NaN/Inf，跳过对抗扰动。
[2025-12-17 20:56:15,173] [WARNING] [TSADAdvTrainer] 生成对抗样本时梯度为 None 或包含 NaN/Inf，跳过对抗扰动。
[2025-12-17 20:56:15,535] [WARNING] [TSADAdvTrainer] 生成对抗样本时梯度为 None 或包含 NaN/Inf，跳过对抗扰动。
[2025-12-17 20:56:15,902] [WARNING] [TSADAdvTrainer] 生成对抗样本时梯度为 None 或包含 NaN/Inf，跳过对抗扰动。
[2025-12-17 20:56:16,264] [WARNING] [TSADAdvTrainer] 生成对抗样本时梯度为 None 或包含 NaN/Inf，跳过对抗扰动。
[2025-12-17 20:56:16,642] [WARNING] [TSADAdvTrainer] 生成对抗样本时梯度为 None 或包含 NaN/Inf，跳过对抗扰动。
[2025-12-17 20:56:17,037] [WARNING] [TSADAdvTrainer] 生成对抗样本时梯度为 None 或包含 NaN/Inf，跳过对抗扰动。
[2025-12-17 20:56:17,398] [WARNING] [TSADAdvTrainer] 生成对抗样本时梯度为 None 或包含 NaN/Inf，跳过对抗扰动。
[2025-12-17 20:56:17,790] [WARNING] [TSADAdvTrainer] 生成对抗样本时梯度为 None 或包含 NaN/Inf，跳过对抗扰动。
[2025-12-17 20:56:18,179] [WARNING] [TSADAdvTrainer] 生成对抗样本时梯度为 None 或包含 NaN/Inf，跳过对抗扰动。
[2025-12-17 20:56:18,555] [WARNING] [TSADAdvTrainer] 生成对抗样本时梯度为 None 或包含 NaN/Inf，跳过对抗扰动。
[2025-12-17 20:56:18,925] [WARNING] [TSADAdvTrainer] 生成对抗样本时梯度为 None 或包含 NaN/Inf，跳过对抗扰动。
[2025-12-17 20:56:19,296] [WARNING] [TSADAdvTrainer] 生成对抗样本时梯度为 None 或包含 NaN/Inf，跳过对抗扰动。
[2025-12-17 20:56:19,657] [WARNING] [TSADAdvTrainer] 生成对抗样本时梯度为 None 或包含 NaN/Inf，跳过对抗扰动。
[2025-12-17 20:56:20,048] [WARNING] [TSADAdvTrainer] 生成对抗样本时梯度为 None 或包含 NaN/Inf，跳过对抗扰动。
[2025-12-17 20:56:20,418] [WARNING] [TSADAdvTrainer] 生成对抗样本时梯度为 None 或包含 NaN/Inf，跳过对抗扰动。
[2025-12-17 20:56:20,785] [WARNING] [TSADAdvTrainer] 生成对抗样本时梯度为 None 或包含 NaN/Inf，跳过对抗扰动。
[2025-12-17 20:56:21,170] [WARNING] [TSADAdvTrainer] 生成对抗样本时梯度为 None 或包含 NaN/Inf，跳过对抗扰动。
[2025-12-17 20:56:21,541] [WARNING] [TSADAdvTrainer] 生成对抗样本时梯度为 None 或包含 NaN/Inf，跳过对抗扰动。
[2025-12-17 20:56:21,926] [WARNING] [TSADAdvTrainer] 生成对抗样本时梯度为 None 或包含 NaN/Inf，跳过对抗扰动。
[2025-12-17 20:56:22,309] [WARNING] [TSADAdvTrainer] 生成对抗样本时梯度为 None 或包含 NaN/Inf，跳过对抗扰动。
[2025-12-17 20:56:22,669] [WARNING] [TSADAdvTrainer] 生成对抗样本时梯度为 None 或包含 NaN/Inf，跳过对抗扰动。
[2025-12-17 20:56:23,038] [WARNING] [TSADAdvTrainer] 生成对抗样本时梯度为 None 或包含 NaN/Inf，跳过对抗扰动。
[2025-12-17 20:56:23,419] [WARNING] [TSADAdvTrainer] 生成对抗样本时梯度为 None 或包含 NaN/Inf，跳过对抗扰动。
[2025-12-17 20:56:23,789] [WARNING] [TSADAdvTrainer] 生成对抗样本时梯度为 None 或包含 NaN/Inf，跳过对抗扰动。
[2025-12-17 20:56:24,153] [WARNING] [TSADAdvTrainer] 生成对抗样本时梯度为 None 或包含 NaN/Inf，跳过对抗扰动。
[2025-12-17 20:56:24,522] [WARNING] [TSADAdvTrainer] 生成对抗样本时梯度为 None 或包含 NaN/Inf，跳过对抗扰动。
[2025-12-17 20:56:24,876] [WARNING] [TSADAdvTrainer] 生成对抗样本时梯度为 None 或包含 NaN/Inf，跳过对抗扰动。
[2025-12-17 20:56:25,237] [WARNING] [TSADAdvTrainer] 生成对抗样本时梯度为 None 或包含 NaN/Inf，跳过对抗扰动。
[2025-12-17 20:56:25,590] [WARNING] [TSADAdvTrainer] 生成对抗样本时梯度为 None 或包含 NaN/Inf，跳过对抗扰动。
[2025-12-17 20:56:25,973] [WARNING] [TSADAdvTrainer] 生成对抗样本时梯度为 None 或包含 NaN/Inf，跳过对抗扰动。
[2025-12-17 20:56:26,338] [WARNING] [TSADAdvTrainer] 生成对抗样本时梯度为 None 或包含 NaN/Inf，跳过对抗扰动。
[2025-12-17 20:56:26,719] [WARNING] [TSADAdvTrainer] 生成对抗样本时梯度为 None 或包含 NaN/Inf，跳过对抗扰动。
[2025-12-17 20:56:27,088] [WARNING] [TSADAdvTrainer] 生成对抗样本时梯度为 None 或包含 NaN/Inf，跳过对抗扰动。
[2025-12-17 20:56:27,451] [WARNING] [TSADAdvTrainer] 生成对抗样本时梯度为 None 或包含 NaN/Inf，跳过对抗扰动。
[2025-12-17 20:56:27,813] [WARNING] [TSADAdvTrainer] 生成对抗样本时梯度为 None 或包含 NaN/Inf，跳过对抗扰动。
[2025-12-17 20:56:28,192] [WARNING] [TSADAdvTrainer] 生成对抗样本时梯度为 None 或包含 NaN/Inf，跳过对抗扰动。
[2025-12-17 20:56:28,569] [WARNING] [TSADAdvTrainer] 生成对抗样本时梯度为 None 或包含 NaN/Inf，跳过对抗扰动。
[2025-12-17 20:56:28,932] [WARNING] [TSADAdvTrainer] 生成对抗样本时梯度为 None 或包含 NaN/Inf，跳过对抗扰动。
[2025-12-17 20:56:29,291] [WARNING] [TSADAdvTrainer] 生成对抗样本时梯度为 None 或包含 NaN/Inf，跳过对抗扰动。
[2025-12-17 20:56:29,661] [WARNING] [TSADAdvTrainer] 生成对抗样本时梯度为 None 或包含 NaN/Inf，跳过对抗扰动。
[2025-12-17 20:56:30,032] [WARNING] [TSADAdvTrainer] 生成对抗样本时梯度为 None 或包含 NaN/Inf，跳过对抗扰动。
[2025-12-17 20:56:30,416] [WARNING] [TSADAdvTrainer] 生成对抗样本时梯度为 None 或包含 NaN/Inf，跳过对抗扰动。
[2025-12-17 20:56:30,791] [WARNING] [TSADAdvTrainer] 生成对抗样本时梯度为 None 或包含 NaN/Inf，跳过对抗扰动。
[2025-12-17 20:56:31,168] [WARNING] [TSADAdvTrainer] 生成对抗样本时梯度为 None 或包含 NaN/Inf，跳过对抗扰动。
[2025-12-17 20:56:31,540] [WARNING] [TSADAdvTrainer] 生成对抗样本时梯度为 None 或包含 NaN/Inf，跳过对抗扰动。
[2025-12-17 20:56:31,915] [WARNING] [TSADAdvTrainer] 生成对抗样本时梯度为 None 或包含 NaN/Inf，跳过对抗扰动。
[2025-12-17 20:56:32,278] [WARNING] [TSADAdvTrainer] 生成对抗样本时梯度为 None 或包含 NaN/Inf，跳过对抗扰动。
[2025-12-17 20:56:32,641] [WARNING] [TSADAdvTrainer] 生成对抗样本时梯度为 None 或包含 NaN/Inf，跳过对抗扰动。
[2025-12-17 20:56:33,011] [WARNING] [TSADAdvTrainer] 生成对抗样本时梯度为 None 或包含 NaN/Inf，跳过对抗扰动。
[2025-12-17 20:56:33,382] [WARNING] [TSADAdvTrainer] 生成对抗样本时梯度为 None 或包含 NaN/Inf，跳过对抗扰动。
[2025-12-17 20:56:33,756] [WARNING] [TSADAdvTrainer] 生成对抗样本时梯度为 None 或包含 NaN/Inf，跳过对抗扰动。
[2025-12-17 20:56:34,130] [WARNING] [TSADAdvTrainer] 生成对抗样本时梯度为 None 或包含 NaN/Inf，跳过对抗扰动。
[2025-12-17 20:56:34,502] [WARNING] [TSADAdvTrainer] 生成对抗样本时梯度为 None 或包含 NaN/Inf，跳过对抗扰动。
[2025-12-17 20:56:34,867] [WARNING] [TSADAdvTrainer] 生成对抗样本时梯度为 None 或包含 NaN/Inf，跳过对抗扰动。
[2025-12-17 20:56:35,251] [WARNING] [TSADAdvTrainer] 生成对抗样本时梯度为 None 或包含 NaN/Inf，跳过对抗扰动。
[2025-12-17 20:56:35,635] [WARNING] [TSADAdvTrainer] 生成对抗样本时梯度为 None 或包含 NaN/Inf，跳过对抗扰动。
[2025-12-17 20:56:36,023] [WARNING] [TSADAdvTrainer] 生成对抗样本时梯度为 None 或包含 NaN/Inf，跳过对抗扰动。
[2025-12-17 20:56:36,406] [WARNING] [TSADAdvTrainer] 生成对抗样本时梯度为 None 或包含 NaN/Inf，跳过对抗扰动。
[2025-12-17 20:56:36,784] [WARNING] [TSADAdvTrainer] 生成对抗样本时梯度为 None 或包含 NaN/Inf，跳过对抗扰动。
[2025-12-17 20:56:37,163] [WARNING] [TSADAdvTrainer] 生成对抗样本时梯度为 None 或包含 NaN/Inf，跳过对抗扰动。
[2025-12-17 20:56:37,530] [WARNING] [TSADAdvTrainer] 生成对抗样本时梯度为 None 或包含 NaN/Inf，跳过对抗扰动。
[2025-12-17 20:56:37,917] [WARNING] [TSADAdvTrainer] 生成对抗样本时梯度为 None 或包含 NaN/Inf，跳过对抗扰动。
[2025-12-17 20:56:38,295] [WARNING] [TSADAdvTrainer] 生成对抗样本时梯度为 None 或包含 NaN/Inf，跳过对抗扰动。
[2025-12-17 20:56:38,666] [WARNING] [TSADAdvTrainer] 生成对抗样本时梯度为 None 或包含 NaN/Inf，跳过对抗扰动。
[2025-12-17 20:56:39,040] [WARNING] [TSADAdvTrainer] 生成对抗样本时梯度为 None 或包含 NaN/Inf，跳过对抗扰动。
[2025-12-17 20:56:39,413] [WARNING] [TSADAdvTrainer] 生成对抗样本时梯度为 None 或包含 NaN/Inf，跳过对抗扰动。
[2025-12-17 20:56:39,781] [WARNING] [TSADAdvTrainer] 生成对抗样本时梯度为 None 或包含 NaN/Inf，跳过对抗扰动。
[2025-12-17 20:56:40,155] [WARNING] [TSADAdvTrainer] 生成对抗样本时梯度为 None 或包含 NaN/Inf，跳过对抗扰动。
[2025-12-17 20:56:40,535] [WARNING] [TSADAdvTrainer] 生成对抗样本时梯度为 None 或包含 NaN/Inf，跳过对抗扰动。
[2025-12-17 20:56:40,910] [WARNING] [TSADAdvTrainer] 生成对抗样本时梯度为 None 或包含 NaN/Inf，跳过对抗扰动。
[2025-12-17 20:56:41,276] [WARNING] [TSADAdvTrainer] 生成对抗样本时梯度为 None 或包含 NaN/Inf，跳过对抗扰动。
[2025-12-17 20:56:41,650] [WARNING] [TSADAdvTrainer] 生成对抗样本时梯度为 None 或包含 NaN/Inf，跳过对抗扰动。
[2025-12-17 20:56:42,038] [WARNING] [TSADAdvTrainer] 生成对抗样本时梯度为 None 或包含 NaN/Inf，跳过对抗扰动。
[2025-12-17 20:56:42,406] [WARNING] [TSADAdvTrainer] 生成对抗样本时梯度为 None 或包含 NaN/Inf，跳过对抗扰动。
[2025-12-17 20:56:42,790] [WARNING] [TSADAdvTrainer] 生成对抗样本时梯度为 None 或包含 NaN/Inf，跳过对抗扰动。
[2025-12-17 20:56:43,166] [WARNING] [TSADAdvTrainer] 生成对抗样本时梯度为 None 或包含 NaN/Inf，跳过对抗扰动。
[2025-12-17 20:56:43,543] [WARNING] [TSADAdvTrainer] 生成对抗样本时梯度为 None 或包含 NaN/Inf，跳过对抗扰动。
[2025-12-17 20:56:43,907] [WARNING] [TSADAdvTrainer] 生成对抗样本时梯度为 None 或包含 NaN/Inf，跳过对抗扰动。
[2025-12-17 20:56:44,271] [WARNING] [TSADAdvTrainer] 生成对抗样本时梯度为 None 或包含 NaN/Inf，跳过对抗扰动。
[2025-12-17 20:56:44,639] [WARNING] [TSADAdvTrainer] 生成对抗样本时梯度为 None 或包含 NaN/Inf，跳过对抗扰动。
[2025-12-17 20:56:44,996] [WARNING] [TSADAdvTrainer] 生成对抗样本时梯度为 None 或包含 NaN/Inf，跳过对抗扰动。
[2025-12-17 20:56:45,379] [WARNING] [TSADAdvTrainer] 生成对抗样本时梯度为 None 或包含 NaN/Inf，跳过对抗扰动。
[2025-12-17 20:56:45,747] [WARNING] [TSADAdvTrainer] 生成对抗样本时梯度为 None 或包含 NaN/Inf，跳过对抗扰动。
[2025-12-17 20:56:46,126] [WARNING] [TSADAdvTrainer] 生成对抗样本时梯度为 None 或包含 NaN/Inf，跳过对抗扰动。
[2025-12-17 20:56:46,493] [WARNING] [TSADAdvTrainer] 生成对抗样本时梯度为 None 或包含 NaN/Inf，跳过对抗扰动。
[2025-12-17 20:56:46,863] [WARNING] [TSADAdvTrainer] 生成对抗样本时梯度为 None 或包含 NaN/Inf，跳过对抗扰动。
[2025-12-17 20:56:47,245] [WARNING] [TSADAdvTrainer] 生成对抗样本时梯度为 None 或包含 NaN/Inf，跳过对抗扰动。
[2025-12-17 20:56:47,605] [WARNING] [TSADAdvTrainer] 生成对抗样本时梯度为 None 或包含 NaN/Inf，跳过对抗扰动。
[2025-12-17 20:56:47,980] [WARNING] [TSADAdvTrainer] 生成对抗样本时梯度为 None 或包含 NaN/Inf，跳过对抗扰动。
[2025-12-17 20:56:48,348] [WARNING] [TSADAdvTrainer] 生成对抗样本时梯度为 None 或包含 NaN/Inf，跳过对抗扰动。
[2025-12-17 20:56:48,724] [WARNING] [TSADAdvTrainer] 生成对抗样本时梯度为 None 或包含 NaN/Inf，跳过对抗扰动。
[2025-12-17 20:56:49,093] [WARNING] [TSADAdvTrainer] 生成对抗样本时梯度为 None 或包含 NaN/Inf，跳过对抗扰动。
[2025-12-17 20:56:49,460] [WARNING] [TSADAdvTrainer] 生成对抗样本时梯度为 None 或包含 NaN/Inf，跳过对抗扰动。
[2025-12-17 20:56:49,833] [WARNING] [TSADAdvTrainer] 生成对抗样本时梯度为 None 或包含 NaN/Inf，跳过对抗扰动。
[2025-12-17 20:56:50,197] [WARNING] [TSADAdvTrainer] 生成对抗样本时梯度为 None 或包含 NaN/Inf，跳过对抗扰动。
[2025-12-17 20:56:50,574] [WARNING] [TSADAdvTrainer] 生成对抗样本时梯度为 None 或包含 NaN/Inf，跳过对抗扰动。
[2025-12-17 20:56:50,955] [WARNING] [TSADAdvTrainer] 生成对抗样本时梯度为 None 或包含 NaN/Inf，跳过对抗扰动。
[2025-12-17 20:56:51,317] [WARNING] [TSADAdvTrainer] 生成对抗样本时梯度为 None 或包含 NaN/Inf，跳过对抗扰动。
[2025-12-17 20:56:51,688] [WARNING] [TSADAdvTrainer] 生成对抗样本时梯度为 None 或包含 NaN/Inf，跳过对抗扰动。
[2025-12-17 20:56:52,209] [WARNING] [TSADAdvTrainer] 生成对抗样本时梯度为 None 或包含 NaN/Inf，跳过对抗扰动。
[2025-12-17 20:56:52,583] [WARNING] [TSADAdvTrainer] 生成对抗样本时梯度为 None 或包含 NaN/Inf，跳过对抗扰动。
[2025-12-17 20:56:52,968] [WARNING] [TSADAdvTrainer] 生成对抗样本时梯度为 None 或包含 NaN/Inf，跳过对抗扰动。
[2025-12-17 20:56:53,339] [WARNING] [TSADAdvTrainer] 生成对抗样本时梯度为 None 或包含 NaN/Inf，跳过对抗扰动。
[2025-12-17 20:56:53,704] [WARNING] [TSADAdvTrainer] 生成对抗样本时梯度为 None 或包含 NaN/Inf，跳过对抗扰动。
[2025-12-17 20:56:54,104] [WARNING] [TSADAdvTrainer] 生成对抗样本时梯度为 None 或包含 NaN/Inf，跳过对抗扰动。
[2025-12-17 20:56:54,468] [WARNING] [TSADAdvTrainer] 生成对抗样本时梯度为 None 或包含 NaN/Inf，跳过对抗扰动。
[2025-12-17 20:56:54,840] [WARNING] [TSADAdvTrainer] 生成对抗样本时梯度为 None 或包含 NaN/Inf，跳过对抗扰动。
[2025-12-17 20:56:55,217] [WARNING] [TSADAdvTrainer] 生成对抗样本时梯度为 None 或包含 NaN/Inf，跳过对抗扰动。
[2025-12-17 20:56:55,593] [WARNING] [TSADAdvTrainer] 生成对抗样本时梯度为 None 或包含 NaN/Inf，跳过对抗扰动。
[2025-12-17 20:56:55,969] [WARNING] [TSADAdvTrainer] 生成对抗样本时梯度为 None 或包含 NaN/Inf，跳过对抗扰动。
[2025-12-17 20:56:56,328] [WARNING] [TSADAdvTrainer] 生成对抗样本时梯度为 None 或包含 NaN/Inf，跳过对抗扰动。
[2025-12-17 20:56:56,697] [WARNING] [TSADAdvTrainer] 生成对抗样本时梯度为 None 或包含 NaN/Inf，跳过对抗扰动。
[2025-12-17 20:56:57,074] [WARNING] [TSADAdvTrainer] 生成对抗样本时梯度为 None 或包含 NaN/Inf，跳过对抗扰动。
[2025-12-17 20:56:57,469] [WARNING] [TSADAdvTrainer] 生成对抗样本时梯度为 None 或包含 NaN/Inf，跳过对抗扰动。
[2025-12-17 20:56:57,849] [WARNING] [TSADAdvTrainer] 生成对抗样本时梯度为 None 或包含 NaN/Inf，跳过对抗扰动。
[2025-12-17 20:56:58,236] [WARNING] [TSADAdvTrainer] 生成对抗样本时梯度为 None 或包含 NaN/Inf，跳过对抗扰动。
[2025-12-17 20:56:58,622] [WARNING] [TSADAdvTrainer] 生成对抗样本时梯度为 None 或包含 NaN/Inf，跳过对抗扰动。
[2025-12-17 20:56:59,002] [WARNING] [TSADAdvTrainer] 生成对抗样本时梯度为 None 或包含 NaN/Inf，跳过对抗扰动。
[2025-12-17 20:56:59,380] [WARNING] [TSADAdvTrainer] 生成对抗样本时梯度为 None 或包含 NaN/Inf，跳过对抗扰动。
[2025-12-17 20:56:59,763] [WARNING] [TSADAdvTrainer] 生成对抗样本时梯度为 None 或包含 NaN/Inf，跳过对抗扰动。
[2025-12-17 20:57:00,126] [WARNING] [TSADAdvTrainer] 生成对抗样本时梯度为 None 或包含 NaN/Inf，跳过对抗扰动。
[2025-12-17 20:57:00,492] [WARNING] [TSADAdvTrainer] 生成对抗样本时梯度为 None 或包含 NaN/Inf，跳过对抗扰动。
[2025-12-17 20:57:00,861] [WARNING] [TSADAdvTrainer] 生成对抗样本时梯度为 None 或包含 NaN/Inf，跳过对抗扰动。
[2025-12-17 20:57:01,392] [WARNING] [TSADAdvTrainer] 生成对抗样本时梯度为 None 或包含 NaN/Inf，跳过对抗扰动。
[2025-12-17 20:57:01,760] [WARNING] [TSADAdvTrainer] 生成对抗样本时梯度为 None 或包含 NaN/Inf，跳过对抗扰动。
[2025-12-17 20:57:02,120] [WARNING] [TSADAdvTrainer] 生成对抗样本时梯度为 None 或包含 NaN/Inf，跳过对抗扰动。
[2025-12-17 20:57:02,493] [WARNING] [TSADAdvTrainer] 生成对抗样本时梯度为 None 或包含 NaN/Inf，跳过对抗扰动。
[2025-12-17 20:57:02,866] [WARNING] [TSADAdvTrainer] 生成对抗样本时梯度为 None 或包含 NaN/Inf，跳过对抗扰动。
[2025-12-17 20:57:03,239] [WARNING] [TSADAdvTrainer] 生成对抗样本时梯度为 None 或包含 NaN/Inf，跳过对抗扰动。
[2025-12-17 20:57:03,618] [WARNING] [TSADAdvTrainer] 生成对抗样本时梯度为 None 或包含 NaN/Inf，跳过对抗扰动。
[2025-12-17 20:57:03,984] [WARNING] [TSADAdvTrainer] 生成对抗样本时梯度为 None 或包含 NaN/Inf，跳过对抗扰动。
[2025-12-17 20:57:04,352] [WARNING] [TSADAdvTrainer] 生成对抗样本时梯度为 None 或包含 NaN/Inf，跳过对抗扰动。
[2025-12-17 20:57:04,735] [WARNING] [TSADAdvTrainer] 生成对抗样本时梯度为 None 或包含 NaN/Inf，跳过对抗扰动。
[2025-12-17 20:57:05,104] [WARNING] [TSADAdvTrainer] 生成对抗样本时梯度为 None 或包含 NaN/Inf，跳过对抗扰动。
[2025-12-17 20:57:05,467] [WARNING] [TSADAdvTrainer] 生成对抗样本时梯度为 None 或包含 NaN/Inf，跳过对抗扰动。
[2025-12-17 20:57:05,843] [WARNING] [TSADAdvTrainer] 生成对抗样本时梯度为 None 或包含 NaN/Inf，跳过对抗扰动。
[2025-12-17 20:57:06,213] [WARNING] [TSADAdvTrainer] 生成对抗样本时梯度为 None 或包含 NaN/Inf，跳过对抗扰动。
[2025-12-17 20:57:06,590] [WARNING] [TSADAdvTrainer] 生成对抗样本时梯度为 None 或包含 NaN/Inf，跳过对抗扰动。
[2025-12-17 20:57:06,964] [WARNING] [TSADAdvTrainer] 生成对抗样本时梯度为 None 或包含 NaN/Inf，跳过对抗扰动。
[2025-12-17 20:57:07,348] [WARNING] [TSADAdvTrainer] 生成对抗样本时梯度为 None 或包含 NaN/Inf，跳过对抗扰动。
[2025-12-17 20:57:07,710] [WARNING] [TSADAdvTrainer] 生成对抗样本时梯度为 None 或包含 NaN/Inf，跳过对抗扰动。
[2025-12-17 20:57:08,090] [WARNING] [TSADAdvTrainer] 生成对抗样本时梯度为 None 或包含 NaN/Inf，跳过对抗扰动。
[2025-12-17 20:57:08,462] [WARNING] [TSADAdvTrainer] 生成对抗样本时梯度为 None 或包含 NaN/Inf，跳过对抗扰动。
[2025-12-17 20:57:08,844] [WARNING] [TSADAdvTrainer] 生成对抗样本时梯度为 None 或包含 NaN/Inf，跳过对抗扰动。
[2025-12-17 20:57:09,219] [WARNING] [TSADAdvTrainer] 生成对抗样本时梯度为 None 或包含 NaN/Inf，跳过对抗扰动。
[2025-12-17 20:57:09,600] [WARNING] [TSADAdvTrainer] 生成对抗样本时梯度为 None 或包含 NaN/Inf，跳过对抗扰动。
[2025-12-17 20:57:09,965] [WARNING] [TSADAdvTrainer] 生成对抗样本时梯度为 None 或包含 NaN/Inf，跳过对抗扰动。
[2025-12-17 20:57:10,338] [WARNING] [TSADAdvTrainer] 生成对抗样本时梯度为 None 或包含 NaN/Inf，跳过对抗扰动。
[2025-12-17 20:57:10,714] [WARNING] [TSADAdvTrainer] 生成对抗样本时梯度为 None 或包含 NaN/Inf，跳过对抗扰动。
[2025-12-17 20:57:11,093] [WARNING] [TSADAdvTrainer] 生成对抗样本时梯度为 None 或包含 NaN/Inf，跳过对抗扰动。
[2025-12-17 20:57:11,477] [WARNING] [TSADAdvTrainer] 生成对抗样本时梯度为 None 或包含 NaN/Inf，跳过对抗扰动。
[2025-12-17 20:57:11,845] [WARNING] [TSADAdvTrainer] 生成对抗样本时梯度为 None 或包含 NaN/Inf，跳过对抗扰动。
[2025-12-17 20:57:12,221] [WARNING] [TSADAdvTrainer] 生成对抗样本时梯度为 None 或包含 NaN/Inf，跳过对抗扰动。
[2025-12-17 20:57:12,608] [WARNING] [TSADAdvTrainer] 生成对抗样本时梯度为 None 或包含 NaN/Inf，跳过对抗扰动。
[2025-12-17 20:57:12,982] [WARNING] [TSADAdvTrainer] 生成对抗样本时梯度为 None 或包含 NaN/Inf，跳过对抗扰动。
[2025-12-17 20:57:13,372] [WARNING] [TSADAdvTrainer] 生成对抗样本时梯度为 None 或包含 NaN/Inf，跳过对抗扰动。
[2025-12-17 20:57:13,744] [WARNING] [TSADAdvTrainer] 生成对抗样本时梯度为 None 或包含 NaN/Inf，跳过对抗扰动。
[2025-12-17 20:57:14,114] [WARNING] [TSADAdvTrainer] 生成对抗样本时梯度为 None 或包含 NaN/Inf，跳过对抗扰动。
[2025-12-17 20:57:14,495] [WARNING] [TSADAdvTrainer] 生成对抗样本时梯度为 None 或包含 NaN/Inf，跳过对抗扰动。
[2025-12-17 20:57:14,872] [WARNING] [TSADAdvTrainer] 生成对抗样本时梯度为 None 或包含 NaN/Inf，跳过对抗扰动。
[2025-12-17 20:57:15,264] [WARNING] [TSADAdvTrainer] 生成对抗样本时梯度为 None 或包含 NaN/Inf，跳过对抗扰动。
[2025-12-17 20:57:15,653] [WARNING] [TSADAdvTrainer] 生成对抗样本时梯度为 None 或包含 NaN/Inf，跳过对抗扰动。
[2025-12-17 20:57:16,033] [WARNING] [TSADAdvTrainer] 生成对抗样本时梯度为 None 或包含 NaN/Inf，跳过对抗扰动。
[2025-12-17 20:57:16,410] [WARNING] [TSADAdvTrainer] 生成对抗样本时梯度为 None 或包含 NaN/Inf，跳过对抗扰动。
[2025-12-17 20:57:16,780] [WARNING] [TSADAdvTrainer] 生成对抗样本时梯度为 None 或包含 NaN/Inf，跳过对抗扰动。
[2025-12-17 20:57:17,147] [WARNING] [TSADAdvTrainer] 生成对抗样本时梯度为 None 或包含 NaN/Inf，跳过对抗扰动。
[2025-12-17 20:57:17,520] [WARNING] [TSADAdvTrainer] 生成对抗样本时梯度为 None 或包含 NaN/Inf，跳过对抗扰动。
[2025-12-17 20:57:17,892] [WARNING] [TSADAdvTrainer] 生成对抗样本时梯度为 None 或包含 NaN/Inf，跳过对抗扰动。
[2025-12-17 20:57:18,271] [WARNING] [TSADAdvTrainer] 生成对抗样本时梯度为 None 或包含 NaN/Inf，跳过对抗扰动。
[2025-12-17 20:57:18,639] [WARNING] [TSADAdvTrainer] 生成对抗样本时梯度为 None 或包含 NaN/Inf，跳过对抗扰动。
[2025-12-17 20:57:19,018] [WARNING] [TSADAdvTrainer] 生成对抗样本时梯度为 None 或包含 NaN/Inf，跳过对抗扰动。
[2025-12-17 20:57:19,406] [WARNING] [TSADAdvTrainer] 生成对抗样本时梯度为 None 或包含 NaN/Inf，跳过对抗扰动。
[2025-12-17 20:57:19,781] [WARNING] [TSADAdvTrainer] 生成对抗样本时梯度为 None 或包含 NaN/Inf，跳过对抗扰动。
[2025-12-17 20:57:20,145] [WARNING] [TSADAdvTrainer] 生成对抗样本时梯度为 None 或包含 NaN/Inf，跳过对抗扰动。
[2025-12-17 20:57:20,522] [WARNING] [TSADAdvTrainer] 生成对抗样本时梯度为 None 或包含 NaN/Inf，跳过对抗扰动。
[2025-12-17 20:57:20,896] [WARNING] [TSADAdvTrainer] 生成对抗样本时梯度为 None 或包含 NaN/Inf，跳过对抗扰动。
[2025-12-17 20:57:21,264] [WARNING] [TSADAdvTrainer] 生成对抗样本时梯度为 None 或包含 NaN/Inf，跳过对抗扰动。
[2025-12-17 20:57:21,627] [WARNING] [TSADAdvTrainer] 生成对抗样本时梯度为 None 或包含 NaN/Inf，跳过对抗扰动。
[2025-12-17 20:57:21,994] [WARNING] [TSADAdvTrainer] 生成对抗样本时梯度为 None 或包含 NaN/Inf，跳过对抗扰动。
[2025-12-17 20:57:22,379] [WARNING] [TSADAdvTrainer] 生成对抗样本时梯度为 None 或包含 NaN/Inf，跳过对抗扰动。
[2025-12-17 20:57:22,749] [WARNING] [TSADAdvTrainer] 生成对抗样本时梯度为 None 或包含 NaN/Inf，跳过对抗扰动。
[2025-12-17 20:57:23,129] [WARNING] [TSADAdvTrainer] 生成对抗样本时梯度为 None 或包含 NaN/Inf，跳过对抗扰动。
[2025-12-17 20:57:23,489] [WARNING] [TSADAdvTrainer] 生成对抗样本时梯度为 None 或包含 NaN/Inf，跳过对抗扰动。
[2025-12-17 20:57:23,855] [WARNING] [TSADAdvTrainer] 生成对抗样本时梯度为 None 或包含 NaN/Inf，跳过对抗扰动。
[2025-12-17 20:57:24,224] [WARNING] [TSADAdvTrainer] 生成对抗样本时梯度为 None 或包含 NaN/Inf，跳过对抗扰动。
[2025-12-17 20:57:24,595] [WARNING] [TSADAdvTrainer] 生成对抗样本时梯度为 None 或包含 NaN/Inf，跳过对抗扰动。
[2025-12-17 20:57:24,973] [WARNING] [TSADAdvTrainer] 生成对抗样本时梯度为 None 或包含 NaN/Inf，跳过对抗扰动。
[2025-12-17 20:57:25,356] [WARNING] [TSADAdvTrainer] 生成对抗样本时梯度为 None 或包含 NaN/Inf，跳过对抗扰动。
[2025-12-17 20:57:25,730] [WARNING] [TSADAdvTrainer] 生成对抗样本时梯度为 None 或包含 NaN/Inf，跳过对抗扰动。
[2025-12-17 20:57:26,089] [WARNING] [TSADAdvTrainer] 生成对抗样本时梯度为 None 或包含 NaN/Inf，跳过对抗扰动。
[2025-12-17 20:57:26,465] [WARNING] [TSADAdvTrainer] 生成对抗样本时梯度为 None 或包含 NaN/Inf，跳过对抗扰动。
[2025-12-17 20:57:26,831] [WARNING] [TSADAdvTrainer] 生成对抗样本时梯度为 None 或包含 NaN/Inf，跳过对抗扰动。
[2025-12-17 20:57:27,200] [WARNING] [TSADAdvTrainer] 生成对抗样本时梯度为 None 或包含 NaN/Inf，跳过对抗扰动。
[2025-12-17 20:57:27,565] [WARNING] [TSADAdvTrainer] 生成对抗样本时梯度为 None 或包含 NaN/Inf，跳过对抗扰动。
[2025-12-17 20:57:27,932] [WARNING] [TSADAdvTrainer] 生成对抗样本时梯度为 None 或包含 NaN/Inf，跳过对抗扰动。
[2025-12-17 20:57:28,309] [WARNING] [TSADAdvTrainer] 生成对抗样本时梯度为 None 或包含 NaN/Inf，跳过对抗扰动。
[2025-12-17 20:57:28,679] [WARNING] [TSADAdvTrainer] 生成对抗样本时梯度为 None 或包含 NaN/Inf，跳过对抗扰动。
[2025-12-17 20:57:29,062] [WARNING] [TSADAdvTrainer] 生成对抗样本时梯度为 None 或包含 NaN/Inf，跳过对抗扰动。
[2025-12-17 20:57:29,437] [WARNING] [TSADAdvTrainer] 生成对抗样本时梯度为 None 或包含 NaN/Inf，跳过对抗扰动。
[2025-12-17 20:57:29,801] [WARNING] [TSADAdvTrainer] 生成对抗样本时梯度为 None 或包含 NaN/Inf，跳过对抗扰动。
[2025-12-17 20:57:30,172] [WARNING] [TSADAdvTrainer] 生成对抗样本时梯度为 None 或包含 NaN/Inf，跳过对抗扰动。
[2025-12-17 20:57:30,541] [WARNING] [TSADAdvTrainer] 生成对抗样本时梯度为 None 或包含 NaN/Inf，跳过对抗扰动。
[2025-12-17 20:57:30,910] [WARNING] [TSADAdvTrainer] 生成对抗样本时梯度为 None 或包含 NaN/Inf，跳过对抗扰动。
[2025-12-17 20:57:31,272] [WARNING] [TSADAdvTrainer] 生成对抗样本时梯度为 None 或包含 NaN/Inf，跳过对抗扰动。
[2025-12-17 20:57:31,644] [WARNING] [TSADAdvTrainer] 生成对抗样本时梯度为 None 或包含 NaN/Inf，跳过对抗扰动。
[2025-12-17 20:57:32,017] [WARNING] [TSADAdvTrainer] 生成对抗样本时梯度为 None 或包含 NaN/Inf，跳过对抗扰动。
[2025-12-17 20:57:32,381] [WARNING] [TSADAdvTrainer] 生成对抗样本时梯度为 None 或包含 NaN/Inf，跳过对抗扰动。
[2025-12-17 20:57:32,773] [WARNING] [TSADAdvTrainer] 生成对抗样本时梯度为 None 或包含 NaN/Inf，跳过对抗扰动。
[2025-12-17 20:57:33,145] [WARNING] [TSADAdvTrainer] 生成对抗样本时梯度为 None 或包含 NaN/Inf，跳过对抗扰动。
[2025-12-17 20:57:33,519] [WARNING] [TSADAdvTrainer] 生成对抗样本时梯度为 None 或包含 NaN/Inf，跳过对抗扰动。
[2025-12-17 20:57:33,894] [WARNING] [TSADAdvTrainer] 生成对抗样本时梯度为 None 或包含 NaN/Inf，跳过对抗扰动。
[2025-12-17 20:57:34,270] [WARNING] [TSADAdvTrainer] 生成对抗样本时梯度为 None 或包含 NaN/Inf，跳过对抗扰动。
[2025-12-17 20:57:34,656] [WARNING] [TSADAdvTrainer] 生成对抗样本时梯度为 None 或包含 NaN/Inf，跳过对抗扰动。
[2025-12-17 20:57:35,031] [WARNING] [TSADAdvTrainer] 生成对抗样本时梯度为 None 或包含 NaN/Inf，跳过对抗扰动。
[2025-12-17 20:57:35,418] [WARNING] [TSADAdvTrainer] 生成对抗样本时梯度为 None 或包含 NaN/Inf，跳过对抗扰动。
[2025-12-17 20:57:35,796] [WARNING] [TSADAdvTrainer] 生成对抗样本时梯度为 None 或包含 NaN/Inf，跳过对抗扰动。
[2025-12-17 20:57:36,161] [WARNING] [TSADAdvTrainer] 生成对抗样本时梯度为 None 或包含 NaN/Inf，跳过对抗扰动。
[2025-12-17 20:57:36,546] [WARNING] [TSADAdvTrainer] 生成对抗样本时梯度为 None 或包含 NaN/Inf，跳过对抗扰动。
[2025-12-17 20:57:36,917] [WARNING] [TSADAdvTrainer] 生成对抗样本时梯度为 None 或包含 NaN/Inf，跳过对抗扰动。
[2025-12-17 20:57:37,293] [WARNING] [TSADAdvTrainer] 生成对抗样本时梯度为 None 或包含 NaN/Inf，跳过对抗扰动。
[2025-12-17 20:57:37,653] [WARNING] [TSADAdvTrainer] 生成对抗样本时梯度为 None 或包含 NaN/Inf，跳过对抗扰动。
[2025-12-17 20:57:38,005] [WARNING] [TSADAdvTrainer] 生成对抗样本时梯度为 None 或包含 NaN/Inf，跳过对抗扰动。
[2025-12-17 20:57:38,373] [WARNING] [TSADAdvTrainer] 生成对抗样本时梯度为 None 或包含 NaN/Inf，跳过对抗扰动。
[2025-12-17 20:57:38,744] [WARNING] [TSADAdvTrainer] 生成对抗样本时梯度为 None 或包含 NaN/Inf，跳过对抗扰动。
[2025-12-17 20:57:39,113] [WARNING] [TSADAdvTrainer] 生成对抗样本时梯度为 None 或包含 NaN/Inf，跳过对抗扰动。
[2025-12-17 20:57:39,478] [WARNING] [TSADAdvTrainer] 生成对抗样本时梯度为 None 或包含 NaN/Inf，跳过对抗扰动。
[2025-12-17 20:57:39,839] [WARNING] [TSADAdvTrainer] 生成对抗样本时梯度为 None 或包含 NaN/Inf，跳过对抗扰动。
[2025-12-17 20:57:40,205] [WARNING] [TSADAdvTrainer] 生成对抗样本时梯度为 None 或包含 NaN/Inf，跳过对抗扰动。
[2025-12-17 20:57:40,590] [WARNING] [TSADAdvTrainer] 生成对抗样本时梯度为 None 或包含 NaN/Inf，跳过对抗扰动。
[2025-12-17 20:57:40,975] [WARNING] [TSADAdvTrainer] 生成对抗样本时梯度为 None 或包含 NaN/Inf，跳过对抗扰动。
[2025-12-17 20:57:41,353] [WARNING] [TSADAdvTrainer] 生成对抗样本时梯度为 None 或包含 NaN/Inf，跳过对抗扰动。
[2025-12-17 20:57:41,729] [WARNING] [TSADAdvTrainer] 生成对抗样本时梯度为 None 或包含 NaN/Inf，跳过对抗扰动。
[2025-12-17 20:57:42,118] [WARNING] [TSADAdvTrainer] 生成对抗样本时梯度为 None 或包含 NaN/Inf，跳过对抗扰动。
[2025-12-17 20:57:42,502] [WARNING] [TSADAdvTrainer] 生成对抗样本时梯度为 None 或包含 NaN/Inf，跳过对抗扰动。
[2025-12-17 20:57:42,876] [WARNING] [TSADAdvTrainer] 生成对抗样本时梯度为 None 或包含 NaN/Inf，跳过对抗扰动。
[2025-12-17 20:57:43,246] [WARNING] [TSADAdvTrainer] 生成对抗样本时梯度为 None 或包含 NaN/Inf，跳过对抗扰动。
[2025-12-17 20:57:43,623] [WARNING] [TSADAdvTrainer] 生成对抗样本时梯度为 None 或包含 NaN/Inf，跳过对抗扰动。
[2025-12-17 20:57:43,999] [WARNING] [TSADAdvTrainer] 生成对抗样本时梯度为 None 或包含 NaN/Inf，跳过对抗扰动。
[2025-12-17 20:57:44,382] [WARNING] [TSADAdvTrainer] 生成对抗样本时梯度为 None 或包含 NaN/Inf，跳过对抗扰动。
[2025-12-17 20:57:44,753] [WARNING] [TSADAdvTrainer] 生成对抗样本时梯度为 None 或包含 NaN/Inf，跳过对抗扰动。
[2025-12-17 20:57:45,115] [WARNING] [TSADAdvTrainer] 生成对抗样本时梯度为 None 或包含 NaN/Inf，跳过对抗扰动。
[2025-12-17 20:57:45,492] [WARNING] [TSADAdvTrainer] 生成对抗样本时梯度为 None 或包含 NaN/Inf，跳过对抗扰动。
[2025-12-17 20:57:45,875] [WARNING] [TSADAdvTrainer] 生成对抗样本时梯度为 None 或包含 NaN/Inf，跳过对抗扰动。
[2025-12-17 20:57:46,251] [WARNING] [TSADAdvTrainer] 生成对抗样本时梯度为 None 或包含 NaN/Inf，跳过对抗扰动。
[2025-12-17 20:57:46,621] [WARNING] [TSADAdvTrainer] 生成对抗样本时梯度为 None 或包含 NaN/Inf，跳过对抗扰动。
[2025-12-17 20:57:47,023] [WARNING] [TSADAdvTrainer] 生成对抗样本时梯度为 None 或包含 NaN/Inf，跳过对抗扰动。
[2025-12-17 20:57:47,435] [WARNING] [TSADAdvTrainer] 生成对抗样本时梯度为 None 或包含 NaN/Inf，跳过对抗扰动。
[2025-12-17 20:57:47,818] [WARNING] [TSADAdvTrainer] 生成对抗样本时梯度为 None 或包含 NaN/Inf，跳过对抗扰动。
[2025-12-17 20:57:48,196] [WARNING] [TSADAdvTrainer] 生成对抗样本时梯度为 None 或包含 NaN/Inf，跳过对抗扰动。
[2025-12-17 20:57:48,566] [WARNING] [TSADAdvTrainer] 生成对抗样本时梯度为 None 或包含 NaN/Inf，跳过对抗扰动。
[2025-12-17 20:57:48,943] [WARNING] [TSADAdvTrainer] 生成对抗样本时梯度为 None 或包含 NaN/Inf，跳过对抗扰动。
[2025-12-17 20:57:49,320] [WARNING] [TSADAdvTrainer] 生成对抗样本时梯度为 None 或包含 NaN/Inf，跳过对抗扰动。
[2025-12-17 20:57:49,694] [WARNING] [TSADAdvTrainer] 生成对抗样本时梯度为 None 或包含 NaN/Inf，跳过对抗扰动。
[2025-12-17 20:57:50,074] [WARNING] [TSADAdvTrainer] 生成对抗样本时梯度为 None 或包含 NaN/Inf，跳过对抗扰动。
[2025-12-17 20:57:50,448] [WARNING] [TSADAdvTrainer] 生成对抗样本时梯度为 None 或包含 NaN/Inf，跳过对抗扰动。
[2025-12-17 20:57:50,812] [WARNING] [TSADAdvTrainer] 生成对抗样本时梯度为 None 或包含 NaN/Inf，跳过对抗扰动。
[2025-12-17 20:57:51,189] [WARNING] [TSADAdvTrainer] 生成对抗样本时梯度为 None 或包含 NaN/Inf，跳过对抗扰动。
[2025-12-17 20:57:51,567] [WARNING] [TSADAdvTrainer] 生成对抗样本时梯度为 None 或包含 NaN/Inf，跳过对抗扰动。
[2025-12-17 20:57:51,934] [WARNING] [TSADAdvTrainer] 生成对抗样本时梯度为 None 或包含 NaN/Inf，跳过对抗扰动。
[2025-12-17 20:57:52,311] [WARNING] [TSADAdvTrainer] 生成对抗样本时梯度为 None 或包含 NaN/Inf，跳过对抗扰动。
[2025-12-17 20:57:52,696] [WARNING] [TSADAdvTrainer] 生成对抗样本时梯度为 None 或包含 NaN/Inf，跳过对抗扰动。
[2025-12-17 20:57:53,077] [WARNING] [TSADAdvTrainer] 生成对抗样本时梯度为 None 或包含 NaN/Inf，跳过对抗扰动。
[2025-12-17 20:57:53,459] [WARNING] [TSADAdvTrainer] 生成对抗样本时梯度为 None 或包含 NaN/Inf，跳过对抗扰动。
[2025-12-17 20:57:53,827] [WARNING] [TSADAdvTrainer] 生成对抗样本时梯度为 None 或包含 NaN/Inf，跳过对抗扰动。
[2025-12-17 20:57:54,202] [WARNING] [TSADAdvTrainer] 生成对抗样本时梯度为 None 或包含 NaN/Inf，跳过对抗扰动。
[2025-12-17 20:57:54,587] [WARNING] [TSADAdvTrainer] 生成对抗样本时梯度为 None 或包含 NaN/Inf，跳过对抗扰动。
[2025-12-17 20:57:54,963] [WARNING] [TSADAdvTrainer] 生成对抗样本时梯度为 None 或包含 NaN/Inf，跳过对抗扰动。
[2025-12-17 20:57:55,329] [WARNING] [TSADAdvTrainer] 生成对抗样本时梯度为 None 或包含 NaN/Inf，跳过对抗扰动。
[2025-12-17 20:57:55,699] [WARNING] [TSADAdvTrainer] 生成对抗样本时梯度为 None 或包含 NaN/Inf，跳过对抗扰动。
[2025-12-17 20:57:56,075] [WARNING] [TSADAdvTrainer] 生成对抗样本时梯度为 None 或包含 NaN/Inf，跳过对抗扰动。
[2025-12-17 20:57:56,450] [WARNING] [TSADAdvTrainer] 生成对抗样本时梯度为 None 或包含 NaN/Inf，跳过对抗扰动。
[2025-12-17 20:57:56,826] [WARNING] [TSADAdvTrainer] 生成对抗样本时梯度为 None 或包含 NaN/Inf，跳过对抗扰动。
[2025-12-17 20:57:57,200] [WARNING] [TSADAdvTrainer] 生成对抗样本时梯度为 None 或包含 NaN/Inf，跳过对抗扰动。
[2025-12-17 20:57:57,580] [WARNING] [TSADAdvTrainer] 生成对抗样本时梯度为 None 或包含 NaN/Inf，跳过对抗扰动。
[2025-12-17 20:57:57,954] [WARNING] [TSADAdvTrainer] 生成对抗样本时梯度为 None 或包含 NaN/Inf，跳过对抗扰动。
[2025-12-17 20:57:58,332] [WARNING] [TSADAdvTrainer] 生成对抗样本时梯度为 None 或包含 NaN/Inf，跳过对抗扰动。
[2025-12-17 20:57:58,709] [WARNING] [TSADAdvTrainer] 生成对抗样本时梯度为 None 或包含 NaN/Inf，跳过对抗扰动。
[2025-12-17 20:57:59,092] [WARNING] [TSADAdvTrainer] 生成对抗样本时梯度为 None 或包含 NaN/Inf，跳过对抗扰动。
[2025-12-17 20:57:59,479] [WARNING] [TSADAdvTrainer] 生成对抗样本时梯度为 None 或包含 NaN/Inf，跳过对抗扰动。
[2025-12-17 20:57:59,854] [WARNING] [TSADAdvTrainer] 生成对抗样本时梯度为 None 或包含 NaN/Inf，跳过对抗扰动。
[2025-12-17 20:58:00,221] [WARNING] [TSADAdvTrainer] 生成对抗样本时梯度为 None 或包含 NaN/Inf，跳过对抗扰动。
[2025-12-17 20:58:00,588] [WARNING] [TSADAdvTrainer] 生成对抗样本时梯度为 None 或包含 NaN/Inf，跳过对抗扰动。
[2025-12-17 20:58:00,978] [WARNING] [TSADAdvTrainer] 生成对抗样本时梯度为 None 或包含 NaN/Inf，跳过对抗扰动。
[2025-12-17 20:58:01,355] [WARNING] [TSADAdvTrainer] 生成对抗样本时梯度为 None 或包含 NaN/Inf，跳过对抗扰动。
[2025-12-17 20:58:01,727] [WARNING] [TSADAdvTrainer] 生成对抗样本时梯度为 None 或包含 NaN/Inf，跳过对抗扰动。
[2025-12-17 20:58:02,122] [WARNING] [TSADAdvTrainer] 生成对抗样本时梯度为 None 或包含 NaN/Inf，跳过对抗扰动。
[2025-12-17 20:58:02,492] [WARNING] [TSADAdvTrainer] 生成对抗样本时梯度为 None 或包含 NaN/Inf，跳过对抗扰动。
[2025-12-17 20:58:02,857] [WARNING] [TSADAdvTrainer] 生成对抗样本时梯度为 None 或包含 NaN/Inf，跳过对抗扰动。
[2025-12-17 20:58:03,228] [WARNING] [TSADAdvTrainer] 生成对抗样本时梯度为 None 或包含 NaN/Inf，跳过对抗扰动。
[2025-12-17 20:58:03,601] [WARNING] [TSADAdvTrainer] 生成对抗样本时梯度为 None 或包含 NaN/Inf，跳过对抗扰动。
[2025-12-17 20:58:03,979] [WARNING] [TSADAdvTrainer] 生成对抗样本时梯度为 None 或包含 NaN/Inf，跳过对抗扰动。
[2025-12-17 20:58:04,352] [WARNING] [TSADAdvTrainer] 生成对抗样本时梯度为 None 或包含 NaN/Inf，跳过对抗扰动。
[2025-12-17 20:58:04,731] [WARNING] [TSADAdvTrainer] 生成对抗样本时梯度为 None 或包含 NaN/Inf，跳过对抗扰动。
[2025-12-17 20:58:05,096] [WARNING] [TSADAdvTrainer] 生成对抗样本时梯度为 None 或包含 NaN/Inf，跳过对抗扰动。
[2025-12-17 20:58:05,479] [WARNING] [TSADAdvTrainer] 生成对抗样本时梯度为 None 或包含 NaN/Inf，跳过对抗扰动。
[2025-12-17 20:58:05,852] [WARNING] [TSADAdvTrainer] 生成对抗样本时梯度为 None 或包含 NaN/Inf，跳过对抗扰动。
[2025-12-17 20:58:06,229] [WARNING] [TSADAdvTrainer] 生成对抗样本时梯度为 None 或包含 NaN/Inf，跳过对抗扰动。
[2025-12-17 20:58:06,605] [WARNING] [TSADAdvTrainer] 生成对抗样本时梯度为 None 或包含 NaN/Inf，跳过对抗扰动。
[2025-12-17 20:58:06,989] [WARNING] [TSADAdvTrainer] 生成对抗样本时梯度为 None 或包含 NaN/Inf，跳过对抗扰动。
[2025-12-17 20:58:07,360] [WARNING] [TSADAdvTrainer] 生成对抗样本时梯度为 None 或包含 NaN/Inf，跳过对抗扰动。
[2025-12-17 20:58:07,726] [WARNING] [TSADAdvTrainer] 生成对抗样本时梯度为 None 或包含 NaN/Inf，跳过对抗扰动。
[2025-12-17 20:58:08,107] [WARNING] [TSADAdvTrainer] 生成对抗样本时梯度为 None 或包含 NaN/Inf，跳过对抗扰动。
[2025-12-17 20:58:08,490] [WARNING] [TSADAdvTrainer] 生成对抗样本时梯度为 None 或包含 NaN/Inf，跳过对抗扰动。
[2025-12-17 20:58:08,873] [WARNING] [TSADAdvTrainer] 生成对抗样本时梯度为 None 或包含 NaN/Inf，跳过对抗扰动。
[2025-12-17 20:58:09,263] [WARNING] [TSADAdvTrainer] 生成对抗样本时梯度为 None 或包含 NaN/Inf，跳过对抗扰动。
[2025-12-17 20:58:09,642] [WARNING] [TSADAdvTrainer] 生成对抗样本时梯度为 None 或包含 NaN/Inf，跳过对抗扰动。
[2025-12-17 20:58:10,011] [WARNING] [TSADAdvTrainer] 生成对抗样本时梯度为 None 或包含 NaN/Inf，跳过对抗扰动。
[2025-12-17 20:58:10,377] [WARNING] [TSADAdvTrainer] 生成对抗样本时梯度为 None 或包含 NaN/Inf，跳过对抗扰动。
[2025-12-17 20:58:10,785] [WARNING] [TSADAdvTrainer] 生成对抗样本时梯度为 None 或包含 NaN/Inf，跳过对抗扰动。
[2025-12-17 20:58:11,152] [WARNING] [TSADAdvTrainer] 生成对抗样本时梯度为 None 或包含 NaN/Inf，跳过对抗扰动。
[2025-12-17 20:58:11,531] [WARNING] [TSADAdvTrainer] 生成对抗样本时梯度为 None 或包含 NaN/Inf，跳过对抗扰动。
[2025-12-17 20:58:11,892] [WARNING] [TSADAdvTrainer] 生成对抗样本时梯度为 None 或包含 NaN/Inf，跳过对抗扰动。
[2025-12-17 20:58:12,258] [WARNING] [TSADAdvTrainer] 生成对抗样本时梯度为 None 或包含 NaN/Inf，跳过对抗扰动。
[2025-12-17 20:58:12,621] [WARNING] [TSADAdvTrainer] 生成对抗样本时梯度为 None 或包含 NaN/Inf，跳过对抗扰动。
[2025-12-17 20:58:13,003] [WARNING] [TSADAdvTrainer] 生成对抗样本时梯度为 None 或包含 NaN/Inf，跳过对抗扰动。
[2025-12-17 20:58:13,366] [WARNING] [TSADAdvTrainer] 生成对抗样本时梯度为 None 或包含 NaN/Inf，跳过对抗扰动。
[2025-12-17 20:58:13,748] [WARNING] [TSADAdvTrainer] 生成对抗样本时梯度为 None 或包含 NaN/Inf，跳过对抗扰动。
[2025-12-17 20:58:14,123] [WARNING] [TSADAdvTrainer] 生成对抗样本时梯度为 None 或包含 NaN/Inf，跳过对抗扰动。
[2025-12-17 20:58:14,492] [WARNING] [TSADAdvTrainer] 生成对抗样本时梯度为 None 或包含 NaN/Inf，跳过对抗扰动。
[2025-12-17 20:58:14,873] [WARNING] [TSADAdvTrainer] 生成对抗样本时梯度为 None 或包含 NaN/Inf，跳过对抗扰动。
[2025-12-17 20:58:15,234] [WARNING] [TSADAdvTrainer] 生成对抗样本时梯度为 None 或包含 NaN/Inf，跳过对抗扰动。
[2025-12-17 20:58:15,613] [WARNING] [TSADAdvTrainer] 生成对抗样本时梯度为 None 或包含 NaN/Inf，跳过对抗扰动。
[2025-12-17 20:58:15,975] [WARNING] [TSADAdvTrainer] 生成对抗样本时梯度为 None 或包含 NaN/Inf，跳过对抗扰动。
[2025-12-17 20:58:16,354] [WARNING] [TSADAdvTrainer] 生成对抗样本时梯度为 None 或包含 NaN/Inf，跳过对抗扰动。
[2025-12-17 20:58:16,891] [WARNING] [TSADAdvTrainer] 生成对抗样本时梯度为 None 或包含 NaN/Inf，跳过对抗扰动。
[2025-12-17 20:58:17,263] [WARNING] [TSADAdvTrainer] 生成对抗样本时梯度为 None 或包含 NaN/Inf，跳过对抗扰动。
[2025-12-17 20:58:17,637] [WARNING] [TSADAdvTrainer] 生成对抗样本时梯度为 None 或包含 NaN/Inf，跳过对抗扰动。
[2025-12-17 20:58:17,999] [WARNING] [TSADAdvTrainer] 生成对抗样本时梯度为 None 或包含 NaN/Inf，跳过对抗扰动。
[2025-12-17 20:58:18,369] [WARNING] [TSADAdvTrainer] 生成对抗样本时梯度为 None 或包含 NaN/Inf，跳过对抗扰动。
[2025-12-17 20:58:18,747] [WARNING] [TSADAdvTrainer] 生成对抗样本时梯度为 None 或包含 NaN/Inf，跳过对抗扰动。
[2025-12-17 20:58:19,126] [WARNING] [TSADAdvTrainer] 生成对抗样本时梯度为 None 或包含 NaN/Inf，跳过对抗扰动。
[2025-12-17 20:58:19,506] [WARNING] [TSADAdvTrainer] 生成对抗样本时梯度为 None 或包含 NaN/Inf，跳过对抗扰动。
[2025-12-17 20:58:19,885] [WARNING] [TSADAdvTrainer] 生成对抗样本时梯度为 None 或包含 NaN/Inf，跳过对抗扰动。
[2025-12-17 20:58:20,250] [WARNING] [TSADAdvTrainer] 生成对抗样本时梯度为 None 或包含 NaN/Inf，跳过对抗扰动。
[2025-12-17 20:58:20,632] [WARNING] [TSADAdvTrainer] 生成对抗样本时梯度为 None 或包含 NaN/Inf，跳过对抗扰动。
[2025-12-17 20:58:21,018] [WARNING] [TSADAdvTrainer] 生成对抗样本时梯度为 None 或包含 NaN/Inf，跳过对抗扰动。
[2025-12-17 20:58:21,396] [WARNING] [TSADAdvTrainer] 生成对抗样本时梯度为 None 或包含 NaN/Inf，跳过对抗扰动。
[2025-12-17 20:58:21,764] [WARNING] [TSADAdvTrainer] 生成对抗样本时梯度为 None 或包含 NaN/Inf，跳过对抗扰动。
[2025-12-17 20:58:22,134] [WARNING] [TSADAdvTrainer] 生成对抗样本时梯度为 None 或包含 NaN/Inf，跳过对抗扰动。
[2025-12-17 20:58:22,501] [WARNING] [TSADAdvTrainer] 生成对抗样本时梯度为 None 或包含 NaN/Inf，跳过对抗扰动。
[2025-12-17 20:58:22,878] [WARNING] [TSADAdvTrainer] 生成对抗样本时梯度为 None 或包含 NaN/Inf，跳过对抗扰动。
[2025-12-17 20:58:23,249] [WARNING] [TSADAdvTrainer] 生成对抗样本时梯度为 None 或包含 NaN/Inf，跳过对抗扰动。
[2025-12-17 20:58:23,614] [WARNING] [TSADAdvTrainer] 生成对抗样本时梯度为 None 或包含 NaN/Inf，跳过对抗扰动。
[2025-12-17 20:58:23,997] [WARNING] [TSADAdvTrainer] 生成对抗样本时梯度为 None 或包含 NaN/Inf，跳过对抗扰动。
[2025-12-17 20:58:24,364] [WARNING] [TSADAdvTrainer] 生成对抗样本时梯度为 None 或包含 NaN/Inf，跳过对抗扰动。
[2025-12-17 20:58:24,725] [WARNING] [TSADAdvTrainer] 生成对抗样本时梯度为 None 或包含 NaN/Inf，跳过对抗扰动。
[2025-12-17 20:58:25,106] [WARNING] [TSADAdvTrainer] 生成对抗样本时梯度为 None 或包含 NaN/Inf，跳过对抗扰动。
[2025-12-17 20:58:25,471] [WARNING] [TSADAdvTrainer] 生成对抗样本时梯度为 None 或包含 NaN/Inf，跳过对抗扰动。
[2025-12-17 20:58:25,846] [WARNING] [TSADAdvTrainer] 生成对抗样本时梯度为 None 或包含 NaN/Inf，跳过对抗扰动。
[2025-12-17 20:58:26,215] [WARNING] [TSADAdvTrainer] 生成对抗样本时梯度为 None 或包含 NaN/Inf，跳过对抗扰动。
[2025-12-17 20:58:26,589] [WARNING] [TSADAdvTrainer] 生成对抗样本时梯度为 None 或包含 NaN/Inf，跳过对抗扰动。
[2025-12-17 20:58:26,972] [WARNING] [TSADAdvTrainer] 生成对抗样本时梯度为 None 或包含 NaN/Inf，跳过对抗扰动。
[2025-12-17 20:58:27,354] [WARNING] [TSADAdvTrainer] 生成对抗样本时梯度为 None 或包含 NaN/Inf，跳过对抗扰动。
[2025-12-17 20:58:27,727] [WARNING] [TSADAdvTrainer] 生成对抗样本时梯度为 None 或包含 NaN/Inf，跳过对抗扰动。
[2025-12-17 20:58:28,111] [WARNING] [TSADAdvTrainer] 生成对抗样本时梯度为 None 或包含 NaN/Inf，跳过对抗扰动。
[2025-12-17 20:58:28,471] [WARNING] [TSADAdvTrainer] 生成对抗样本时梯度为 None 或包含 NaN/Inf，跳过对抗扰动。
[2025-12-17 20:58:28,827] [WARNING] [TSADAdvTrainer] 生成对抗样本时梯度为 None 或包含 NaN/Inf，跳过对抗扰动。
[2025-12-17 20:58:29,178] [WARNING] [TSADAdvTrainer] 生成对抗样本时梯度为 None 或包含 NaN/Inf，跳过对抗扰动。
[2025-12-17 20:58:29,553] [WARNING] [TSADAdvTrainer] 生成对抗样本时梯度为 None 或包含 NaN/Inf，跳过对抗扰动。
[2025-12-17 20:58:29,914] [WARNING] [TSADAdvTrainer] 生成对抗样本时梯度为 None 或包含 NaN/Inf，跳过对抗扰动。
[2025-12-17 20:58:30,296] [WARNING] [TSADAdvTrainer] 生成对抗样本时梯度为 None 或包含 NaN/Inf，跳过对抗扰动。
[2025-12-17 20:58:30,658] [WARNING] [TSADAdvTrainer] 生成对抗样本时梯度为 None 或包含 NaN/Inf，跳过对抗扰动。
[2025-12-17 20:58:31,041] [WARNING] [TSADAdvTrainer] 生成对抗样本时梯度为 None 或包含 NaN/Inf，跳过对抗扰动。
[2025-12-17 20:58:31,413] [WARNING] [TSADAdvTrainer] 生成对抗样本时梯度为 None 或包含 NaN/Inf，跳过对抗扰动。
[2025-12-17 20:58:31,788] [WARNING] [TSADAdvTrainer] 生成对抗样本时梯度为 None 或包含 NaN/Inf，跳过对抗扰动。
[2025-12-17 20:58:32,163] [WARNING] [TSADAdvTrainer] 生成对抗样本时梯度为 None 或包含 NaN/Inf，跳过对抗扰动。
[2025-12-17 20:58:32,551] [WARNING] [TSADAdvTrainer] 生成对抗样本时梯度为 None 或包含 NaN/Inf，跳过对抗扰动。
[2025-12-17 20:58:32,919] [WARNING] [TSADAdvTrainer] 生成对抗样本时梯度为 None 或包含 NaN/Inf，跳过对抗扰动。
[2025-12-17 20:58:33,298] [WARNING] [TSADAdvTrainer] 生成对抗样本时梯度为 None 或包含 NaN/Inf，跳过对抗扰动。
[2025-12-17 20:58:33,672] [WARNING] [TSADAdvTrainer] 生成对抗样本时梯度为 None 或包含 NaN/Inf，跳过对抗扰动。
[2025-12-17 20:58:34,046] [WARNING] [TSADAdvTrainer] 生成对抗样本时梯度为 None 或包含 NaN/Inf，跳过对抗扰动。
[2025-12-17 20:58:34,431] [WARNING] [TSADAdvTrainer] 生成对抗样本时梯度为 None 或包含 NaN/Inf，跳过对抗扰动。
[2025-12-17 20:58:34,807] [WARNING] [TSADAdvTrainer] 生成对抗样本时梯度为 None 或包含 NaN/Inf，跳过对抗扰动。
[2025-12-17 20:58:35,188] [WARNING] [TSADAdvTrainer] 生成对抗样本时梯度为 None 或包含 NaN/Inf，跳过对抗扰动。
[2025-12-17 20:58:35,570] [WARNING] [TSADAdvTrainer] 生成对抗样本时梯度为 None 或包含 NaN/Inf，跳过对抗扰动。
[2025-12-17 20:58:35,953] [WARNING] [TSADAdvTrainer] 生成对抗样本时梯度为 None 或包含 NaN/Inf，跳过对抗扰动。
[2025-12-17 20:58:36,319] [WARNING] [TSADAdvTrainer] 生成对抗样本时梯度为 None 或包含 NaN/Inf，跳过对抗扰动。
[2025-12-17 20:58:36,680] [WARNING] [TSADAdvTrainer] 生成对抗样本时梯度为 None 或包含 NaN/Inf，跳过对抗扰动。
[2025-12-17 20:58:37,045] [WARNING] [TSADAdvTrainer] 生成对抗样本时梯度为 None 或包含 NaN/Inf，跳过对抗扰动。
[2025-12-17 20:58:37,418] [WARNING] [TSADAdvTrainer] 生成对抗样本时梯度为 None 或包含 NaN/Inf，跳过对抗扰动。
[2025-12-17 20:58:37,810] [WARNING] [TSADAdvTrainer] 生成对抗样本时梯度为 None 或包含 NaN/Inf，跳过对抗扰动。
[2025-12-17 20:58:38,182] [WARNING] [TSADAdvTrainer] 生成对抗样本时梯度为 None 或包含 NaN/Inf，跳过对抗扰动。
[2025-12-17 20:58:38,565] [WARNING] [TSADAdvTrainer] 生成对抗样本时梯度为 None 或包含 NaN/Inf，跳过对抗扰动。
[2025-12-17 20:58:38,931] [WARNING] [TSADAdvTrainer] 生成对抗样本时梯度为 None 或包含 NaN/Inf，跳过对抗扰动。
[2025-12-17 20:58:39,326] [WARNING] [TSADAdvTrainer] 生成对抗样本时梯度为 None 或包含 NaN/Inf，跳过对抗扰动。
[2025-12-17 20:58:39,707] [WARNING] [TSADAdvTrainer] 生成对抗样本时梯度为 None 或包含 NaN/Inf，跳过对抗扰动。
[2025-12-17 20:58:40,089] [WARNING] [TSADAdvTrainer] 生成对抗样本时梯度为 None 或包含 NaN/Inf，跳过对抗扰动。
[2025-12-17 20:58:40,462] [WARNING] [TSADAdvTrainer] 生成对抗样本时梯度为 None 或包含 NaN/Inf，跳过对抗扰动。
[2025-12-17 20:58:40,849] [INFO] [Epoch 10] hybrid_shared_adv 训练损失: total=3.562263, recon=1.786197, forecast=0.588645, adv=2.374842
[2025-12-17 20:59:45,712] [INFO] [Eval-recon(hybrid)] F1=0.8841, P=0.9160, R=0.8542, AUC=0.5318, thr=10.204665, point_adjust=True
[2025-12-17 21:00:17,332] [INFO] [Eval-forecast(hybrid)] F1=0.8858, P=0.9197, R=0.8542, AUC=0.5530, thr=10.205374, point_adjust=True
[2025-12-17 21:00:39,294] [INFO] [Eval-hybrid] F1=0.8883, P=0.9134, R=0.8647, AUC=0.5403, thr=0.079619, point_adjust=True; recon_F1=0.8841, forecast_F1=0.8858
[2025-12-17 21:00:39,542] [INFO] 已保存可视化图：./logs/msl_adv_hybrid/scores_epoch10_hybrid_shared_adv.png
[2025-12-17 21:00:39,542] [INFO] ========== Epoch 11/50 (hybrid_shared_adv) ==========
[2025-12-17 21:00:39,544] [INFO] [Epoch 11] hybrid_shared_adv 启用对抗训练 (epsilon=0.0500, beta=0.5000)
[2025-12-17 21:00:39,854] [WARNING] [TSADAdvTrainer] 生成对抗样本时梯度为 None 或包含 NaN/Inf，跳过对抗扰动。
[2025-12-17 21:00:40,223] [WARNING] [TSADAdvTrainer] 生成对抗样本时梯度为 None 或包含 NaN/Inf，跳过对抗扰动。
[2025-12-17 21:00:40,579] [WARNING] [TSADAdvTrainer] 生成对抗样本时梯度为 None 或包含 NaN/Inf，跳过对抗扰动。
[2025-12-17 21:00:40,951] [WARNING] [TSADAdvTrainer] 生成对抗样本时梯度为 None 或包含 NaN/Inf，跳过对抗扰动。
[2025-12-17 21:00:41,338] [WARNING] [TSADAdvTrainer] 生成对抗样本时梯度为 None 或包含 NaN/Inf，跳过对抗扰动。
[2025-12-17 21:00:41,698] [WARNING] [TSADAdvTrainer] 生成对抗样本时梯度为 None 或包含 NaN/Inf，跳过对抗扰动。
[2025-12-17 21:00:42,069] [WARNING] [TSADAdvTrainer] 生成对抗样本时梯度为 None 或包含 NaN/Inf，跳过对抗扰动。
[2025-12-17 21:00:42,425] [WARNING] [TSADAdvTrainer] 生成对抗样本时梯度为 None 或包含 NaN/Inf，跳过对抗扰动。
[2025-12-17 21:00:42,791] [WARNING] [TSADAdvTrainer] 生成对抗样本时梯度为 None 或包含 NaN/Inf，跳过对抗扰动。
[2025-12-17 21:00:43,164] [WARNING] [TSADAdvTrainer] 生成对抗样本时梯度为 None 或包含 NaN/Inf，跳过对抗扰动。
[2025-12-17 21:00:43,545] [WARNING] [TSADAdvTrainer] 生成对抗样本时梯度为 None 或包含 NaN/Inf，跳过对抗扰动。
[2025-12-17 21:00:43,916] [WARNING] [TSADAdvTrainer] 生成对抗样本时梯度为 None 或包含 NaN/Inf，跳过对抗扰动。
[2025-12-17 21:00:44,305] [WARNING] [TSADAdvTrainer] 生成对抗样本时梯度为 None 或包含 NaN/Inf，跳过对抗扰动。
[2025-12-17 21:00:44,678] [WARNING] [TSADAdvTrainer] 生成对抗样本时梯度为 None 或包含 NaN/Inf，跳过对抗扰动。
[2025-12-17 21:00:45,052] [WARNING] [TSADAdvTrainer] 生成对抗样本时梯度为 None 或包含 NaN/Inf，跳过对抗扰动。
[2025-12-17 21:00:45,426] [WARNING] [TSADAdvTrainer] 生成对抗样本时梯度为 None 或包含 NaN/Inf，跳过对抗扰动。
[2025-12-17 21:00:45,794] [WARNING] [TSADAdvTrainer] 生成对抗样本时梯度为 None 或包含 NaN/Inf，跳过对抗扰动。
[2025-12-17 21:00:46,159] [WARNING] [TSADAdvTrainer] 生成对抗样本时梯度为 None 或包含 NaN/Inf，跳过对抗扰动。
[2025-12-17 21:00:46,531] [WARNING] [TSADAdvTrainer] 生成对抗样本时梯度为 None 或包含 NaN/Inf，跳过对抗扰动。
[2025-12-17 21:00:46,908] [WARNING] [TSADAdvTrainer] 生成对抗样本时梯度为 None 或包含 NaN/Inf，跳过对抗扰动。
[2025-12-17 21:00:47,270] [WARNING] [TSADAdvTrainer] 生成对抗样本时梯度为 None 或包含 NaN/Inf，跳过对抗扰动。
[2025-12-17 21:00:47,642] [WARNING] [TSADAdvTrainer] 生成对抗样本时梯度为 None 或包含 NaN/Inf，跳过对抗扰动。
[2025-12-17 21:00:48,011] [WARNING] [TSADAdvTrainer] 生成对抗样本时梯度为 None 或包含 NaN/Inf，跳过对抗扰动。
[2025-12-17 21:00:48,378] [WARNING] [TSADAdvTrainer] 生成对抗样本时梯度为 None 或包含 NaN/Inf，跳过对抗扰动。
[2025-12-17 21:00:48,743] [WARNING] [TSADAdvTrainer] 生成对抗样本时梯度为 None 或包含 NaN/Inf，跳过对抗扰动。
[2025-12-17 21:00:49,099] [WARNING] [TSADAdvTrainer] 生成对抗样本时梯度为 None 或包含 NaN/Inf，跳过对抗扰动。
[2025-12-17 21:00:49,473] [WARNING] [TSADAdvTrainer] 生成对抗样本时梯度为 None 或包含 NaN/Inf，跳过对抗扰动。
[2025-12-17 21:00:49,850] [WARNING] [TSADAdvTrainer] 生成对抗样本时梯度为 None 或包含 NaN/Inf，跳过对抗扰动。
[2025-12-17 21:00:50,214] [WARNING] [TSADAdvTrainer] 生成对抗样本时梯度为 None 或包含 NaN/Inf，跳过对抗扰动。
[2025-12-17 21:00:50,589] [WARNING] [TSADAdvTrainer] 生成对抗样本时梯度为 None 或包含 NaN/Inf，跳过对抗扰动。
[2025-12-17 21:00:50,952] [WARNING] [TSADAdvTrainer] 生成对抗样本时梯度为 None 或包含 NaN/Inf，跳过对抗扰动。
[2025-12-17 21:00:51,313] [WARNING] [TSADAdvTrainer] 生成对抗样本时梯度为 None 或包含 NaN/Inf，跳过对抗扰动。
[2025-12-17 21:00:51,684] [WARNING] [TSADAdvTrainer] 生成对抗样本时梯度为 None 或包含 NaN/Inf，跳过对抗扰动。
[2025-12-17 21:00:52,066] [WARNING] [TSADAdvTrainer] 生成对抗样本时梯度为 None 或包含 NaN/Inf，跳过对抗扰动。
[2025-12-17 21:00:52,445] [WARNING] [TSADAdvTrainer] 生成对抗样本时梯度为 None 或包含 NaN/Inf，跳过对抗扰动。
[2025-12-17 21:00:52,806] [WARNING] [TSADAdvTrainer] 生成对抗样本时梯度为 None 或包含 NaN/Inf，跳过对抗扰动。
[2025-12-17 21:00:53,187] [WARNING] [TSADAdvTrainer] 生成对抗样本时梯度为 None 或包含 NaN/Inf，跳过对抗扰动。
[2025-12-17 21:00:53,561] [WARNING] [TSADAdvTrainer] 生成对抗样本时梯度为 None 或包含 NaN/Inf，跳过对抗扰动。
[2025-12-17 21:00:53,944] [WARNING] [TSADAdvTrainer] 生成对抗样本时梯度为 None 或包含 NaN/Inf，跳过对抗扰动。
[2025-12-17 21:00:54,318] [WARNING] [TSADAdvTrainer] 生成对抗样本时梯度为 None 或包含 NaN/Inf，跳过对抗扰动。
[2025-12-17 21:00:54,690] [WARNING] [TSADAdvTrainer] 生成对抗样本时梯度为 None 或包含 NaN/Inf，跳过对抗扰动。
[2025-12-17 21:00:55,066] [WARNING] [TSADAdvTrainer] 生成对抗样本时梯度为 None 或包含 NaN/Inf，跳过对抗扰动。
[2025-12-17 21:00:55,432] [WARNING] [TSADAdvTrainer] 生成对抗样本时梯度为 None 或包含 NaN/Inf，跳过对抗扰动。
[2025-12-17 21:00:55,815] [WARNING] [TSADAdvTrainer] 生成对抗样本时梯度为 None 或包含 NaN/Inf，跳过对抗扰动。
[2025-12-17 21:00:56,185] [WARNING] [TSADAdvTrainer] 生成对抗样本时梯度为 None 或包含 NaN/Inf，跳过对抗扰动。
[2025-12-17 21:00:56,557] [WARNING] [TSADAdvTrainer] 生成对抗样本时梯度为 None 或包含 NaN/Inf，跳过对抗扰动。
[2025-12-17 21:00:56,925] [WARNING] [TSADAdvTrainer] 生成对抗样本时梯度为 None 或包含 NaN/Inf，跳过对抗扰动。
[2025-12-17 21:00:57,289] [WARNING] [TSADAdvTrainer] 生成对抗样本时梯度为 None 或包含 NaN/Inf，跳过对抗扰动。
[2025-12-17 21:00:57,650] [WARNING] [TSADAdvTrainer] 生成对抗样本时梯度为 None 或包含 NaN/Inf，跳过对抗扰动。
[2025-12-17 21:00:58,021] [WARNING] [TSADAdvTrainer] 生成对抗样本时梯度为 None 或包含 NaN/Inf，跳过对抗扰动。
[2025-12-17 21:00:58,391] [WARNING] [TSADAdvTrainer] 生成对抗样本时梯度为 None 或包含 NaN/Inf，跳过对抗扰动。
[2025-12-17 21:00:58,762] [WARNING] [TSADAdvTrainer] 生成对抗样本时梯度为 None 或包含 NaN/Inf，跳过对抗扰动。
[2025-12-17 21:00:59,141] [WARNING] [TSADAdvTrainer] 生成对抗样本时梯度为 None 或包含 NaN/Inf，跳过对抗扰动。
[2025-12-17 21:00:59,517] [WARNING] [TSADAdvTrainer] 生成对抗样本时梯度为 None 或包含 NaN/Inf，跳过对抗扰动。
[2025-12-17 21:00:59,883] [WARNING] [TSADAdvTrainer] 生成对抗样本时梯度为 None 或包含 NaN/Inf，跳过对抗扰动。
[2025-12-17 21:01:00,243] [WARNING] [TSADAdvTrainer] 生成对抗样本时梯度为 None 或包含 NaN/Inf，跳过对抗扰动。
[2025-12-17 21:01:00,616] [WARNING] [TSADAdvTrainer] 生成对抗样本时梯度为 None 或包含 NaN/Inf，跳过对抗扰动。
[2025-12-17 21:01:00,976] [WARNING] [TSADAdvTrainer] 生成对抗样本时梯度为 None 或包含 NaN/Inf，跳过对抗扰动。
[2025-12-17 21:01:01,321] [WARNING] [TSADAdvTrainer] 生成对抗样本时梯度为 None 或包含 NaN/Inf，跳过对抗扰动。
[2025-12-17 21:01:01,692] [WARNING] [TSADAdvTrainer] 生成对抗样本时梯度为 None 或包含 NaN/Inf，跳过对抗扰动。
[2025-12-17 21:01:02,057] [WARNING] [TSADAdvTrainer] 生成对抗样本时梯度为 None 或包含 NaN/Inf，跳过对抗扰动。
[2025-12-17 21:01:02,409] [WARNING] [TSADAdvTrainer] 生成对抗样本时梯度为 None 或包含 NaN/Inf，跳过对抗扰动。
[2025-12-17 21:01:02,767] [WARNING] [TSADAdvTrainer] 生成对抗样本时梯度为 None 或包含 NaN/Inf，跳过对抗扰动。
[2025-12-17 21:01:03,130] [WARNING] [TSADAdvTrainer] 生成对抗样本时梯度为 None 或包含 NaN/Inf，跳过对抗扰动。
[2025-12-17 21:01:03,504] [WARNING] [TSADAdvTrainer] 生成对抗样本时梯度为 None 或包含 NaN/Inf，跳过对抗扰动。
[2025-12-17 21:01:03,868] [WARNING] [TSADAdvTrainer] 生成对抗样本时梯度为 None 或包含 NaN/Inf，跳过对抗扰动。
[2025-12-17 21:01:04,232] [WARNING] [TSADAdvTrainer] 生成对抗样本时梯度为 None 或包含 NaN/Inf，跳过对抗扰动。
[2025-12-17 21:01:04,610] [WARNING] [TSADAdvTrainer] 生成对抗样本时梯度为 None 或包含 NaN/Inf，跳过对抗扰动。
[2025-12-17 21:01:04,972] [WARNING] [TSADAdvTrainer] 生成对抗样本时梯度为 None 或包含 NaN/Inf，跳过对抗扰动。
[2025-12-17 21:01:05,339] [WARNING] [TSADAdvTrainer] 生成对抗样本时梯度为 None 或包含 NaN/Inf，跳过对抗扰动。
[2025-12-17 21:01:05,709] [WARNING] [TSADAdvTrainer] 生成对抗样本时梯度为 None 或包含 NaN/Inf，跳过对抗扰动。
[2025-12-17 21:01:06,090] [WARNING] [TSADAdvTrainer] 生成对抗样本时梯度为 None 或包含 NaN/Inf，跳过对抗扰动。
[2025-12-17 21:01:06,478] [WARNING] [TSADAdvTrainer] 生成对抗样本时梯度为 None 或包含 NaN/Inf，跳过对抗扰动。
[2025-12-17 21:01:06,847] [WARNING] [TSADAdvTrainer] 生成对抗样本时梯度为 None 或包含 NaN/Inf，跳过对抗扰动。
[2025-12-17 21:01:07,199] [WARNING] [TSADAdvTrainer] 生成对抗样本时梯度为 None 或包含 NaN/Inf，跳过对抗扰动。
[2025-12-17 21:01:07,558] [WARNING] [TSADAdvTrainer] 生成对抗样本时梯度为 None 或包含 NaN/Inf，跳过对抗扰动。
[2025-12-17 21:01:07,929] [WARNING] [TSADAdvTrainer] 生成对抗样本时梯度为 None 或包含 NaN/Inf，跳过对抗扰动。
[2025-12-17 21:01:08,278] [WARNING] [TSADAdvTrainer] 生成对抗样本时梯度为 None 或包含 NaN/Inf，跳过对抗扰动。
[2025-12-17 21:01:08,649] [WARNING] [TSADAdvTrainer] 生成对抗样本时梯度为 None 或包含 NaN/Inf，跳过对抗扰动。
[2025-12-17 21:01:09,021] [WARNING] [TSADAdvTrainer] 生成对抗样本时梯度为 None 或包含 NaN/Inf，跳过对抗扰动。
[2025-12-17 21:01:09,399] [WARNING] [TSADAdvTrainer] 生成对抗样本时梯度为 None 或包含 NaN/Inf，跳过对抗扰动。
[2025-12-17 21:01:09,785] [WARNING] [TSADAdvTrainer] 生成对抗样本时梯度为 None 或包含 NaN/Inf，跳过对抗扰动。
[2025-12-17 21:01:10,148] [WARNING] [TSADAdvTrainer] 生成对抗样本时梯度为 None 或包含 NaN/Inf，跳过对抗扰动。
[2025-12-17 21:01:10,523] [WARNING] [TSADAdvTrainer] 生成对抗样本时梯度为 None 或包含 NaN/Inf，跳过对抗扰动。
[2025-12-17 21:01:10,889] [WARNING] [TSADAdvTrainer] 生成对抗样本时梯度为 None 或包含 NaN/Inf，跳过对抗扰动。
[2025-12-17 21:01:11,264] [WARNING] [TSADAdvTrainer] 生成对抗样本时梯度为 None 或包含 NaN/Inf，跳过对抗扰动。
[2025-12-17 21:01:11,628] [WARNING] [TSADAdvTrainer] 生成对抗样本时梯度为 None 或包含 NaN/Inf，跳过对抗扰动。
[2025-12-17 21:01:11,995] [WARNING] [TSADAdvTrainer] 生成对抗样本时梯度为 None 或包含 NaN/Inf，跳过对抗扰动。
[2025-12-17 21:01:12,397] [WARNING] [TSADAdvTrainer] 生成对抗样本时梯度为 None 或包含 NaN/Inf，跳过对抗扰动。
[2025-12-17 21:01:12,777] [WARNING] [TSADAdvTrainer] 生成对抗样本时梯度为 None 或包含 NaN/Inf，跳过对抗扰动。
[2025-12-17 21:01:13,162] [WARNING] [TSADAdvTrainer] 生成对抗样本时梯度为 None 或包含 NaN/Inf，跳过对抗扰动。
[2025-12-17 21:01:13,541] [WARNING] [TSADAdvTrainer] 生成对抗样本时梯度为 None 或包含 NaN/Inf，跳过对抗扰动。
[2025-12-17 21:01:13,921] [WARNING] [TSADAdvTrainer] 生成对抗样本时梯度为 None 或包含 NaN/Inf，跳过对抗扰动。
[2025-12-17 21:01:14,297] [WARNING] [TSADAdvTrainer] 生成对抗样本时梯度为 None 或包含 NaN/Inf，跳过对抗扰动。
[2025-12-17 21:01:14,674] [WARNING] [TSADAdvTrainer] 生成对抗样本时梯度为 None 或包含 NaN/Inf，跳过对抗扰动。
[2025-12-17 21:01:15,047] [WARNING] [TSADAdvTrainer] 生成对抗样本时梯度为 None 或包含 NaN/Inf，跳过对抗扰动。
[2025-12-17 21:01:15,421] [WARNING] [TSADAdvTrainer] 生成对抗样本时梯度为 None 或包含 NaN/Inf，跳过对抗扰动。
[2025-12-17 21:01:15,794] [WARNING] [TSADAdvTrainer] 生成对抗样本时梯度为 None 或包含 NaN/Inf，跳过对抗扰动。
[2025-12-17 21:01:16,173] [WARNING] [TSADAdvTrainer] 生成对抗样本时梯度为 None 或包含 NaN/Inf，跳过对抗扰动。
[2025-12-17 21:01:16,548] [WARNING] [TSADAdvTrainer] 生成对抗样本时梯度为 None 或包含 NaN/Inf，跳过对抗扰动。
[2025-12-17 21:01:16,926] [WARNING] [TSADAdvTrainer] 生成对抗样本时梯度为 None 或包含 NaN/Inf，跳过对抗扰动。
[2025-12-17 21:01:17,292] [WARNING] [TSADAdvTrainer] 生成对抗样本时梯度为 None 或包含 NaN/Inf，跳过对抗扰动。
[2025-12-17 21:01:17,658] [WARNING] [TSADAdvTrainer] 生成对抗样本时梯度为 None 或包含 NaN/Inf，跳过对抗扰动。
[2025-12-17 21:01:18,037] [WARNING] [TSADAdvTrainer] 生成对抗样本时梯度为 None 或包含 NaN/Inf，跳过对抗扰动。
[2025-12-17 21:01:18,409] [WARNING] [TSADAdvTrainer] 生成对抗样本时梯度为 None 或包含 NaN/Inf，跳过对抗扰动。
[2025-12-17 21:01:18,792] [WARNING] [TSADAdvTrainer] 生成对抗样本时梯度为 None 或包含 NaN/Inf，跳过对抗扰动。
[2025-12-17 21:01:19,172] [WARNING] [TSADAdvTrainer] 生成对抗样本时梯度为 None 或包含 NaN/Inf，跳过对抗扰动。
[2025-12-17 21:01:19,534] [WARNING] [TSADAdvTrainer] 生成对抗样本时梯度为 None 或包含 NaN/Inf，跳过对抗扰动。
[2025-12-17 21:01:19,931] [WARNING] [TSADAdvTrainer] 生成对抗样本时梯度为 None 或包含 NaN/Inf，跳过对抗扰动。
[2025-12-17 21:01:20,301] [WARNING] [TSADAdvTrainer] 生成对抗样本时梯度为 None 或包含 NaN/Inf，跳过对抗扰动。
[2025-12-17 21:01:20,678] [WARNING] [TSADAdvTrainer] 生成对抗样本时梯度为 None 或包含 NaN/Inf，跳过对抗扰动。
[2025-12-17 21:01:21,058] [WARNING] [TSADAdvTrainer] 生成对抗样本时梯度为 None 或包含 NaN/Inf，跳过对抗扰动。
[2025-12-17 21:01:21,444] [WARNING] [TSADAdvTrainer] 生成对抗样本时梯度为 None 或包含 NaN/Inf，跳过对抗扰动。
[2025-12-17 21:01:21,820] [WARNING] [TSADAdvTrainer] 生成对抗样本时梯度为 None 或包含 NaN/Inf，跳过对抗扰动。
[2025-12-17 21:01:22,187] [WARNING] [TSADAdvTrainer] 生成对抗样本时梯度为 None 或包含 NaN/Inf，跳过对抗扰动。
[2025-12-17 21:01:22,556] [WARNING] [TSADAdvTrainer] 生成对抗样本时梯度为 None 或包含 NaN/Inf，跳过对抗扰动。
[2025-12-17 21:01:22,938] [WARNING] [TSADAdvTrainer] 生成对抗样本时梯度为 None 或包含 NaN/Inf，跳过对抗扰动。
[2025-12-17 21:01:23,305] [WARNING] [TSADAdvTrainer] 生成对抗样本时梯度为 None 或包含 NaN/Inf，跳过对抗扰动。
[2025-12-17 21:01:23,689] [WARNING] [TSADAdvTrainer] 生成对抗样本时梯度为 None 或包含 NaN/Inf，跳过对抗扰动。
[2025-12-17 21:01:24,067] [WARNING] [TSADAdvTrainer] 生成对抗样本时梯度为 None 或包含 NaN/Inf，跳过对抗扰动。
[2025-12-17 21:01:24,445] [WARNING] [TSADAdvTrainer] 生成对抗样本时梯度为 None 或包含 NaN/Inf，跳过对抗扰动。
[2025-12-17 21:01:24,829] [WARNING] [TSADAdvTrainer] 生成对抗样本时梯度为 None 或包含 NaN/Inf，跳过对抗扰动。
[2025-12-17 21:01:25,187] [WARNING] [TSADAdvTrainer] 生成对抗样本时梯度为 None 或包含 NaN/Inf，跳过对抗扰动。
[2025-12-17 21:01:25,557] [WARNING] [TSADAdvTrainer] 生成对抗样本时梯度为 None 或包含 NaN/Inf，跳过对抗扰动。
[2025-12-17 21:01:25,934] [WARNING] [TSADAdvTrainer] 生成对抗样本时梯度为 None 或包含 NaN/Inf，跳过对抗扰动。
[2025-12-17 21:01:26,316] [WARNING] [TSADAdvTrainer] 生成对抗样本时梯度为 None 或包含 NaN/Inf，跳过对抗扰动。
[2025-12-17 21:01:26,682] [WARNING] [TSADAdvTrainer] 生成对抗样本时梯度为 None 或包含 NaN/Inf，跳过对抗扰动。
[2025-12-17 21:01:27,065] [WARNING] [TSADAdvTrainer] 生成对抗样本时梯度为 None 或包含 NaN/Inf，跳过对抗扰动。
[2025-12-17 21:01:27,339] [WARNING] [TSADAdvTrainer] 生成对抗样本时梯度为 None 或包含 NaN/Inf，跳过对抗扰动。
[2025-12-17 21:01:27,584] [WARNING] [TSADAdvTrainer] 生成对抗样本时梯度为 None 或包含 NaN/Inf，跳过对抗扰动。
[2025-12-17 21:01:27,872] [WARNING] [TSADAdvTrainer] 生成对抗样本时梯度为 None 或包含 NaN/Inf，跳过对抗扰动。
[2025-12-17 21:01:28,135] [WARNING] [TSADAdvTrainer] 生成对抗样本时梯度为 None 或包含 NaN/Inf，跳过对抗扰动。
[2025-12-17 21:01:28,397] [WARNING] [TSADAdvTrainer] 生成对抗样本时梯度为 None 或包含 NaN/Inf，跳过对抗扰动。
[2025-12-17 21:01:28,664] [WARNING] [TSADAdvTrainer] 生成对抗样本时梯度为 None 或包含 NaN/Inf，跳过对抗扰动。
[2025-12-17 21:01:28,931] [WARNING] [TSADAdvTrainer] 生成对抗样本时梯度为 None 或包含 NaN/Inf，跳过对抗扰动。
[2025-12-17 21:01:29,198] [WARNING] [TSADAdvTrainer] 生成对抗样本时梯度为 None 或包含 NaN/Inf，跳过对抗扰动。
[2025-12-17 21:01:29,458] [WARNING] [TSADAdvTrainer] 生成对抗样本时梯度为 None 或包含 NaN/Inf，跳过对抗扰动。
[2025-12-17 21:01:29,720] [WARNING] [TSADAdvTrainer] 生成对抗样本时梯度为 None 或包含 NaN/Inf，跳过对抗扰动。
[2025-12-17 21:01:29,983] [WARNING] [TSADAdvTrainer] 生成对抗样本时梯度为 None 或包含 NaN/Inf，跳过对抗扰动。
[2025-12-17 21:01:30,243] [WARNING] [TSADAdvTrainer] 生成对抗样本时梯度为 None 或包含 NaN/Inf，跳过对抗扰动。
[2025-12-17 21:01:30,503] [WARNING] [TSADAdvTrainer] 生成对抗样本时梯度为 None 或包含 NaN/Inf，跳过对抗扰动。
[2025-12-17 21:01:30,752] [WARNING] [TSADAdvTrainer] 生成对抗样本时梯度为 None 或包含 NaN/Inf，跳过对抗扰动。
[2025-12-17 21:01:31,014] [WARNING] [TSADAdvTrainer] 生成对抗样本时梯度为 None 或包含 NaN/Inf，跳过对抗扰动。
[2025-12-17 21:01:31,266] [WARNING] [TSADAdvTrainer] 生成对抗样本时梯度为 None 或包含 NaN/Inf，跳过对抗扰动。
[2025-12-17 21:01:31,514] [WARNING] [TSADAdvTrainer] 生成对抗样本时梯度为 None 或包含 NaN/Inf，跳过对抗扰动。
[2025-12-17 21:01:31,760] [WARNING] [TSADAdvTrainer] 生成对抗样本时梯度为 None 或包含 NaN/Inf，跳过对抗扰动。
[2025-12-17 21:01:32,002] [WARNING] [TSADAdvTrainer] 生成对抗样本时梯度为 None 或包含 NaN/Inf，跳过对抗扰动。
[2025-12-17 21:01:32,269] [WARNING] [TSADAdvTrainer] 生成对抗样本时梯度为 None 或包含 NaN/Inf，跳过对抗扰动。
[2025-12-17 21:01:32,538] [WARNING] [TSADAdvTrainer] 生成对抗样本时梯度为 None 或包含 NaN/Inf，跳过对抗扰动。
[2025-12-17 21:01:32,793] [WARNING] [TSADAdvTrainer] 生成对抗样本时梯度为 None 或包含 NaN/Inf，跳过对抗扰动。
[2025-12-17 21:01:33,044] [WARNING] [TSADAdvTrainer] 生成对抗样本时梯度为 None 或包含 NaN/Inf，跳过对抗扰动。
[2025-12-17 21:01:33,278] [WARNING] [TSADAdvTrainer] 生成对抗样本时梯度为 None 或包含 NaN/Inf，跳过对抗扰动。
[2025-12-17 21:01:33,535] [WARNING] [TSADAdvTrainer] 生成对抗样本时梯度为 None 或包含 NaN/Inf，跳过对抗扰动。
[2025-12-17 21:01:33,775] [WARNING] [TSADAdvTrainer] 生成对抗样本时梯度为 None 或包含 NaN/Inf，跳过对抗扰动。
[2025-12-17 21:01:34,009] [WARNING] [TSADAdvTrainer] 生成对抗样本时梯度为 None 或包含 NaN/Inf，跳过对抗扰动。
[2025-12-17 21:01:34,277] [WARNING] [TSADAdvTrainer] 生成对抗样本时梯度为 None 或包含 NaN/Inf，跳过对抗扰动。
[2025-12-17 21:01:34,548] [WARNING] [TSADAdvTrainer] 生成对抗样本时梯度为 None 或包含 NaN/Inf，跳过对抗扰动。
[2025-12-17 21:01:34,821] [WARNING] [TSADAdvTrainer] 生成对抗样本时梯度为 None 或包含 NaN/Inf，跳过对抗扰动。
[2025-12-17 21:01:35,073] [WARNING] [TSADAdvTrainer] 生成对抗样本时梯度为 None 或包含 NaN/Inf，跳过对抗扰动。
[2025-12-17 21:01:35,327] [WARNING] [TSADAdvTrainer] 生成对抗样本时梯度为 None 或包含 NaN/Inf，跳过对抗扰动。
[2025-12-17 21:01:35,560] [WARNING] [TSADAdvTrainer] 生成对抗样本时梯度为 None 或包含 NaN/Inf，跳过对抗扰动。
[2025-12-17 21:01:35,816] [WARNING] [TSADAdvTrainer] 生成对抗样本时梯度为 None 或包含 NaN/Inf，跳过对抗扰动。
[2025-12-17 21:01:36,052] [WARNING] [TSADAdvTrainer] 生成对抗样本时梯度为 None 或包含 NaN/Inf，跳过对抗扰动。
[2025-12-17 21:01:36,304] [WARNING] [TSADAdvTrainer] 生成对抗样本时梯度为 None 或包含 NaN/Inf，跳过对抗扰动。
[2025-12-17 21:01:36,563] [WARNING] [TSADAdvTrainer] 生成对抗样本时梯度为 None 或包含 NaN/Inf，跳过对抗扰动。
[2025-12-17 21:01:36,798] [WARNING] [TSADAdvTrainer] 生成对抗样本时梯度为 None 或包含 NaN/Inf，跳过对抗扰动。
[2025-12-17 21:01:37,053] [WARNING] [TSADAdvTrainer] 生成对抗样本时梯度为 None 或包含 NaN/Inf，跳过对抗扰动。
[2025-12-17 21:01:37,306] [WARNING] [TSADAdvTrainer] 生成对抗样本时梯度为 None 或包含 NaN/Inf，跳过对抗扰动。
[2025-12-17 21:01:37,540] [WARNING] [TSADAdvTrainer] 生成对抗样本时梯度为 None 或包含 NaN/Inf，跳过对抗扰动。
[2025-12-17 21:01:37,775] [WARNING] [TSADAdvTrainer] 生成对抗样本时梯度为 None 或包含 NaN/Inf，跳过对抗扰动。
[2025-12-17 21:01:38,009] [WARNING] [TSADAdvTrainer] 生成对抗样本时梯度为 None 或包含 NaN/Inf，跳过对抗扰动。
[2025-12-17 21:01:38,258] [WARNING] [TSADAdvTrainer] 生成对抗样本时梯度为 None 或包含 NaN/Inf，跳过对抗扰动。
[2025-12-17 21:01:38,508] [WARNING] [TSADAdvTrainer] 生成对抗样本时梯度为 None 或包含 NaN/Inf，跳过对抗扰动。
[2025-12-17 21:01:38,761] [WARNING] [TSADAdvTrainer] 生成对抗样本时梯度为 None 或包含 NaN/Inf，跳过对抗扰动。
[2025-12-17 21:01:39,013] [WARNING] [TSADAdvTrainer] 生成对抗样本时梯度为 None 或包含 NaN/Inf，跳过对抗扰动。
[2025-12-17 21:01:39,265] [WARNING] [TSADAdvTrainer] 生成对抗样本时梯度为 None 或包含 NaN/Inf，跳过对抗扰动。
[2025-12-17 21:01:39,519] [WARNING] [TSADAdvTrainer] 生成对抗样本时梯度为 None 或包含 NaN/Inf，跳过对抗扰动。
[2025-12-17 21:01:39,754] [WARNING] [TSADAdvTrainer] 生成对抗样本时梯度为 None 或包含 NaN/Inf，跳过对抗扰动。
[2025-12-17 21:01:39,988] [WARNING] [TSADAdvTrainer] 生成对抗样本时梯度为 None 或包含 NaN/Inf，跳过对抗扰动。
[2025-12-17 21:01:40,243] [WARNING] [TSADAdvTrainer] 生成对抗样本时梯度为 None 或包含 NaN/Inf，跳过对抗扰动。
[2025-12-17 21:01:40,496] [WARNING] [TSADAdvTrainer] 生成对抗样本时梯度为 None 或包含 NaN/Inf，跳过对抗扰动。
[2025-12-17 21:01:40,748] [WARNING] [TSADAdvTrainer] 生成对抗样本时梯度为 None 或包含 NaN/Inf，跳过对抗扰动。
[2025-12-17 21:01:40,983] [WARNING] [TSADAdvTrainer] 生成对抗样本时梯度为 None 或包含 NaN/Inf，跳过对抗扰动。
[2025-12-17 21:01:41,252] [WARNING] [TSADAdvTrainer] 生成对抗样本时梯度为 None 或包含 NaN/Inf，跳过对抗扰动。
[2025-12-17 21:01:41,522] [WARNING] [TSADAdvTrainer] 生成对抗样本时梯度为 None 或包含 NaN/Inf，跳过对抗扰动。
[2025-12-17 21:01:41,776] [WARNING] [TSADAdvTrainer] 生成对抗样本时梯度为 None 或包含 NaN/Inf，跳过对抗扰动。
[2025-12-17 21:01:42,010] [WARNING] [TSADAdvTrainer] 生成对抗样本时梯度为 None 或包含 NaN/Inf，跳过对抗扰动。
[2025-12-17 21:01:42,245] [WARNING] [TSADAdvTrainer] 生成对抗样本时梯度为 None 或包含 NaN/Inf，跳过对抗扰动。
[2025-12-17 21:01:42,497] [WARNING] [TSADAdvTrainer] 生成对抗样本时梯度为 None 或包含 NaN/Inf，跳过对抗扰动。
[2025-12-17 21:01:42,732] [WARNING] [TSADAdvTrainer] 生成对抗样本时梯度为 None 或包含 NaN/Inf，跳过对抗扰动。
[2025-12-17 21:01:42,984] [WARNING] [TSADAdvTrainer] 生成对抗样本时梯度为 None 或包含 NaN/Inf，跳过对抗扰动。
[2025-12-17 21:01:43,219] [WARNING] [TSADAdvTrainer] 生成对抗样本时梯度为 None 或包含 NaN/Inf，跳过对抗扰动。
[2025-12-17 21:01:43,453] [WARNING] [TSADAdvTrainer] 生成对抗样本时梯度为 None 或包含 NaN/Inf，跳过对抗扰动。
[2025-12-17 21:01:43,721] [WARNING] [TSADAdvTrainer] 生成对抗样本时梯度为 None 或包含 NaN/Inf，跳过对抗扰动。
[2025-12-17 21:01:43,993] [WARNING] [TSADAdvTrainer] 生成对抗样本时梯度为 None 或包含 NaN/Inf，跳过对抗扰动。
[2025-12-17 21:01:44,245] [WARNING] [TSADAdvTrainer] 生成对抗样本时梯度为 None 或包含 NaN/Inf，跳过对抗扰动。
[2025-12-17 21:01:44,479] [WARNING] [TSADAdvTrainer] 生成对抗样本时梯度为 None 或包含 NaN/Inf，跳过对抗扰动。
[2025-12-17 21:01:44,733] [WARNING] [TSADAdvTrainer] 生成对抗样本时梯度为 None 或包含 NaN/Inf，跳过对抗扰动。
[2025-12-17 21:01:44,990] [WARNING] [TSADAdvTrainer] 生成对抗样本时梯度为 None 或包含 NaN/Inf，跳过对抗扰动。
[2025-12-17 21:01:45,224] [WARNING] [TSADAdvTrainer] 生成对抗样本时梯度为 None 或包含 NaN/Inf，跳过对抗扰动。
[2025-12-17 21:01:45,475] [WARNING] [TSADAdvTrainer] 生成对抗样本时梯度为 None 或包含 NaN/Inf，跳过对抗扰动。
[2025-12-17 21:01:45,728] [WARNING] [TSADAdvTrainer] 生成对抗样本时梯度为 None 或包含 NaN/Inf，跳过对抗扰动。
[2025-12-17 21:01:45,980] [WARNING] [TSADAdvTrainer] 生成对抗样本时梯度为 None 或包含 NaN/Inf，跳过对抗扰动。
[2025-12-17 21:01:46,214] [WARNING] [TSADAdvTrainer] 生成对抗样本时梯度为 None 或包含 NaN/Inf，跳过对抗扰动。
[2025-12-17 21:01:46,466] [WARNING] [TSADAdvTrainer] 生成对抗样本时梯度为 None 或包含 NaN/Inf，跳过对抗扰动。
[2025-12-17 21:01:46,718] [WARNING] [TSADAdvTrainer] 生成对抗样本时梯度为 None 或包含 NaN/Inf，跳过对抗扰动。
[2025-12-17 21:01:46,953] [WARNING] [TSADAdvTrainer] 生成对抗样本时梯度为 None 或包含 NaN/Inf，跳过对抗扰动。
[2025-12-17 21:01:47,206] [WARNING] [TSADAdvTrainer] 生成对抗样本时梯度为 None 或包含 NaN/Inf，跳过对抗扰动。
[2025-12-17 21:01:47,440] [WARNING] [TSADAdvTrainer] 生成对抗样本时梯度为 None 或包含 NaN/Inf，跳过对抗扰动。
[2025-12-17 21:01:47,693] [WARNING] [TSADAdvTrainer] 生成对抗样本时梯度为 None 或包含 NaN/Inf，跳过对抗扰动。
[2025-12-17 21:01:47,930] [WARNING] [TSADAdvTrainer] 生成对抗样本时梯度为 None 或包含 NaN/Inf，跳过对抗扰动。
[2025-12-17 21:01:48,163] [WARNING] [TSADAdvTrainer] 生成对抗样本时梯度为 None 或包含 NaN/Inf，跳过对抗扰动。
[2025-12-17 21:01:48,397] [WARNING] [TSADAdvTrainer] 生成对抗样本时梯度为 None 或包含 NaN/Inf，跳过对抗扰动。
[2025-12-17 21:01:48,651] [WARNING] [TSADAdvTrainer] 生成对抗样本时梯度为 None 或包含 NaN/Inf，跳过对抗扰动。
[2025-12-17 21:01:48,904] [WARNING] [TSADAdvTrainer] 生成对抗样本时梯度为 None 或包含 NaN/Inf，跳过对抗扰动。
[2025-12-17 21:01:49,138] [WARNING] [TSADAdvTrainer] 生成对抗样本时梯度为 None 或包含 NaN/Inf，跳过对抗扰动。
[2025-12-17 21:01:49,391] [WARNING] [TSADAdvTrainer] 生成对抗样本时梯度为 None 或包含 NaN/Inf，跳过对抗扰动。
[2025-12-17 21:01:49,644] [WARNING] [TSADAdvTrainer] 生成对抗样本时梯度为 None 或包含 NaN/Inf，跳过对抗扰动。
[2025-12-17 21:01:49,897] [WARNING] [TSADAdvTrainer] 生成对抗样本时梯度为 None 或包含 NaN/Inf，跳过对抗扰动。
[2025-12-17 21:01:50,131] [WARNING] [TSADAdvTrainer] 生成对抗样本时梯度为 None 或包含 NaN/Inf，跳过对抗扰动。
[2025-12-17 21:01:50,403] [WARNING] [TSADAdvTrainer] 生成对抗样本时梯度为 None 或包含 NaN/Inf，跳过对抗扰动。
[2025-12-17 21:01:50,656] [WARNING] [TSADAdvTrainer] 生成对抗样本时梯度为 None 或包含 NaN/Inf，跳过对抗扰动。
[2025-12-17 21:01:50,890] [WARNING] [TSADAdvTrainer] 生成对抗样本时梯度为 None 或包含 NaN/Inf，跳过对抗扰动。
[2025-12-17 21:01:51,124] [WARNING] [TSADAdvTrainer] 生成对抗样本时梯度为 None 或包含 NaN/Inf，跳过对抗扰动。
[2025-12-17 21:01:51,374] [WARNING] [TSADAdvTrainer] 生成对抗样本时梯度为 None 或包含 NaN/Inf，跳过对抗扰动。
[2025-12-17 21:01:51,609] [WARNING] [TSADAdvTrainer] 生成对抗样本时梯度为 None 或包含 NaN/Inf，跳过对抗扰动。
[2025-12-17 21:01:51,879] [WARNING] [TSADAdvTrainer] 生成对抗样本时梯度为 None 或包含 NaN/Inf，跳过对抗扰动。
[2025-12-17 21:01:52,151] [WARNING] [TSADAdvTrainer] 生成对抗样本时梯度为 None 或包含 NaN/Inf，跳过对抗扰动。
[2025-12-17 21:01:52,404] [WARNING] [TSADAdvTrainer] 生成对抗样本时梯度为 None 或包含 NaN/Inf，跳过对抗扰动。
[2025-12-17 21:01:52,656] [WARNING] [TSADAdvTrainer] 生成对抗样本时梯度为 None 或包含 NaN/Inf，跳过对抗扰动。
[2025-12-17 21:01:52,890] [WARNING] [TSADAdvTrainer] 生成对抗样本时梯度为 None 或包含 NaN/Inf，跳过对抗扰动。
[2025-12-17 21:01:53,143] [WARNING] [TSADAdvTrainer] 生成对抗样本时梯度为 None 或包含 NaN/Inf，跳过对抗扰动。
[2025-12-17 21:01:53,380] [WARNING] [TSADAdvTrainer] 生成对抗样本时梯度为 None 或包含 NaN/Inf，跳过对抗扰动。
[2025-12-17 21:01:53,641] [WARNING] [TSADAdvTrainer] 生成对抗样本时梯度为 None 或包含 NaN/Inf，跳过对抗扰动。
[2025-12-17 21:01:53,897] [WARNING] [TSADAdvTrainer] 生成对抗样本时梯度为 None 或包含 NaN/Inf，跳过对抗扰动。
[2025-12-17 21:01:54,199] [WARNING] [TSADAdvTrainer] 生成对抗样本时梯度为 None 或包含 NaN/Inf，跳过对抗扰动。
[2025-12-17 21:01:54,458] [WARNING] [TSADAdvTrainer] 生成对抗样本时梯度为 None 或包含 NaN/Inf，跳过对抗扰动。
[2025-12-17 21:01:54,709] [WARNING] [TSADAdvTrainer] 生成对抗样本时梯度为 None 或包含 NaN/Inf，跳过对抗扰动。
[2025-12-17 21:01:54,986] [WARNING] [TSADAdvTrainer] 生成对抗样本时梯度为 None 或包含 NaN/Inf，跳过对抗扰动。
[2025-12-17 21:01:55,236] [WARNING] [TSADAdvTrainer] 生成对抗样本时梯度为 None 或包含 NaN/Inf，跳过对抗扰动。
[2025-12-17 21:01:55,516] [WARNING] [TSADAdvTrainer] 生成对抗样本时梯度为 None 或包含 NaN/Inf，跳过对抗扰动。
[2025-12-17 21:01:55,760] [WARNING] [TSADAdvTrainer] 生成对抗样本时梯度为 None 或包含 NaN/Inf，跳过对抗扰动。
[2025-12-17 21:01:56,002] [WARNING] [TSADAdvTrainer] 生成对抗样本时梯度为 None 或包含 NaN/Inf，跳过对抗扰动。
[2025-12-17 21:01:56,263] [WARNING] [TSADAdvTrainer] 生成对抗样本时梯度为 None 或包含 NaN/Inf，跳过对抗扰动。
[2025-12-17 21:01:56,523] [WARNING] [TSADAdvTrainer] 生成对抗样本时梯度为 None 或包含 NaN/Inf，跳过对抗扰动。
[2025-12-17 21:01:56,769] [WARNING] [TSADAdvTrainer] 生成对抗样本时梯度为 None 或包含 NaN/Inf，跳过对抗扰动。
[2025-12-17 21:01:57,013] [WARNING] [TSADAdvTrainer] 生成对抗样本时梯度为 None 或包含 NaN/Inf，跳过对抗扰动。
[2025-12-17 21:01:57,289] [WARNING] [TSADAdvTrainer] 生成对抗样本时梯度为 None 或包含 NaN/Inf，跳过对抗扰动。
[2025-12-17 21:01:57,549] [WARNING] [TSADAdvTrainer] 生成对抗样本时梯度为 None 或包含 NaN/Inf，跳过对抗扰动。
[2025-12-17 21:01:57,792] [WARNING] [TSADAdvTrainer] 生成对抗样本时梯度为 None 或包含 NaN/Inf，跳过对抗扰动。
[2025-12-17 21:01:58,050] [WARNING] [TSADAdvTrainer] 生成对抗样本时梯度为 None 或包含 NaN/Inf，跳过对抗扰动。
[2025-12-17 21:01:58,324] [WARNING] [TSADAdvTrainer] 生成对抗样本时梯度为 None 或包含 NaN/Inf，跳过对抗扰动。
[2025-12-17 21:01:58,586] [WARNING] [TSADAdvTrainer] 生成对抗样本时梯度为 None 或包含 NaN/Inf，跳过对抗扰动。
[2025-12-17 21:01:58,846] [WARNING] [TSADAdvTrainer] 生成对抗样本时梯度为 None 或包含 NaN/Inf，跳过对抗扰动。
[2025-12-17 21:01:59,105] [WARNING] [TSADAdvTrainer] 生成对抗样本时梯度为 None 或包含 NaN/Inf，跳过对抗扰动。
[2025-12-17 21:01:59,364] [WARNING] [TSADAdvTrainer] 生成对抗样本时梯度为 None 或包含 NaN/Inf，跳过对抗扰动。
[2025-12-17 21:01:59,606] [WARNING] [TSADAdvTrainer] 生成对抗样本时梯度为 None 或包含 NaN/Inf，跳过对抗扰动。
[2025-12-17 21:01:59,861] [WARNING] [TSADAdvTrainer] 生成对抗样本时梯度为 None 或包含 NaN/Inf，跳过对抗扰动。
[2025-12-17 21:02:00,118] [WARNING] [TSADAdvTrainer] 生成对抗样本时梯度为 None 或包含 NaN/Inf，跳过对抗扰动。
[2025-12-17 21:02:00,379] [WARNING] [TSADAdvTrainer] 生成对抗样本时梯度为 None 或包含 NaN/Inf，跳过对抗扰动。
[2025-12-17 21:02:00,638] [WARNING] [TSADAdvTrainer] 生成对抗样本时梯度为 None 或包含 NaN/Inf，跳过对抗扰动。
[2025-12-17 21:02:00,880] [WARNING] [TSADAdvTrainer] 生成对抗样本时梯度为 None 或包含 NaN/Inf，跳过对抗扰动。
[2025-12-17 21:02:01,141] [WARNING] [TSADAdvTrainer] 生成对抗样本时梯度为 None 或包含 NaN/Inf，跳过对抗扰动。
[2025-12-17 21:02:01,385] [WARNING] [TSADAdvTrainer] 生成对抗样本时梯度为 None 或包含 NaN/Inf，跳过对抗扰动。
[2025-12-17 21:02:01,661] [WARNING] [TSADAdvTrainer] 生成对抗样本时梯度为 None 或包含 NaN/Inf，跳过对抗扰动。
[2025-12-17 21:02:01,919] [WARNING] [TSADAdvTrainer] 生成对抗样本时梯度为 None 或包含 NaN/Inf，跳过对抗扰动。
[2025-12-17 21:02:02,166] [WARNING] [TSADAdvTrainer] 生成对抗样本时梯度为 None 或包含 NaN/Inf，跳过对抗扰动。
[2025-12-17 21:02:02,453] [WARNING] [TSADAdvTrainer] 生成对抗样本时梯度为 None 或包含 NaN/Inf，跳过对抗扰动。
[2025-12-17 21:02:02,714] [WARNING] [TSADAdvTrainer] 生成对抗样本时梯度为 None 或包含 NaN/Inf，跳过对抗扰动。
[2025-12-17 21:02:02,976] [WARNING] [TSADAdvTrainer] 生成对抗样本时梯度为 None 或包含 NaN/Inf，跳过对抗扰动。
[2025-12-17 21:02:03,236] [WARNING] [TSADAdvTrainer] 生成对抗样本时梯度为 None 或包含 NaN/Inf，跳过对抗扰动。
[2025-12-17 21:02:03,483] [WARNING] [TSADAdvTrainer] 生成对抗样本时梯度为 None 或包含 NaN/Inf，跳过对抗扰动。
[2025-12-17 21:02:03,945] [WARNING] [TSADAdvTrainer] 生成对抗样本时梯度为 None 或包含 NaN/Inf，跳过对抗扰动。
[2025-12-17 21:02:04,191] [WARNING] [TSADAdvTrainer] 生成对抗样本时梯度为 None 或包含 NaN/Inf，跳过对抗扰动。
[2025-12-17 21:02:04,436] [WARNING] [TSADAdvTrainer] 生成对抗样本时梯度为 None 或包含 NaN/Inf，跳过对抗扰动。
[2025-12-17 21:02:04,698] [WARNING] [TSADAdvTrainer] 生成对抗样本时梯度为 None 或包含 NaN/Inf，跳过对抗扰动。
[2025-12-17 21:02:04,959] [WARNING] [TSADAdvTrainer] 生成对抗样本时梯度为 None 或包含 NaN/Inf，跳过对抗扰动。
[2025-12-17 21:02:05,222] [WARNING] [TSADAdvTrainer] 生成对抗样本时梯度为 None 或包含 NaN/Inf，跳过对抗扰动。
[2025-12-17 21:02:05,484] [WARNING] [TSADAdvTrainer] 生成对抗样本时梯度为 None 或包含 NaN/Inf，跳过对抗扰动。
[2025-12-17 21:02:05,744] [WARNING] [TSADAdvTrainer] 生成对抗样本时梯度为 None 或包含 NaN/Inf，跳过对抗扰动。
[2025-12-17 21:02:05,997] [WARNING] [TSADAdvTrainer] 生成对抗样本时梯度为 None 或包含 NaN/Inf，跳过对抗扰动。
[2025-12-17 21:02:06,242] [WARNING] [TSADAdvTrainer] 生成对抗样本时梯度为 None 或包含 NaN/Inf，跳过对抗扰动。
[2025-12-17 21:02:06,507] [WARNING] [TSADAdvTrainer] 生成对抗样本时梯度为 None 或包含 NaN/Inf，跳过对抗扰动。
[2025-12-17 21:02:06,774] [WARNING] [TSADAdvTrainer] 生成对抗样本时梯度为 None 或包含 NaN/Inf，跳过对抗扰动。
[2025-12-17 21:02:07,040] [WARNING] [TSADAdvTrainer] 生成对抗样本时梯度为 None 或包含 NaN/Inf，跳过对抗扰动。
[2025-12-17 21:02:07,289] [WARNING] [TSADAdvTrainer] 生成对抗样本时梯度为 None 或包含 NaN/Inf，跳过对抗扰动。
[2025-12-17 21:02:07,569] [WARNING] [TSADAdvTrainer] 生成对抗样本时梯度为 None 或包含 NaN/Inf，跳过对抗扰动。
[2025-12-17 21:02:07,830] [WARNING] [TSADAdvTrainer] 生成对抗样本时梯度为 None 或包含 NaN/Inf，跳过对抗扰动。
[2025-12-17 21:02:08,078] [WARNING] [TSADAdvTrainer] 生成对抗样本时梯度为 None 或包含 NaN/Inf，跳过对抗扰动。
[2025-12-17 21:02:08,361] [WARNING] [TSADAdvTrainer] 生成对抗样本时梯度为 None 或包含 NaN/Inf，跳过对抗扰动。
[2025-12-17 21:02:08,623] [WARNING] [TSADAdvTrainer] 生成对抗样本时梯度为 None 或包含 NaN/Inf，跳过对抗扰动。
[2025-12-17 21:02:08,887] [WARNING] [TSADAdvTrainer] 生成对抗样本时梯度为 None 或包含 NaN/Inf，跳过对抗扰动。
[2025-12-17 21:02:09,131] [WARNING] [TSADAdvTrainer] 生成对抗样本时梯度为 None 或包含 NaN/Inf，跳过对抗扰动。
[2025-12-17 21:02:09,377] [WARNING] [TSADAdvTrainer] 生成对抗样本时梯度为 None 或包含 NaN/Inf，跳过对抗扰动。
[2025-12-17 21:02:09,636] [WARNING] [TSADAdvTrainer] 生成对抗样本时梯度为 None 或包含 NaN/Inf，跳过对抗扰动。
[2025-12-17 21:02:09,897] [WARNING] [TSADAdvTrainer] 生成对抗样本时梯度为 None 或包含 NaN/Inf，跳过对抗扰动。
[2025-12-17 21:02:10,161] [WARNING] [TSADAdvTrainer] 生成对抗样本时梯度为 None 或包含 NaN/Inf，跳过对抗扰动。
[2025-12-17 21:02:10,408] [WARNING] [TSADAdvTrainer] 生成对抗样本时梯度为 None 或包含 NaN/Inf，跳过对抗扰动。
[2025-12-17 21:02:10,684] [WARNING] [TSADAdvTrainer] 生成对抗样本时梯度为 None 或包含 NaN/Inf，跳过对抗扰动。
[2025-12-17 21:02:10,929] [WARNING] [TSADAdvTrainer] 生成对抗样本时梯度为 None 或包含 NaN/Inf，跳过对抗扰动。
[2025-12-17 21:02:11,174] [WARNING] [TSADAdvTrainer] 生成对抗样本时梯度为 None 或包含 NaN/Inf，跳过对抗扰动。
[2025-12-17 21:02:11,455] [WARNING] [TSADAdvTrainer] 生成对抗样本时梯度为 None 或包含 NaN/Inf，跳过对抗扰动。
[2025-12-17 21:02:11,711] [WARNING] [TSADAdvTrainer] 生成对抗样本时梯度为 None 或包含 NaN/Inf，跳过对抗扰动。
[2025-12-17 21:02:11,984] [WARNING] [TSADAdvTrainer] 生成对抗样本时梯度为 None 或包含 NaN/Inf，跳过对抗扰动。
[2025-12-17 21:02:12,247] [WARNING] [TSADAdvTrainer] 生成对抗样本时梯度为 None 或包含 NaN/Inf，跳过对抗扰动。
[2025-12-17 21:02:12,509] [WARNING] [TSADAdvTrainer] 生成对抗样本时梯度为 None 或包含 NaN/Inf，跳过对抗扰动。
[2025-12-17 21:02:12,772] [WARNING] [TSADAdvTrainer] 生成对抗样本时梯度为 None 或包含 NaN/Inf，跳过对抗扰动。
[2025-12-17 21:02:13,036] [WARNING] [TSADAdvTrainer] 生成对抗样本时梯度为 None 或包含 NaN/Inf，跳过对抗扰动。
[2025-12-17 21:02:13,281] [WARNING] [TSADAdvTrainer] 生成对抗样本时梯度为 None 或包含 NaN/Inf，跳过对抗扰动。
[2025-12-17 21:02:13,524] [WARNING] [TSADAdvTrainer] 生成对抗样本时梯度为 None 或包含 NaN/Inf，跳过对抗扰动。
[2025-12-17 21:02:13,781] [WARNING] [TSADAdvTrainer] 生成对抗样本时梯度为 None 或包含 NaN/Inf，跳过对抗扰动。
[2025-12-17 21:02:14,034] [WARNING] [TSADAdvTrainer] 生成对抗样本时梯度为 None 或包含 NaN/Inf，跳过对抗扰动。
[2025-12-17 21:02:14,268] [WARNING] [TSADAdvTrainer] 生成对抗样本时梯度为 None 或包含 NaN/Inf，跳过对抗扰动。
[2025-12-17 21:02:14,537] [WARNING] [TSADAdvTrainer] 生成对抗样本时梯度为 None 或包含 NaN/Inf，跳过对抗扰动。
[2025-12-17 21:02:14,809] [WARNING] [TSADAdvTrainer] 生成对抗样本时梯度为 None 或包含 NaN/Inf，跳过对抗扰动。
[2025-12-17 21:02:15,045] [WARNING] [TSADAdvTrainer] 生成对抗样本时梯度为 None 或包含 NaN/Inf，跳过对抗扰动。
[2025-12-17 21:02:15,303] [WARNING] [TSADAdvTrainer] 生成对抗样本时梯度为 None 或包含 NaN/Inf，跳过对抗扰动。
[2025-12-17 21:02:15,538] [WARNING] [TSADAdvTrainer] 生成对抗样本时梯度为 None 或包含 NaN/Inf，跳过对抗扰动。
[2025-12-17 21:02:15,790] [WARNING] [TSADAdvTrainer] 生成对抗样本时梯度为 None 或包含 NaN/Inf，跳过对抗扰动。
[2025-12-17 21:02:16,060] [WARNING] [TSADAdvTrainer] 生成对抗样本时梯度为 None 或包含 NaN/Inf，跳过对抗扰动。
[2025-12-17 21:02:16,312] [WARNING] [TSADAdvTrainer] 生成对抗样本时梯度为 None 或包含 NaN/Inf，跳过对抗扰动。
[2025-12-17 21:02:16,565] [WARNING] [TSADAdvTrainer] 生成对抗样本时梯度为 None 或包含 NaN/Inf，跳过对抗扰动。
[2025-12-17 21:02:16,818] [WARNING] [TSADAdvTrainer] 生成对抗样本时梯度为 None 或包含 NaN/Inf，跳过对抗扰动。
[2025-12-17 21:02:17,055] [WARNING] [TSADAdvTrainer] 生成对抗样本时梯度为 None 或包含 NaN/Inf，跳过对抗扰动。
[2025-12-17 21:02:17,290] [WARNING] [TSADAdvTrainer] 生成对抗样本时梯度为 None 或包含 NaN/Inf，跳过对抗扰动。
[2025-12-17 21:02:17,541] [WARNING] [TSADAdvTrainer] 生成对抗样本时梯度为 None 或包含 NaN/Inf，跳过对抗扰动。
[2025-12-17 21:02:17,793] [WARNING] [TSADAdvTrainer] 生成对抗样本时梯度为 None 或包含 NaN/Inf，跳过对抗扰动。
[2025-12-17 21:02:18,029] [WARNING] [TSADAdvTrainer] 生成对抗样本时梯度为 None 或包含 NaN/Inf，跳过对抗扰动。
[2025-12-17 21:02:18,282] [WARNING] [TSADAdvTrainer] 生成对抗样本时梯度为 None 或包含 NaN/Inf，跳过对抗扰动。
[2025-12-17 21:02:18,536] [WARNING] [TSADAdvTrainer] 生成对抗样本时梯度为 None 或包含 NaN/Inf，跳过对抗扰动。
[2025-12-17 21:02:18,789] [WARNING] [TSADAdvTrainer] 生成对抗样本时梯度为 None 或包含 NaN/Inf，跳过对抗扰动。
[2025-12-17 21:02:19,041] [WARNING] [TSADAdvTrainer] 生成对抗样本时梯度为 None 或包含 NaN/Inf，跳过对抗扰动。
[2025-12-17 21:02:19,295] [WARNING] [TSADAdvTrainer] 生成对抗样本时梯度为 None 或包含 NaN/Inf，跳过对抗扰动。
[2025-12-17 21:02:19,548] [WARNING] [TSADAdvTrainer] 生成对抗样本时梯度为 None 或包含 NaN/Inf，跳过对抗扰动。
[2025-12-17 21:02:19,802] [WARNING] [TSADAdvTrainer] 生成对抗样本时梯度为 None 或包含 NaN/Inf，跳过对抗扰动。
[2025-12-17 21:02:20,056] [WARNING] [TSADAdvTrainer] 生成对抗样本时梯度为 None 或包含 NaN/Inf，跳过对抗扰动。
[2025-12-17 21:02:20,310] [WARNING] [TSADAdvTrainer] 生成对抗样本时梯度为 None 或包含 NaN/Inf，跳过对抗扰动。
[2025-12-17 21:02:20,546] [WARNING] [TSADAdvTrainer] 生成对抗样本时梯度为 None 或包含 NaN/Inf，跳过对抗扰动。
[2025-12-17 21:02:20,798] [WARNING] [TSADAdvTrainer] 生成对抗样本时梯度为 None 或包含 NaN/Inf，跳过对抗扰动。
[2025-12-17 21:02:21,041] [WARNING] [TSADAdvTrainer] 生成对抗样本时梯度为 None 或包含 NaN/Inf，跳过对抗扰动。
[2025-12-17 21:02:21,276] [WARNING] [TSADAdvTrainer] 生成对抗样本时梯度为 None 或包含 NaN/Inf，跳过对抗扰动。
[2025-12-17 21:02:21,530] [WARNING] [TSADAdvTrainer] 生成对抗样本时梯度为 None 或包含 NaN/Inf，跳过对抗扰动。
[2025-12-17 21:02:21,800] [WARNING] [TSADAdvTrainer] 生成对抗样本时梯度为 None 或包含 NaN/Inf，跳过对抗扰动。
[2025-12-17 21:02:22,054] [WARNING] [TSADAdvTrainer] 生成对抗样本时梯度为 None 或包含 NaN/Inf，跳过对抗扰动。
[2025-12-17 21:02:22,308] [WARNING] [TSADAdvTrainer] 生成对抗样本时梯度为 None 或包含 NaN/Inf，跳过对抗扰动。
[2025-12-17 21:02:22,543] [WARNING] [TSADAdvTrainer] 生成对抗样本时梯度为 None 或包含 NaN/Inf，跳过对抗扰动。
[2025-12-17 21:02:22,797] [WARNING] [TSADAdvTrainer] 生成对抗样本时梯度为 None 或包含 NaN/Inf，跳过对抗扰动。
[2025-12-17 21:02:23,066] [WARNING] [TSADAdvTrainer] 生成对抗样本时梯度为 None 或包含 NaN/Inf，跳过对抗扰动。
[2025-12-17 21:02:23,319] [WARNING] [TSADAdvTrainer] 生成对抗样本时梯度为 None 或包含 NaN/Inf，跳过对抗扰动。
[2025-12-17 21:02:23,572] [WARNING] [TSADAdvTrainer] 生成对抗样本时梯度为 None 或包含 NaN/Inf，跳过对抗扰动。
[2025-12-17 21:02:23,825] [WARNING] [TSADAdvTrainer] 生成对抗样本时梯度为 None 或包含 NaN/Inf，跳过对抗扰动。
[2025-12-17 21:02:24,061] [WARNING] [TSADAdvTrainer] 生成对抗样本时梯度为 None 或包含 NaN/Inf，跳过对抗扰动。
[2025-12-17 21:02:24,315] [WARNING] [TSADAdvTrainer] 生成对抗样本时梯度为 None 或包含 NaN/Inf，跳过对抗扰动。
[2025-12-17 21:02:24,555] [WARNING] [TSADAdvTrainer] 生成对抗样本时梯度为 None 或包含 NaN/Inf，跳过对抗扰动。
[2025-12-17 21:02:24,809] [WARNING] [TSADAdvTrainer] 生成对抗样本时梯度为 None 或包含 NaN/Inf，跳过对抗扰动。
[2025-12-17 21:02:25,044] [WARNING] [TSADAdvTrainer] 生成对抗样本时梯度为 None 或包含 NaN/Inf，跳过对抗扰动。
[2025-12-17 21:02:25,298] [WARNING] [TSADAdvTrainer] 生成对抗样本时梯度为 None 或包含 NaN/Inf，跳过对抗扰动。
[2025-12-17 21:02:25,550] [WARNING] [TSADAdvTrainer] 生成对抗样本时梯度为 None 或包含 NaN/Inf，跳过对抗扰动。
[2025-12-17 21:02:25,786] [WARNING] [TSADAdvTrainer] 生成对抗样本时梯度为 None 或包含 NaN/Inf，跳过对抗扰动。
[2025-12-17 21:02:26,037] [WARNING] [TSADAdvTrainer] 生成对抗样本时梯度为 None 或包含 NaN/Inf，跳过对抗扰动。
[2025-12-17 21:02:26,307] [WARNING] [TSADAdvTrainer] 生成对抗样本时梯度为 None 或包含 NaN/Inf，跳过对抗扰动。
[2025-12-17 21:02:26,561] [WARNING] [TSADAdvTrainer] 生成对抗样本时梯度为 None 或包含 NaN/Inf，跳过对抗扰动。
[2025-12-17 21:02:26,819] [WARNING] [TSADAdvTrainer] 生成对抗样本时梯度为 None 或包含 NaN/Inf，跳过对抗扰动。
[2025-12-17 21:02:27,076] [WARNING] [TSADAdvTrainer] 生成对抗样本时梯度为 None 或包含 NaN/Inf，跳过对抗扰动。
[2025-12-17 21:02:27,312] [WARNING] [TSADAdvTrainer] 生成对抗样本时梯度为 None 或包含 NaN/Inf，跳过对抗扰动。
[2025-12-17 21:02:27,565] [WARNING] [TSADAdvTrainer] 生成对抗样本时梯度为 None 或包含 NaN/Inf，跳过对抗扰动。
[2025-12-17 21:02:27,821] [WARNING] [TSADAdvTrainer] 生成对抗样本时梯度为 None 或包含 NaN/Inf，跳过对抗扰动。
[2025-12-17 21:02:28,076] [WARNING] [TSADAdvTrainer] 生成对抗样本时梯度为 None 或包含 NaN/Inf，跳过对抗扰动。
[2025-12-17 21:02:28,329] [WARNING] [TSADAdvTrainer] 生成对抗样本时梯度为 None 或包含 NaN/Inf，跳过对抗扰动。
[2025-12-17 21:02:28,584] [WARNING] [TSADAdvTrainer] 生成对抗样本时梯度为 None 或包含 NaN/Inf，跳过对抗扰动。
[2025-12-17 21:02:28,824] [WARNING] [TSADAdvTrainer] 生成对抗样本时梯度为 None 或包含 NaN/Inf，跳过对抗扰动。
[2025-12-17 21:02:29,061] [WARNING] [TSADAdvTrainer] 生成对抗样本时梯度为 None 或包含 NaN/Inf，跳过对抗扰动。
[2025-12-17 21:02:29,331] [WARNING] [TSADAdvTrainer] 生成对抗样本时梯度为 None 或包含 NaN/Inf，跳过对抗扰动。
[2025-12-17 21:02:29,603] [WARNING] [TSADAdvTrainer] 生成对抗样本时梯度为 None 或包含 NaN/Inf，跳过对抗扰动。
[2025-12-17 21:02:29,857] [WARNING] [TSADAdvTrainer] 生成对抗样本时梯度为 None 或包含 NaN/Inf，跳过对抗扰动。
[2025-12-17 21:02:30,094] [WARNING] [TSADAdvTrainer] 生成对抗样本时梯度为 None 或包含 NaN/Inf，跳过对抗扰动。
[2025-12-17 21:02:30,360] [WARNING] [TSADAdvTrainer] 生成对抗样本时梯度为 None 或包含 NaN/Inf，跳过对抗扰动。
[2025-12-17 21:02:30,631] [WARNING] [TSADAdvTrainer] 生成对抗样本时梯度为 None 或包含 NaN/Inf，跳过对抗扰动。
[2025-12-17 21:02:30,869] [WARNING] [TSADAdvTrainer] 生成对抗样本时梯度为 None 或包含 NaN/Inf，跳过对抗扰动。
[2025-12-17 21:02:31,123] [WARNING] [TSADAdvTrainer] 生成对抗样本时梯度为 None 或包含 NaN/Inf，跳过对抗扰动。
[2025-12-17 21:02:31,377] [WARNING] [TSADAdvTrainer] 生成对抗样本时梯度为 None 或包含 NaN/Inf，跳过对抗扰动。
[2025-12-17 21:02:31,631] [WARNING] [TSADAdvTrainer] 生成对抗样本时梯度为 None 或包含 NaN/Inf，跳过对抗扰动。
[2025-12-17 21:02:31,885] [WARNING] [TSADAdvTrainer] 生成对抗样本时梯度为 None 或包含 NaN/Inf，跳过对抗扰动。
[2025-12-17 21:02:32,139] [WARNING] [TSADAdvTrainer] 生成对抗样本时梯度为 None 或包含 NaN/Inf，跳过对抗扰动。
[2025-12-17 21:02:32,392] [WARNING] [TSADAdvTrainer] 生成对抗样本时梯度为 None 或包含 NaN/Inf，跳过对抗扰动。
[2025-12-17 21:02:32,627] [WARNING] [TSADAdvTrainer] 生成对抗样本时梯度为 None 或包含 NaN/Inf，跳过对抗扰动。
[2025-12-17 21:02:32,863] [WARNING] [TSADAdvTrainer] 生成对抗样本时梯度为 None 或包含 NaN/Inf，跳过对抗扰动。
[2025-12-17 21:02:33,102] [WARNING] [TSADAdvTrainer] 生成对抗样本时梯度为 None 或包含 NaN/Inf，跳过对抗扰动。
[2025-12-17 21:02:33,354] [WARNING] [TSADAdvTrainer] 生成对抗样本时梯度为 None 或包含 NaN/Inf，跳过对抗扰动。
[2025-12-17 21:02:33,590] [WARNING] [TSADAdvTrainer] 生成对抗样本时梯度为 None 或包含 NaN/Inf，跳过对抗扰动。
[2025-12-17 21:02:33,845] [WARNING] [TSADAdvTrainer] 生成对抗样本时梯度为 None 或包含 NaN/Inf，跳过对抗扰动。
[2025-12-17 21:02:34,080] [WARNING] [TSADAdvTrainer] 生成对抗样本时梯度为 None 或包含 NaN/Inf，跳过对抗扰动。
[2025-12-17 21:02:34,351] [WARNING] [TSADAdvTrainer] 生成对抗样本时梯度为 None 或包含 NaN/Inf，跳过对抗扰动。
[2025-12-17 21:02:34,623] [WARNING] [TSADAdvTrainer] 生成对抗样本时梯度为 None 或包含 NaN/Inf，跳过对抗扰动。
[2025-12-17 21:02:34,895] [WARNING] [TSADAdvTrainer] 生成对抗样本时梯度为 None 或包含 NaN/Inf，跳过对抗扰动。
[2025-12-17 21:02:35,152] [WARNING] [TSADAdvTrainer] 生成对抗样本时梯度为 None 或包含 NaN/Inf，跳过对抗扰动。
[2025-12-17 21:02:35,404] [WARNING] [TSADAdvTrainer] 生成对抗样本时梯度为 None 或包含 NaN/Inf，跳过对抗扰动。
[2025-12-17 21:02:35,639] [WARNING] [TSADAdvTrainer] 生成对抗样本时梯度为 None 或包含 NaN/Inf，跳过对抗扰动。
[2025-12-17 21:02:35,890] [WARNING] [TSADAdvTrainer] 生成对抗样本时梯度为 None 或包含 NaN/Inf，跳过对抗扰动。
[2025-12-17 21:02:36,143] [WARNING] [TSADAdvTrainer] 生成对抗样本时梯度为 None 或包含 NaN/Inf，跳过对抗扰动。
[2025-12-17 21:02:36,377] [WARNING] [TSADAdvTrainer] 生成对抗样本时梯度为 None 或包含 NaN/Inf，跳过对抗扰动。
[2025-12-17 21:02:36,631] [WARNING] [TSADAdvTrainer] 生成对抗样本时梯度为 None 或包含 NaN/Inf，跳过对抗扰动。
[2025-12-17 21:02:36,884] [WARNING] [TSADAdvTrainer] 生成对抗样本时梯度为 None 或包含 NaN/Inf，跳过对抗扰动。
[2025-12-17 21:02:37,122] [WARNING] [TSADAdvTrainer] 生成对抗样本时梯度为 None 或包含 NaN/Inf，跳过对抗扰动。
[2025-12-17 21:02:37,392] [WARNING] [TSADAdvTrainer] 生成对抗样本时梯度为 None 或包含 NaN/Inf，跳过对抗扰动。
[2025-12-17 21:02:37,664] [WARNING] [TSADAdvTrainer] 生成对抗样本时梯度为 None 或包含 NaN/Inf，跳过对抗扰动。
[2025-12-17 21:02:37,936] [WARNING] [TSADAdvTrainer] 生成对抗样本时梯度为 None 或包含 NaN/Inf，跳过对抗扰动。
[2025-12-17 21:02:38,193] [WARNING] [TSADAdvTrainer] 生成对抗样本时梯度为 None 或包含 NaN/Inf，跳过对抗扰动。
[2025-12-17 21:02:38,449] [WARNING] [TSADAdvTrainer] 生成对抗样本时梯度为 None 或包含 NaN/Inf，跳过对抗扰动。
[2025-12-17 21:02:38,705] [WARNING] [TSADAdvTrainer] 生成对抗样本时梯度为 None 或包含 NaN/Inf，跳过对抗扰动。
[2025-12-17 21:02:38,963] [WARNING] [TSADAdvTrainer] 生成对抗样本时梯度为 None 或包含 NaN/Inf，跳过对抗扰动。
[2025-12-17 21:02:39,221] [WARNING] [TSADAdvTrainer] 生成对抗样本时梯度为 None 或包含 NaN/Inf，跳过对抗扰动。
[2025-12-17 21:02:39,475] [WARNING] [TSADAdvTrainer] 生成对抗样本时梯度为 None 或包含 NaN/Inf，跳过对抗扰动。
[2025-12-17 21:02:39,729] [WARNING] [TSADAdvTrainer] 生成对抗样本时梯度为 None 或包含 NaN/Inf，跳过对抗扰动。
[2025-12-17 21:02:39,981] [WARNING] [TSADAdvTrainer] 生成对抗样本时梯度为 None 或包含 NaN/Inf，跳过对抗扰动。
[2025-12-17 21:02:40,217] [WARNING] [TSADAdvTrainer] 生成对抗样本时梯度为 None 或包含 NaN/Inf，跳过对抗扰动。
[2025-12-17 21:02:40,468] [WARNING] [TSADAdvTrainer] 生成对抗样本时梯度为 None 或包含 NaN/Inf，跳过对抗扰动。
[2025-12-17 21:02:40,720] [WARNING] [TSADAdvTrainer] 生成对抗样本时梯度为 None 或包含 NaN/Inf，跳过对抗扰动。
[2025-12-17 21:02:40,955] [WARNING] [TSADAdvTrainer] 生成对抗样本时梯度为 None 或包含 NaN/Inf，跳过对抗扰动。
[2025-12-17 21:02:41,208] [WARNING] [TSADAdvTrainer] 生成对抗样本时梯度为 None 或包含 NaN/Inf，跳过对抗扰动。
[2025-12-17 21:02:41,449] [WARNING] [TSADAdvTrainer] 生成对抗样本时梯度为 None 或包含 NaN/Inf，跳过对抗扰动。
[2025-12-17 21:02:41,710] [WARNING] [TSADAdvTrainer] 生成对抗样本时梯度为 None 或包含 NaN/Inf，跳过对抗扰动。
[2025-12-17 21:02:41,961] [WARNING] [TSADAdvTrainer] 生成对抗样本时梯度为 None 或包含 NaN/Inf，跳过对抗扰动。
[2025-12-17 21:02:42,244] [WARNING] [TSADAdvTrainer] 生成对抗样本时梯度为 None 或包含 NaN/Inf，跳过对抗扰动。
[2025-12-17 21:02:42,501] [WARNING] [TSADAdvTrainer] 生成对抗样本时梯度为 None 或包含 NaN/Inf，跳过对抗扰动。
[2025-12-17 21:02:42,763] [WARNING] [TSADAdvTrainer] 生成对抗样本时梯度为 None 或包含 NaN/Inf，跳过对抗扰动。
[2025-12-17 21:02:43,036] [WARNING] [TSADAdvTrainer] 生成对抗样本时梯度为 None 或包含 NaN/Inf，跳过对抗扰动。
[2025-12-17 21:02:43,300] [WARNING] [TSADAdvTrainer] 生成对抗样本时梯度为 None 或包含 NaN/Inf，跳过对抗扰动。
[2025-12-17 21:02:43,548] [WARNING] [TSADAdvTrainer] 生成对抗样本时梯度为 None 或包含 NaN/Inf，跳过对抗扰动。
[2025-12-17 21:02:43,801] [WARNING] [TSADAdvTrainer] 生成对抗样本时梯度为 None 或包含 NaN/Inf，跳过对抗扰动。
[2025-12-17 21:02:44,050] [WARNING] [TSADAdvTrainer] 生成对抗样本时梯度为 None 或包含 NaN/Inf，跳过对抗扰动。
[2025-12-17 21:02:44,332] [WARNING] [TSADAdvTrainer] 生成对抗样本时梯度为 None 或包含 NaN/Inf，跳过对抗扰动。
[2025-12-17 21:02:44,597] [WARNING] [TSADAdvTrainer] 生成对抗样本时梯度为 None 或包含 NaN/Inf，跳过对抗扰动。
[2025-12-17 21:02:44,848] [WARNING] [TSADAdvTrainer] 生成对抗样本时梯度为 None 或包含 NaN/Inf，跳过对抗扰动。
[2025-12-17 21:02:45,114] [WARNING] [TSADAdvTrainer] 生成对抗样本时梯度为 None 或包含 NaN/Inf，跳过对抗扰动。
[2025-12-17 21:02:45,361] [WARNING] [TSADAdvTrainer] 生成对抗样本时梯度为 None 或包含 NaN/Inf，跳过对抗扰动。
[2025-12-17 21:02:45,642] [WARNING] [TSADAdvTrainer] 生成对抗样本时梯度为 None 或包含 NaN/Inf，跳过对抗扰动。
[2025-12-17 21:02:45,890] [WARNING] [TSADAdvTrainer] 生成对抗样本时梯度为 None 或包含 NaN/Inf，跳过对抗扰动。
[2025-12-17 21:02:46,141] [WARNING] [TSADAdvTrainer] 生成对抗样本时梯度为 None 或包含 NaN/Inf，跳过对抗扰动。
[2025-12-17 21:02:46,418] [WARNING] [TSADAdvTrainer] 生成对抗样本时梯度为 None 或包含 NaN/Inf，跳过对抗扰动。
[2025-12-17 21:02:46,669] [WARNING] [TSADAdvTrainer] 生成对抗样本时梯度为 None 或包含 NaN/Inf，跳过对抗扰动。
[2025-12-17 21:02:46,948] [WARNING] [TSADAdvTrainer] 生成对抗样本时梯度为 None 或包含 NaN/Inf，跳过对抗扰动。
[2025-12-17 21:02:47,212] [WARNING] [TSADAdvTrainer] 生成对抗样本时梯度为 None 或包含 NaN/Inf，跳过对抗扰动。
[2025-12-17 21:02:47,475] [WARNING] [TSADAdvTrainer] 生成对抗样本时梯度为 None 或包含 NaN/Inf，跳过对抗扰动。
[2025-12-17 21:02:47,723] [WARNING] [TSADAdvTrainer] 生成对抗样本时梯度为 None 或包含 NaN/Inf，跳过对抗扰动。
[2025-12-17 21:02:47,972] [WARNING] [TSADAdvTrainer] 生成对抗样本时梯度为 None 或包含 NaN/Inf，跳过对抗扰动。
[2025-12-17 21:02:48,254] [WARNING] [TSADAdvTrainer] 生成对抗样本时梯度为 None 或包含 NaN/Inf，跳过对抗扰动。
[2025-12-17 21:02:48,520] [WARNING] [TSADAdvTrainer] 生成对抗样本时梯度为 None 或包含 NaN/Inf，跳过对抗扰动。
[2025-12-17 21:02:48,770] [WARNING] [TSADAdvTrainer] 生成对抗样本时梯度为 None 或包含 NaN/Inf，跳过对抗扰动。
[2025-12-17 21:02:49,043] [WARNING] [TSADAdvTrainer] 生成对抗样本时梯度为 None 或包含 NaN/Inf，跳过对抗扰动。
[2025-12-17 21:02:49,314] [WARNING] [TSADAdvTrainer] 生成对抗样本时梯度为 None 或包含 NaN/Inf，跳过对抗扰动。
[2025-12-17 21:02:49,586] [WARNING] [TSADAdvTrainer] 生成对抗样本时梯度为 None 或包含 NaN/Inf，跳过对抗扰动。
[2025-12-17 21:02:49,851] [WARNING] [TSADAdvTrainer] 生成对抗样本时梯度为 None 或包含 NaN/Inf，跳过对抗扰动。
[2025-12-17 21:02:50,100] [WARNING] [TSADAdvTrainer] 生成对抗样本时梯度为 None 或包含 NaN/Inf，跳过对抗扰动。
[2025-12-17 21:02:50,361] [WARNING] [TSADAdvTrainer] 生成对抗样本时梯度为 None 或包含 NaN/Inf，跳过对抗扰动。
[2025-12-17 21:02:50,619] [WARNING] [TSADAdvTrainer] 生成对抗样本时梯度为 None 或包含 NaN/Inf，跳过对抗扰动。
[2025-12-17 21:02:50,866] [WARNING] [TSADAdvTrainer] 生成对抗样本时梯度为 None 或包含 NaN/Inf，跳过对抗扰动。
[2025-12-17 21:02:51,115] [WARNING] [TSADAdvTrainer] 生成对抗样本时梯度为 None 或包含 NaN/Inf，跳过对抗扰动。
[2025-12-17 21:02:51,358] [WARNING] [TSADAdvTrainer] 生成对抗样本时梯度为 None 或包含 NaN/Inf，跳过对抗扰动。
[2025-12-17 21:02:51,615] [WARNING] [TSADAdvTrainer] 生成对抗样本时梯度为 None 或包含 NaN/Inf，跳过对抗扰动。
[2025-12-17 21:02:51,875] [WARNING] [TSADAdvTrainer] 生成对抗样本时梯度为 None 或包含 NaN/Inf，跳过对抗扰动。
[2025-12-17 21:02:52,120] [WARNING] [TSADAdvTrainer] 生成对抗样本时梯度为 None 或包含 NaN/Inf，跳过对抗扰动。
[2025-12-17 21:02:52,383] [WARNING] [TSADAdvTrainer] 生成对抗样本时梯度为 None 或包含 NaN/Inf，跳过对抗扰动。
[2025-12-17 21:02:52,651] [WARNING] [TSADAdvTrainer] 生成对抗样本时梯度为 None 或包含 NaN/Inf，跳过对抗扰动。
[2025-12-17 21:02:52,896] [WARNING] [TSADAdvTrainer] 生成对抗样本时梯度为 None 或包含 NaN/Inf，跳过对抗扰动。
[2025-12-17 21:02:53,144] [WARNING] [TSADAdvTrainer] 生成对抗样本时梯度为 None 或包含 NaN/Inf，跳过对抗扰动。
[2025-12-17 21:02:53,392] [WARNING] [TSADAdvTrainer] 生成对抗样本时梯度为 None 或包含 NaN/Inf，跳过对抗扰动。
[2025-12-17 21:02:53,652] [WARNING] [TSADAdvTrainer] 生成对抗样本时梯度为 None 或包含 NaN/Inf，跳过对抗扰动。
[2025-12-17 21:02:53,912] [WARNING] [TSADAdvTrainer] 生成对抗样本时梯度为 None 或包含 NaN/Inf，跳过对抗扰动。
[2025-12-17 21:02:54,159] [WARNING] [TSADAdvTrainer] 生成对抗样本时梯度为 None 或包含 NaN/Inf，跳过对抗扰动。
[2025-12-17 21:02:54,406] [WARNING] [TSADAdvTrainer] 生成对抗样本时梯度为 None 或包含 NaN/Inf，跳过对抗扰动。
[2025-12-17 21:02:54,686] [WARNING] [TSADAdvTrainer] 生成对抗样本时梯度为 None 或包含 NaN/Inf，跳过对抗扰动。
[2025-12-17 21:02:54,949] [WARNING] [TSADAdvTrainer] 生成对抗样本时梯度为 None 或包含 NaN/Inf，跳过对抗扰动。
[2025-12-17 21:02:55,211] [WARNING] [TSADAdvTrainer] 生成对抗样本时梯度为 None 或包含 NaN/Inf，跳过对抗扰动。
[2025-12-17 21:02:55,457] [WARNING] [TSADAdvTrainer] 生成对抗样本时梯度为 None 或包含 NaN/Inf，跳过对抗扰动。
[2025-12-17 21:02:55,706] [WARNING] [TSADAdvTrainer] 生成对抗样本时梯度为 None 或包含 NaN/Inf，跳过对抗扰动。
[2025-12-17 21:02:55,951] [WARNING] [TSADAdvTrainer] 生成对抗样本时梯度为 None 或包含 NaN/Inf，跳过对抗扰动。
[2025-12-17 21:02:56,227] [WARNING] [TSADAdvTrainer] 生成对抗样本时梯度为 None 或包含 NaN/Inf，跳过对抗扰动。
[2025-12-17 21:02:56,472] [WARNING] [TSADAdvTrainer] 生成对抗样本时梯度为 None 或包含 NaN/Inf，跳过对抗扰动。
[2025-12-17 21:02:56,719] [WARNING] [TSADAdvTrainer] 生成对抗样本时梯度为 None 或包含 NaN/Inf，跳过对抗扰动。
[2025-12-17 21:02:56,978] [WARNING] [TSADAdvTrainer] 生成对抗样本时梯度为 None 或包含 NaN/Inf，跳过对抗扰动。
[2025-12-17 21:02:57,255] [WARNING] [TSADAdvTrainer] 生成对抗样本时梯度为 None 或包含 NaN/Inf，跳过对抗扰动。
[2025-12-17 21:02:57,502] [WARNING] [TSADAdvTrainer] 生成对抗样本时梯度为 None 或包含 NaN/Inf，跳过对抗扰动。
[2025-12-17 21:02:57,779] [WARNING] [TSADAdvTrainer] 生成对抗样本时梯度为 None 或包含 NaN/Inf，跳过对抗扰动。
[2025-12-17 21:02:58,038] [WARNING] [TSADAdvTrainer] 生成对抗样本时梯度为 None 或包含 NaN/Inf，跳过对抗扰动。
[2025-12-17 21:02:58,290] [WARNING] [TSADAdvTrainer] 生成对抗样本时梯度为 None 或包含 NaN/Inf，跳过对抗扰动。
[2025-12-17 21:02:58,535] [WARNING] [TSADAdvTrainer] 生成对抗样本时梯度为 None 或包含 NaN/Inf，跳过对抗扰动。
[2025-12-17 21:02:58,799] [WARNING] [TSADAdvTrainer] 生成对抗样本时梯度为 None 或包含 NaN/Inf，跳过对抗扰动。
[2025-12-17 21:02:59,043] [WARNING] [TSADAdvTrainer] 生成对抗样本时梯度为 None 或包含 NaN/Inf，跳过对抗扰动。
[2025-12-17 21:02:59,306] [WARNING] [TSADAdvTrainer] 生成对抗样本时梯度为 None 或包含 NaN/Inf，跳过对抗扰动。
[2025-12-17 21:02:59,564] [WARNING] [TSADAdvTrainer] 生成对抗样本时梯度为 None 或包含 NaN/Inf，跳过对抗扰动。
[2025-12-17 21:02:59,821] [WARNING] [TSADAdvTrainer] 生成对抗样本时梯度为 None 或包含 NaN/Inf，跳过对抗扰动。
[2025-12-17 21:03:00,087] [WARNING] [TSADAdvTrainer] 生成对抗样本时梯度为 None 或包含 NaN/Inf，跳过对抗扰动。
[2025-12-17 21:03:00,353] [WARNING] [TSADAdvTrainer] 生成对抗样本时梯度为 None 或包含 NaN/Inf，跳过对抗扰动。
[2025-12-17 21:03:00,635] [WARNING] [TSADAdvTrainer] 生成对抗样本时梯度为 None 或包含 NaN/Inf，跳过对抗扰动。
[2025-12-17 21:03:00,883] [WARNING] [TSADAdvTrainer] 生成对抗样本时梯度为 None 或包含 NaN/Inf，跳过对抗扰动。
[2025-12-17 21:03:01,146] [WARNING] [TSADAdvTrainer] 生成对抗样本时梯度为 None 或包含 NaN/Inf，跳过对抗扰动。
[2025-12-17 21:03:01,416] [WARNING] [TSADAdvTrainer] 生成对抗样本时梯度为 None 或包含 NaN/Inf，跳过对抗扰动。
[2025-12-17 21:03:01,684] [WARNING] [TSADAdvTrainer] 生成对抗样本时梯度为 None 或包含 NaN/Inf，跳过对抗扰动。
[2025-12-17 21:03:01,935] [WARNING] [TSADAdvTrainer] 生成对抗样本时梯度为 None 或包含 NaN/Inf，跳过对抗扰动。
[2025-12-17 21:03:02,213] [WARNING] [TSADAdvTrainer] 生成对抗样本时梯度为 None 或包含 NaN/Inf，跳过对抗扰动。
[2025-12-17 21:03:02,476] [WARNING] [TSADAdvTrainer] 生成对抗样本时梯度为 None 或包含 NaN/Inf，跳过对抗扰动。
[2025-12-17 21:03:02,724] [WARNING] [TSADAdvTrainer] 生成对抗样本时梯度为 None 或包含 NaN/Inf，跳过对抗扰动。
[2025-12-17 21:03:02,985] [WARNING] [TSADAdvTrainer] 生成对抗样本时梯度为 None 或包含 NaN/Inf，跳过对抗扰动。
[2025-12-17 21:03:03,234] [WARNING] [TSADAdvTrainer] 生成对抗样本时梯度为 None 或包含 NaN/Inf，跳过对抗扰动。
[2025-12-17 21:03:03,508] [WARNING] [TSADAdvTrainer] 生成对抗样本时梯度为 None 或包含 NaN/Inf，跳过对抗扰动。
[2025-12-17 21:03:03,867] [WARNING] [TSADAdvTrainer] 生成对抗样本时梯度为 None 或包含 NaN/Inf，跳过对抗扰动。
[2025-12-17 21:03:04,135] [WARNING] [TSADAdvTrainer] 生成对抗样本时梯度为 None 或包含 NaN/Inf，跳过对抗扰动。
[2025-12-17 21:03:04,413] [WARNING] [TSADAdvTrainer] 生成对抗样本时梯度为 None 或包含 NaN/Inf，跳过对抗扰动。
[2025-12-17 21:03:04,676] [WARNING] [TSADAdvTrainer] 生成对抗样本时梯度为 None 或包含 NaN/Inf，跳过对抗扰动。
[2025-12-17 21:03:04,923] [WARNING] [TSADAdvTrainer] 生成对抗样本时梯度为 None 或包含 NaN/Inf，跳过对抗扰动。
[2025-12-17 21:03:05,183] [WARNING] [TSADAdvTrainer] 生成对抗样本时梯度为 None 或包含 NaN/Inf，跳过对抗扰动。
[2025-12-17 21:03:05,445] [WARNING] [TSADAdvTrainer] 生成对抗样本时梯度为 None 或包含 NaN/Inf，跳过对抗扰动。
[2025-12-17 21:03:05,692] [WARNING] [TSADAdvTrainer] 生成对抗样本时梯度为 None 或包含 NaN/Inf，跳过对抗扰动。
[2025-12-17 21:03:05,978] [WARNING] [TSADAdvTrainer] 生成对抗样本时梯度为 None 或包含 NaN/Inf，跳过对抗扰动。
[2025-12-17 21:03:06,235] [WARNING] [TSADAdvTrainer] 生成对抗样本时梯度为 None 或包含 NaN/Inf，跳过对抗扰动。
[2025-12-17 21:03:06,508] [WARNING] [TSADAdvTrainer] 生成对抗样本时梯度为 None 或包含 NaN/Inf，跳过对抗扰动。
[2025-12-17 21:03:06,777] [WARNING] [TSADAdvTrainer] 生成对抗样本时梯度为 None 或包含 NaN/Inf，跳过对抗扰动。
[2025-12-17 21:03:07,041] [WARNING] [TSADAdvTrainer] 生成对抗样本时梯度为 None 或包含 NaN/Inf，跳过对抗扰动。
[2025-12-17 21:03:07,308] [WARNING] [TSADAdvTrainer] 生成对抗样本时梯度为 None 或包含 NaN/Inf，跳过对抗扰动。
[2025-12-17 21:03:07,559] [WARNING] [TSADAdvTrainer] 生成对抗样本时梯度为 None 或包含 NaN/Inf，跳过对抗扰动。
[2025-12-17 21:03:07,820] [WARNING] [TSADAdvTrainer] 生成对抗样本时梯度为 None 或包含 NaN/Inf，跳过对抗扰动。
[2025-12-17 21:03:08,070] [WARNING] [TSADAdvTrainer] 生成对抗样本时梯度为 None 或包含 NaN/Inf，跳过对抗扰动。
[2025-12-17 21:03:08,351] [WARNING] [TSADAdvTrainer] 生成对抗样本时梯度为 None 或包含 NaN/Inf，跳过对抗扰动。
[2025-12-17 21:03:08,613] [WARNING] [TSADAdvTrainer] 生成对抗样本时梯度为 None 或包含 NaN/Inf，跳过对抗扰动。
[2025-12-17 21:03:08,861] [WARNING] [TSADAdvTrainer] 生成对抗样本时梯度为 None 或包含 NaN/Inf，跳过对抗扰动。
[2025-12-17 21:03:09,109] [WARNING] [TSADAdvTrainer] 生成对抗样本时梯度为 None 或包含 NaN/Inf，跳过对抗扰动。
[2025-12-17 21:03:09,371] [WARNING] [TSADAdvTrainer] 生成对抗样本时梯度为 None 或包含 NaN/Inf，跳过对抗扰动。
[2025-12-17 21:03:09,646] [WARNING] [TSADAdvTrainer] 生成对抗样本时梯度为 None 或包含 NaN/Inf，跳过对抗扰动。
[2025-12-17 21:03:09,891] [WARNING] [TSADAdvTrainer] 生成对抗样本时梯度为 None 或包含 NaN/Inf，跳过对抗扰动。
[2025-12-17 21:03:10,152] [WARNING] [TSADAdvTrainer] 生成对抗样本时梯度为 None 或包含 NaN/Inf，跳过对抗扰动。
[2025-12-17 21:03:10,413] [WARNING] [TSADAdvTrainer] 生成对抗样本时梯度为 None 或包含 NaN/Inf，跳过对抗扰动。
[2025-12-17 21:03:10,674] [WARNING] [TSADAdvTrainer] 生成对抗样本时梯度为 None 或包含 NaN/Inf，跳过对抗扰动。
[2025-12-17 21:03:10,936] [WARNING] [TSADAdvTrainer] 生成对抗样本时梯度为 None 或包含 NaN/Inf，跳过对抗扰动。
[2025-12-17 21:03:11,218] [WARNING] [TSADAdvTrainer] 生成对抗样本时梯度为 None 或包含 NaN/Inf，跳过对抗扰动。
[2025-12-17 21:03:11,481] [WARNING] [TSADAdvTrainer] 生成对抗样本时梯度为 None 或包含 NaN/Inf，跳过对抗扰动。
[2025-12-17 21:03:11,755] [WARNING] [TSADAdvTrainer] 生成对抗样本时梯度为 None 或包含 NaN/Inf，跳过对抗扰动。
[2025-12-17 21:03:12,006] [WARNING] [TSADAdvTrainer] 生成对抗样本时梯度为 None 或包含 NaN/Inf，跳过对抗扰动。
[2025-12-17 21:03:12,257] [WARNING] [TSADAdvTrainer] 生成对抗样本时梯度为 None 或包含 NaN/Inf，跳过对抗扰动。
[2025-12-17 21:03:12,503] [WARNING] [TSADAdvTrainer] 生成对抗样本时梯度为 None 或包含 NaN/Inf，跳过对抗扰动。
[2025-12-17 21:03:12,770] [WARNING] [TSADAdvTrainer] 生成对抗样本时梯度为 None 或包含 NaN/Inf，跳过对抗扰动。
[2025-12-17 21:03:13,018] [WARNING] [TSADAdvTrainer] 生成对抗样本时梯度为 None 或包含 NaN/Inf，跳过对抗扰动。
[2025-12-17 21:03:13,295] [WARNING] [TSADAdvTrainer] 生成对抗样本时梯度为 None 或包含 NaN/Inf，跳过对抗扰动。
[2025-12-17 21:03:13,559] [WARNING] [TSADAdvTrainer] 生成对抗样本时梯度为 None 或包含 NaN/Inf，跳过对抗扰动。
[2025-12-17 21:03:13,822] [WARNING] [TSADAdvTrainer] 生成对抗样本时梯度为 None 或包含 NaN/Inf，跳过对抗扰动。
[2025-12-17 21:03:14,083] [WARNING] [TSADAdvTrainer] 生成对抗样本时梯度为 None 或包含 NaN/Inf，跳过对抗扰动。
[2025-12-17 21:03:14,330] [WARNING] [TSADAdvTrainer] 生成对抗样本时梯度为 None 或包含 NaN/Inf，跳过对抗扰动。
[2025-12-17 21:03:14,590] [WARNING] [TSADAdvTrainer] 生成对抗样本时梯度为 None 或包含 NaN/Inf，跳过对抗扰动。
[2025-12-17 21:03:14,867] [WARNING] [TSADAdvTrainer] 生成对抗样本时梯度为 None 或包含 NaN/Inf，跳过对抗扰动。
[2025-12-17 21:03:15,110] [WARNING] [TSADAdvTrainer] 生成对抗样本时梯度为 None 或包含 NaN/Inf，跳过对抗扰动。
[2025-12-17 21:03:15,374] [WARNING] [TSADAdvTrainer] 生成对抗样本时梯度为 None 或包含 NaN/Inf，跳过对抗扰动。
[2025-12-17 21:03:15,636] [WARNING] [TSADAdvTrainer] 生成对抗样本时梯度为 None 或包含 NaN/Inf，跳过对抗扰动。
[2025-12-17 21:03:15,904] [WARNING] [TSADAdvTrainer] 生成对抗样本时梯度为 None 或包含 NaN/Inf，跳过对抗扰动。
[2025-12-17 21:03:16,166] [WARNING] [TSADAdvTrainer] 生成对抗样本时梯度为 None 或包含 NaN/Inf，跳过对抗扰动。
[2025-12-17 21:03:16,430] [WARNING] [TSADAdvTrainer] 生成对抗样本时梯度为 None 或包含 NaN/Inf，跳过对抗扰动。
[2025-12-17 21:03:16,690] [WARNING] [TSADAdvTrainer] 生成对抗样本时梯度为 None 或包含 NaN/Inf，跳过对抗扰动。
[2025-12-17 21:03:16,955] [WARNING] [TSADAdvTrainer] 生成对抗样本时梯度为 None 或包含 NaN/Inf，跳过对抗扰动。
[2025-12-17 21:03:17,217] [WARNING] [TSADAdvTrainer] 生成对抗样本时梯度为 None 或包含 NaN/Inf，跳过对抗扰动。
[2025-12-17 21:03:17,463] [WARNING] [TSADAdvTrainer] 生成对抗样本时梯度为 None 或包含 NaN/Inf，跳过对抗扰动。
[2025-12-17 21:03:17,725] [WARNING] [TSADAdvTrainer] 生成对抗样本时梯度为 None 或包含 NaN/Inf，跳过对抗扰动。
[2025-12-17 21:03:17,992] [WARNING] [TSADAdvTrainer] 生成对抗样本时梯度为 None 或包含 NaN/Inf，跳过对抗扰动。
[2025-12-17 21:03:18,251] [WARNING] [TSADAdvTrainer] 生成对抗样本时梯度为 None 或包含 NaN/Inf，跳过对抗扰动。
[2025-12-17 21:03:18,497] [WARNING] [TSADAdvTrainer] 生成对抗样本时梯度为 None 或包含 NaN/Inf，跳过对抗扰动。
[2025-12-17 21:03:18,743] [WARNING] [TSADAdvTrainer] 生成对抗样本时梯度为 None 或包含 NaN/Inf，跳过对抗扰动。
[2025-12-17 21:03:19,022] [WARNING] [TSADAdvTrainer] 生成对抗样本时梯度为 None 或包含 NaN/Inf，跳过对抗扰动。
[2025-12-17 21:03:19,286] [WARNING] [TSADAdvTrainer] 生成对抗样本时梯度为 None 或包含 NaN/Inf，跳过对抗扰动。
[2025-12-17 21:03:19,549] [WARNING] [TSADAdvTrainer] 生成对抗样本时梯度为 None 或包含 NaN/Inf，跳过对抗扰动。
[2025-12-17 21:03:19,812] [WARNING] [TSADAdvTrainer] 生成对抗样本时梯度为 None 或包含 NaN/Inf，跳过对抗扰动。
[2025-12-17 21:03:20,084] [WARNING] [TSADAdvTrainer] 生成对抗样本时梯度为 None 或包含 NaN/Inf，跳过对抗扰动。
[2025-12-17 21:03:20,332] [WARNING] [TSADAdvTrainer] 生成对抗样本时梯度为 None 或包含 NaN/Inf，跳过对抗扰动。
[2025-12-17 21:03:20,600] [WARNING] [TSADAdvTrainer] 生成对抗样本时梯度为 None 或包含 NaN/Inf，跳过对抗扰动。
[2025-12-17 21:03:20,860] [WARNING] [TSADAdvTrainer] 生成对抗样本时梯度为 None 或包含 NaN/Inf，跳过对抗扰动。
[2025-12-17 21:03:21,138] [WARNING] [TSADAdvTrainer] 生成对抗样本时梯度为 None 或包含 NaN/Inf，跳过对抗扰动。
[2025-12-17 21:03:21,400] [WARNING] [TSADAdvTrainer] 生成对抗样本时梯度为 None 或包含 NaN/Inf，跳过对抗扰动。
[2025-12-17 21:03:21,662] [WARNING] [TSADAdvTrainer] 生成对抗样本时梯度为 None 或包含 NaN/Inf，跳过对抗扰动。
[2025-12-17 21:03:21,910] [WARNING] [TSADAdvTrainer] 生成对抗样本时梯度为 None 或包含 NaN/Inf，跳过对抗扰动。
[2025-12-17 21:03:22,187] [WARNING] [TSADAdvTrainer] 生成对抗样本时梯度为 None 或包含 NaN/Inf，跳过对抗扰动。
[2025-12-17 21:03:22,453] [WARNING] [TSADAdvTrainer] 生成对抗样本时梯度为 None 或包含 NaN/Inf，跳过对抗扰动。
[2025-12-17 21:03:22,701] [WARNING] [TSADAdvTrainer] 生成对抗样本时梯度为 None 或包含 NaN/Inf，跳过对抗扰动。
[2025-12-17 21:03:22,964] [WARNING] [TSADAdvTrainer] 生成对抗样本时梯度为 None 或包含 NaN/Inf，跳过对抗扰动。
[2025-12-17 21:03:23,243] [WARNING] [TSADAdvTrainer] 生成对抗样本时梯度为 None 或包含 NaN/Inf，跳过对抗扰动。
[2025-12-17 21:03:23,491] [WARNING] [TSADAdvTrainer] 生成对抗样本时梯度为 None 或包含 NaN/Inf，跳过对抗扰动。
[2025-12-17 21:03:23,739] [WARNING] [TSADAdvTrainer] 生成对抗样本时梯度为 None 或包含 NaN/Inf，跳过对抗扰动。
[2025-12-17 21:03:24,018] [WARNING] [TSADAdvTrainer] 生成对抗样本时梯度为 None 或包含 NaN/Inf，跳过对抗扰动。
[2025-12-17 21:03:24,317] [WARNING] [TSADAdvTrainer] 生成对抗样本时梯度为 None 或包含 NaN/Inf，跳过对抗扰动。
[2025-12-17 21:03:24,584] [WARNING] [TSADAdvTrainer] 生成对抗样本时梯度为 None 或包含 NaN/Inf，跳过对抗扰动。
[2025-12-17 21:03:24,848] [WARNING] [TSADAdvTrainer] 生成对抗样本时梯度为 None 或包含 NaN/Inf，跳过对抗扰动。
[2025-12-17 21:03:25,124] [WARNING] [TSADAdvTrainer] 生成对抗样本时梯度为 None 或包含 NaN/Inf，跳过对抗扰动。
[2025-12-17 21:03:25,397] [WARNING] [TSADAdvTrainer] 生成对抗样本时梯度为 None 或包含 NaN/Inf，跳过对抗扰动。
[2025-12-17 21:03:25,668] [WARNING] [TSADAdvTrainer] 生成对抗样本时梯度为 None 或包含 NaN/Inf，跳过对抗扰动。
[2025-12-17 21:03:25,951] [WARNING] [TSADAdvTrainer] 生成对抗样本时梯度为 None 或包含 NaN/Inf，跳过对抗扰动。
[2025-12-17 21:03:26,238] [WARNING] [TSADAdvTrainer] 生成对抗样本时梯度为 None 或包含 NaN/Inf，跳过对抗扰动。
[2025-12-17 21:03:26,506] [WARNING] [TSADAdvTrainer] 生成对抗样本时梯度为 None 或包含 NaN/Inf，跳过对抗扰动。
[2025-12-17 21:03:26,778] [WARNING] [TSADAdvTrainer] 生成对抗样本时梯度为 None 或包含 NaN/Inf，跳过对抗扰动。
[2025-12-17 21:03:27,031] [WARNING] [TSADAdvTrainer] 生成对抗样本时梯度为 None 或包含 NaN/Inf，跳过对抗扰动。
[2025-12-17 21:03:27,283] [WARNING] [TSADAdvTrainer] 生成对抗样本时梯度为 None 或包含 NaN/Inf，跳过对抗扰动。
[2025-12-17 21:03:27,551] [WARNING] [TSADAdvTrainer] 生成对抗样本时梯度为 None 或包含 NaN/Inf，跳过对抗扰动。
[2025-12-17 21:03:27,825] [WARNING] [TSADAdvTrainer] 生成对抗样本时梯度为 None 或包含 NaN/Inf，跳过对抗扰动。
[2025-12-17 21:03:28,073] [WARNING] [TSADAdvTrainer] 生成对抗样本时梯度为 None 或包含 NaN/Inf，跳过对抗扰动。
[2025-12-17 21:03:28,345] [WARNING] [TSADAdvTrainer] 生成对抗样本时梯度为 None 或包含 NaN/Inf，跳过对抗扰动。
[2025-12-17 21:03:28,590] [WARNING] [TSADAdvTrainer] 生成对抗样本时梯度为 None 或包含 NaN/Inf，跳过对抗扰动。
[2025-12-17 21:03:28,854] [WARNING] [TSADAdvTrainer] 生成对抗样本时梯度为 None 或包含 NaN/Inf，跳过对抗扰动。
[2025-12-17 21:03:29,128] [WARNING] [TSADAdvTrainer] 生成对抗样本时梯度为 None 或包含 NaN/Inf，跳过对抗扰动。
[2025-12-17 21:03:29,375] [WARNING] [TSADAdvTrainer] 生成对抗样本时梯度为 None 或包含 NaN/Inf，跳过对抗扰动。
[2025-12-17 21:03:29,623] [WARNING] [TSADAdvTrainer] 生成对抗样本时梯度为 None 或包含 NaN/Inf，跳过对抗扰动。
[2025-12-17 21:03:29,900] [WARNING] [TSADAdvTrainer] 生成对抗样本时梯度为 None 或包含 NaN/Inf，跳过对抗扰动。
[2025-12-17 21:03:30,173] [WARNING] [TSADAdvTrainer] 生成对抗样本时梯度为 None 或包含 NaN/Inf，跳过对抗扰动。
[2025-12-17 21:03:30,436] [WARNING] [TSADAdvTrainer] 生成对抗样本时梯度为 None 或包含 NaN/Inf，跳过对抗扰动。
[2025-12-17 21:03:30,684] [WARNING] [TSADAdvTrainer] 生成对抗样本时梯度为 None 或包含 NaN/Inf，跳过对抗扰动。
[2025-12-17 21:03:30,953] [WARNING] [TSADAdvTrainer] 生成对抗样本时梯度为 None 或包含 NaN/Inf，跳过对抗扰动。
[2025-12-17 21:03:31,201] [WARNING] [TSADAdvTrainer] 生成对抗样本时梯度为 None 或包含 NaN/Inf，跳过对抗扰动。
[2025-12-17 21:03:31,479] [WARNING] [TSADAdvTrainer] 生成对抗样本时梯度为 None 或包含 NaN/Inf，跳过对抗扰动。
[2025-12-17 21:03:31,725] [WARNING] [TSADAdvTrainer] 生成对抗样本时梯度为 None 或包含 NaN/Inf，跳过对抗扰动。
[2025-12-17 21:03:31,970] [WARNING] [TSADAdvTrainer] 生成对抗样本时梯度为 None 或包含 NaN/Inf，跳过对抗扰动。
[2025-12-17 21:03:32,247] [WARNING] [TSADAdvTrainer] 生成对抗样本时梯度为 None 或包含 NaN/Inf，跳过对抗扰动。
[2025-12-17 21:03:32,492] [WARNING] [TSADAdvTrainer] 生成对抗样本时梯度为 None 或包含 NaN/Inf，跳过对抗扰动。
[2025-12-17 21:03:32,742] [WARNING] [TSADAdvTrainer] 生成对抗样本时梯度为 None 或包含 NaN/Inf，跳过对抗扰动。
[2025-12-17 21:03:33,022] [WARNING] [TSADAdvTrainer] 生成对抗样本时梯度为 None 或包含 NaN/Inf，跳过对抗扰动。
[2025-12-17 21:03:33,266] [WARNING] [TSADAdvTrainer] 生成对抗样本时梯度为 None 或包含 NaN/Inf，跳过对抗扰动。
[2025-12-17 21:03:33,527] [WARNING] [TSADAdvTrainer] 生成对抗样本时梯度为 None 或包含 NaN/Inf，跳过对抗扰动。
[2025-12-17 21:03:33,787] [WARNING] [TSADAdvTrainer] 生成对抗样本时梯度为 None 或包含 NaN/Inf，跳过对抗扰动。
[2025-12-17 21:03:34,047] [WARNING] [TSADAdvTrainer] 生成对抗样本时梯度为 None 或包含 NaN/Inf，跳过对抗扰动。
[2025-12-17 21:03:34,291] [WARNING] [TSADAdvTrainer] 生成对抗样本时梯度为 None 或包含 NaN/Inf，跳过对抗扰动。
