[2025-12-17 19:59:52,174] [INFO] 日志已写入：./logs/wadi_adv_hybrid/MambaTSAD_20251217_195952.log
[2025-12-17 19:59:52,175] [INFO] [shared_adv] 命令行参数：Namespace(dataset='wadi', processed_root='./dataset/WADI', log_dir='./logs/wadi_adv_hybrid', branch='hybrid_shared_adv', win_size=100, pred_len=10, train_stride=1, test_stride=1, batch_size=64, epochs=50, lr=0.001, weight_decay=0.0001, seed=42, no_amp=False, max_grad_norm=1.0, patience=8, lambda_recon=1.0, lambda_forecast=1.0, adv_epsilon=0.05, adv_beta=0.5, adv_warmup_epochs=5, no_point_adjust=False, num_workers=4)
[2025-12-17 19:59:52,217] [INFO] [shared_adv] 数据集 [wadi] 构建完成，实体数量=1，input_dim=126，训练样本数=76198，测试样本数=17181
[2025-12-17 19:59:52,467] [INFO] [shared_adv] 当前使用设备：cuda
[2025-12-17 19:59:52,884] [INFO] 训练模式：混合模型 (hybrid)，context_len=90, pred_len=10。
[2025-12-17 19:59:53,575] [INFO] 模型结构：
MambaTSADHybrid(
  (recon_branch): MambaTSAD(
    (encoder): Linear(in_features=126, out_features=128, bias=True)
    (level1): ModuleList(
      (0-1): 2 x LSSBlockTS(
        (global_layers): ModuleList(
          (0-1): 2 x BiMambaBlock(
            (norm): LayerNorm((128,), eps=1e-05, elementwise_affine=True)
            (mamba_fwd): Mamba(
              (in_proj): Linear(in_features=128, out_features=512, bias=False)
              (conv1d): Conv1d(256, 256, kernel_size=(4,), stride=(1,), padding=(3,), groups=256)
              (act): SiLU()
              (x_proj): Linear(in_features=256, out_features=40, bias=False)
              (dt_proj): Linear(in_features=8, out_features=256, bias=True)
              (out_proj): Linear(in_features=256, out_features=128, bias=False)
            )
            (mamba_bwd): Mamba(
              (in_proj): Linear(in_features=128, out_features=512, bias=False)
              (conv1d): Conv1d(256, 256, kernel_size=(4,), stride=(1,), padding=(3,), groups=256)
              (act): SiLU()
              (x_proj): Linear(in_features=256, out_features=40, bias=False)
              (dt_proj): Linear(in_features=8, out_features=256, bias=True)
              (out_proj): Linear(in_features=256, out_features=128, bias=False)
            )
            (ffn): Sequential(
              (0): LayerNorm((128,), eps=1e-05, elementwise_affine=True)
              (1): Linear(in_features=128, out_features=512, bias=True)
              (2): GELU(approximate='none')
              (3): Dropout(p=0.1, inplace=False)
              (4): Linear(in_features=512, out_features=128, bias=True)
            )
            (dropout): Dropout(p=0.1, inplace=False)
          )
        )
        (local_branches): ModuleList(
          (0): LocalConvBlock1D(
            (block): Sequential(
              (0): Conv1d(128, 128, kernel_size=(1,), stride=(1,))
              (1): InstanceNorm1d(128, eps=1e-05, momentum=0.1, affine=False, track_running_stats=False)
              (2): SiLU()
              (3): Conv1d(128, 128, kernel_size=(5,), stride=(1,), padding=(2,), groups=128)
              (4): InstanceNorm1d(128, eps=1e-05, momentum=0.1, affine=False, track_running_stats=False)
              (5): SiLU()
              (6): Conv1d(128, 128, kernel_size=(1,), stride=(1,))
            )
          )
          (1): LocalConvBlock1D(
            (block): Sequential(
              (0): Conv1d(128, 128, kernel_size=(1,), stride=(1,))
              (1): InstanceNorm1d(128, eps=1e-05, momentum=0.1, affine=False, track_running_stats=False)
              (2): SiLU()
              (3): Conv1d(128, 128, kernel_size=(7,), stride=(1,), padding=(3,), groups=128)
              (4): InstanceNorm1d(128, eps=1e-05, momentum=0.1, affine=False, track_running_stats=False)
              (5): SiLU()
              (6): Conv1d(128, 128, kernel_size=(1,), stride=(1,))
            )
          )
        )
        (proj): Linear(in_features=384, out_features=128, bias=True)
      )
    )
    (level2): ModuleList(
      (0-1): 2 x LSSBlockTS(
        (global_layers): ModuleList(
          (0-1): 2 x BiMambaBlock(
            (norm): LayerNorm((128,), eps=1e-05, elementwise_affine=True)
            (mamba_fwd): Mamba(
              (in_proj): Linear(in_features=128, out_features=512, bias=False)
              (conv1d): Conv1d(256, 256, kernel_size=(4,), stride=(1,), padding=(3,), groups=256)
              (act): SiLU()
              (x_proj): Linear(in_features=256, out_features=40, bias=False)
              (dt_proj): Linear(in_features=8, out_features=256, bias=True)
              (out_proj): Linear(in_features=256, out_features=128, bias=False)
            )
            (mamba_bwd): Mamba(
              (in_proj): Linear(in_features=128, out_features=512, bias=False)
              (conv1d): Conv1d(256, 256, kernel_size=(4,), stride=(1,), padding=(3,), groups=256)
              (act): SiLU()
              (x_proj): Linear(in_features=256, out_features=40, bias=False)
              (dt_proj): Linear(in_features=8, out_features=256, bias=True)
              (out_proj): Linear(in_features=256, out_features=128, bias=False)
            )
            (ffn): Sequential(
              (0): LayerNorm((128,), eps=1e-05, elementwise_affine=True)
              (1): Linear(in_features=128, out_features=512, bias=True)
              (2): GELU(approximate='none')
              (3): Dropout(p=0.1, inplace=False)
              (4): Linear(in_features=512, out_features=128, bias=True)
            )
            (dropout): Dropout(p=0.1, inplace=False)
          )
        )
        (local_branches): ModuleList(
          (0): LocalConvBlock1D(
            (block): Sequential(
              (0): Conv1d(128, 128, kernel_size=(1,), stride=(1,))
              (1): InstanceNorm1d(128, eps=1e-05, momentum=0.1, affine=False, track_running_stats=False)
              (2): SiLU()
              (3): Conv1d(128, 128, kernel_size=(5,), stride=(1,), padding=(2,), groups=128)
              (4): InstanceNorm1d(128, eps=1e-05, momentum=0.1, affine=False, track_running_stats=False)
              (5): SiLU()
              (6): Conv1d(128, 128, kernel_size=(1,), stride=(1,))
            )
          )
          (1): LocalConvBlock1D(
            (block): Sequential(
              (0): Conv1d(128, 128, kernel_size=(1,), stride=(1,))
              (1): InstanceNorm1d(128, eps=1e-05, momentum=0.1, affine=False, track_running_stats=False)
              (2): SiLU()
              (3): Conv1d(128, 128, kernel_size=(7,), stride=(1,), padding=(3,), groups=128)
              (4): InstanceNorm1d(128, eps=1e-05, momentum=0.1, affine=False, track_running_stats=False)
              (5): SiLU()
              (6): Conv1d(128, 128, kernel_size=(1,), stride=(1,))
            )
          )
        )
        (proj): Linear(in_features=384, out_features=128, bias=True)
      )
    )
    (level3): ModuleList(
      (0-1): 2 x LSSBlockTS(
        (global_layers): ModuleList(
          (0-1): 2 x BiMambaBlock(
            (norm): LayerNorm((128,), eps=1e-05, elementwise_affine=True)
            (mamba_fwd): Mamba(
              (in_proj): Linear(in_features=128, out_features=512, bias=False)
              (conv1d): Conv1d(256, 256, kernel_size=(4,), stride=(1,), padding=(3,), groups=256)
              (act): SiLU()
              (x_proj): Linear(in_features=256, out_features=40, bias=False)
              (dt_proj): Linear(in_features=8, out_features=256, bias=True)
              (out_proj): Linear(in_features=256, out_features=128, bias=False)
            )
            (mamba_bwd): Mamba(
              (in_proj): Linear(in_features=128, out_features=512, bias=False)
              (conv1d): Conv1d(256, 256, kernel_size=(4,), stride=(1,), padding=(3,), groups=256)
              (act): SiLU()
              (x_proj): Linear(in_features=256, out_features=40, bias=False)
              (dt_proj): Linear(in_features=8, out_features=256, bias=True)
              (out_proj): Linear(in_features=256, out_features=128, bias=False)
            )
            (ffn): Sequential(
              (0): LayerNorm((128,), eps=1e-05, elementwise_affine=True)
              (1): Linear(in_features=128, out_features=512, bias=True)
              (2): GELU(approximate='none')
              (3): Dropout(p=0.1, inplace=False)
              (4): Linear(in_features=512, out_features=128, bias=True)
            )
            (dropout): Dropout(p=0.1, inplace=False)
          )
        )
        (local_branches): ModuleList(
          (0): LocalConvBlock1D(
            (block): Sequential(
              (0): Conv1d(128, 128, kernel_size=(1,), stride=(1,))
              (1): InstanceNorm1d(128, eps=1e-05, momentum=0.1, affine=False, track_running_stats=False)
              (2): SiLU()
              (3): Conv1d(128, 128, kernel_size=(5,), stride=(1,), padding=(2,), groups=128)
              (4): InstanceNorm1d(128, eps=1e-05, momentum=0.1, affine=False, track_running_stats=False)
              (5): SiLU()
              (6): Conv1d(128, 128, kernel_size=(1,), stride=(1,))
            )
          )
          (1): LocalConvBlock1D(
            (block): Sequential(
              (0): Conv1d(128, 128, kernel_size=(1,), stride=(1,))
              (1): InstanceNorm1d(128, eps=1e-05, momentum=0.1, affine=False, track_running_stats=False)
              (2): SiLU()
              (3): Conv1d(128, 128, kernel_size=(7,), stride=(1,), padding=(3,), groups=128)
              (4): InstanceNorm1d(128, eps=1e-05, momentum=0.1, affine=False, track_running_stats=False)
              (5): SiLU()
              (6): Conv1d(128, 128, kernel_size=(1,), stride=(1,))
            )
          )
        )
        (proj): Linear(in_features=384, out_features=128, bias=True)
      )
    )
    (decoder): Linear(in_features=128, out_features=126, bias=True)
  )
  (forecast_branch): MambaTSADForecast(
    (enc_embedding): InvertedTimeEmbedding(
      (proj): Linear(in_features=90, out_features=128, bias=True)
      (dropout): Dropout(p=0.1, inplace=False)
    )
    (encoder_layers): ModuleList(
      (0-2): 3 x BiMambaBlock1D(
        (norm): LayerNorm((128,), eps=1e-05, elementwise_affine=True)
        (mamba_fwd): Mamba(
          (in_proj): Linear(in_features=128, out_features=512, bias=False)
          (conv1d): Conv1d(256, 256, kernel_size=(4,), stride=(1,), padding=(3,), groups=256)
          (act): SiLU()
          (x_proj): Linear(in_features=256, out_features=40, bias=False)
          (dt_proj): Linear(in_features=8, out_features=256, bias=True)
          (out_proj): Linear(in_features=256, out_features=128, bias=False)
        )
        (mamba_bwd): Mamba(
          (in_proj): Linear(in_features=128, out_features=512, bias=False)
          (conv1d): Conv1d(256, 256, kernel_size=(4,), stride=(1,), padding=(3,), groups=256)
          (act): SiLU()
          (x_proj): Linear(in_features=256, out_features=40, bias=False)
          (dt_proj): Linear(in_features=8, out_features=256, bias=True)
          (out_proj): Linear(in_features=256, out_features=128, bias=False)
        )
        (ffn): Sequential(
          (0): LayerNorm((128,), eps=1e-05, elementwise_affine=True)
          (1): Linear(in_features=128, out_features=512, bias=True)
          (2): GELU(approximate='none')
          (3): Dropout(p=0.1, inplace=False)
          (4): Linear(in_features=512, out_features=128, bias=True)
        )
        (dropout): Dropout(p=0.1, inplace=False)
      )
    )
    (enc_norm): LayerNorm((128,), eps=1e-05, elementwise_affine=True)
    (projector): Linear(in_features=128, out_features=10, bias=True)
  )
)
[2025-12-17 19:59:53,578] [INFO] [TSADAdvTrainer] 对抗训练配置: epsilon=0.0500, beta=0.5000, warmup_epochs=5
[2025-12-17 19:59:53,578] [INFO] ========== Epoch 1/50 (hybrid_shared_adv) ==========
[2025-12-17 20:02:26,855] [INFO] [Epoch 1] hybrid_shared_adv 训练损失: total=0.349290, recon=0.135436, forecast=0.213855, adv=0.000000
[2025-12-17 20:02:41,874] [INFO] [Eval-recon(hybrid)] F1=0.4186, P=0.6534, R=0.3079, AUC=0.5264, thr=1789.105405, point_adjust=True
[2025-12-17 20:02:49,988] [INFO] [Eval-forecast(hybrid)] F1=0.7550, P=0.6471, R=0.9059, AUC=0.6820, thr=2.391064, point_adjust=True
[2025-12-17 20:02:55,442] [INFO] [Eval-hybrid] F1=0.4005, P=0.5727, R=0.3079, AUC=0.5243, thr=0.383070, point_adjust=True; recon_F1=0.4186, forecast_F1=0.7550
[2025-12-17 20:02:55,556] [INFO] 发现更优模型，已保存至 ./logs/wadi_adv_hybrid/best_model_hybrid_shared_adv.pt
[2025-12-17 20:02:55,802] [INFO] 已保存可视化图：./logs/wadi_adv_hybrid/scores_epoch1_hybrid_shared_adv.png
[2025-12-17 20:02:55,802] [INFO] ========== Epoch 2/50 (hybrid_shared_adv) ==========
[2025-12-17 20:05:26,081] [INFO] [Epoch 2] hybrid_shared_adv 训练损失: total=0.285472, recon=0.091324, forecast=0.194147, adv=0.000000
[2025-12-17 20:05:41,341] [INFO] [Eval-recon(hybrid)] F1=0.4278, P=0.5161, R=0.3653, AUC=0.5117, thr=336.839281, point_adjust=True
[2025-12-17 20:05:49,449] [INFO] [Eval-forecast(hybrid)] F1=0.7663, P=0.6640, R=0.9059, AUC=0.6860, thr=2.389785, point_adjust=True
[2025-12-17 20:05:54,808] [INFO] [Eval-hybrid] F1=0.4095, P=0.4659, R=0.3653, AUC=0.5101, thr=0.119083, point_adjust=True; recon_F1=0.4278, forecast_F1=0.7663
[2025-12-17 20:05:54,927] [INFO] 发现更优模型，已保存至 ./logs/wadi_adv_hybrid/best_model_hybrid_shared_adv.pt
[2025-12-17 20:05:55,175] [INFO] 已保存可视化图：./logs/wadi_adv_hybrid/scores_epoch2_hybrid_shared_adv.png
[2025-12-17 20:05:55,175] [INFO] ========== Epoch 3/50 (hybrid_shared_adv) ==========
[2025-12-17 20:08:25,727] [INFO] [Epoch 3] hybrid_shared_adv 训练损失: total=0.276201, recon=0.090186, forecast=0.186015, adv=0.000000
[2025-12-17 20:08:40,859] [INFO] [Eval-recon(hybrid)] F1=0.4472, P=0.8163, R=0.3079, AUC=0.4953, thr=233.821592, point_adjust=True
[2025-12-17 20:08:49,458] [INFO] [Eval-forecast(hybrid)] F1=0.7739, P=0.6441, R=0.9693, AUC=0.6855, thr=2.170299, point_adjust=True
[2025-12-17 20:08:54,820] [WARNING] 融合后 AUC=0.4980 < 0.5，疑似得分方向被反转，将 scores 取反后重新计算。
[2025-12-17 20:09:00,173] [INFO] [Eval-hybrid] F1=0.2708, P=0.2074, R=0.3901, AUC=0.5020, thr=0.138424, point_adjust=True; recon_F1=0.4472, forecast_F1=0.7739
[2025-12-17 20:09:00,425] [INFO] 已保存可视化图：./logs/wadi_adv_hybrid/scores_epoch3_hybrid_shared_adv.png
[2025-12-17 20:09:00,425] [INFO] ========== Epoch 4/50 (hybrid_shared_adv) ==========
[2025-12-17 20:09:00,427] [INFO] [Epoch 4] hybrid_shared_adv 启用对抗训练 (epsilon=0.0500, beta=0.5000)
[2025-12-17 20:16:13,557] [INFO] [Epoch 4] hybrid_shared_adv 训练损失: total=0.428785, recon=0.090032, forecast=0.180651, adv=0.316203
[2025-12-17 20:16:28,129] [INFO] [Eval-recon(hybrid)] F1=0.4338, P=0.7335, R=0.3079, AUC=0.4890, thr=156.601651, point_adjust=True
[2025-12-17 20:16:36,644] [INFO] [Eval-forecast(hybrid)] F1=0.7845, P=0.6588, R=0.9693, AUC=0.6826, thr=2.129164, point_adjust=True
[2025-12-17 20:16:42,186] [WARNING] 融合后 AUC=0.4934 < 0.5，疑似得分方向被反转，将 scores 取反后重新计算。
[2025-12-17 20:16:47,550] [INFO] [Eval-hybrid] F1=0.2689, P=0.2052, R=0.3901, AUC=0.5066, thr=0.095309, point_adjust=True; recon_F1=0.4338, forecast_F1=0.7845
[2025-12-17 20:16:47,801] [INFO] 已保存可视化图：./logs/wadi_adv_hybrid/scores_epoch4_hybrid_shared_adv.png
[2025-12-17 20:16:47,802] [INFO] ========== Epoch 5/50 (hybrid_shared_adv) ==========
[2025-12-17 20:16:47,803] [INFO] [Epoch 5] hybrid_shared_adv 启用对抗训练 (epsilon=0.0500, beta=0.5000)
[2025-12-17 20:23:52,740] [INFO] [Epoch 5] hybrid_shared_adv 训练损失: total=0.415598, recon=0.090150, forecast=0.175332, adv=0.300233
[2025-12-17 20:24:07,545] [INFO] [Eval-recon(hybrid)] F1=0.3934, P=0.7154, R=0.2713, AUC=0.4148, thr=2378.235095, point_adjust=True
[2025-12-17 20:24:16,097] [INFO] [Eval-forecast(hybrid)] F1=0.7628, P=0.6587, R=0.9059, AUC=0.6836, thr=2.383650, point_adjust=True
[2025-12-17 20:24:21,498] [WARNING] 融合后 AUC=0.4197 < 0.5，疑似得分方向被反转，将 scores 取反后重新计算。
[2025-12-17 20:24:26,900] [INFO] [Eval-hybrid] F1=0.2576, P=0.1805, R=0.4495, AUC=0.5803, thr=0.513195, point_adjust=True; recon_F1=0.3934, forecast_F1=0.7628
[2025-12-17 20:24:27,161] [INFO] 已保存可视化图：./logs/wadi_adv_hybrid/scores_epoch5_hybrid_shared_adv.png
[2025-12-17 20:24:27,161] [INFO] ========== Epoch 6/50 (hybrid_shared_adv) ==========
[2025-12-17 20:24:27,163] [INFO] [Epoch 6] hybrid_shared_adv 启用对抗训练 (epsilon=0.0500, beta=0.5000)
[2025-12-17 20:26:10,523] [WARNING] [TSADAdvTrainer] 生成对抗样本时梯度为 None 或包含 NaN/Inf，跳过对抗扰动。
[2025-12-17 20:26:10,875] [WARNING] [TSADAdvTrainer] 生成对抗样本时梯度为 None 或包含 NaN/Inf，跳过对抗扰动。
[2025-12-17 20:26:11,230] [WARNING] [TSADAdvTrainer] 生成对抗样本时梯度为 None 或包含 NaN/Inf，跳过对抗扰动。
[2025-12-17 20:26:11,602] [WARNING] [TSADAdvTrainer] 生成对抗样本时梯度为 None 或包含 NaN/Inf，跳过对抗扰动。
[2025-12-17 20:26:11,972] [WARNING] [TSADAdvTrainer] 生成对抗样本时梯度为 None 或包含 NaN/Inf，跳过对抗扰动。
[2025-12-17 20:26:12,347] [WARNING] [TSADAdvTrainer] 生成对抗样本时梯度为 None 或包含 NaN/Inf，跳过对抗扰动。
[2025-12-17 20:26:12,717] [WARNING] [TSADAdvTrainer] 生成对抗样本时梯度为 None 或包含 NaN/Inf，跳过对抗扰动。
[2025-12-17 20:26:13,092] [WARNING] [TSADAdvTrainer] 生成对抗样本时梯度为 None 或包含 NaN/Inf，跳过对抗扰动。
[2025-12-17 20:26:13,451] [WARNING] [TSADAdvTrainer] 生成对抗样本时梯度为 None 或包含 NaN/Inf，跳过对抗扰动。
[2025-12-17 20:26:13,825] [WARNING] [TSADAdvTrainer] 生成对抗样本时梯度为 None 或包含 NaN/Inf，跳过对抗扰动。
[2025-12-17 20:26:14,187] [WARNING] [TSADAdvTrainer] 生成对抗样本时梯度为 None 或包含 NaN/Inf，跳过对抗扰动。
[2025-12-17 20:26:14,549] [WARNING] [TSADAdvTrainer] 生成对抗样本时梯度为 None 或包含 NaN/Inf，跳过对抗扰动。
[2025-12-17 20:26:14,920] [WARNING] [TSADAdvTrainer] 生成对抗样本时梯度为 None 或包含 NaN/Inf，跳过对抗扰动。
[2025-12-17 20:26:15,290] [WARNING] [TSADAdvTrainer] 生成对抗样本时梯度为 None 或包含 NaN/Inf，跳过对抗扰动。
[2025-12-17 20:26:15,670] [WARNING] [TSADAdvTrainer] 生成对抗样本时梯度为 None 或包含 NaN/Inf，跳过对抗扰动。
[2025-12-17 20:26:16,048] [WARNING] [TSADAdvTrainer] 生成对抗样本时梯度为 None 或包含 NaN/Inf，跳过对抗扰动。
[2025-12-17 20:26:16,413] [WARNING] [TSADAdvTrainer] 生成对抗样本时梯度为 None 或包含 NaN/Inf，跳过对抗扰动。
[2025-12-17 20:26:16,793] [WARNING] [TSADAdvTrainer] 生成对抗样本时梯度为 None 或包含 NaN/Inf，跳过对抗扰动。
[2025-12-17 20:26:17,163] [WARNING] [TSADAdvTrainer] 生成对抗样本时梯度为 None 或包含 NaN/Inf，跳过对抗扰动。
[2025-12-17 20:26:17,543] [WARNING] [TSADAdvTrainer] 生成对抗样本时梯度为 None 或包含 NaN/Inf，跳过对抗扰动。
[2025-12-17 20:26:17,947] [WARNING] [TSADAdvTrainer] 生成对抗样本时梯度为 None 或包含 NaN/Inf，跳过对抗扰动。
[2025-12-17 20:26:18,309] [WARNING] [TSADAdvTrainer] 生成对抗样本时梯度为 None 或包含 NaN/Inf，跳过对抗扰动。
[2025-12-17 20:26:18,690] [WARNING] [TSADAdvTrainer] 生成对抗样本时梯度为 None 或包含 NaN/Inf，跳过对抗扰动。
[2025-12-17 20:26:19,059] [WARNING] [TSADAdvTrainer] 生成对抗样本时梯度为 None 或包含 NaN/Inf，跳过对抗扰动。
[2025-12-17 20:26:19,439] [WARNING] [TSADAdvTrainer] 生成对抗样本时梯度为 None 或包含 NaN/Inf，跳过对抗扰动。
[2025-12-17 20:26:19,777] [WARNING] [TSADAdvTrainer] 生成对抗样本时梯度为 None 或包含 NaN/Inf，跳过对抗扰动。
[2025-12-17 20:26:20,108] [WARNING] [TSADAdvTrainer] 生成对抗样本时梯度为 None 或包含 NaN/Inf，跳过对抗扰动。
[2025-12-17 20:26:20,451] [WARNING] [TSADAdvTrainer] 生成对抗样本时梯度为 None 或包含 NaN/Inf，跳过对抗扰动。
[2025-12-17 20:26:20,792] [WARNING] [TSADAdvTrainer] 生成对抗样本时梯度为 None 或包含 NaN/Inf，跳过对抗扰动。
[2025-12-17 20:26:21,141] [WARNING] [TSADAdvTrainer] 生成对抗样本时梯度为 None 或包含 NaN/Inf，跳过对抗扰动。
[2025-12-17 20:26:21,486] [WARNING] [TSADAdvTrainer] 生成对抗样本时梯度为 None 或包含 NaN/Inf，跳过对抗扰动。
[2025-12-17 20:26:21,814] [WARNING] [TSADAdvTrainer] 生成对抗样本时梯度为 None 或包含 NaN/Inf，跳过对抗扰动。
[2025-12-17 20:26:22,152] [WARNING] [TSADAdvTrainer] 生成对抗样本时梯度为 None 或包含 NaN/Inf，跳过对抗扰动。
[2025-12-17 20:26:22,496] [WARNING] [TSADAdvTrainer] 生成对抗样本时梯度为 None 或包含 NaN/Inf，跳过对抗扰动。
[2025-12-17 20:26:22,862] [WARNING] [TSADAdvTrainer] 生成对抗样本时梯度为 None 或包含 NaN/Inf，跳过对抗扰动。
[2025-12-17 20:26:23,209] [WARNING] [TSADAdvTrainer] 生成对抗样本时梯度为 None 或包含 NaN/Inf，跳过对抗扰动。
[2025-12-17 20:26:23,640] [WARNING] [TSADAdvTrainer] 生成对抗样本时梯度为 None 或包含 NaN/Inf，跳过对抗扰动。
[2025-12-17 20:26:23,995] [WARNING] [TSADAdvTrainer] 生成对抗样本时梯度为 None 或包含 NaN/Inf，跳过对抗扰动。
[2025-12-17 20:26:24,331] [WARNING] [TSADAdvTrainer] 生成对抗样本时梯度为 None 或包含 NaN/Inf，跳过对抗扰动。
[2025-12-17 20:26:24,632] [WARNING] [TSADAdvTrainer] 生成对抗样本时梯度为 None 或包含 NaN/Inf，跳过对抗扰动。
[2025-12-17 20:26:25,010] [WARNING] [TSADAdvTrainer] 生成对抗样本时梯度为 None 或包含 NaN/Inf，跳过对抗扰动。
[2025-12-17 20:26:25,366] [WARNING] [TSADAdvTrainer] 生成对抗样本时梯度为 None 或包含 NaN/Inf，跳过对抗扰动。
[2025-12-17 20:26:25,742] [WARNING] [TSADAdvTrainer] 生成对抗样本时梯度为 None 或包含 NaN/Inf，跳过对抗扰动。
[2025-12-17 20:26:26,099] [WARNING] [TSADAdvTrainer] 生成对抗样本时梯度为 None 或包含 NaN/Inf，跳过对抗扰动。
[2025-12-17 20:26:26,462] [WARNING] [TSADAdvTrainer] 生成对抗样本时梯度为 None 或包含 NaN/Inf，跳过对抗扰动。
[2025-12-17 20:26:26,827] [WARNING] [TSADAdvTrainer] 生成对抗样本时梯度为 None 或包含 NaN/Inf，跳过对抗扰动。
[2025-12-17 20:26:27,197] [WARNING] [TSADAdvTrainer] 生成对抗样本时梯度为 None 或包含 NaN/Inf，跳过对抗扰动。
[2025-12-17 20:26:27,572] [WARNING] [TSADAdvTrainer] 生成对抗样本时梯度为 None 或包含 NaN/Inf，跳过对抗扰动。
[2025-12-17 20:26:27,928] [WARNING] [TSADAdvTrainer] 生成对抗样本时梯度为 None 或包含 NaN/Inf，跳过对抗扰动。
[2025-12-17 20:26:28,326] [WARNING] [TSADAdvTrainer] 生成对抗样本时梯度为 None 或包含 NaN/Inf，跳过对抗扰动。
[2025-12-17 20:26:28,703] [WARNING] [TSADAdvTrainer] 生成对抗样本时梯度为 None 或包含 NaN/Inf，跳过对抗扰动。
[2025-12-17 20:26:29,050] [WARNING] [TSADAdvTrainer] 生成对抗样本时梯度为 None 或包含 NaN/Inf，跳过对抗扰动。
[2025-12-17 20:26:29,406] [WARNING] [TSADAdvTrainer] 生成对抗样本时梯度为 None 或包含 NaN/Inf，跳过对抗扰动。
[2025-12-17 20:26:29,762] [WARNING] [TSADAdvTrainer] 生成对抗样本时梯度为 None 或包含 NaN/Inf，跳过对抗扰动。
[2025-12-17 20:26:30,108] [WARNING] [TSADAdvTrainer] 生成对抗样本时梯度为 None 或包含 NaN/Inf，跳过对抗扰动。
[2025-12-17 20:26:30,536] [WARNING] [TSADAdvTrainer] 生成对抗样本时梯度为 None 或包含 NaN/Inf，跳过对抗扰动。
[2025-12-17 20:26:30,910] [WARNING] [TSADAdvTrainer] 生成对抗样本时梯度为 None 或包含 NaN/Inf，跳过对抗扰动。
[2025-12-17 20:26:31,277] [WARNING] [TSADAdvTrainer] 生成对抗样本时梯度为 None 或包含 NaN/Inf，跳过对抗扰动。
[2025-12-17 20:26:31,652] [WARNING] [TSADAdvTrainer] 生成对抗样本时梯度为 None 或包含 NaN/Inf，跳过对抗扰动。
[2025-12-17 20:26:32,024] [WARNING] [TSADAdvTrainer] 生成对抗样本时梯度为 None 或包含 NaN/Inf，跳过对抗扰动。
[2025-12-17 20:26:32,393] [WARNING] [TSADAdvTrainer] 生成对抗样本时梯度为 None 或包含 NaN/Inf，跳过对抗扰动。
[2025-12-17 20:26:32,770] [WARNING] [TSADAdvTrainer] 生成对抗样本时梯度为 None 或包含 NaN/Inf，跳过对抗扰动。
[2025-12-17 20:26:33,136] [WARNING] [TSADAdvTrainer] 生成对抗样本时梯度为 None 或包含 NaN/Inf，跳过对抗扰动。
[2025-12-17 20:26:33,514] [WARNING] [TSADAdvTrainer] 生成对抗样本时梯度为 None 或包含 NaN/Inf，跳过对抗扰动。
[2025-12-17 20:26:33,879] [WARNING] [TSADAdvTrainer] 生成对抗样本时梯度为 None 或包含 NaN/Inf，跳过对抗扰动。
[2025-12-17 20:26:34,225] [WARNING] [TSADAdvTrainer] 生成对抗样本时梯度为 None 或包含 NaN/Inf，跳过对抗扰动。
[2025-12-17 20:26:34,591] [WARNING] [TSADAdvTrainer] 生成对抗样本时梯度为 None 或包含 NaN/Inf，跳过对抗扰动。
[2025-12-17 20:26:34,965] [WARNING] [TSADAdvTrainer] 生成对抗样本时梯度为 None 或包含 NaN/Inf，跳过对抗扰动。
[2025-12-17 20:26:35,328] [WARNING] [TSADAdvTrainer] 生成对抗样本时梯度为 None 或包含 NaN/Inf，跳过对抗扰动。
[2025-12-17 20:26:35,717] [WARNING] [TSADAdvTrainer] 生成对抗样本时梯度为 None 或包含 NaN/Inf，跳过对抗扰动。
[2025-12-17 20:26:36,081] [WARNING] [TSADAdvTrainer] 生成对抗样本时梯度为 None 或包含 NaN/Inf，跳过对抗扰动。
[2025-12-17 20:26:36,459] [WARNING] [TSADAdvTrainer] 生成对抗样本时梯度为 None 或包含 NaN/Inf，跳过对抗扰动。
[2025-12-17 20:26:36,749] [WARNING] [TSADAdvTrainer] 生成对抗样本时梯度为 None 或包含 NaN/Inf，跳过对抗扰动。
[2025-12-17 20:26:37,095] [WARNING] [TSADAdvTrainer] 生成对抗样本时梯度为 None 或包含 NaN/Inf，跳过对抗扰动。
[2025-12-17 20:26:37,446] [WARNING] [TSADAdvTrainer] 生成对抗样本时梯度为 None 或包含 NaN/Inf，跳过对抗扰动。
[2025-12-17 20:26:37,780] [WARNING] [TSADAdvTrainer] 生成对抗样本时梯度为 None 或包含 NaN/Inf，跳过对抗扰动。
[2025-12-17 20:26:38,124] [WARNING] [TSADAdvTrainer] 生成对抗样本时梯度为 None 或包含 NaN/Inf，跳过对抗扰动。
[2025-12-17 20:26:38,462] [WARNING] [TSADAdvTrainer] 生成对抗样本时梯度为 None 或包含 NaN/Inf，跳过对抗扰动。
[2025-12-17 20:26:38,800] [WARNING] [TSADAdvTrainer] 生成对抗样本时梯度为 None 或包含 NaN/Inf，跳过对抗扰动。
[2025-12-17 20:26:39,132] [WARNING] [TSADAdvTrainer] 生成对抗样本时梯度为 None 或包含 NaN/Inf，跳过对抗扰动。
[2025-12-17 20:26:39,475] [WARNING] [TSADAdvTrainer] 生成对抗样本时梯度为 None 或包含 NaN/Inf，跳过对抗扰动。
[2025-12-17 20:26:39,805] [WARNING] [TSADAdvTrainer] 生成对抗样本时梯度为 None 或包含 NaN/Inf，跳过对抗扰动。
[2025-12-17 20:26:40,141] [WARNING] [TSADAdvTrainer] 生成对抗样本时梯度为 None 或包含 NaN/Inf，跳过对抗扰动。
[2025-12-17 20:26:40,483] [WARNING] [TSADAdvTrainer] 生成对抗样本时梯度为 None 或包含 NaN/Inf，跳过对抗扰动。
[2025-12-17 20:26:40,822] [WARNING] [TSADAdvTrainer] 生成对抗样本时梯度为 None 或包含 NaN/Inf，跳过对抗扰动。
[2025-12-17 20:26:41,185] [WARNING] [TSADAdvTrainer] 生成对抗样本时梯度为 None 或包含 NaN/Inf，跳过对抗扰动。
[2025-12-17 20:26:41,528] [WARNING] [TSADAdvTrainer] 生成对抗样本时梯度为 None 或包含 NaN/Inf，跳过对抗扰动。
[2025-12-17 20:26:41,866] [WARNING] [TSADAdvTrainer] 生成对抗样本时梯度为 None 或包含 NaN/Inf，跳过对抗扰动。
[2025-12-17 20:26:42,217] [WARNING] [TSADAdvTrainer] 生成对抗样本时梯度为 None 或包含 NaN/Inf，跳过对抗扰动。
[2025-12-17 20:26:42,559] [WARNING] [TSADAdvTrainer] 生成对抗样本时梯度为 None 或包含 NaN/Inf，跳过对抗扰动。
[2025-12-17 20:26:42,897] [WARNING] [TSADAdvTrainer] 生成对抗样本时梯度为 None 或包含 NaN/Inf，跳过对抗扰动。
[2025-12-17 20:26:43,231] [WARNING] [TSADAdvTrainer] 生成对抗样本时梯度为 None 或包含 NaN/Inf，跳过对抗扰动。
[2025-12-17 20:26:43,549] [WARNING] [TSADAdvTrainer] 生成对抗样本时梯度为 None 或包含 NaN/Inf，跳过对抗扰动。
[2025-12-17 20:26:43,909] [WARNING] [TSADAdvTrainer] 生成对抗样本时梯度为 None 或包含 NaN/Inf，跳过对抗扰动。
[2025-12-17 20:26:44,269] [WARNING] [TSADAdvTrainer] 生成对抗样本时梯度为 None 或包含 NaN/Inf，跳过对抗扰动。
[2025-12-17 20:26:44,623] [WARNING] [TSADAdvTrainer] 生成对抗样本时梯度为 None 或包含 NaN/Inf，跳过对抗扰动。
[2025-12-17 20:26:45,012] [WARNING] [TSADAdvTrainer] 生成对抗样本时梯度为 None 或包含 NaN/Inf，跳过对抗扰动。
[2025-12-17 20:26:45,391] [WARNING] [TSADAdvTrainer] 生成对抗样本时梯度为 None 或包含 NaN/Inf，跳过对抗扰动。
[2025-12-17 20:26:45,753] [WARNING] [TSADAdvTrainer] 生成对抗样本时梯度为 None 或包含 NaN/Inf，跳过对抗扰动。
[2025-12-17 20:26:46,128] [WARNING] [TSADAdvTrainer] 生成对抗样本时梯度为 None 或包含 NaN/Inf，跳过对抗扰动。
[2025-12-17 20:26:46,494] [WARNING] [TSADAdvTrainer] 生成对抗样本时梯度为 None 或包含 NaN/Inf，跳过对抗扰动。
[2025-12-17 20:26:46,863] [WARNING] [TSADAdvTrainer] 生成对抗样本时梯度为 None 或包含 NaN/Inf，跳过对抗扰动。
[2025-12-17 20:26:47,224] [WARNING] [TSADAdvTrainer] 生成对抗样本时梯度为 None 或包含 NaN/Inf，跳过对抗扰动。
[2025-12-17 20:26:47,587] [WARNING] [TSADAdvTrainer] 生成对抗样本时梯度为 None 或包含 NaN/Inf，跳过对抗扰动。
[2025-12-17 20:26:47,969] [WARNING] [TSADAdvTrainer] 生成对抗样本时梯度为 None 或包含 NaN/Inf，跳过对抗扰动。
[2025-12-17 20:26:48,361] [WARNING] [TSADAdvTrainer] 生成对抗样本时梯度为 None 或包含 NaN/Inf，跳过对抗扰动。
[2025-12-17 20:26:48,756] [WARNING] [TSADAdvTrainer] 生成对抗样本时梯度为 None 或包含 NaN/Inf，跳过对抗扰动。
[2025-12-17 20:26:49,137] [WARNING] [TSADAdvTrainer] 生成对抗样本时梯度为 None 或包含 NaN/Inf，跳过对抗扰动。
[2025-12-17 20:26:49,509] [WARNING] [TSADAdvTrainer] 生成对抗样本时梯度为 None 或包含 NaN/Inf，跳过对抗扰动。
[2025-12-17 20:26:49,867] [WARNING] [TSADAdvTrainer] 生成对抗样本时梯度为 None 或包含 NaN/Inf，跳过对抗扰动。
[2025-12-17 20:26:50,243] [WARNING] [TSADAdvTrainer] 生成对抗样本时梯度为 None 或包含 NaN/Inf，跳过对抗扰动。
[2025-12-17 20:26:50,611] [WARNING] [TSADAdvTrainer] 生成对抗样本时梯度为 None 或包含 NaN/Inf，跳过对抗扰动。
[2025-12-17 20:26:50,996] [WARNING] [TSADAdvTrainer] 生成对抗样本时梯度为 None 或包含 NaN/Inf，跳过对抗扰动。
[2025-12-17 20:26:51,354] [WARNING] [TSADAdvTrainer] 生成对抗样本时梯度为 None 或包含 NaN/Inf，跳过对抗扰动。
[2025-12-17 20:26:51,720] [WARNING] [TSADAdvTrainer] 生成对抗样本时梯度为 None 或包含 NaN/Inf，跳过对抗扰动。
[2025-12-17 20:26:52,094] [WARNING] [TSADAdvTrainer] 生成对抗样本时梯度为 None 或包含 NaN/Inf，跳过对抗扰动。
[2025-12-17 20:26:52,470] [WARNING] [TSADAdvTrainer] 生成对抗样本时梯度为 None 或包含 NaN/Inf，跳过对抗扰动。
[2025-12-17 20:26:52,851] [WARNING] [TSADAdvTrainer] 生成对抗样本时梯度为 None 或包含 NaN/Inf，跳过对抗扰动。
[2025-12-17 20:26:53,240] [WARNING] [TSADAdvTrainer] 生成对抗样本时梯度为 None 或包含 NaN/Inf，跳过对抗扰动。
[2025-12-17 20:26:53,599] [WARNING] [TSADAdvTrainer] 生成对抗样本时梯度为 None 或包含 NaN/Inf，跳过对抗扰动。
[2025-12-17 20:26:53,999] [WARNING] [TSADAdvTrainer] 生成对抗样本时梯度为 None 或包含 NaN/Inf，跳过对抗扰动。
[2025-12-17 20:26:54,379] [WARNING] [TSADAdvTrainer] 生成对抗样本时梯度为 None 或包含 NaN/Inf，跳过对抗扰动。
[2025-12-17 20:26:54,744] [WARNING] [TSADAdvTrainer] 生成对抗样本时梯度为 None 或包含 NaN/Inf，跳过对抗扰动。
[2025-12-17 20:26:55,103] [WARNING] [TSADAdvTrainer] 生成对抗样本时梯度为 None 或包含 NaN/Inf，跳过对抗扰动。
[2025-12-17 20:26:55,461] [WARNING] [TSADAdvTrainer] 生成对抗样本时梯度为 None 或包含 NaN/Inf，跳过对抗扰动。
[2025-12-17 20:26:55,847] [WARNING] [TSADAdvTrainer] 生成对抗样本时梯度为 None 或包含 NaN/Inf，跳过对抗扰动。
[2025-12-17 20:26:56,216] [WARNING] [TSADAdvTrainer] 生成对抗样本时梯度为 None 或包含 NaN/Inf，跳过对抗扰动。
[2025-12-17 20:26:56,642] [WARNING] [TSADAdvTrainer] 生成对抗样本时梯度为 None 或包含 NaN/Inf，跳过对抗扰动。
[2025-12-17 20:26:57,018] [WARNING] [TSADAdvTrainer] 生成对抗样本时梯度为 None 或包含 NaN/Inf，跳过对抗扰动。
[2025-12-17 20:26:57,390] [WARNING] [TSADAdvTrainer] 生成对抗样本时梯度为 None 或包含 NaN/Inf，跳过对抗扰动。
[2025-12-17 20:26:57,764] [WARNING] [TSADAdvTrainer] 生成对抗样本时梯度为 None 或包含 NaN/Inf，跳过对抗扰动。
[2025-12-17 20:26:58,121] [WARNING] [TSADAdvTrainer] 生成对抗样本时梯度为 None 或包含 NaN/Inf，跳过对抗扰动。
[2025-12-17 20:26:58,424] [WARNING] [TSADAdvTrainer] 生成对抗样本时梯度为 None 或包含 NaN/Inf，跳过对抗扰动。
[2025-12-17 20:26:58,753] [WARNING] [TSADAdvTrainer] 生成对抗样本时梯度为 None 或包含 NaN/Inf，跳过对抗扰动。
[2025-12-17 20:26:59,095] [WARNING] [TSADAdvTrainer] 生成对抗样本时梯度为 None 或包含 NaN/Inf，跳过对抗扰动。
[2025-12-17 20:26:59,436] [WARNING] [TSADAdvTrainer] 生成对抗样本时梯度为 None 或包含 NaN/Inf，跳过对抗扰动。
[2025-12-17 20:26:59,780] [WARNING] [TSADAdvTrainer] 生成对抗样本时梯度为 None 或包含 NaN/Inf，跳过对抗扰动。
[2025-12-17 20:27:00,125] [WARNING] [TSADAdvTrainer] 生成对抗样本时梯度为 None 或包含 NaN/Inf，跳过对抗扰动。
[2025-12-17 20:27:00,475] [WARNING] [TSADAdvTrainer] 生成对抗样本时梯度为 None 或包含 NaN/Inf，跳过对抗扰动。
[2025-12-17 20:27:00,812] [WARNING] [TSADAdvTrainer] 生成对抗样本时梯度为 None 或包含 NaN/Inf，跳过对抗扰动。
[2025-12-17 20:27:01,160] [WARNING] [TSADAdvTrainer] 生成对抗样本时梯度为 None 或包含 NaN/Inf，跳过对抗扰动。
[2025-12-17 20:27:01,480] [WARNING] [TSADAdvTrainer] 生成对抗样本时梯度为 None 或包含 NaN/Inf，跳过对抗扰动。
[2025-12-17 20:27:01,827] [WARNING] [TSADAdvTrainer] 生成对抗样本时梯度为 None 或包含 NaN/Inf，跳过对抗扰动。
[2025-12-17 20:27:02,166] [WARNING] [TSADAdvTrainer] 生成对抗样本时梯度为 None 或包含 NaN/Inf，跳过对抗扰动。
[2025-12-17 20:27:02,518] [WARNING] [TSADAdvTrainer] 生成对抗样本时梯度为 None 或包含 NaN/Inf，跳过对抗扰动。
[2025-12-17 20:27:02,855] [WARNING] [TSADAdvTrainer] 生成对抗样本时梯度为 None 或包含 NaN/Inf，跳过对抗扰动。
[2025-12-17 20:27:03,202] [WARNING] [TSADAdvTrainer] 生成对抗样本时梯度为 None 或包含 NaN/Inf，跳过对抗扰动。
[2025-12-17 20:27:03,539] [WARNING] [TSADAdvTrainer] 生成对抗样本时梯度为 None 或包含 NaN/Inf，跳过对抗扰动。
[2025-12-17 20:27:03,871] [WARNING] [TSADAdvTrainer] 生成对抗样本时梯度为 None 或包含 NaN/Inf，跳过对抗扰动。
[2025-12-17 20:27:04,214] [WARNING] [TSADAdvTrainer] 生成对抗样本时梯度为 None 或包含 NaN/Inf，跳过对抗扰动。
[2025-12-17 20:27:04,542] [WARNING] [TSADAdvTrainer] 生成对抗样本时梯度为 None 或包含 NaN/Inf，跳过对抗扰动。
[2025-12-17 20:27:04,870] [WARNING] [TSADAdvTrainer] 生成对抗样本时梯度为 None 或包含 NaN/Inf，跳过对抗扰动。
[2025-12-17 20:27:05,213] [WARNING] [TSADAdvTrainer] 生成对抗样本时梯度为 None 或包含 NaN/Inf，跳过对抗扰动。
[2025-12-17 20:27:05,594] [WARNING] [TSADAdvTrainer] 生成对抗样本时梯度为 None 或包含 NaN/Inf，跳过对抗扰动。
[2025-12-17 20:27:05,950] [WARNING] [TSADAdvTrainer] 生成对抗样本时梯度为 None 或包含 NaN/Inf，跳过对抗扰动。
[2025-12-17 20:27:06,339] [WARNING] [TSADAdvTrainer] 生成对抗样本时梯度为 None 或包含 NaN/Inf，跳过对抗扰动。
[2025-12-17 20:27:06,711] [WARNING] [TSADAdvTrainer] 生成对抗样本时梯度为 None 或包含 NaN/Inf，跳过对抗扰动。
[2025-12-17 20:27:07,075] [WARNING] [TSADAdvTrainer] 生成对抗样本时梯度为 None 或包含 NaN/Inf，跳过对抗扰动。
[2025-12-17 20:27:07,437] [WARNING] [TSADAdvTrainer] 生成对抗样本时梯度为 None 或包含 NaN/Inf，跳过对抗扰动。
[2025-12-17 20:27:07,826] [WARNING] [TSADAdvTrainer] 生成对抗样本时梯度为 None 或包含 NaN/Inf，跳过对抗扰动。
[2025-12-17 20:27:08,197] [WARNING] [TSADAdvTrainer] 生成对抗样本时梯度为 None 或包含 NaN/Inf，跳过对抗扰动。
[2025-12-17 20:27:08,553] [WARNING] [TSADAdvTrainer] 生成对抗样本时梯度为 None 或包含 NaN/Inf，跳过对抗扰动。
[2025-12-17 20:27:08,935] [WARNING] [TSADAdvTrainer] 生成对抗样本时梯度为 None 或包含 NaN/Inf，跳过对抗扰动。
[2025-12-17 20:27:09,302] [WARNING] [TSADAdvTrainer] 生成对抗样本时梯度为 None 或包含 NaN/Inf，跳过对抗扰动。
[2025-12-17 20:27:09,677] [WARNING] [TSADAdvTrainer] 生成对抗样本时梯度为 None 或包含 NaN/Inf，跳过对抗扰动。
[2025-12-17 20:27:10,021] [WARNING] [TSADAdvTrainer] 生成对抗样本时梯度为 None 或包含 NaN/Inf，跳过对抗扰动。
[2025-12-17 20:27:10,378] [WARNING] [TSADAdvTrainer] 生成对抗样本时梯度为 None 或包含 NaN/Inf，跳过对抗扰动。
[2025-12-17 20:27:10,753] [WARNING] [TSADAdvTrainer] 生成对抗样本时梯度为 None 或包含 NaN/Inf，跳过对抗扰动。
[2025-12-17 20:27:11,116] [WARNING] [TSADAdvTrainer] 生成对抗样本时梯度为 None 或包含 NaN/Inf，跳过对抗扰动。
[2025-12-17 20:27:11,482] [WARNING] [TSADAdvTrainer] 生成对抗样本时梯度为 None 或包含 NaN/Inf，跳过对抗扰动。
[2025-12-17 20:27:11,864] [WARNING] [TSADAdvTrainer] 生成对抗样本时梯度为 None 或包含 NaN/Inf，跳过对抗扰动。
[2025-12-17 20:27:12,241] [WARNING] [TSADAdvTrainer] 生成对抗样本时梯度为 None 或包含 NaN/Inf，跳过对抗扰动。
[2025-12-17 20:27:12,673] [WARNING] [TSADAdvTrainer] 生成对抗样本时梯度为 None 或包含 NaN/Inf，跳过对抗扰动。
[2025-12-17 20:27:13,043] [WARNING] [TSADAdvTrainer] 生成对抗样本时梯度为 None 或包含 NaN/Inf，跳过对抗扰动。
[2025-12-17 20:27:13,404] [WARNING] [TSADAdvTrainer] 生成对抗样本时梯度为 None 或包含 NaN/Inf，跳过对抗扰动。
[2025-12-17 20:27:13,759] [WARNING] [TSADAdvTrainer] 生成对抗样本时梯度为 None 或包含 NaN/Inf，跳过对抗扰动。
[2025-12-17 20:27:14,128] [WARNING] [TSADAdvTrainer] 生成对抗样本时梯度为 None 或包含 NaN/Inf，跳过对抗扰动。
[2025-12-17 20:27:14,487] [WARNING] [TSADAdvTrainer] 生成对抗样本时梯度为 None 或包含 NaN/Inf，跳过对抗扰动。
[2025-12-17 20:27:14,851] [WARNING] [TSADAdvTrainer] 生成对抗样本时梯度为 None 或包含 NaN/Inf，跳过对抗扰动。
[2025-12-17 20:27:15,231] [WARNING] [TSADAdvTrainer] 生成对抗样本时梯度为 None 或包含 NaN/Inf，跳过对抗扰动。
[2025-12-17 20:27:15,580] [WARNING] [TSADAdvTrainer] 生成对抗样本时梯度为 None 或包含 NaN/Inf，跳过对抗扰动。
[2025-12-17 20:27:15,926] [WARNING] [TSADAdvTrainer] 生成对抗样本时梯度为 None 或包含 NaN/Inf，跳过对抗扰动。
[2025-12-17 20:27:16,281] [WARNING] [TSADAdvTrainer] 生成对抗样本时梯度为 None 或包含 NaN/Inf，跳过对抗扰动。
[2025-12-17 20:27:16,576] [WARNING] [TSADAdvTrainer] 生成对抗样本时梯度为 None 或包含 NaN/Inf，跳过对抗扰动。
[2025-12-17 20:27:16,920] [WARNING] [TSADAdvTrainer] 生成对抗样本时梯度为 None 或包含 NaN/Inf，跳过对抗扰动。
[2025-12-17 20:27:17,253] [WARNING] [TSADAdvTrainer] 生成对抗样本时梯度为 None 或包含 NaN/Inf，跳过对抗扰动。
[2025-12-17 20:27:17,606] [WARNING] [TSADAdvTrainer] 生成对抗样本时梯度为 None 或包含 NaN/Inf，跳过对抗扰动。
[2025-12-17 20:27:17,944] [WARNING] [TSADAdvTrainer] 生成对抗样本时梯度为 None 或包含 NaN/Inf，跳过对抗扰动。
[2025-12-17 20:27:18,290] [WARNING] [TSADAdvTrainer] 生成对抗样本时梯度为 None 或包含 NaN/Inf，跳过对抗扰动。
[2025-12-17 20:27:18,623] [WARNING] [TSADAdvTrainer] 生成对抗样本时梯度为 None 或包含 NaN/Inf，跳过对抗扰动。
[2025-12-17 20:27:18,958] [WARNING] [TSADAdvTrainer] 生成对抗样本时梯度为 None 或包含 NaN/Inf，跳过对抗扰动。
[2025-12-17 20:27:19,291] [WARNING] [TSADAdvTrainer] 生成对抗样本时梯度为 None 或包含 NaN/Inf，跳过对抗扰动。
[2025-12-17 20:27:19,622] [WARNING] [TSADAdvTrainer] 生成对抗样本时梯度为 None 或包含 NaN/Inf，跳过对抗扰动。
[2025-12-17 20:27:19,959] [WARNING] [TSADAdvTrainer] 生成对抗样本时梯度为 None 或包含 NaN/Inf，跳过对抗扰动。
[2025-12-17 20:27:20,293] [WARNING] [TSADAdvTrainer] 生成对抗样本时梯度为 None 或包含 NaN/Inf，跳过对抗扰动。
[2025-12-17 20:27:20,615] [WARNING] [TSADAdvTrainer] 生成对抗样本时梯度为 None 或包含 NaN/Inf，跳过对抗扰动。
[2025-12-17 20:27:20,948] [WARNING] [TSADAdvTrainer] 生成对抗样本时梯度为 None 或包含 NaN/Inf，跳过对抗扰动。
[2025-12-17 20:27:21,277] [WARNING] [TSADAdvTrainer] 生成对抗样本时梯度为 None 或包含 NaN/Inf，跳过对抗扰动。
[2025-12-17 20:27:21,619] [WARNING] [TSADAdvTrainer] 生成对抗样本时梯度为 None 或包含 NaN/Inf，跳过对抗扰动。
[2025-12-17 20:27:21,957] [WARNING] [TSADAdvTrainer] 生成对抗样本时梯度为 None 或包含 NaN/Inf，跳过对抗扰动。
[2025-12-17 20:27:22,295] [WARNING] [TSADAdvTrainer] 生成对抗样本时梯度为 None 或包含 NaN/Inf，跳过对抗扰动。
[2025-12-17 20:27:22,635] [WARNING] [TSADAdvTrainer] 生成对抗样本时梯度为 None 或包含 NaN/Inf，跳过对抗扰动。
[2025-12-17 20:27:22,969] [WARNING] [TSADAdvTrainer] 生成对抗样本时梯度为 None 或包含 NaN/Inf，跳过对抗扰动。
[2025-12-17 20:27:23,313] [WARNING] [TSADAdvTrainer] 生成对抗样本时梯度为 None 或包含 NaN/Inf，跳过对抗扰动。
[2025-12-17 20:27:23,656] [WARNING] [TSADAdvTrainer] 生成对抗样本时梯度为 None 或包含 NaN/Inf，跳过对抗扰动。
[2025-12-17 20:27:24,040] [WARNING] [TSADAdvTrainer] 生成对抗样本时梯度为 None 或包含 NaN/Inf，跳过对抗扰动。
[2025-12-17 20:27:24,413] [WARNING] [TSADAdvTrainer] 生成对抗样本时梯度为 None 或包含 NaN/Inf，跳过对抗扰动。
[2025-12-17 20:27:24,847] [WARNING] [TSADAdvTrainer] 生成对抗样本时梯度为 None 或包含 NaN/Inf，跳过对抗扰动。
[2025-12-17 20:27:25,228] [WARNING] [TSADAdvTrainer] 生成对抗样本时梯度为 None 或包含 NaN/Inf，跳过对抗扰动。
[2025-12-17 20:27:25,619] [WARNING] [TSADAdvTrainer] 生成对抗样本时梯度为 None 或包含 NaN/Inf，跳过对抗扰动。
[2025-12-17 20:27:25,994] [WARNING] [TSADAdvTrainer] 生成对抗样本时梯度为 None 或包含 NaN/Inf，跳过对抗扰动。
[2025-12-17 20:27:26,370] [WARNING] [TSADAdvTrainer] 生成对抗样本时梯度为 None 或包含 NaN/Inf，跳过对抗扰动。
[2025-12-17 20:27:26,754] [WARNING] [TSADAdvTrainer] 生成对抗样本时梯度为 None 或包含 NaN/Inf，跳过对抗扰动。
[2025-12-17 20:27:27,102] [WARNING] [TSADAdvTrainer] 生成对抗样本时梯度为 None 或包含 NaN/Inf，跳过对抗扰动。
[2025-12-17 20:27:27,600] [WARNING] [TSADAdvTrainer] 生成对抗样本时梯度为 None 或包含 NaN/Inf，跳过对抗扰动。
[2025-12-17 20:27:27,965] [WARNING] [TSADAdvTrainer] 生成对抗样本时梯度为 None 或包含 NaN/Inf，跳过对抗扰动。
[2025-12-17 20:27:28,346] [WARNING] [TSADAdvTrainer] 生成对抗样本时梯度为 None 或包含 NaN/Inf，跳过对抗扰动。
[2025-12-17 20:27:28,713] [WARNING] [TSADAdvTrainer] 生成对抗样本时梯度为 None 或包含 NaN/Inf，跳过对抗扰动。
[2025-12-17 20:27:29,088] [WARNING] [TSADAdvTrainer] 生成对抗样本时梯度为 None 或包含 NaN/Inf，跳过对抗扰动。
[2025-12-17 20:27:29,449] [WARNING] [TSADAdvTrainer] 生成对抗样本时梯度为 None 或包含 NaN/Inf，跳过对抗扰动。
[2025-12-17 20:27:29,826] [WARNING] [TSADAdvTrainer] 生成对抗样本时梯度为 None 或包含 NaN/Inf，跳过对抗扰动。
[2025-12-17 20:27:30,196] [WARNING] [TSADAdvTrainer] 生成对抗样本时梯度为 None 或包含 NaN/Inf，跳过对抗扰动。
[2025-12-17 20:27:30,556] [WARNING] [TSADAdvTrainer] 生成对抗样本时梯度为 None 或包含 NaN/Inf，跳过对抗扰动。
[2025-12-17 20:27:30,920] [WARNING] [TSADAdvTrainer] 生成对抗样本时梯度为 None 或包含 NaN/Inf，跳过对抗扰动。
[2025-12-17 20:27:31,308] [WARNING] [TSADAdvTrainer] 生成对抗样本时梯度为 None 或包含 NaN/Inf，跳过对抗扰动。
[2025-12-17 20:27:31,680] [WARNING] [TSADAdvTrainer] 生成对抗样本时梯度为 None 或包含 NaN/Inf，跳过对抗扰动。
[2025-12-17 20:27:32,040] [WARNING] [TSADAdvTrainer] 生成对抗样本时梯度为 None 或包含 NaN/Inf，跳过对抗扰动。
[2025-12-17 20:27:32,432] [WARNING] [TSADAdvTrainer] 生成对抗样本时梯度为 None 或包含 NaN/Inf，跳过对抗扰动。
[2025-12-17 20:27:32,793] [WARNING] [TSADAdvTrainer] 生成对抗样本时梯度为 None 或包含 NaN/Inf，跳过对抗扰动。
[2025-12-17 20:27:33,165] [WARNING] [TSADAdvTrainer] 生成对抗样本时梯度为 None 或包含 NaN/Inf，跳过对抗扰动。
[2025-12-17 20:27:33,530] [WARNING] [TSADAdvTrainer] 生成对抗样本时梯度为 None 或包含 NaN/Inf，跳过对抗扰动。
[2025-12-17 20:27:33,890] [WARNING] [TSADAdvTrainer] 生成对抗样本时梯度为 None 或包含 NaN/Inf，跳过对抗扰动。
[2025-12-17 20:27:34,256] [WARNING] [TSADAdvTrainer] 生成对抗样本时梯度为 None 或包含 NaN/Inf，跳过对抗扰动。
[2025-12-17 20:27:34,641] [WARNING] [TSADAdvTrainer] 生成对抗样本时梯度为 None 或包含 NaN/Inf，跳过对抗扰动。
[2025-12-17 20:27:35,012] [WARNING] [TSADAdvTrainer] 生成对抗样本时梯度为 None 或包含 NaN/Inf，跳过对抗扰动。
[2025-12-17 20:27:35,394] [WARNING] [TSADAdvTrainer] 生成对抗样本时梯度为 None 或包含 NaN/Inf，跳过对抗扰动。
[2025-12-17 20:27:35,749] [WARNING] [TSADAdvTrainer] 生成对抗样本时梯度为 None 或包含 NaN/Inf，跳过对抗扰动。
[2025-12-17 20:27:36,107] [WARNING] [TSADAdvTrainer] 生成对抗样本时梯度为 None 或包含 NaN/Inf，跳过对抗扰动。
[2025-12-17 20:27:36,481] [WARNING] [TSADAdvTrainer] 生成对抗样本时梯度为 None 或包含 NaN/Inf，跳过对抗扰动。
[2025-12-17 20:27:36,849] [WARNING] [TSADAdvTrainer] 生成对抗样本时梯度为 None 或包含 NaN/Inf，跳过对抗扰动。
[2025-12-17 20:27:37,201] [WARNING] [TSADAdvTrainer] 生成对抗样本时梯度为 None 或包含 NaN/Inf，跳过对抗扰动。
[2025-12-17 20:27:37,561] [WARNING] [TSADAdvTrainer] 生成对抗样本时梯度为 None 或包含 NaN/Inf，跳过对抗扰动。
[2025-12-17 20:27:37,930] [WARNING] [TSADAdvTrainer] 生成对抗样本时梯度为 None 或包含 NaN/Inf，跳过对抗扰动。
[2025-12-17 20:27:38,296] [WARNING] [TSADAdvTrainer] 生成对抗样本时梯度为 None 或包含 NaN/Inf，跳过对抗扰动。
[2025-12-17 20:27:38,646] [WARNING] [TSADAdvTrainer] 生成对抗样本时梯度为 None 或包含 NaN/Inf，跳过对抗扰动。
[2025-12-17 20:27:38,978] [WARNING] [TSADAdvTrainer] 生成对抗样本时梯度为 None 或包含 NaN/Inf，跳过对抗扰动。
[2025-12-17 20:27:39,307] [WARNING] [TSADAdvTrainer] 生成对抗样本时梯度为 None 或包含 NaN/Inf，跳过对抗扰动。
[2025-12-17 20:27:39,637] [WARNING] [TSADAdvTrainer] 生成对抗样本时梯度为 None 或包含 NaN/Inf，跳过对抗扰动。
[2025-12-17 20:27:39,962] [WARNING] [TSADAdvTrainer] 生成对抗样本时梯度为 None 或包含 NaN/Inf，跳过对抗扰动。
[2025-12-17 20:27:40,294] [WARNING] [TSADAdvTrainer] 生成对抗样本时梯度为 None 或包含 NaN/Inf，跳过对抗扰动。
[2025-12-17 20:27:40,629] [WARNING] [TSADAdvTrainer] 生成对抗样本时梯度为 None 或包含 NaN/Inf，跳过对抗扰动。
[2025-12-17 20:27:40,972] [WARNING] [TSADAdvTrainer] 生成对抗样本时梯度为 None 或包含 NaN/Inf，跳过对抗扰动。
[2025-12-17 20:27:41,308] [WARNING] [TSADAdvTrainer] 生成对抗样本时梯度为 None 或包含 NaN/Inf，跳过对抗扰动。
[2025-12-17 20:27:41,638] [WARNING] [TSADAdvTrainer] 生成对抗样本时梯度为 None 或包含 NaN/Inf，跳过对抗扰动。
[2025-12-17 20:27:41,995] [WARNING] [TSADAdvTrainer] 生成对抗样本时梯度为 None 或包含 NaN/Inf，跳过对抗扰动。
[2025-12-17 20:27:42,329] [WARNING] [TSADAdvTrainer] 生成对抗样本时梯度为 None 或包含 NaN/Inf，跳过对抗扰动。
[2025-12-17 20:27:42,667] [WARNING] [TSADAdvTrainer] 生成对抗样本时梯度为 None 或包含 NaN/Inf，跳过对抗扰动。
[2025-12-17 20:27:43,005] [WARNING] [TSADAdvTrainer] 生成对抗样本时梯度为 None 或包含 NaN/Inf，跳过对抗扰动。
[2025-12-17 20:27:43,340] [WARNING] [TSADAdvTrainer] 生成对抗样本时梯度为 None 或包含 NaN/Inf，跳过对抗扰动。
[2025-12-17 20:27:43,681] [WARNING] [TSADAdvTrainer] 生成对抗样本时梯度为 None 或包含 NaN/Inf，跳过对抗扰动。
[2025-12-17 20:27:44,019] [WARNING] [TSADAdvTrainer] 生成对抗样本时梯度为 None 或包含 NaN/Inf，跳过对抗扰动。
[2025-12-17 20:27:44,361] [WARNING] [TSADAdvTrainer] 生成对抗样本时梯度为 None 或包含 NaN/Inf，跳过对抗扰动。
[2025-12-17 20:27:44,689] [WARNING] [TSADAdvTrainer] 生成对抗样本时梯度为 None 或包含 NaN/Inf，跳过对抗扰动。
[2025-12-17 20:27:45,068] [WARNING] [TSADAdvTrainer] 生成对抗样本时梯度为 None 或包含 NaN/Inf，跳过对抗扰动。
[2025-12-17 20:27:45,431] [WARNING] [TSADAdvTrainer] 生成对抗样本时梯度为 None 或包含 NaN/Inf，跳过对抗扰动。
[2025-12-17 20:27:45,821] [WARNING] [TSADAdvTrainer] 生成对抗样本时梯度为 None 或包含 NaN/Inf，跳过对抗扰动。
[2025-12-17 20:27:46,220] [WARNING] [TSADAdvTrainer] 生成对抗样本时梯度为 None 或包含 NaN/Inf，跳过对抗扰动。
[2025-12-17 20:27:46,597] [WARNING] [TSADAdvTrainer] 生成对抗样本时梯度为 None 或包含 NaN/Inf，跳过对抗扰动。
[2025-12-17 20:27:46,957] [WARNING] [TSADAdvTrainer] 生成对抗样本时梯度为 None 或包含 NaN/Inf，跳过对抗扰动。
[2025-12-17 20:27:47,352] [WARNING] [TSADAdvTrainer] 生成对抗样本时梯度为 None 或包含 NaN/Inf，跳过对抗扰动。
[2025-12-17 20:27:47,724] [WARNING] [TSADAdvTrainer] 生成对抗样本时梯度为 None 或包含 NaN/Inf，跳过对抗扰动。
[2025-12-17 20:27:48,087] [WARNING] [TSADAdvTrainer] 生成对抗样本时梯度为 None 或包含 NaN/Inf，跳过对抗扰动。
[2025-12-17 20:27:48,461] [WARNING] [TSADAdvTrainer] 生成对抗样本时梯度为 None 或包含 NaN/Inf，跳过对抗扰动。
[2025-12-17 20:27:48,826] [WARNING] [TSADAdvTrainer] 生成对抗样本时梯度为 None 或包含 NaN/Inf，跳过对抗扰动。
[2025-12-17 20:27:49,187] [WARNING] [TSADAdvTrainer] 生成对抗样本时梯度为 None 或包含 NaN/Inf，跳过对抗扰动。
[2025-12-17 20:27:49,549] [WARNING] [TSADAdvTrainer] 生成对抗样本时梯度为 None 或包含 NaN/Inf，跳过对抗扰动。
[2025-12-17 20:27:49,915] [WARNING] [TSADAdvTrainer] 生成对抗样本时梯度为 None 或包含 NaN/Inf，跳过对抗扰动。
[2025-12-17 20:27:50,290] [WARNING] [TSADAdvTrainer] 生成对抗样本时梯度为 None 或包含 NaN/Inf，跳过对抗扰动。
[2025-12-17 20:27:50,689] [WARNING] [TSADAdvTrainer] 生成对抗样本时梯度为 None 或包含 NaN/Inf，跳过对抗扰动。
[2025-12-17 20:27:51,091] [WARNING] [TSADAdvTrainer] 生成对抗样本时梯度为 None 或包含 NaN/Inf，跳过对抗扰动。
[2025-12-17 20:27:51,462] [WARNING] [TSADAdvTrainer] 生成对抗样本时梯度为 None 或包含 NaN/Inf，跳过对抗扰动。
[2025-12-17 20:27:51,842] [WARNING] [TSADAdvTrainer] 生成对抗样本时梯度为 None 或包含 NaN/Inf，跳过对抗扰动。
[2025-12-17 20:27:52,212] [WARNING] [TSADAdvTrainer] 生成对抗样本时梯度为 None 或包含 NaN/Inf，跳过对抗扰动。
[2025-12-17 20:27:52,580] [WARNING] [TSADAdvTrainer] 生成对抗样本时梯度为 None 或包含 NaN/Inf，跳过对抗扰动。
[2025-12-17 20:27:52,954] [WARNING] [TSADAdvTrainer] 生成对抗样本时梯度为 None 或包含 NaN/Inf，跳过对抗扰动。
[2025-12-17 20:27:53,321] [WARNING] [TSADAdvTrainer] 生成对抗样本时梯度为 None 或包含 NaN/Inf，跳过对抗扰动。
[2025-12-17 20:27:53,683] [WARNING] [TSADAdvTrainer] 生成对抗样本时梯度为 None 或包含 NaN/Inf，跳过对抗扰动。
[2025-12-17 20:27:54,043] [WARNING] [TSADAdvTrainer] 生成对抗样本时梯度为 None 或包含 NaN/Inf，跳过对抗扰动。
[2025-12-17 20:27:54,421] [WARNING] [TSADAdvTrainer] 生成对抗样本时梯度为 None 或包含 NaN/Inf，跳过对抗扰动。
[2025-12-17 20:27:54,766] [WARNING] [TSADAdvTrainer] 生成对抗样本时梯度为 None 或包含 NaN/Inf，跳过对抗扰动。
[2025-12-17 20:27:55,145] [WARNING] [TSADAdvTrainer] 生成对抗样本时梯度为 None 或包含 NaN/Inf，跳过对抗扰动。
[2025-12-17 20:27:55,523] [WARNING] [TSADAdvTrainer] 生成对抗样本时梯度为 None 或包含 NaN/Inf，跳过对抗扰动。
[2025-12-17 20:27:55,875] [WARNING] [TSADAdvTrainer] 生成对抗样本时梯度为 None 或包含 NaN/Inf，跳过对抗扰动。
[2025-12-17 20:27:56,221] [WARNING] [TSADAdvTrainer] 生成对抗样本时梯度为 None 或包含 NaN/Inf，跳过对抗扰动。
[2025-12-17 20:27:56,588] [WARNING] [TSADAdvTrainer] 生成对抗样本时梯度为 None 或包含 NaN/Inf，跳过对抗扰动。
[2025-12-17 20:27:56,963] [WARNING] [TSADAdvTrainer] 生成对抗样本时梯度为 None 或包含 NaN/Inf，跳过对抗扰动。
[2025-12-17 20:27:57,341] [WARNING] [TSADAdvTrainer] 生成对抗样本时梯度为 None 或包含 NaN/Inf，跳过对抗扰动。
[2025-12-17 20:27:57,705] [WARNING] [TSADAdvTrainer] 生成对抗样本时梯度为 None 或包含 NaN/Inf，跳过对抗扰动。
[2025-12-17 20:27:58,094] [WARNING] [TSADAdvTrainer] 生成对抗样本时梯度为 None 或包含 NaN/Inf，跳过对抗扰动。
[2025-12-17 20:27:58,529] [WARNING] [TSADAdvTrainer] 生成对抗样本时梯度为 None 或包含 NaN/Inf，跳过对抗扰动。
[2025-12-17 20:27:58,925] [WARNING] [TSADAdvTrainer] 生成对抗样本时梯度为 None 或包含 NaN/Inf，跳过对抗扰动。
[2025-12-17 20:27:59,216] [WARNING] [TSADAdvTrainer] 生成对抗样本时梯度为 None 或包含 NaN/Inf，跳过对抗扰动。
[2025-12-17 20:27:59,555] [WARNING] [TSADAdvTrainer] 生成对抗样本时梯度为 None 或包含 NaN/Inf，跳过对抗扰动。
[2025-12-17 20:27:59,913] [WARNING] [TSADAdvTrainer] 生成对抗样本时梯度为 None 或包含 NaN/Inf，跳过对抗扰动。
[2025-12-17 20:28:00,257] [WARNING] [TSADAdvTrainer] 生成对抗样本时梯度为 None 或包含 NaN/Inf，跳过对抗扰动。
[2025-12-17 20:28:00,601] [WARNING] [TSADAdvTrainer] 生成对抗样本时梯度为 None 或包含 NaN/Inf，跳过对抗扰动。
[2025-12-17 20:28:00,930] [WARNING] [TSADAdvTrainer] 生成对抗样本时梯度为 None 或包含 NaN/Inf，跳过对抗扰动。
[2025-12-17 20:28:01,282] [WARNING] [TSADAdvTrainer] 生成对抗样本时梯度为 None 或包含 NaN/Inf，跳过对抗扰动。
[2025-12-17 20:28:01,614] [WARNING] [TSADAdvTrainer] 生成对抗样本时梯度为 None 或包含 NaN/Inf，跳过对抗扰动。
[2025-12-17 20:28:01,955] [WARNING] [TSADAdvTrainer] 生成对抗样本时梯度为 None 或包含 NaN/Inf，跳过对抗扰动。
[2025-12-17 20:28:02,299] [WARNING] [TSADAdvTrainer] 生成对抗样本时梯度为 None 或包含 NaN/Inf，跳过对抗扰动。
[2025-12-17 20:28:02,633] [WARNING] [TSADAdvTrainer] 生成对抗样本时梯度为 None 或包含 NaN/Inf，跳过对抗扰动。
[2025-12-17 20:28:02,975] [WARNING] [TSADAdvTrainer] 生成对抗样本时梯度为 None 或包含 NaN/Inf，跳过对抗扰动。
[2025-12-17 20:28:03,307] [WARNING] [TSADAdvTrainer] 生成对抗样本时梯度为 None 或包含 NaN/Inf，跳过对抗扰动。
[2025-12-17 20:28:03,657] [WARNING] [TSADAdvTrainer] 生成对抗样本时梯度为 None 或包含 NaN/Inf，跳过对抗扰动。
[2025-12-17 20:28:04,004] [WARNING] [TSADAdvTrainer] 生成对抗样本时梯度为 None 或包含 NaN/Inf，跳过对抗扰动。
[2025-12-17 20:28:04,315] [WARNING] [TSADAdvTrainer] 生成对抗样本时梯度为 None 或包含 NaN/Inf，跳过对抗扰动。
[2025-12-17 20:28:04,679] [WARNING] [TSADAdvTrainer] 生成对抗样本时梯度为 None 或包含 NaN/Inf，跳过对抗扰动。
[2025-12-17 20:28:05,143] [WARNING] [TSADAdvTrainer] 生成对抗样本时梯度为 None 或包含 NaN/Inf，跳过对抗扰动。
[2025-12-17 20:28:05,492] [WARNING] [TSADAdvTrainer] 生成对抗样本时梯度为 None 或包含 NaN/Inf，跳过对抗扰动。
[2025-12-17 20:28:05,882] [WARNING] [TSADAdvTrainer] 生成对抗样本时梯度为 None 或包含 NaN/Inf，跳过对抗扰动。
[2025-12-17 20:28:06,263] [WARNING] [TSADAdvTrainer] 生成对抗样本时梯度为 None 或包含 NaN/Inf，跳过对抗扰动。
[2025-12-17 20:28:06,640] [WARNING] [TSADAdvTrainer] 生成对抗样本时梯度为 None 或包含 NaN/Inf，跳过对抗扰动。
[2025-12-17 20:28:06,997] [WARNING] [TSADAdvTrainer] 生成对抗样本时梯度为 None 或包含 NaN/Inf，跳过对抗扰动。
[2025-12-17 20:28:07,367] [WARNING] [TSADAdvTrainer] 生成对抗样本时梯度为 None 或包含 NaN/Inf，跳过对抗扰动。
[2025-12-17 20:28:07,735] [WARNING] [TSADAdvTrainer] 生成对抗样本时梯度为 None 或包含 NaN/Inf，跳过对抗扰动。
[2025-12-17 20:28:08,107] [WARNING] [TSADAdvTrainer] 生成对抗样本时梯度为 None 或包含 NaN/Inf，跳过对抗扰动。
[2025-12-17 20:28:08,489] [WARNING] [TSADAdvTrainer] 生成对抗样本时梯度为 None 或包含 NaN/Inf，跳过对抗扰动。
[2025-12-17 20:28:08,860] [WARNING] [TSADAdvTrainer] 生成对抗样本时梯度为 None 或包含 NaN/Inf，跳过对抗扰动。
[2025-12-17 20:28:09,222] [WARNING] [TSADAdvTrainer] 生成对抗样本时梯度为 None 或包含 NaN/Inf，跳过对抗扰动。
[2025-12-17 20:28:09,606] [WARNING] [TSADAdvTrainer] 生成对抗样本时梯度为 None 或包含 NaN/Inf，跳过对抗扰动。
[2025-12-17 20:28:09,952] [WARNING] [TSADAdvTrainer] 生成对抗样本时梯度为 None 或包含 NaN/Inf，跳过对抗扰动。
[2025-12-17 20:28:10,310] [WARNING] [TSADAdvTrainer] 生成对抗样本时梯度为 None 或包含 NaN/Inf，跳过对抗扰动。
[2025-12-17 20:28:10,677] [WARNING] [TSADAdvTrainer] 生成对抗样本时梯度为 None 或包含 NaN/Inf，跳过对抗扰动。
[2025-12-17 20:28:11,053] [WARNING] [TSADAdvTrainer] 生成对抗样本时梯度为 None 或包含 NaN/Inf，跳过对抗扰动。
[2025-12-17 20:28:11,406] [WARNING] [TSADAdvTrainer] 生成对抗样本时梯度为 None 或包含 NaN/Inf，跳过对抗扰动。
[2025-12-17 20:28:11,750] [WARNING] [TSADAdvTrainer] 生成对抗样本时梯度为 None 或包含 NaN/Inf，跳过对抗扰动。
[2025-12-17 20:28:12,100] [WARNING] [TSADAdvTrainer] 生成对抗样本时梯度为 None 或包含 NaN/Inf，跳过对抗扰动。
[2025-12-17 20:28:12,447] [WARNING] [TSADAdvTrainer] 生成对抗样本时梯度为 None 或包含 NaN/Inf，跳过对抗扰动。
[2025-12-17 20:28:12,820] [WARNING] [TSADAdvTrainer] 生成对抗样本时梯度为 None 或包含 NaN/Inf，跳过对抗扰动。
[2025-12-17 20:28:13,200] [WARNING] [TSADAdvTrainer] 生成对抗样本时梯度为 None 或包含 NaN/Inf，跳过对抗扰动。
[2025-12-17 20:28:13,552] [WARNING] [TSADAdvTrainer] 生成对抗样本时梯度为 None 或包含 NaN/Inf，跳过对抗扰动。
[2025-12-17 20:28:13,903] [WARNING] [TSADAdvTrainer] 生成对抗样本时梯度为 None 或包含 NaN/Inf，跳过对抗扰动。
[2025-12-17 20:28:14,276] [WARNING] [TSADAdvTrainer] 生成对抗样本时梯度为 None 或包含 NaN/Inf，跳过对抗扰动。
[2025-12-17 20:28:14,641] [WARNING] [TSADAdvTrainer] 生成对抗样本时梯度为 None 或包含 NaN/Inf，跳过对抗扰动。
[2025-12-17 20:28:14,978] [WARNING] [TSADAdvTrainer] 生成对抗样本时梯度为 None 或包含 NaN/Inf，跳过对抗扰动。
[2025-12-17 20:28:15,347] [WARNING] [TSADAdvTrainer] 生成对抗样本时梯度为 None 或包含 NaN/Inf，跳过对抗扰动。
[2025-12-17 20:28:15,712] [WARNING] [TSADAdvTrainer] 生成对抗样本时梯度为 None 或包含 NaN/Inf，跳过对抗扰动。
[2025-12-17 20:28:16,112] [WARNING] [TSADAdvTrainer] 生成对抗样本时梯度为 None 或包含 NaN/Inf，跳过对抗扰动。
[2025-12-17 20:28:16,506] [WARNING] [TSADAdvTrainer] 生成对抗样本时梯度为 None 或包含 NaN/Inf，跳过对抗扰动。
[2025-12-17 20:28:16,873] [WARNING] [TSADAdvTrainer] 生成对抗样本时梯度为 None 或包含 NaN/Inf，跳过对抗扰动。
[2025-12-17 20:28:17,256] [WARNING] [TSADAdvTrainer] 生成对抗样本时梯度为 None 或包含 NaN/Inf，跳过对抗扰动。
[2025-12-17 20:28:17,519] [WARNING] [TSADAdvTrainer] 生成对抗样本时梯度为 None 或包含 NaN/Inf，跳过对抗扰动。
[2025-12-17 20:28:17,879] [WARNING] [TSADAdvTrainer] 生成对抗样本时梯度为 None 或包含 NaN/Inf，跳过对抗扰动。
[2025-12-17 20:28:18,224] [WARNING] [TSADAdvTrainer] 生成对抗样本时梯度为 None 或包含 NaN/Inf，跳过对抗扰动。
[2025-12-17 20:28:18,572] [WARNING] [TSADAdvTrainer] 生成对抗样本时梯度为 None 或包含 NaN/Inf，跳过对抗扰动。
[2025-12-17 20:28:18,920] [WARNING] [TSADAdvTrainer] 生成对抗样本时梯度为 None 或包含 NaN/Inf，跳过对抗扰动。
[2025-12-17 20:28:19,274] [WARNING] [TSADAdvTrainer] 生成对抗样本时梯度为 None 或包含 NaN/Inf，跳过对抗扰动。
[2025-12-17 20:28:19,607] [WARNING] [TSADAdvTrainer] 生成对抗样本时梯度为 None 或包含 NaN/Inf，跳过对抗扰动。
[2025-12-17 20:28:19,943] [WARNING] [TSADAdvTrainer] 生成对抗样本时梯度为 None 或包含 NaN/Inf，跳过对抗扰动。
[2025-12-17 20:28:20,296] [WARNING] [TSADAdvTrainer] 生成对抗样本时梯度为 None 或包含 NaN/Inf，跳过对抗扰动。
[2025-12-17 20:28:20,641] [WARNING] [TSADAdvTrainer] 生成对抗样本时梯度为 None 或包含 NaN/Inf，跳过对抗扰动。
[2025-12-17 20:28:20,983] [WARNING] [TSADAdvTrainer] 生成对抗样本时梯度为 None 或包含 NaN/Inf，跳过对抗扰动。
[2025-12-17 20:28:21,332] [WARNING] [TSADAdvTrainer] 生成对抗样本时梯度为 None 或包含 NaN/Inf，跳过对抗扰动。
[2025-12-17 20:28:21,665] [WARNING] [TSADAdvTrainer] 生成对抗样本时梯度为 None 或包含 NaN/Inf，跳过对抗扰动。
[2025-12-17 20:28:22,004] [WARNING] [TSADAdvTrainer] 生成对抗样本时梯度为 None 或包含 NaN/Inf，跳过对抗扰动。
[2025-12-17 20:28:22,340] [WARNING] [TSADAdvTrainer] 生成对抗样本时梯度为 None 或包含 NaN/Inf，跳过对抗扰动。
[2025-12-17 20:28:22,675] [WARNING] [TSADAdvTrainer] 生成对抗样本时梯度为 None 或包含 NaN/Inf，跳过对抗扰动。
[2025-12-17 20:28:23,018] [WARNING] [TSADAdvTrainer] 生成对抗样本时梯度为 None 或包含 NaN/Inf，跳过对抗扰动。
[2025-12-17 20:28:23,344] [WARNING] [TSADAdvTrainer] 生成对抗样本时梯度为 None 或包含 NaN/Inf，跳过对抗扰动。
[2025-12-17 20:28:23,681] [WARNING] [TSADAdvTrainer] 生成对抗样本时梯度为 None 或包含 NaN/Inf，跳过对抗扰动。
[2025-12-17 20:28:24,013] [WARNING] [TSADAdvTrainer] 生成对抗样本时梯度为 None 或包含 NaN/Inf，跳过对抗扰动。
[2025-12-17 20:28:24,355] [WARNING] [TSADAdvTrainer] 生成对抗样本时梯度为 None 或包含 NaN/Inf，跳过对抗扰动。
[2025-12-17 20:28:24,642] [WARNING] [TSADAdvTrainer] 生成对抗样本时梯度为 None 或包含 NaN/Inf，跳过对抗扰动。
[2025-12-17 20:28:24,999] [WARNING] [TSADAdvTrainer] 生成对抗样本时梯度为 None 或包含 NaN/Inf，跳过对抗扰动。
[2025-12-17 20:28:25,360] [WARNING] [TSADAdvTrainer] 生成对抗样本时梯度为 None 或包含 NaN/Inf，跳过对抗扰动。
[2025-12-17 20:28:25,732] [WARNING] [TSADAdvTrainer] 生成对抗样本时梯度为 None 或包含 NaN/Inf，跳过对抗扰动。
[2025-12-17 20:28:26,105] [WARNING] [TSADAdvTrainer] 生成对抗样本时梯度为 None 或包含 NaN/Inf，跳过对抗扰动。
[2025-12-17 20:28:26,473] [WARNING] [TSADAdvTrainer] 生成对抗样本时梯度为 None 或包含 NaN/Inf，跳过对抗扰动。
[2025-12-17 20:28:26,844] [WARNING] [TSADAdvTrainer] 生成对抗样本时梯度为 None 或包含 NaN/Inf，跳过对抗扰动。
[2025-12-17 20:28:27,214] [WARNING] [TSADAdvTrainer] 生成对抗样本时梯度为 None 或包含 NaN/Inf，跳过对抗扰动。
[2025-12-17 20:28:27,600] [WARNING] [TSADAdvTrainer] 生成对抗样本时梯度为 None 或包含 NaN/Inf，跳过对抗扰动。
[2025-12-17 20:28:27,993] [WARNING] [TSADAdvTrainer] 生成对抗样本时梯度为 None 或包含 NaN/Inf，跳过对抗扰动。
[2025-12-17 20:28:28,374] [WARNING] [TSADAdvTrainer] 生成对抗样本时梯度为 None 或包含 NaN/Inf，跳过对抗扰动。
[2025-12-17 20:28:28,726] [WARNING] [TSADAdvTrainer] 生成对抗样本时梯度为 None 或包含 NaN/Inf，跳过对抗扰动。
[2025-12-17 20:28:29,074] [WARNING] [TSADAdvTrainer] 生成对抗样本时梯度为 None 或包含 NaN/Inf，跳过对抗扰动。
[2025-12-17 20:28:29,426] [WARNING] [TSADAdvTrainer] 生成对抗样本时梯度为 None 或包含 NaN/Inf，跳过对抗扰动。
[2025-12-17 20:28:29,788] [WARNING] [TSADAdvTrainer] 生成对抗样本时梯度为 None 或包含 NaN/Inf，跳过对抗扰动。
[2025-12-17 20:28:30,157] [WARNING] [TSADAdvTrainer] 生成对抗样本时梯度为 None 或包含 NaN/Inf，跳过对抗扰动。
[2025-12-17 20:28:30,521] [WARNING] [TSADAdvTrainer] 生成对抗样本时梯度为 None 或包含 NaN/Inf，跳过对抗扰动。
[2025-12-17 20:28:30,876] [WARNING] [TSADAdvTrainer] 生成对抗样本时梯度为 None 或包含 NaN/Inf，跳过对抗扰动。
[2025-12-17 20:28:31,255] [WARNING] [TSADAdvTrainer] 生成对抗样本时梯度为 None 或包含 NaN/Inf，跳过对抗扰动。
[2025-12-17 20:28:31,625] [WARNING] [TSADAdvTrainer] 生成对抗样本时梯度为 None 或包含 NaN/Inf，跳过对抗扰动。
[2025-12-17 20:28:31,992] [WARNING] [TSADAdvTrainer] 生成对抗样本时梯度为 None 或包含 NaN/Inf，跳过对抗扰动。
[2025-12-17 20:28:32,372] [WARNING] [TSADAdvTrainer] 生成对抗样本时梯度为 None 或包含 NaN/Inf，跳过对抗扰动。
[2025-12-17 20:28:32,753] [WARNING] [TSADAdvTrainer] 生成对抗样本时梯度为 None 或包含 NaN/Inf，跳过对抗扰动。
[2025-12-17 20:28:33,118] [WARNING] [TSADAdvTrainer] 生成对抗样本时梯度为 None 或包含 NaN/Inf，跳过对抗扰动。
[2025-12-17 20:28:33,493] [WARNING] [TSADAdvTrainer] 生成对抗样本时梯度为 None 或包含 NaN/Inf，跳过对抗扰动。
[2025-12-17 20:28:33,866] [WARNING] [TSADAdvTrainer] 生成对抗样本时梯度为 None 或包含 NaN/Inf，跳过对抗扰动。
[2025-12-17 20:28:34,223] [WARNING] [TSADAdvTrainer] 生成对抗样本时梯度为 None 或包含 NaN/Inf，跳过对抗扰动。
[2025-12-17 20:28:34,578] [WARNING] [TSADAdvTrainer] 生成对抗样本时梯度为 None 或包含 NaN/Inf，跳过对抗扰动。
[2025-12-17 20:28:34,962] [WARNING] [TSADAdvTrainer] 生成对抗样本时梯度为 None 或包含 NaN/Inf，跳过对抗扰动。
[2025-12-17 20:28:35,336] [WARNING] [TSADAdvTrainer] 生成对抗样本时梯度为 None 或包含 NaN/Inf，跳过对抗扰动。
[2025-12-17 20:28:35,702] [WARNING] [TSADAdvTrainer] 生成对抗样本时梯度为 None 或包含 NaN/Inf，跳过对抗扰动。
[2025-12-17 20:28:36,058] [WARNING] [TSADAdvTrainer] 生成对抗样本时梯度为 None 或包含 NaN/Inf，跳过对抗扰动。
[2025-12-17 20:28:36,427] [WARNING] [TSADAdvTrainer] 生成对抗样本时梯度为 None 或包含 NaN/Inf，跳过对抗扰动。
[2025-12-17 20:28:36,789] [WARNING] [TSADAdvTrainer] 生成对抗样本时梯度为 None 或包含 NaN/Inf，跳过对抗扰动。
[2025-12-17 20:28:37,163] [WARNING] [TSADAdvTrainer] 生成对抗样本时梯度为 None 或包含 NaN/Inf，跳过对抗扰动。
[2025-12-17 20:28:37,529] [WARNING] [TSADAdvTrainer] 生成对抗样本时梯度为 None 或包含 NaN/Inf，跳过对抗扰动。
[2025-12-17 20:28:37,891] [WARNING] [TSADAdvTrainer] 生成对抗样本时梯度为 None 或包含 NaN/Inf，跳过对抗扰动。
[2025-12-17 20:28:38,262] [WARNING] [TSADAdvTrainer] 生成对抗样本时梯度为 None 或包含 NaN/Inf，跳过对抗扰动。
[2025-12-17 20:28:38,626] [WARNING] [TSADAdvTrainer] 生成对抗样本时梯度为 None 或包含 NaN/Inf，跳过对抗扰动。
[2025-12-17 20:28:38,984] [WARNING] [TSADAdvTrainer] 生成对抗样本时梯度为 None 或包含 NaN/Inf，跳过对抗扰动。
[2025-12-17 20:28:39,354] [WARNING] [TSADAdvTrainer] 生成对抗样本时梯度为 None 或包含 NaN/Inf，跳过对抗扰动。
[2025-12-17 20:28:39,645] [WARNING] [TSADAdvTrainer] 生成对抗样本时梯度为 None 或包含 NaN/Inf，跳过对抗扰动。
[2025-12-17 20:28:39,990] [WARNING] [TSADAdvTrainer] 生成对抗样本时梯度为 None 或包含 NaN/Inf，跳过对抗扰动。
[2025-12-17 20:28:40,324] [WARNING] [TSADAdvTrainer] 生成对抗样本时梯度为 None 或包含 NaN/Inf，跳过对抗扰动。
[2025-12-17 20:28:40,674] [WARNING] [TSADAdvTrainer] 生成对抗样本时梯度为 None 或包含 NaN/Inf，跳过对抗扰动。
[2025-12-17 20:28:40,994] [WARNING] [TSADAdvTrainer] 生成对抗样本时梯度为 None 或包含 NaN/Inf，跳过对抗扰动。
[2025-12-17 20:28:41,343] [WARNING] [TSADAdvTrainer] 生成对抗样本时梯度为 None 或包含 NaN/Inf，跳过对抗扰动。
[2025-12-17 20:28:41,676] [WARNING] [TSADAdvTrainer] 生成对抗样本时梯度为 None 或包含 NaN/Inf，跳过对抗扰动。
[2025-12-17 20:28:42,022] [WARNING] [TSADAdvTrainer] 生成对抗样本时梯度为 None 或包含 NaN/Inf，跳过对抗扰动。
[2025-12-17 20:28:42,372] [WARNING] [TSADAdvTrainer] 生成对抗样本时梯度为 None 或包含 NaN/Inf，跳过对抗扰动。
[2025-12-17 20:28:42,712] [WARNING] [TSADAdvTrainer] 生成对抗样本时梯度为 None 或包含 NaN/Inf，跳过对抗扰动。
[2025-12-17 20:28:43,058] [WARNING] [TSADAdvTrainer] 生成对抗样本时梯度为 None 或包含 NaN/Inf，跳过对抗扰动。
[2025-12-17 20:28:43,420] [WARNING] [TSADAdvTrainer] 生成对抗样本时梯度为 None 或包含 NaN/Inf，跳过对抗扰动。
[2025-12-17 20:28:43,761] [WARNING] [TSADAdvTrainer] 生成对抗样本时梯度为 None 或包含 NaN/Inf，跳过对抗扰动。
[2025-12-17 20:28:44,104] [WARNING] [TSADAdvTrainer] 生成对抗样本时梯度为 None 或包含 NaN/Inf，跳过对抗扰动。
[2025-12-17 20:28:44,475] [WARNING] [TSADAdvTrainer] 生成对抗样本时梯度为 None 或包含 NaN/Inf，跳过对抗扰动。
[2025-12-17 20:28:44,825] [WARNING] [TSADAdvTrainer] 生成对抗样本时梯度为 None 或包含 NaN/Inf，跳过对抗扰动。
[2025-12-17 20:28:45,177] [WARNING] [TSADAdvTrainer] 生成对抗样本时梯度为 None 或包含 NaN/Inf，跳过对抗扰动。
[2025-12-17 20:28:45,513] [WARNING] [TSADAdvTrainer] 生成对抗样本时梯度为 None 或包含 NaN/Inf，跳过对抗扰动。
[2025-12-17 20:28:45,842] [WARNING] [TSADAdvTrainer] 生成对抗样本时梯度为 None 或包含 NaN/Inf，跳过对抗扰动。
[2025-12-17 20:28:46,189] [WARNING] [TSADAdvTrainer] 生成对抗样本时梯度为 None 或包含 NaN/Inf，跳过对抗扰动。
[2025-12-17 20:28:46,520] [WARNING] [TSADAdvTrainer] 生成对抗样本时梯度为 None 或包含 NaN/Inf，跳过对抗扰动。
[2025-12-17 20:28:46,889] [WARNING] [TSADAdvTrainer] 生成对抗样本时梯度为 None 或包含 NaN/Inf，跳过对抗扰动。
[2025-12-17 20:28:47,250] [WARNING] [TSADAdvTrainer] 生成对抗样本时梯度为 None 或包含 NaN/Inf，跳过对抗扰动。
[2025-12-17 20:28:47,618] [WARNING] [TSADAdvTrainer] 生成对抗样本时梯度为 None 或包含 NaN/Inf，跳过对抗扰动。
[2025-12-17 20:28:47,989] [WARNING] [TSADAdvTrainer] 生成对抗样本时梯度为 None 或包含 NaN/Inf，跳过对抗扰动。
[2025-12-17 20:28:48,373] [WARNING] [TSADAdvTrainer] 生成对抗样本时梯度为 None 或包含 NaN/Inf，跳过对抗扰动。
[2025-12-17 20:28:48,738] [WARNING] [TSADAdvTrainer] 生成对抗样本时梯度为 None 或包含 NaN/Inf，跳过对抗扰动。
[2025-12-17 20:28:49,088] [WARNING] [TSADAdvTrainer] 生成对抗样本时梯度为 None 或包含 NaN/Inf，跳过对抗扰动。
[2025-12-17 20:28:49,456] [WARNING] [TSADAdvTrainer] 生成对抗样本时梯度为 None 或包含 NaN/Inf，跳过对抗扰动。
[2025-12-17 20:28:49,822] [WARNING] [TSADAdvTrainer] 生成对抗样本时梯度为 None 或包含 NaN/Inf，跳过对抗扰动。
[2025-12-17 20:28:50,177] [WARNING] [TSADAdvTrainer] 生成对抗样本时梯度为 None 或包含 NaN/Inf，跳过对抗扰动。
[2025-12-17 20:28:50,541] [WARNING] [TSADAdvTrainer] 生成对抗样本时梯度为 None 或包含 NaN/Inf，跳过对抗扰动。
[2025-12-17 20:28:50,895] [WARNING] [TSADAdvTrainer] 生成对抗样本时梯度为 None 或包含 NaN/Inf，跳过对抗扰动。
[2025-12-17 20:28:51,236] [WARNING] [TSADAdvTrainer] 生成对抗样本时梯度为 None 或包含 NaN/Inf，跳过对抗扰动。
[2025-12-17 20:28:51,624] [WARNING] [TSADAdvTrainer] 生成对抗样本时梯度为 None 或包含 NaN/Inf，跳过对抗扰动。
[2025-12-17 20:28:51,989] [WARNING] [TSADAdvTrainer] 生成对抗样本时梯度为 None 或包含 NaN/Inf，跳过对抗扰动。
[2025-12-17 20:28:52,348] [WARNING] [TSADAdvTrainer] 生成对抗样本时梯度为 None 或包含 NaN/Inf，跳过对抗扰动。
[2025-12-17 20:28:52,704] [WARNING] [TSADAdvTrainer] 生成对抗样本时梯度为 None 或包含 NaN/Inf，跳过对抗扰动。
[2025-12-17 20:28:53,080] [WARNING] [TSADAdvTrainer] 生成对抗样本时梯度为 None 或包含 NaN/Inf，跳过对抗扰动。
[2025-12-17 20:28:53,459] [WARNING] [TSADAdvTrainer] 生成对抗样本时梯度为 None 或包含 NaN/Inf，跳过对抗扰动。
[2025-12-17 20:28:53,823] [WARNING] [TSADAdvTrainer] 生成对抗样本时梯度为 None 或包含 NaN/Inf，跳过对抗扰动。
[2025-12-17 20:28:54,209] [WARNING] [TSADAdvTrainer] 生成对抗样本时梯度为 None 或包含 NaN/Inf，跳过对抗扰动。
[2025-12-17 20:28:54,559] [WARNING] [TSADAdvTrainer] 生成对抗样本时梯度为 None 或包含 NaN/Inf，跳过对抗扰动。
[2025-12-17 20:28:54,924] [WARNING] [TSADAdvTrainer] 生成对抗样本时梯度为 None 或包含 NaN/Inf，跳过对抗扰动。
[2025-12-17 20:28:55,290] [WARNING] [TSADAdvTrainer] 生成对抗样本时梯度为 None 或包含 NaN/Inf，跳过对抗扰动。
[2025-12-17 20:28:55,653] [WARNING] [TSADAdvTrainer] 生成对抗样本时梯度为 None 或包含 NaN/Inf，跳过对抗扰动。
[2025-12-17 20:28:56,029] [WARNING] [TSADAdvTrainer] 生成对抗样本时梯度为 None 或包含 NaN/Inf，跳过对抗扰动。
[2025-12-17 20:28:56,407] [WARNING] [TSADAdvTrainer] 生成对抗样本时梯度为 None 或包含 NaN/Inf，跳过对抗扰动。
[2025-12-17 20:28:56,782] [WARNING] [TSADAdvTrainer] 生成对抗样本时梯度为 None 或包含 NaN/Inf，跳过对抗扰动。
[2025-12-17 20:28:57,138] [WARNING] [TSADAdvTrainer] 生成对抗样本时梯度为 None 或包含 NaN/Inf，跳过对抗扰动。
[2025-12-17 20:28:57,511] [WARNING] [TSADAdvTrainer] 生成对抗样本时梯度为 None 或包含 NaN/Inf，跳过对抗扰动。
[2025-12-17 20:28:57,895] [WARNING] [TSADAdvTrainer] 生成对抗样本时梯度为 None 或包含 NaN/Inf，跳过对抗扰动。
[2025-12-17 20:28:58,259] [WARNING] [TSADAdvTrainer] 生成对抗样本时梯度为 None 或包含 NaN/Inf，跳过对抗扰动。
[2025-12-17 20:28:58,624] [WARNING] [TSADAdvTrainer] 生成对抗样本时梯度为 None 或包含 NaN/Inf，跳过对抗扰动。
[2025-12-17 20:28:58,994] [WARNING] [TSADAdvTrainer] 生成对抗样本时梯度为 None 或包含 NaN/Inf，跳过对抗扰动。
[2025-12-17 20:28:59,354] [WARNING] [TSADAdvTrainer] 生成对抗样本时梯度为 None 或包含 NaN/Inf，跳过对抗扰动。
[2025-12-17 20:28:59,717] [WARNING] [TSADAdvTrainer] 生成对抗样本时梯度为 None 或包含 NaN/Inf，跳过对抗扰动。
[2025-12-17 20:29:00,003] [WARNING] [TSADAdvTrainer] 生成对抗样本时梯度为 None 或包含 NaN/Inf，跳过对抗扰动。
[2025-12-17 20:29:00,338] [WARNING] [TSADAdvTrainer] 生成对抗样本时梯度为 None 或包含 NaN/Inf，跳过对抗扰动。
[2025-12-17 20:29:00,678] [WARNING] [TSADAdvTrainer] 生成对抗样本时梯度为 None 或包含 NaN/Inf，跳过对抗扰动。
[2025-12-17 20:29:01,015] [WARNING] [TSADAdvTrainer] 生成对抗样本时梯度为 None 或包含 NaN/Inf，跳过对抗扰动。
[2025-12-17 20:29:01,366] [WARNING] [TSADAdvTrainer] 生成对抗样本时梯度为 None 或包含 NaN/Inf，跳过对抗扰动。
[2025-12-17 20:29:01,712] [WARNING] [TSADAdvTrainer] 生成对抗样本时梯度为 None 或包含 NaN/Inf，跳过对抗扰动。
[2025-12-17 20:29:02,066] [WARNING] [TSADAdvTrainer] 生成对抗样本时梯度为 None 或包含 NaN/Inf，跳过对抗扰动。
[2025-12-17 20:29:02,405] [WARNING] [TSADAdvTrainer] 生成对抗样本时梯度为 None 或包含 NaN/Inf，跳过对抗扰动。
[2025-12-17 20:29:02,743] [WARNING] [TSADAdvTrainer] 生成对抗样本时梯度为 None 或包含 NaN/Inf，跳过对抗扰动。
[2025-12-17 20:29:03,080] [WARNING] [TSADAdvTrainer] 生成对抗样本时梯度为 None 或包含 NaN/Inf，跳过对抗扰动。
[2025-12-17 20:29:03,431] [WARNING] [TSADAdvTrainer] 生成对抗样本时梯度为 None 或包含 NaN/Inf，跳过对抗扰动。
[2025-12-17 20:29:03,755] [WARNING] [TSADAdvTrainer] 生成对抗样本时梯度为 None 或包含 NaN/Inf，跳过对抗扰动。
[2025-12-17 20:29:04,109] [WARNING] [TSADAdvTrainer] 生成对抗样本时梯度为 None 或包含 NaN/Inf，跳过对抗扰动。
[2025-12-17 20:29:04,455] [WARNING] [TSADAdvTrainer] 生成对抗样本时梯度为 None 或包含 NaN/Inf，跳过对抗扰动。
[2025-12-17 20:29:04,770] [WARNING] [TSADAdvTrainer] 生成对抗样本时梯度为 None 或包含 NaN/Inf，跳过对抗扰动。
[2025-12-17 20:29:05,227] [WARNING] [TSADAdvTrainer] 生成对抗样本时梯度为 None 或包含 NaN/Inf，跳过对抗扰动。
[2025-12-17 20:29:05,601] [WARNING] [TSADAdvTrainer] 生成对抗样本时梯度为 None 或包含 NaN/Inf，跳过对抗扰动。
[2025-12-17 20:29:05,961] [WARNING] [TSADAdvTrainer] 生成对抗样本时梯度为 None 或包含 NaN/Inf，跳过对抗扰动。
[2025-12-17 20:29:06,330] [WARNING] [TSADAdvTrainer] 生成对抗样本时梯度为 None 或包含 NaN/Inf，跳过对抗扰动。
[2025-12-17 20:29:06,695] [WARNING] [TSADAdvTrainer] 生成对抗样本时梯度为 None 或包含 NaN/Inf，跳过对抗扰动。
[2025-12-17 20:29:07,068] [WARNING] [TSADAdvTrainer] 生成对抗样本时梯度为 None 或包含 NaN/Inf，跳过对抗扰动。
[2025-12-17 20:29:07,440] [WARNING] [TSADAdvTrainer] 生成对抗样本时梯度为 None 或包含 NaN/Inf，跳过对抗扰动。
[2025-12-17 20:29:07,804] [WARNING] [TSADAdvTrainer] 生成对抗样本时梯度为 None 或包含 NaN/Inf，跳过对抗扰动。
[2025-12-17 20:29:08,178] [WARNING] [TSADAdvTrainer] 生成对抗样本时梯度为 None 或包含 NaN/Inf，跳过对抗扰动。
[2025-12-17 20:29:08,537] [WARNING] [TSADAdvTrainer] 生成对抗样本时梯度为 None 或包含 NaN/Inf，跳过对抗扰动。
[2025-12-17 20:29:08,911] [WARNING] [TSADAdvTrainer] 生成对抗样本时梯度为 None 或包含 NaN/Inf，跳过对抗扰动。
[2025-12-17 20:29:09,278] [WARNING] [TSADAdvTrainer] 生成对抗样本时梯度为 None 或包含 NaN/Inf，跳过对抗扰动。
[2025-12-17 20:29:09,633] [WARNING] [TSADAdvTrainer] 生成对抗样本时梯度为 None 或包含 NaN/Inf，跳过对抗扰动。
[2025-12-17 20:29:10,008] [WARNING] [TSADAdvTrainer] 生成对抗样本时梯度为 None 或包含 NaN/Inf，跳过对抗扰动。
[2025-12-17 20:29:10,358] [WARNING] [TSADAdvTrainer] 生成对抗样本时梯度为 None 或包含 NaN/Inf，跳过对抗扰动。
[2025-12-17 20:29:10,730] [WARNING] [TSADAdvTrainer] 生成对抗样本时梯度为 None 或包含 NaN/Inf，跳过对抗扰动。
[2025-12-17 20:29:11,114] [WARNING] [TSADAdvTrainer] 生成对抗样本时梯度为 None 或包含 NaN/Inf，跳过对抗扰动。
[2025-12-17 20:29:11,498] [WARNING] [TSADAdvTrainer] 生成对抗样本时梯度为 None 或包含 NaN/Inf，跳过对抗扰动。
[2025-12-17 20:29:11,867] [WARNING] [TSADAdvTrainer] 生成对抗样本时梯度为 None 或包含 NaN/Inf，跳过对抗扰动。
[2025-12-17 20:29:12,244] [WARNING] [TSADAdvTrainer] 生成对抗样本时梯度为 None 或包含 NaN/Inf，跳过对抗扰动。
[2025-12-17 20:29:12,627] [WARNING] [TSADAdvTrainer] 生成对抗样本时梯度为 None 或包含 NaN/Inf，跳过对抗扰动。
[2025-12-17 20:29:12,992] [WARNING] [TSADAdvTrainer] 生成对抗样本时梯度为 None 或包含 NaN/Inf，跳过对抗扰动。
[2025-12-17 20:29:13,359] [WARNING] [TSADAdvTrainer] 生成对抗样本时梯度为 None 或包含 NaN/Inf，跳过对抗扰动。
[2025-12-17 20:29:13,725] [WARNING] [TSADAdvTrainer] 生成对抗样本时梯度为 None 或包含 NaN/Inf，跳过对抗扰动。
[2025-12-17 20:29:14,109] [WARNING] [TSADAdvTrainer] 生成对抗样本时梯度为 None 或包含 NaN/Inf，跳过对抗扰动。
[2025-12-17 20:29:14,477] [WARNING] [TSADAdvTrainer] 生成对抗样本时梯度为 None 或包含 NaN/Inf，跳过对抗扰动。
[2025-12-17 20:29:14,867] [WARNING] [TSADAdvTrainer] 生成对抗样本时梯度为 None 或包含 NaN/Inf，跳过对抗扰动。
[2025-12-17 20:29:15,218] [WARNING] [TSADAdvTrainer] 生成对抗样本时梯度为 None 或包含 NaN/Inf，跳过对抗扰动。
[2025-12-17 20:29:15,590] [WARNING] [TSADAdvTrainer] 生成对抗样本时梯度为 None 或包含 NaN/Inf，跳过对抗扰动。
[2025-12-17 20:29:15,970] [WARNING] [TSADAdvTrainer] 生成对抗样本时梯度为 None 或包含 NaN/Inf，跳过对抗扰动。
[2025-12-17 20:29:16,347] [WARNING] [TSADAdvTrainer] 生成对抗样本时梯度为 None 或包含 NaN/Inf，跳过对抗扰动。
[2025-12-17 20:29:16,751] [WARNING] [TSADAdvTrainer] 生成对抗样本时梯度为 None 或包含 NaN/Inf，跳过对抗扰动。
[2025-12-17 20:29:17,116] [WARNING] [TSADAdvTrainer] 生成对抗样本时梯度为 None 或包含 NaN/Inf，跳过对抗扰动。
[2025-12-17 20:29:17,478] [WARNING] [TSADAdvTrainer] 生成对抗样本时梯度为 None 或包含 NaN/Inf，跳过对抗扰动。
[2025-12-17 20:29:17,880] [WARNING] [TSADAdvTrainer] 生成对抗样本时梯度为 None 或包含 NaN/Inf，跳过对抗扰动。
[2025-12-17 20:29:18,257] [WARNING] [TSADAdvTrainer] 生成对抗样本时梯度为 None 或包含 NaN/Inf，跳过对抗扰动。
[2025-12-17 20:29:18,645] [WARNING] [TSADAdvTrainer] 生成对抗样本时梯度为 None 或包含 NaN/Inf，跳过对抗扰动。
[2025-12-17 20:29:19,030] [WARNING] [TSADAdvTrainer] 生成对抗样本时梯度为 None 或包含 NaN/Inf，跳过对抗扰动。
[2025-12-17 20:29:19,409] [WARNING] [TSADAdvTrainer] 生成对抗样本时梯度为 None 或包含 NaN/Inf，跳过对抗扰动。
[2025-12-17 20:29:19,742] [WARNING] [TSADAdvTrainer] 生成对抗样本时梯度为 None 或包含 NaN/Inf，跳过对抗扰动。
[2025-12-17 20:29:20,084] [WARNING] [TSADAdvTrainer] 生成对抗样本时梯度为 None 或包含 NaN/Inf，跳过对抗扰动。
[2025-12-17 20:29:20,412] [WARNING] [TSADAdvTrainer] 生成对抗样本时梯度为 None 或包含 NaN/Inf，跳过对抗扰动。
[2025-12-17 20:29:20,755] [WARNING] [TSADAdvTrainer] 生成对抗样本时梯度为 None 或包含 NaN/Inf，跳过对抗扰动。
[2025-12-17 20:29:21,102] [WARNING] [TSADAdvTrainer] 生成对抗样本时梯度为 None 或包含 NaN/Inf，跳过对抗扰动。
[2025-12-17 20:29:21,462] [WARNING] [TSADAdvTrainer] 生成对抗样本时梯度为 None 或包含 NaN/Inf，跳过对抗扰动。
[2025-12-17 20:29:21,811] [WARNING] [TSADAdvTrainer] 生成对抗样本时梯度为 None 或包含 NaN/Inf，跳过对抗扰动。
[2025-12-17 20:29:22,163] [WARNING] [TSADAdvTrainer] 生成对抗样本时梯度为 None 或包含 NaN/Inf，跳过对抗扰动。
[2025-12-17 20:29:22,507] [WARNING] [TSADAdvTrainer] 生成对抗样本时梯度为 None 或包含 NaN/Inf，跳过对抗扰动。
[2025-12-17 20:29:22,848] [WARNING] [TSADAdvTrainer] 生成对抗样本时梯度为 None 或包含 NaN/Inf，跳过对抗扰动。
[2025-12-17 20:29:23,193] [WARNING] [TSADAdvTrainer] 生成对抗样本时梯度为 None 或包含 NaN/Inf，跳过对抗扰动。
[2025-12-17 20:29:23,549] [WARNING] [TSADAdvTrainer] 生成对抗样本时梯度为 None 或包含 NaN/Inf，跳过对抗扰动。
[2025-12-17 20:29:23,953] [WARNING] [TSADAdvTrainer] 生成对抗样本时梯度为 None 或包含 NaN/Inf，跳过对抗扰动。
[2025-12-17 20:29:24,287] [WARNING] [TSADAdvTrainer] 生成对抗样本时梯度为 None 或包含 NaN/Inf，跳过对抗扰动。
[2025-12-17 20:29:24,638] [WARNING] [TSADAdvTrainer] 生成对抗样本时梯度为 None 或包含 NaN/Inf，跳过对抗扰动。
[2025-12-17 20:29:24,977] [WARNING] [TSADAdvTrainer] 生成对抗样本时梯度为 None 或包含 NaN/Inf，跳过对抗扰动。
[2025-12-17 20:29:25,325] [WARNING] [TSADAdvTrainer] 生成对抗样本时梯度为 None 或包含 NaN/Inf，跳过对抗扰动。
[2025-12-17 20:29:25,664] [WARNING] [TSADAdvTrainer] 生成对抗样本时梯度为 None 或包含 NaN/Inf，跳过对抗扰动。
[2025-12-17 20:29:26,005] [WARNING] [TSADAdvTrainer] 生成对抗样本时梯度为 None 或包含 NaN/Inf，跳过对抗扰动。
[2025-12-17 20:29:26,338] [WARNING] [TSADAdvTrainer] 生成对抗样本时梯度为 None 或包含 NaN/Inf，跳过对抗扰动。
[2025-12-17 20:29:26,629] [WARNING] [TSADAdvTrainer] 生成对抗样本时梯度为 None 或包含 NaN/Inf，跳过对抗扰动。
[2025-12-17 20:29:27,002] [WARNING] [TSADAdvTrainer] 生成对抗样本时梯度为 None 或包含 NaN/Inf，跳过对抗扰动。
[2025-12-17 20:29:27,355] [WARNING] [TSADAdvTrainer] 生成对抗样本时梯度为 None 或包含 NaN/Inf，跳过对抗扰动。
[2025-12-17 20:29:27,716] [WARNING] [TSADAdvTrainer] 生成对抗样本时梯度为 None 或包含 NaN/Inf，跳过对抗扰动。
[2025-12-17 20:29:28,069] [WARNING] [TSADAdvTrainer] 生成对抗样本时梯度为 None 或包含 NaN/Inf，跳过对抗扰动。
[2025-12-17 20:29:28,451] [WARNING] [TSADAdvTrainer] 生成对抗样本时梯度为 None 或包含 NaN/Inf，跳过对抗扰动。
[2025-12-17 20:29:28,824] [WARNING] [TSADAdvTrainer] 生成对抗样本时梯度为 None 或包含 NaN/Inf，跳过对抗扰动。
[2025-12-17 20:29:29,168] [WARNING] [TSADAdvTrainer] 生成对抗样本时梯度为 None 或包含 NaN/Inf，跳过对抗扰动。
[2025-12-17 20:29:29,532] [WARNING] [TSADAdvTrainer] 生成对抗样本时梯度为 None 或包含 NaN/Inf，跳过对抗扰动。
[2025-12-17 20:29:29,898] [WARNING] [TSADAdvTrainer] 生成对抗样本时梯度为 None 或包含 NaN/Inf，跳过对抗扰动。
[2025-12-17 20:29:30,258] [WARNING] [TSADAdvTrainer] 生成对抗样本时梯度为 None 或包含 NaN/Inf，跳过对抗扰动。
[2025-12-17 20:29:30,604] [WARNING] [TSADAdvTrainer] 生成对抗样本时梯度为 None 或包含 NaN/Inf，跳过对抗扰动。
[2025-12-17 20:29:30,970] [WARNING] [TSADAdvTrainer] 生成对抗样本时梯度为 None 或包含 NaN/Inf，跳过对抗扰动。
[2025-12-17 20:29:31,337] [WARNING] [TSADAdvTrainer] 生成对抗样本时梯度为 None 或包含 NaN/Inf，跳过对抗扰动。
[2025-12-17 20:29:31,718] [WARNING] [TSADAdvTrainer] 生成对抗样本时梯度为 None 或包含 NaN/Inf，跳过对抗扰动。
[2025-12-17 20:29:32,086] [WARNING] [TSADAdvTrainer] 生成对抗样本时梯度为 None 或包含 NaN/Inf，跳过对抗扰动。
[2025-12-17 20:29:32,471] [WARNING] [TSADAdvTrainer] 生成对抗样本时梯度为 None 或包含 NaN/Inf，跳过对抗扰动。
[2025-12-17 20:29:32,836] [WARNING] [TSADAdvTrainer] 生成对抗样本时梯度为 None 或包含 NaN/Inf，跳过对抗扰动。
[2025-12-17 20:29:33,201] [WARNING] [TSADAdvTrainer] 生成对抗样本时梯度为 None 或包含 NaN/Inf，跳过对抗扰动。
[2025-12-17 20:29:33,579] [WARNING] [TSADAdvTrainer] 生成对抗样本时梯度为 None 或包含 NaN/Inf，跳过对抗扰动。
[2025-12-17 20:29:33,945] [WARNING] [TSADAdvTrainer] 生成对抗样本时梯度为 None 或包含 NaN/Inf，跳过对抗扰动。
[2025-12-17 20:29:34,310] [WARNING] [TSADAdvTrainer] 生成对抗样本时梯度为 None 或包含 NaN/Inf，跳过对抗扰动。
[2025-12-17 20:29:34,700] [WARNING] [TSADAdvTrainer] 生成对抗样本时梯度为 None 或包含 NaN/Inf，跳过对抗扰动。
[2025-12-17 20:29:35,090] [WARNING] [TSADAdvTrainer] 生成对抗样本时梯度为 None 或包含 NaN/Inf，跳过对抗扰动。
[2025-12-17 20:29:35,463] [WARNING] [TSADAdvTrainer] 生成对抗样本时梯度为 None 或包含 NaN/Inf，跳过对抗扰动。
[2025-12-17 20:29:35,825] [WARNING] [TSADAdvTrainer] 生成对抗样本时梯度为 None 或包含 NaN/Inf，跳过对抗扰动。
[2025-12-17 20:29:36,183] [WARNING] [TSADAdvTrainer] 生成对抗样本时梯度为 None 或包含 NaN/Inf，跳过对抗扰动。
[2025-12-17 20:29:36,676] [WARNING] [TSADAdvTrainer] 生成对抗样本时梯度为 None 或包含 NaN/Inf，跳过对抗扰动。
[2025-12-17 20:29:37,047] [WARNING] [TSADAdvTrainer] 生成对抗样本时梯度为 None 或包含 NaN/Inf，跳过对抗扰动。
[2025-12-17 20:29:37,401] [WARNING] [TSADAdvTrainer] 生成对抗样本时梯度为 None 或包含 NaN/Inf，跳过对抗扰动。
[2025-12-17 20:29:37,760] [WARNING] [TSADAdvTrainer] 生成对抗样本时梯度为 None 或包含 NaN/Inf，跳过对抗扰动。
[2025-12-17 20:29:38,121] [WARNING] [TSADAdvTrainer] 生成对抗样本时梯度为 None 或包含 NaN/Inf，跳过对抗扰动。
[2025-12-17 20:29:38,496] [WARNING] [TSADAdvTrainer] 生成对抗样本时梯度为 None 或包含 NaN/Inf，跳过对抗扰动。
[2025-12-17 20:29:38,856] [WARNING] [TSADAdvTrainer] 生成对抗样本时梯度为 None 或包含 NaN/Inf，跳过对抗扰动。
[2025-12-17 20:29:39,218] [WARNING] [TSADAdvTrainer] 生成对抗样本时梯度为 None 或包含 NaN/Inf，跳过对抗扰动。
[2025-12-17 20:29:39,524] [WARNING] [TSADAdvTrainer] 生成对抗样本时梯度为 None 或包含 NaN/Inf，跳过对抗扰动。
[2025-12-17 20:29:39,830] [WARNING] [TSADAdvTrainer] 生成对抗样本时梯度为 None 或包含 NaN/Inf，跳过对抗扰动。
[2025-12-17 20:29:40,159] [WARNING] [TSADAdvTrainer] 生成对抗样本时梯度为 None 或包含 NaN/Inf，跳过对抗扰动。
[2025-12-17 20:29:40,494] [WARNING] [TSADAdvTrainer] 生成对抗样本时梯度为 None 或包含 NaN/Inf，跳过对抗扰动。
[2025-12-17 20:29:40,833] [WARNING] [TSADAdvTrainer] 生成对抗样本时梯度为 None 或包含 NaN/Inf，跳过对抗扰动。
[2025-12-17 20:29:41,216] [WARNING] [TSADAdvTrainer] 生成对抗样本时梯度为 None 或包含 NaN/Inf，跳过对抗扰动。
[2025-12-17 20:29:41,559] [WARNING] [TSADAdvTrainer] 生成对抗样本时梯度为 None 或包含 NaN/Inf，跳过对抗扰动。
[2025-12-17 20:29:41,882] [WARNING] [TSADAdvTrainer] 生成对抗样本时梯度为 None 或包含 NaN/Inf，跳过对抗扰动。
[2025-12-17 20:29:42,202] [WARNING] [TSADAdvTrainer] 生成对抗样本时梯度为 None 或包含 NaN/Inf，跳过对抗扰动。
[2025-12-17 20:29:42,530] [WARNING] [TSADAdvTrainer] 生成对抗样本时梯度为 None 或包含 NaN/Inf，跳过对抗扰动。
[2025-12-17 20:29:42,858] [WARNING] [TSADAdvTrainer] 生成对抗样本时梯度为 None 或包含 NaN/Inf，跳过对抗扰动。
[2025-12-17 20:29:43,192] [WARNING] [TSADAdvTrainer] 生成对抗样本时梯度为 None 或包含 NaN/Inf，跳过对抗扰动。
[2025-12-17 20:29:43,526] [WARNING] [TSADAdvTrainer] 生成对抗样本时梯度为 None 或包含 NaN/Inf，跳过对抗扰动。
[2025-12-17 20:29:43,872] [WARNING] [TSADAdvTrainer] 生成对抗样本时梯度为 None 或包含 NaN/Inf，跳过对抗扰动。
[2025-12-17 20:29:44,209] [WARNING] [TSADAdvTrainer] 生成对抗样本时梯度为 None 或包含 NaN/Inf，跳过对抗扰动。
[2025-12-17 20:29:44,531] [WARNING] [TSADAdvTrainer] 生成对抗样本时梯度为 None 或包含 NaN/Inf，跳过对抗扰动。
[2025-12-17 20:29:44,861] [WARNING] [TSADAdvTrainer] 生成对抗样本时梯度为 None 或包含 NaN/Inf，跳过对抗扰动。
[2025-12-17 20:29:45,193] [WARNING] [TSADAdvTrainer] 生成对抗样本时梯度为 None 或包含 NaN/Inf，跳过对抗扰动。
[2025-12-17 20:29:45,523] [WARNING] [TSADAdvTrainer] 生成对抗样本时梯度为 None 或包含 NaN/Inf，跳过对抗扰动。
[2025-12-17 20:29:45,851] [WARNING] [TSADAdvTrainer] 生成对抗样本时梯度为 None 或包含 NaN/Inf，跳过对抗扰动。
[2025-12-17 20:29:46,173] [WARNING] [TSADAdvTrainer] 生成对抗样本时梯度为 None 或包含 NaN/Inf，跳过对抗扰动。
[2025-12-17 20:29:46,556] [WARNING] [TSADAdvTrainer] 生成对抗样本时梯度为 None 或包含 NaN/Inf，跳过对抗扰动。
[2025-12-17 20:29:46,878] [WARNING] [TSADAdvTrainer] 生成对抗样本时梯度为 None 或包含 NaN/Inf，跳过对抗扰动。
[2025-12-17 20:29:47,240] [WARNING] [TSADAdvTrainer] 生成对抗样本时梯度为 None 或包含 NaN/Inf，跳过对抗扰动。
[2025-12-17 20:29:47,609] [WARNING] [TSADAdvTrainer] 生成对抗样本时梯度为 None 或包含 NaN/Inf，跳过对抗扰动。
[2025-12-17 20:29:47,986] [WARNING] [TSADAdvTrainer] 生成对抗样本时梯度为 None 或包含 NaN/Inf，跳过对抗扰动。
[2025-12-17 20:29:48,358] [WARNING] [TSADAdvTrainer] 生成对抗样本时梯度为 None 或包含 NaN/Inf，跳过对抗扰动。
[2025-12-17 20:29:48,711] [WARNING] [TSADAdvTrainer] 生成对抗样本时梯度为 None 或包含 NaN/Inf，跳过对抗扰动。
[2025-12-17 20:29:49,060] [WARNING] [TSADAdvTrainer] 生成对抗样本时梯度为 None 或包含 NaN/Inf，跳过对抗扰动。
[2025-12-17 20:29:49,420] [WARNING] [TSADAdvTrainer] 生成对抗样本时梯度为 None 或包含 NaN/Inf，跳过对抗扰动。
[2025-12-17 20:29:49,786] [WARNING] [TSADAdvTrainer] 生成对抗样本时梯度为 None 或包含 NaN/Inf，跳过对抗扰动。
[2025-12-17 20:29:50,149] [WARNING] [TSADAdvTrainer] 生成对抗样本时梯度为 None 或包含 NaN/Inf，跳过对抗扰动。
[2025-12-17 20:29:50,515] [WARNING] [TSADAdvTrainer] 生成对抗样本时梯度为 None 或包含 NaN/Inf，跳过对抗扰动。
[2025-12-17 20:29:50,866] [WARNING] [TSADAdvTrainer] 生成对抗样本时梯度为 None 或包含 NaN/Inf，跳过对抗扰动。
[2025-12-17 20:29:51,205] [WARNING] [TSADAdvTrainer] 生成对抗样本时梯度为 None 或包含 NaN/Inf，跳过对抗扰动。
[2025-12-17 20:29:51,558] [WARNING] [TSADAdvTrainer] 生成对抗样本时梯度为 None 或包含 NaN/Inf，跳过对抗扰动。
[2025-12-17 20:29:51,929] [WARNING] [TSADAdvTrainer] 生成对抗样本时梯度为 None 或包含 NaN/Inf，跳过对抗扰动。
[2025-12-17 20:29:52,292] [WARNING] [TSADAdvTrainer] 生成对抗样本时梯度为 None 或包含 NaN/Inf，跳过对抗扰动。
[2025-12-17 20:29:52,648] [WARNING] [TSADAdvTrainer] 生成对抗样本时梯度为 None 或包含 NaN/Inf，跳过对抗扰动。
[2025-12-17 20:29:53,013] [WARNING] [TSADAdvTrainer] 生成对抗样本时梯度为 None 或包含 NaN/Inf，跳过对抗扰动。
[2025-12-17 20:29:53,370] [WARNING] [TSADAdvTrainer] 生成对抗样本时梯度为 None 或包含 NaN/Inf，跳过对抗扰动。
[2025-12-17 20:29:53,752] [WARNING] [TSADAdvTrainer] 生成对抗样本时梯度为 None 或包含 NaN/Inf，跳过对抗扰动。
[2025-12-17 20:29:54,106] [WARNING] [TSADAdvTrainer] 生成对抗样本时梯度为 None 或包含 NaN/Inf，跳过对抗扰动。
[2025-12-17 20:29:54,478] [WARNING] [TSADAdvTrainer] 生成对抗样本时梯度为 None 或包含 NaN/Inf，跳过对抗扰动。
[2025-12-17 20:29:54,849] [WARNING] [TSADAdvTrainer] 生成对抗样本时梯度为 None 或包含 NaN/Inf，跳过对抗扰动。
[2025-12-17 20:29:55,224] [WARNING] [TSADAdvTrainer] 生成对抗样本时梯度为 None 或包含 NaN/Inf，跳过对抗扰动。
[2025-12-17 20:29:55,601] [WARNING] [TSADAdvTrainer] 生成对抗样本时梯度为 None 或包含 NaN/Inf，跳过对抗扰动。
[2025-12-17 20:29:55,969] [WARNING] [TSADAdvTrainer] 生成对抗样本时梯度为 None 或包含 NaN/Inf，跳过对抗扰动。
[2025-12-17 20:29:56,351] [WARNING] [TSADAdvTrainer] 生成对抗样本时梯度为 None 或包含 NaN/Inf，跳过对抗扰动。
[2025-12-17 20:29:56,721] [WARNING] [TSADAdvTrainer] 生成对抗样本时梯度为 None 或包含 NaN/Inf，跳过对抗扰动。
[2025-12-17 20:29:57,091] [WARNING] [TSADAdvTrainer] 生成对抗样本时梯度为 None 或包含 NaN/Inf，跳过对抗扰动。
[2025-12-17 20:29:57,450] [WARNING] [TSADAdvTrainer] 生成对抗样本时梯度为 None 或包含 NaN/Inf，跳过对抗扰动。
[2025-12-17 20:29:57,809] [WARNING] [TSADAdvTrainer] 生成对抗样本时梯度为 None 或包含 NaN/Inf，跳过对抗扰动。
[2025-12-17 20:29:58,203] [WARNING] [TSADAdvTrainer] 生成对抗样本时梯度为 None 或包含 NaN/Inf，跳过对抗扰动。
[2025-12-17 20:29:58,535] [WARNING] [TSADAdvTrainer] 生成对抗样本时梯度为 None 或包含 NaN/Inf，跳过对抗扰动。
[2025-12-17 20:29:58,847] [WARNING] [TSADAdvTrainer] 生成对抗样本时梯度为 None 或包含 NaN/Inf，跳过对抗扰动。
[2025-12-17 20:29:59,188] [WARNING] [TSADAdvTrainer] 生成对抗样本时梯度为 None 或包含 NaN/Inf，跳过对抗扰动。
[2025-12-17 20:29:59,533] [WARNING] [TSADAdvTrainer] 生成对抗样本时梯度为 None 或包含 NaN/Inf，跳过对抗扰动。
[2025-12-17 20:29:59,884] [WARNING] [TSADAdvTrainer] 生成对抗样本时梯度为 None 或包含 NaN/Inf，跳过对抗扰动。
[2025-12-17 20:30:00,217] [WARNING] [TSADAdvTrainer] 生成对抗样本时梯度为 None 或包含 NaN/Inf，跳过对抗扰动。
[2025-12-17 20:30:00,544] [WARNING] [TSADAdvTrainer] 生成对抗样本时梯度为 None 或包含 NaN/Inf，跳过对抗扰动。
[2025-12-17 20:30:00,882] [WARNING] [TSADAdvTrainer] 生成对抗样本时梯度为 None 或包含 NaN/Inf，跳过对抗扰动。
[2025-12-17 20:30:01,242] [WARNING] [TSADAdvTrainer] 生成对抗样本时梯度为 None 或包含 NaN/Inf，跳过对抗扰动。
[2025-12-17 20:30:01,583] [WARNING] [TSADAdvTrainer] 生成对抗样本时梯度为 None 或包含 NaN/Inf，跳过对抗扰动。
[2025-12-17 20:30:01,929] [WARNING] [TSADAdvTrainer] 生成对抗样本时梯度为 None 或包含 NaN/Inf，跳过对抗扰动。
[2025-12-17 20:30:02,269] [WARNING] [TSADAdvTrainer] 生成对抗样本时梯度为 None 或包含 NaN/Inf，跳过对抗扰动。
[2025-12-17 20:30:02,610] [WARNING] [TSADAdvTrainer] 生成对抗样本时梯度为 None 或包含 NaN/Inf，跳过对抗扰动。
[2025-12-17 20:30:02,958] [WARNING] [TSADAdvTrainer] 生成对抗样本时梯度为 None 或包含 NaN/Inf，跳过对抗扰动。
[2025-12-17 20:30:03,296] [WARNING] [TSADAdvTrainer] 生成对抗样本时梯度为 None 或包含 NaN/Inf，跳过对抗扰动。
[2025-12-17 20:30:03,630] [WARNING] [TSADAdvTrainer] 生成对抗样本时梯度为 None 或包含 NaN/Inf，跳过对抗扰动。
[2025-12-17 20:30:03,975] [WARNING] [TSADAdvTrainer] 生成对抗样本时梯度为 None 或包含 NaN/Inf，跳过对抗扰动。
[2025-12-17 20:30:04,316] [WARNING] [TSADAdvTrainer] 生成对抗样本时梯度为 None 或包含 NaN/Inf，跳过对抗扰动。
[2025-12-17 20:30:04,660] [WARNING] [TSADAdvTrainer] 生成对抗样本时梯度为 None 或包含 NaN/Inf，跳过对抗扰动。
[2025-12-17 20:30:04,986] [WARNING] [TSADAdvTrainer] 生成对抗样本时梯度为 None 或包含 NaN/Inf，跳过对抗扰动。
[2025-12-17 20:30:05,335] [WARNING] [TSADAdvTrainer] 生成对抗样本时梯度为 None 或包含 NaN/Inf，跳过对抗扰动。
[2025-12-17 20:30:05,652] [WARNING] [TSADAdvTrainer] 生成对抗样本时梯度为 None 或包含 NaN/Inf，跳过对抗扰动。
[2025-12-17 20:30:06,025] [WARNING] [TSADAdvTrainer] 生成对抗样本时梯度为 None 或包含 NaN/Inf，跳过对抗扰动。
[2025-12-17 20:30:06,385] [WARNING] [TSADAdvTrainer] 生成对抗样本时梯度为 None 或包含 NaN/Inf，跳过对抗扰动。
[2025-12-17 20:30:06,737] [WARNING] [TSADAdvTrainer] 生成对抗样本时梯度为 None 或包含 NaN/Inf，跳过对抗扰动。
[2025-12-17 20:30:07,119] [WARNING] [TSADAdvTrainer] 生成对抗样本时梯度为 None 或包含 NaN/Inf，跳过对抗扰动。
[2025-12-17 20:30:07,494] [WARNING] [TSADAdvTrainer] 生成对抗样本时梯度为 None 或包含 NaN/Inf，跳过对抗扰动。
[2025-12-17 20:30:07,866] [WARNING] [TSADAdvTrainer] 生成对抗样本时梯度为 None 或包含 NaN/Inf，跳过对抗扰动。
[2025-12-17 20:30:08,237] [WARNING] [TSADAdvTrainer] 生成对抗样本时梯度为 None 或包含 NaN/Inf，跳过对抗扰动。
[2025-12-17 20:30:08,612] [WARNING] [TSADAdvTrainer] 生成对抗样本时梯度为 None 或包含 NaN/Inf，跳过对抗扰动。
[2025-12-17 20:30:08,973] [WARNING] [TSADAdvTrainer] 生成对抗样本时梯度为 None 或包含 NaN/Inf，跳过对抗扰动。
[2025-12-17 20:30:09,352] [WARNING] [TSADAdvTrainer] 生成对抗样本时梯度为 None 或包含 NaN/Inf，跳过对抗扰动。
[2025-12-17 20:30:09,705] [WARNING] [TSADAdvTrainer] 生成对抗样本时梯度为 None 或包含 NaN/Inf，跳过对抗扰动。
[2025-12-17 20:30:10,076] [WARNING] [TSADAdvTrainer] 生成对抗样本时梯度为 None 或包含 NaN/Inf，跳过对抗扰动。
[2025-12-17 20:30:10,424] [WARNING] [TSADAdvTrainer] 生成对抗样本时梯度为 None 或包含 NaN/Inf，跳过对抗扰动。
[2025-12-17 20:30:10,763] [WARNING] [TSADAdvTrainer] 生成对抗样本时梯度为 None 或包含 NaN/Inf，跳过对抗扰动。
[2025-12-17 20:30:11,109] [WARNING] [TSADAdvTrainer] 生成对抗样本时梯度为 None 或包含 NaN/Inf，跳过对抗扰动。
[2025-12-17 20:30:11,485] [WARNING] [TSADAdvTrainer] 生成对抗样本时梯度为 None 或包含 NaN/Inf，跳过对抗扰动。
[2025-12-17 20:30:11,872] [WARNING] [TSADAdvTrainer] 生成对抗样本时梯度为 None 或包含 NaN/Inf，跳过对抗扰动。
[2025-12-17 20:30:12,235] [WARNING] [TSADAdvTrainer] 生成对抗样本时梯度为 None 或包含 NaN/Inf，跳过对抗扰动。
[2025-12-17 20:30:12,596] [WARNING] [TSADAdvTrainer] 生成对抗样本时梯度为 None 或包含 NaN/Inf，跳过对抗扰动。
[2025-12-17 20:30:12,968] [WARNING] [TSADAdvTrainer] 生成对抗样本时梯度为 None 或包含 NaN/Inf，跳过对抗扰动。
[2025-12-17 20:30:13,318] [WARNING] [TSADAdvTrainer] 生成对抗样本时梯度为 None 或包含 NaN/Inf，跳过对抗扰动。
[2025-12-17 20:30:13,687] [WARNING] [TSADAdvTrainer] 生成对抗样本时梯度为 None 或包含 NaN/Inf，跳过对抗扰动。
[2025-12-17 20:30:14,041] [WARNING] [TSADAdvTrainer] 生成对抗样本时梯度为 None 或包含 NaN/Inf，跳过对抗扰动。
[2025-12-17 20:30:14,420] [WARNING] [TSADAdvTrainer] 生成对抗样本时梯度为 None 或包含 NaN/Inf，跳过对抗扰动。
[2025-12-17 20:30:14,779] [WARNING] [TSADAdvTrainer] 生成对抗样本时梯度为 None 或包含 NaN/Inf，跳过对抗扰动。
[2025-12-17 20:30:15,145] [WARNING] [TSADAdvTrainer] 生成对抗样本时梯度为 None 或包含 NaN/Inf，跳过对抗扰动。
[2025-12-17 20:30:15,515] [WARNING] [TSADAdvTrainer] 生成对抗样本时梯度为 None 或包含 NaN/Inf，跳过对抗扰动。
[2025-12-17 20:30:15,873] [WARNING] [TSADAdvTrainer] 生成对抗样本时梯度为 None 或包含 NaN/Inf，跳过对抗扰动。
[2025-12-17 20:30:16,246] [WARNING] [TSADAdvTrainer] 生成对抗样本时梯度为 None 或包含 NaN/Inf，跳过对抗扰动。
[2025-12-17 20:30:16,610] [WARNING] [TSADAdvTrainer] 生成对抗样本时梯度为 None 或包含 NaN/Inf，跳过对抗扰动。
[2025-12-17 20:30:16,988] [WARNING] [TSADAdvTrainer] 生成对抗样本时梯度为 None 或包含 NaN/Inf，跳过对抗扰动。
[2025-12-17 20:30:17,371] [WARNING] [TSADAdvTrainer] 生成对抗样本时梯度为 None 或包含 NaN/Inf，跳过对抗扰动。
[2025-12-17 20:30:17,633] [WARNING] [TSADAdvTrainer] 生成对抗样本时梯度为 None 或包含 NaN/Inf，跳过对抗扰动。
[2025-12-17 20:30:17,976] [WARNING] [TSADAdvTrainer] 生成对抗样本时梯度为 None 或包含 NaN/Inf，跳过对抗扰动。
[2025-12-17 20:30:18,314] [WARNING] [TSADAdvTrainer] 生成对抗样本时梯度为 None 或包含 NaN/Inf，跳过对抗扰动。
[2025-12-17 20:30:18,643] [WARNING] [TSADAdvTrainer] 生成对抗样本时梯度为 None 或包含 NaN/Inf，跳过对抗扰动。
[2025-12-17 20:30:18,986] [WARNING] [TSADAdvTrainer] 生成对抗样本时梯度为 None 或包含 NaN/Inf，跳过对抗扰动。
[2025-12-17 20:30:19,331] [WARNING] [TSADAdvTrainer] 生成对抗样本时梯度为 None 或包含 NaN/Inf，跳过对抗扰动。
[2025-12-17 20:30:19,675] [WARNING] [TSADAdvTrainer] 生成对抗样本时梯度为 None 或包含 NaN/Inf，跳过对抗扰动。
[2025-12-17 20:30:20,013] [WARNING] [TSADAdvTrainer] 生成对抗样本时梯度为 None 或包含 NaN/Inf，跳过对抗扰动。
[2025-12-17 20:30:20,361] [WARNING] [TSADAdvTrainer] 生成对抗样本时梯度为 None 或包含 NaN/Inf，跳过对抗扰动。
[2025-12-17 20:30:20,718] [WARNING] [TSADAdvTrainer] 生成对抗样本时梯度为 None 或包含 NaN/Inf，跳过对抗扰动。
[2025-12-17 20:30:21,082] [WARNING] [TSADAdvTrainer] 生成对抗样本时梯度为 None 或包含 NaN/Inf，跳过对抗扰动。
[2025-12-17 20:30:21,432] [WARNING] [TSADAdvTrainer] 生成对抗样本时梯度为 None 或包含 NaN/Inf，跳过对抗扰动。
[2025-12-17 20:30:21,760] [WARNING] [TSADAdvTrainer] 生成对抗样本时梯度为 None 或包含 NaN/Inf，跳过对抗扰动。
[2025-12-17 20:30:22,081] [WARNING] [TSADAdvTrainer] 生成对抗样本时梯度为 None 或包含 NaN/Inf，跳过对抗扰动。
[2025-12-17 20:30:22,411] [WARNING] [TSADAdvTrainer] 生成对抗样本时梯度为 None 或包含 NaN/Inf，跳过对抗扰动。
[2025-12-17 20:30:22,724] [WARNING] [TSADAdvTrainer] 生成对抗样本时梯度为 None 或包含 NaN/Inf，跳过对抗扰动。
[2025-12-17 20:30:23,089] [WARNING] [TSADAdvTrainer] 生成对抗样本时梯度为 None 或包含 NaN/Inf，跳过对抗扰动。
[2025-12-17 20:30:23,468] [WARNING] [TSADAdvTrainer] 生成对抗样本时梯度为 None 或包含 NaN/Inf，跳过对抗扰动。
[2025-12-17 20:30:23,831] [WARNING] [TSADAdvTrainer] 生成对抗样本时梯度为 None 或包含 NaN/Inf，跳过对抗扰动。
[2025-12-17 20:30:24,189] [WARNING] [TSADAdvTrainer] 生成对抗样本时梯度为 None 或包含 NaN/Inf，跳过对抗扰动。
[2025-12-17 20:30:24,579] [WARNING] [TSADAdvTrainer] 生成对抗样本时梯度为 None 或包含 NaN/Inf，跳过对抗扰动。
[2025-12-17 20:30:24,927] [WARNING] [TSADAdvTrainer] 生成对抗样本时梯度为 None 或包含 NaN/Inf，跳过对抗扰动。
[2025-12-17 20:30:25,287] [WARNING] [TSADAdvTrainer] 生成对抗样本时梯度为 None 或包含 NaN/Inf，跳过对抗扰动。
[2025-12-17 20:30:25,645] [WARNING] [TSADAdvTrainer] 生成对抗样本时梯度为 None 或包含 NaN/Inf，跳过对抗扰动。
[2025-12-17 20:30:26,012] [WARNING] [TSADAdvTrainer] 生成对抗样本时梯度为 None 或包含 NaN/Inf，跳过对抗扰动。
[2025-12-17 20:30:26,374] [WARNING] [TSADAdvTrainer] 生成对抗样本时梯度为 None 或包含 NaN/Inf，跳过对抗扰动。
[2025-12-17 20:30:26,740] [WARNING] [TSADAdvTrainer] 生成对抗样本时梯度为 None 或包含 NaN/Inf，跳过对抗扰动。
[2025-12-17 20:30:27,097] [WARNING] [TSADAdvTrainer] 生成对抗样本时梯度为 None 或包含 NaN/Inf，跳过对抗扰动。
[2025-12-17 20:30:27,459] [WARNING] [TSADAdvTrainer] 生成对抗样本时梯度为 None 或包含 NaN/Inf，跳过对抗扰动。
[2025-12-17 20:30:27,835] [WARNING] [TSADAdvTrainer] 生成对抗样本时梯度为 None 或包含 NaN/Inf，跳过对抗扰动。
[2025-12-17 20:30:28,188] [WARNING] [TSADAdvTrainer] 生成对抗样本时梯度为 None 或包含 NaN/Inf，跳过对抗扰动。
[2025-12-17 20:30:28,566] [WARNING] [TSADAdvTrainer] 生成对抗样本时梯度为 None 或包含 NaN/Inf，跳过对抗扰动。
[2025-12-17 20:30:28,953] [WARNING] [TSADAdvTrainer] 生成对抗样本时梯度为 None 或包含 NaN/Inf，跳过对抗扰动。
[2025-12-17 20:30:29,323] [WARNING] [TSADAdvTrainer] 生成对抗样本时梯度为 None 或包含 NaN/Inf，跳过对抗扰动。
[2025-12-17 20:30:29,695] [WARNING] [TSADAdvTrainer] 生成对抗样本时梯度为 None 或包含 NaN/Inf，跳过对抗扰动。
[2025-12-17 20:30:30,080] [WARNING] [TSADAdvTrainer] 生成对抗样本时梯度为 None 或包含 NaN/Inf，跳过对抗扰动。
[2025-12-17 20:30:30,446] [WARNING] [TSADAdvTrainer] 生成对抗样本时梯度为 None 或包含 NaN/Inf，跳过对抗扰动。
[2025-12-17 20:30:30,811] [WARNING] [TSADAdvTrainer] 生成对抗样本时梯度为 None 或包含 NaN/Inf，跳过对抗扰动。
[2025-12-17 20:30:31,196] [WARNING] [TSADAdvTrainer] 生成对抗样本时梯度为 None 或包含 NaN/Inf，跳过对抗扰动。
[2025-12-17 20:30:31,557] [WARNING] [TSADAdvTrainer] 生成对抗样本时梯度为 None 或包含 NaN/Inf，跳过对抗扰动。
[2025-12-17 20:30:31,941] [WARNING] [TSADAdvTrainer] 生成对抗样本时梯度为 None 或包含 NaN/Inf，跳过对抗扰动。
[2025-12-17 20:30:32,315] [WARNING] [TSADAdvTrainer] 生成对抗样本时梯度为 None 或包含 NaN/Inf，跳过对抗扰动。
[2025-12-17 20:30:32,679] [WARNING] [TSADAdvTrainer] 生成对抗样本时梯度为 None 或包含 NaN/Inf，跳过对抗扰动。
[2025-12-17 20:30:33,063] [WARNING] [TSADAdvTrainer] 生成对抗样本时梯度为 None 或包含 NaN/Inf，跳过对抗扰动。
[2025-12-17 20:30:33,427] [WARNING] [TSADAdvTrainer] 生成对抗样本时梯度为 None 或包含 NaN/Inf，跳过对抗扰动。
[2025-12-17 20:30:33,804] [WARNING] [TSADAdvTrainer] 生成对抗样本时梯度为 None 或包含 NaN/Inf，跳过对抗扰动。
[2025-12-17 20:30:34,172] [WARNING] [TSADAdvTrainer] 生成对抗样本时梯度为 None 或包含 NaN/Inf，跳过对抗扰动。
[2025-12-17 20:30:34,539] [WARNING] [TSADAdvTrainer] 生成对抗样本时梯度为 None 或包含 NaN/Inf，跳过对抗扰动。
[2025-12-17 20:30:34,904] [WARNING] [TSADAdvTrainer] 生成对抗样本时梯度为 None 或包含 NaN/Inf，跳过对抗扰动。
[2025-12-17 20:30:35,290] [WARNING] [TSADAdvTrainer] 生成对抗样本时梯度为 None 或包含 NaN/Inf，跳过对抗扰动。
[2025-12-17 20:30:35,687] [WARNING] [TSADAdvTrainer] 生成对抗样本时梯度为 None 或包含 NaN/Inf，跳过对抗扰动。
[2025-12-17 20:30:36,066] [WARNING] [TSADAdvTrainer] 生成对抗样本时梯度为 None 或包含 NaN/Inf，跳过对抗扰动。
[2025-12-17 20:30:36,444] [WARNING] [TSADAdvTrainer] 生成对抗样本时梯度为 None 或包含 NaN/Inf，跳过对抗扰动。
[2025-12-17 20:30:36,832] [WARNING] [TSADAdvTrainer] 生成对抗样本时梯度为 None 或包含 NaN/Inf，跳过对抗扰动。
[2025-12-17 20:30:37,217] [WARNING] [TSADAdvTrainer] 生成对抗样本时梯度为 None 或包含 NaN/Inf，跳过对抗扰动。
[2025-12-17 20:30:37,516] [WARNING] [TSADAdvTrainer] 生成对抗样本时梯度为 None 或包含 NaN/Inf，跳过对抗扰动。
[2025-12-17 20:30:37,849] [WARNING] [TSADAdvTrainer] 生成对抗样本时梯度为 None 或包含 NaN/Inf，跳过对抗扰动。
[2025-12-17 20:30:38,195] [WARNING] [TSADAdvTrainer] 生成对抗样本时梯度为 None 或包含 NaN/Inf，跳过对抗扰动。
[2025-12-17 20:30:38,538] [WARNING] [TSADAdvTrainer] 生成对抗样本时梯度为 None 或包含 NaN/Inf，跳过对抗扰动。
[2025-12-17 20:30:38,917] [WARNING] [TSADAdvTrainer] 生成对抗样本时梯度为 None 或包含 NaN/Inf，跳过对抗扰动。
[2025-12-17 20:30:39,268] [WARNING] [TSADAdvTrainer] 生成对抗样本时梯度为 None 或包含 NaN/Inf，跳过对抗扰动。
[2025-12-17 20:30:39,615] [WARNING] [TSADAdvTrainer] 生成对抗样本时梯度为 None 或包含 NaN/Inf，跳过对抗扰动。
[2025-12-17 20:30:39,957] [WARNING] [TSADAdvTrainer] 生成对抗样本时梯度为 None 或包含 NaN/Inf，跳过对抗扰动。
[2025-12-17 20:30:40,325] [WARNING] [TSADAdvTrainer] 生成对抗样本时梯度为 None 或包含 NaN/Inf，跳过对抗扰动。
[2025-12-17 20:30:40,664] [WARNING] [TSADAdvTrainer] 生成对抗样本时梯度为 None 或包含 NaN/Inf，跳过对抗扰动。
[2025-12-17 20:30:41,003] [WARNING] [TSADAdvTrainer] 生成对抗样本时梯度为 None 或包含 NaN/Inf，跳过对抗扰动。
[2025-12-17 20:30:41,363] [WARNING] [TSADAdvTrainer] 生成对抗样本时梯度为 None 或包含 NaN/Inf，跳过对抗扰动。
[2025-12-17 20:30:41,702] [WARNING] [TSADAdvTrainer] 生成对抗样本时梯度为 None 或包含 NaN/Inf，跳过对抗扰动。
[2025-12-17 20:30:42,041] [WARNING] [TSADAdvTrainer] 生成对抗样本时梯度为 None 或包含 NaN/Inf，跳过对抗扰动。
[2025-12-17 20:30:42,377] [WARNING] [TSADAdvTrainer] 生成对抗样本时梯度为 None 或包含 NaN/Inf，跳过对抗扰动。
[2025-12-17 20:30:42,717] [WARNING] [TSADAdvTrainer] 生成对抗样本时梯度为 None 或包含 NaN/Inf，跳过对抗扰动。
[2025-12-17 20:30:43,070] [WARNING] [TSADAdvTrainer] 生成对抗样本时梯度为 None 或包含 NaN/Inf，跳过对抗扰动。
[2025-12-17 20:30:43,406] [WARNING] [TSADAdvTrainer] 生成对抗样本时梯度为 None 或包含 NaN/Inf，跳过对抗扰动。
[2025-12-17 20:30:43,778] [WARNING] [TSADAdvTrainer] 生成对抗样本时梯度为 None 或包含 NaN/Inf，跳过对抗扰动。
[2025-12-17 20:30:44,141] [WARNING] [TSADAdvTrainer] 生成对抗样本时梯度为 None 或包含 NaN/Inf，跳过对抗扰动。
[2025-12-17 20:30:44,501] [WARNING] [TSADAdvTrainer] 生成对抗样本时梯度为 None 或包含 NaN/Inf，跳过对抗扰动。
[2025-12-17 20:30:44,875] [WARNING] [TSADAdvTrainer] 生成对抗样本时梯度为 None 或包含 NaN/Inf，跳过对抗扰动。
[2025-12-17 20:30:45,235] [WARNING] [TSADAdvTrainer] 生成对抗样本时梯度为 None 或包含 NaN/Inf，跳过对抗扰动。
[2025-12-17 20:30:45,600] [WARNING] [TSADAdvTrainer] 生成对抗样本时梯度为 None 或包含 NaN/Inf，跳过对抗扰动。
[2025-12-17 20:30:45,978] [WARNING] [TSADAdvTrainer] 生成对抗样本时梯度为 None 或包含 NaN/Inf，跳过对抗扰动。
[2025-12-17 20:30:46,347] [WARNING] [TSADAdvTrainer] 生成对抗样本时梯度为 None 或包含 NaN/Inf，跳过对抗扰动。
[2025-12-17 20:30:46,736] [WARNING] [TSADAdvTrainer] 生成对抗样本时梯度为 None 或包含 NaN/Inf，跳过对抗扰动。
[2025-12-17 20:30:47,099] [WARNING] [TSADAdvTrainer] 生成对抗样本时梯度为 None 或包含 NaN/Inf，跳过对抗扰动。
[2025-12-17 20:30:47,466] [WARNING] [TSADAdvTrainer] 生成对抗样本时梯度为 None 或包含 NaN/Inf，跳过对抗扰动。
[2025-12-17 20:30:47,867] [WARNING] [TSADAdvTrainer] 生成对抗样本时梯度为 None 或包含 NaN/Inf，跳过对抗扰动。
[2025-12-17 20:30:48,237] [WARNING] [TSADAdvTrainer] 生成对抗样本时梯度为 None 或包含 NaN/Inf，跳过对抗扰动。
[2025-12-17 20:30:48,607] [WARNING] [TSADAdvTrainer] 生成对抗样本时梯度为 None 或包含 NaN/Inf，跳过对抗扰动。
[2025-12-17 20:30:48,976] [WARNING] [TSADAdvTrainer] 生成对抗样本时梯度为 None 或包含 NaN/Inf，跳过对抗扰动。
[2025-12-17 20:30:49,370] [WARNING] [TSADAdvTrainer] 生成对抗样本时梯度为 None 或包含 NaN/Inf，跳过对抗扰动。
[2025-12-17 20:30:49,748] [WARNING] [TSADAdvTrainer] 生成对抗样本时梯度为 None 或包含 NaN/Inf，跳过对抗扰动。
[2025-12-17 20:30:50,139] [WARNING] [TSADAdvTrainer] 生成对抗样本时梯度为 None 或包含 NaN/Inf，跳过对抗扰动。
[2025-12-17 20:30:50,525] [WARNING] [TSADAdvTrainer] 生成对抗样本时梯度为 None 或包含 NaN/Inf，跳过对抗扰动。
[2025-12-17 20:30:50,912] [WARNING] [TSADAdvTrainer] 生成对抗样本时梯度为 None 或包含 NaN/Inf，跳过对抗扰动。
[2025-12-17 20:30:51,274] [WARNING] [TSADAdvTrainer] 生成对抗样本时梯度为 None 或包含 NaN/Inf，跳过对抗扰动。
[2025-12-17 20:30:51,646] [WARNING] [TSADAdvTrainer] 生成对抗样本时梯度为 None 或包含 NaN/Inf，跳过对抗扰动。
[2025-12-17 20:30:52,015] [WARNING] [TSADAdvTrainer] 生成对抗样本时梯度为 None 或包含 NaN/Inf，跳过对抗扰动。
[2025-12-17 20:30:52,398] [WARNING] [TSADAdvTrainer] 生成对抗样本时梯度为 None 或包含 NaN/Inf，跳过对抗扰动。
[2025-12-17 20:30:52,775] [WARNING] [TSADAdvTrainer] 生成对抗样本时梯度为 None 或包含 NaN/Inf，跳过对抗扰动。
[2025-12-17 20:30:53,158] [WARNING] [TSADAdvTrainer] 生成对抗样本时梯度为 None 或包含 NaN/Inf，跳过对抗扰动。
[2025-12-17 20:30:53,531] [WARNING] [TSADAdvTrainer] 生成对抗样本时梯度为 None 或包含 NaN/Inf，跳过对抗扰动。
[2025-12-17 20:30:53,897] [WARNING] [TSADAdvTrainer] 生成对抗样本时梯度为 None 或包含 NaN/Inf，跳过对抗扰动。
[2025-12-17 20:30:54,284] [WARNING] [TSADAdvTrainer] 生成对抗样本时梯度为 None 或包含 NaN/Inf，跳过对抗扰动。
[2025-12-17 20:30:54,679] [WARNING] [TSADAdvTrainer] 生成对抗样本时梯度为 None 或包含 NaN/Inf，跳过对抗扰动。
[2025-12-17 20:30:55,056] [WARNING] [TSADAdvTrainer] 生成对抗样本时梯度为 None 或包含 NaN/Inf，跳过对抗扰动。
[2025-12-17 20:30:55,416] [WARNING] [TSADAdvTrainer] 生成对抗样本时梯度为 None 或包含 NaN/Inf，跳过对抗扰动。
[2025-12-17 20:30:55,809] [WARNING] [TSADAdvTrainer] 生成对抗样本时梯度为 None 或包含 NaN/Inf，跳过对抗扰动。
[2025-12-17 20:30:56,207] [WARNING] [TSADAdvTrainer] 生成对抗样本时梯度为 None 或包含 NaN/Inf，跳过对抗扰动。
[2025-12-17 20:30:56,591] [WARNING] [TSADAdvTrainer] 生成对抗样本时梯度为 None 或包含 NaN/Inf，跳过对抗扰动。
[2025-12-17 20:30:56,980] [WARNING] [TSADAdvTrainer] 生成对抗样本时梯度为 None 或包含 NaN/Inf，跳过对抗扰动。
[2025-12-17 20:30:57,359] [WARNING] [TSADAdvTrainer] 生成对抗样本时梯度为 None 或包含 NaN/Inf，跳过对抗扰动。
[2025-12-17 20:30:57,800] [WARNING] [TSADAdvTrainer] 生成对抗样本时梯度为 None 或包含 NaN/Inf，跳过对抗扰动。
[2025-12-17 20:30:58,154] [WARNING] [TSADAdvTrainer] 生成对抗样本时梯度为 None 或包含 NaN/Inf，跳过对抗扰动。
[2025-12-17 20:30:58,484] [WARNING] [TSADAdvTrainer] 生成对抗样本时梯度为 None 或包含 NaN/Inf，跳过对抗扰动。
[2025-12-17 20:30:58,832] [WARNING] [TSADAdvTrainer] 生成对抗样本时梯度为 None 或包含 NaN/Inf，跳过对抗扰动。
[2025-12-17 20:30:59,212] [WARNING] [TSADAdvTrainer] 生成对抗样本时梯度为 None 或包含 NaN/Inf，跳过对抗扰动。
[2025-12-17 20:30:59,553] [WARNING] [TSADAdvTrainer] 生成对抗样本时梯度为 None 或包含 NaN/Inf，跳过对抗扰动。
[2025-12-17 20:30:59,892] [WARNING] [TSADAdvTrainer] 生成对抗样本时梯度为 None 或包含 NaN/Inf，跳过对抗扰动。
[2025-12-17 20:31:00,258] [WARNING] [TSADAdvTrainer] 生成对抗样本时梯度为 None 或包含 NaN/Inf，跳过对抗扰动。
[2025-12-17 20:31:00,596] [WARNING] [TSADAdvTrainer] 生成对抗样本时梯度为 None 或包含 NaN/Inf，跳过对抗扰动。
[2025-12-17 20:31:00,943] [WARNING] [TSADAdvTrainer] 生成对抗样本时梯度为 None 或包含 NaN/Inf，跳过对抗扰动。
[2025-12-17 20:31:01,289] [WARNING] [TSADAdvTrainer] 生成对抗样本时梯度为 None 或包含 NaN/Inf，跳过对抗扰动。
[2025-12-17 20:31:01,638] [WARNING] [TSADAdvTrainer] 生成对抗样本时梯度为 None 或包含 NaN/Inf，跳过对抗扰动。
[2025-12-17 20:31:01,979] [WARNING] [TSADAdvTrainer] 生成对抗样本时梯度为 None 或包含 NaN/Inf，跳过对抗扰动。
[2025-12-17 20:31:02,314] [WARNING] [TSADAdvTrainer] 生成对抗样本时梯度为 None 或包含 NaN/Inf，跳过对抗扰动。
[2025-12-17 20:31:02,663] [WARNING] [TSADAdvTrainer] 生成对抗样本时梯度为 None 或包含 NaN/Inf，跳过对抗扰动。
[2025-12-17 20:31:03,021] [WARNING] [TSADAdvTrainer] 生成对抗样本时梯度为 None 或包含 NaN/Inf，跳过对抗扰动。
[2025-12-17 20:31:03,356] [WARNING] [TSADAdvTrainer] 生成对抗样本时梯度为 None 或包含 NaN/Inf，跳过对抗扰动。
[2025-12-17 20:31:03,700] [WARNING] [TSADAdvTrainer] 生成对抗样本时梯度为 None 或包含 NaN/Inf，跳过对抗扰动。
[2025-12-17 20:31:04,052] [WARNING] [TSADAdvTrainer] 生成对抗样本时梯度为 None 或包含 NaN/Inf，跳过对抗扰动。
[2025-12-17 20:31:04,392] [WARNING] [TSADAdvTrainer] 生成对抗样本时梯度为 None 或包含 NaN/Inf，跳过对抗扰动。
[2025-12-17 20:31:04,748] [WARNING] [TSADAdvTrainer] 生成对抗样本时梯度为 None 或包含 NaN/Inf，跳过对抗扰动。
[2025-12-17 20:31:05,091] [WARNING] [TSADAdvTrainer] 生成对抗样本时梯度为 None 或包含 NaN/Inf，跳过对抗扰动。
[2025-12-17 20:31:05,430] [WARNING] [TSADAdvTrainer] 生成对抗样本时梯度为 None 或包含 NaN/Inf，跳过对抗扰动。
[2025-12-17 20:31:05,772] [WARNING] [TSADAdvTrainer] 生成对抗样本时梯度为 None 或包含 NaN/Inf，跳过对抗扰动。
[2025-12-17 20:31:06,109] [WARNING] [TSADAdvTrainer] 生成对抗样本时梯度为 None 或包含 NaN/Inf，跳过对抗扰动。
[2025-12-17 20:31:06,449] [WARNING] [TSADAdvTrainer] 生成对抗样本时梯度为 None 或包含 NaN/Inf，跳过对抗扰动。
[2025-12-17 20:31:06,794] [WARNING] [TSADAdvTrainer] 生成对抗样本时梯度为 None 或包含 NaN/Inf，跳过对抗扰动。
[2025-12-17 20:31:07,144] [WARNING] [TSADAdvTrainer] 生成对抗样本时梯度为 None 或包含 NaN/Inf，跳过对抗扰动。
[2025-12-17 20:31:07,480] [WARNING] [TSADAdvTrainer] 生成对抗样本时梯度为 None 或包含 NaN/Inf，跳过对抗扰动。
[2025-12-17 20:31:07,809] [WARNING] [TSADAdvTrainer] 生成对抗样本时梯度为 None 或包含 NaN/Inf，跳过对抗扰动。
[2025-12-17 20:31:08,132] [WARNING] [TSADAdvTrainer] 生成对抗样本时梯度为 None 或包含 NaN/Inf，跳过对抗扰动。
[2025-12-17 20:31:08,513] [WARNING] [TSADAdvTrainer] 生成对抗样本时梯度为 None 或包含 NaN/Inf，跳过对抗扰动。
[2025-12-17 20:31:08,875] [WARNING] [TSADAdvTrainer] 生成对抗样本时梯度为 None 或包含 NaN/Inf，跳过对抗扰动。
[2025-12-17 20:31:09,250] [WARNING] [TSADAdvTrainer] 生成对抗样本时梯度为 None 或包含 NaN/Inf，跳过对抗扰动。
[2025-12-17 20:31:09,634] [WARNING] [TSADAdvTrainer] 生成对抗样本时梯度为 None 或包含 NaN/Inf，跳过对抗扰动。
[2025-12-17 20:31:10,014] [WARNING] [TSADAdvTrainer] 生成对抗样本时梯度为 None 或包含 NaN/Inf，跳过对抗扰动。
[2025-12-17 20:31:10,405] [WARNING] [TSADAdvTrainer] 生成对抗样本时梯度为 None 或包含 NaN/Inf，跳过对抗扰动。
[2025-12-17 20:31:10,791] [WARNING] [TSADAdvTrainer] 生成对抗样本时梯度为 None 或包含 NaN/Inf，跳过对抗扰动。
[2025-12-17 20:31:11,162] [WARNING] [TSADAdvTrainer] 生成对抗样本时梯度为 None 或包含 NaN/Inf，跳过对抗扰动。
[2025-12-17 20:31:11,541] [WARNING] [TSADAdvTrainer] 生成对抗样本时梯度为 None 或包含 NaN/Inf，跳过对抗扰动。
[2025-12-17 20:31:11,908] [WARNING] [TSADAdvTrainer] 生成对抗样本时梯度为 None 或包含 NaN/Inf，跳过对抗扰动。
[2025-12-17 20:31:12,276] [WARNING] [TSADAdvTrainer] 生成对抗样本时梯度为 None 或包含 NaN/Inf，跳过对抗扰动。
[2025-12-17 20:31:12,644] [WARNING] [TSADAdvTrainer] 生成对抗样本时梯度为 None 或包含 NaN/Inf，跳过对抗扰动。
[2025-12-17 20:31:13,026] [WARNING] [TSADAdvTrainer] 生成对抗样本时梯度为 None 或包含 NaN/Inf，跳过对抗扰动。
[2025-12-17 20:31:13,405] [WARNING] [TSADAdvTrainer] 生成对抗样本时梯度为 None 或包含 NaN/Inf，跳过对抗扰动。
[2025-12-17 20:31:13,783] [WARNING] [TSADAdvTrainer] 生成对抗样本时梯度为 None 或包含 NaN/Inf，跳过对抗扰动。
[2025-12-17 20:31:14,154] [WARNING] [TSADAdvTrainer] 生成对抗样本时梯度为 None 或包含 NaN/Inf，跳过对抗扰动。
[2025-12-17 20:31:14,558] [WARNING] [TSADAdvTrainer] 生成对抗样本时梯度为 None 或包含 NaN/Inf，跳过对抗扰动。
[2025-12-17 20:31:14,927] [WARNING] [TSADAdvTrainer] 生成对抗样本时梯度为 None 或包含 NaN/Inf，跳过对抗扰动。
[2025-12-17 20:31:15,296] [WARNING] [TSADAdvTrainer] 生成对抗样本时梯度为 None 或包含 NaN/Inf，跳过对抗扰动。
[2025-12-17 20:31:15,673] [WARNING] [TSADAdvTrainer] 生成对抗样本时梯度为 None 或包含 NaN/Inf，跳过对抗扰动。
[2025-12-17 20:31:16,029] [WARNING] [TSADAdvTrainer] 生成对抗样本时梯度为 None 或包含 NaN/Inf，跳过对抗扰动。
[2025-12-17 20:31:16,407] [WARNING] [TSADAdvTrainer] 生成对抗样本时梯度为 None 或包含 NaN/Inf，跳过对抗扰动。
[2025-12-17 20:31:16,786] [WARNING] [TSADAdvTrainer] 生成对抗样本时梯度为 None 或包含 NaN/Inf，跳过对抗扰动。
[2025-12-17 20:31:17,168] [WARNING] [TSADAdvTrainer] 生成对抗样本时梯度为 None 或包含 NaN/Inf，跳过对抗扰动。
[2025-12-17 20:31:17,550] [WARNING] [TSADAdvTrainer] 生成对抗样本时梯度为 None 或包含 NaN/Inf，跳过对抗扰动。
[2025-12-17 20:31:17,916] [WARNING] [TSADAdvTrainer] 生成对抗样本时梯度为 None 或包含 NaN/Inf，跳过对抗扰动。
[2025-12-17 20:31:18,267] [WARNING] [TSADAdvTrainer] 生成对抗样本时梯度为 None 或包含 NaN/Inf，跳过对抗扰动。
[2025-12-17 20:31:18,625] [WARNING] [TSADAdvTrainer] 生成对抗样本时梯度为 None 或包含 NaN/Inf，跳过对抗扰动。
[2025-12-17 20:31:18,993] [WARNING] [TSADAdvTrainer] 生成对抗样本时梯度为 None 或包含 NaN/Inf，跳过对抗扰动。
[2025-12-17 20:31:19,349] [WARNING] [TSADAdvTrainer] 生成对抗样本时梯度为 None 或包含 NaN/Inf，跳过对抗扰动。
[2025-12-17 20:31:19,709] [WARNING] [TSADAdvTrainer] 生成对抗样本时梯度为 None 或包含 NaN/Inf，跳过对抗扰动。
[2025-12-17 20:31:20,065] [WARNING] [TSADAdvTrainer] 生成对抗样本时梯度为 None 或包含 NaN/Inf，跳过对抗扰动。
[2025-12-17 20:31:20,432] [WARNING] [TSADAdvTrainer] 生成对抗样本时梯度为 None 或包含 NaN/Inf，跳过对抗扰动。
[2025-12-17 20:31:20,789] [WARNING] [TSADAdvTrainer] 生成对抗样本时梯度为 None 或包含 NaN/Inf，跳过对抗扰动。
[2025-12-17 20:31:21,139] [WARNING] [TSADAdvTrainer] 生成对抗样本时梯度为 None 或包含 NaN/Inf，跳过对抗扰动。
[2025-12-17 20:31:21,496] [WARNING] [TSADAdvTrainer] 生成对抗样本时梯度为 None 或包含 NaN/Inf，跳过对抗扰动。
[2025-12-17 20:31:21,853] [WARNING] [TSADAdvTrainer] 生成对抗样本时梯度为 None 或包含 NaN/Inf，跳过对抗扰动。
[2025-12-17 20:31:22,231] [WARNING] [TSADAdvTrainer] 生成对抗样本时梯度为 None 或包含 NaN/Inf，跳过对抗扰动。
[2025-12-17 20:31:22,591] [WARNING] [TSADAdvTrainer] 生成对抗样本时梯度为 None 或包含 NaN/Inf，跳过对抗扰动。
[2025-12-17 20:31:22,895] [WARNING] [TSADAdvTrainer] 生成对抗样本时梯度为 None 或包含 NaN/Inf，跳过对抗扰动。
[2025-12-17 20:31:23,223] [WARNING] [TSADAdvTrainer] 生成对抗样本时梯度为 None 或包含 NaN/Inf，跳过对抗扰动。
[2025-12-17 20:31:23,562] [WARNING] [TSADAdvTrainer] 生成对抗样本时梯度为 None 或包含 NaN/Inf，跳过对抗扰动。
[2025-12-17 20:31:23,901] [WARNING] [TSADAdvTrainer] 生成对抗样本时梯度为 None 或包含 NaN/Inf，跳过对抗扰动。
[2025-12-17 20:31:24,240] [WARNING] [TSADAdvTrainer] 生成对抗样本时梯度为 None 或包含 NaN/Inf，跳过对抗扰动。
[2025-12-17 20:31:24,578] [WARNING] [TSADAdvTrainer] 生成对抗样本时梯度为 None 或包含 NaN/Inf，跳过对抗扰动。
[2025-12-17 20:31:24,915] [WARNING] [TSADAdvTrainer] 生成对抗样本时梯度为 None 或包含 NaN/Inf，跳过对抗扰动。
[2025-12-17 20:31:25,256] [WARNING] [TSADAdvTrainer] 生成对抗样本时梯度为 None 或包含 NaN/Inf，跳过对抗扰动。
[2025-12-17 20:31:25,604] [WARNING] [TSADAdvTrainer] 生成对抗样本时梯度为 None 或包含 NaN/Inf，跳过对抗扰动。
[2025-12-17 20:31:25,946] [WARNING] [TSADAdvTrainer] 生成对抗样本时梯度为 None 或包含 NaN/Inf，跳过对抗扰动。
[2025-12-17 20:31:26,268] [WARNING] [TSADAdvTrainer] 生成对抗样本时梯度为 None 或包含 NaN/Inf，跳过对抗扰动。
[2025-12-17 20:31:26,598] [WARNING] [TSADAdvTrainer] 生成对抗样本时梯度为 None 或包含 NaN/Inf，跳过对抗扰动。
[2025-12-17 20:31:26,940] [WARNING] [TSADAdvTrainer] 生成对抗样本时梯度为 None 或包含 NaN/Inf，跳过对抗扰动。
[2025-12-17 20:31:27,276] [WARNING] [TSADAdvTrainer] 生成对抗样本时梯度为 None 或包含 NaN/Inf，跳过对抗扰动。
[2025-12-17 20:31:27,634] [WARNING] [TSADAdvTrainer] 生成对抗样本时梯度为 None 或包含 NaN/Inf，跳过对抗扰动。
[2025-12-17 20:31:27,984] [WARNING] [TSADAdvTrainer] 生成对抗样本时梯度为 None 或包含 NaN/Inf，跳过对抗扰动。
[2025-12-17 20:31:28,322] [WARNING] [TSADAdvTrainer] 生成对抗样本时梯度为 None 或包含 NaN/Inf，跳过对抗扰动。
[2025-12-17 20:31:28,659] [WARNING] [TSADAdvTrainer] 生成对抗样本时梯度为 None 或包含 NaN/Inf，跳过对抗扰动。
[2025-12-17 20:31:28,987] [WARNING] [TSADAdvTrainer] 生成对抗样本时梯度为 None 或包含 NaN/Inf，跳过对抗扰动。
[2025-12-17 20:31:29,292] [WARNING] [TSADAdvTrainer] 生成对抗样本时梯度为 None 或包含 NaN/Inf，跳过对抗扰动。
[2025-12-17 20:31:29,662] [WARNING] [TSADAdvTrainer] 生成对抗样本时梯度为 None 或包含 NaN/Inf，跳过对抗扰动。
[2025-12-17 20:31:30,046] [WARNING] [TSADAdvTrainer] 生成对抗样本时梯度为 None 或包含 NaN/Inf，跳过对抗扰动。
[2025-12-17 20:31:30,411] [WARNING] [TSADAdvTrainer] 生成对抗样本时梯度为 None 或包含 NaN/Inf，跳过对抗扰动。
[2025-12-17 20:31:30,768] [WARNING] [TSADAdvTrainer] 生成对抗样本时梯度为 None 或包含 NaN/Inf，跳过对抗扰动。
[2025-12-17 20:31:31,124] [WARNING] [TSADAdvTrainer] 生成对抗样本时梯度为 None 或包含 NaN/Inf，跳过对抗扰动。
[2025-12-17 20:31:31,503] [WARNING] [TSADAdvTrainer] 生成对抗样本时梯度为 None 或包含 NaN/Inf，跳过对抗扰动。
[2025-12-17 20:31:31,883] [WARNING] [TSADAdvTrainer] 生成对抗样本时梯度为 None 或包含 NaN/Inf，跳过对抗扰动。
[2025-12-17 20:31:32,291] [WARNING] [TSADAdvTrainer] 生成对抗样本时梯度为 None 或包含 NaN/Inf，跳过对抗扰动。
[2025-12-17 20:31:32,660] [WARNING] [TSADAdvTrainer] 生成对抗样本时梯度为 None 或包含 NaN/Inf，跳过对抗扰动。
[2025-12-17 20:31:33,048] [WARNING] [TSADAdvTrainer] 生成对抗样本时梯度为 None 或包含 NaN/Inf，跳过对抗扰动。
[2025-12-17 20:31:33,424] [WARNING] [TSADAdvTrainer] 生成对抗样本时梯度为 None 或包含 NaN/Inf，跳过对抗扰动。
[2025-12-17 20:31:33,802] [WARNING] [TSADAdvTrainer] 生成对抗样本时梯度为 None 或包含 NaN/Inf，跳过对抗扰动。
[2025-12-17 20:31:34,184] [WARNING] [TSADAdvTrainer] 生成对抗样本时梯度为 None 或包含 NaN/Inf，跳过对抗扰动。
[2025-12-17 20:31:34,575] [WARNING] [TSADAdvTrainer] 生成对抗样本时梯度为 None 或包含 NaN/Inf，跳过对抗扰动。
[2025-12-17 20:31:34,941] [WARNING] [TSADAdvTrainer] 生成对抗样本时梯度为 None 或包含 NaN/Inf，跳过对抗扰动。
[2025-12-17 20:31:35,262] [INFO] [Epoch 6] hybrid_shared_adv 训练损失: total=3.432499, recon=1.689289, forecast=0.595412, adv=2.295597
[2025-12-17 20:31:50,462] [INFO] [Eval-recon(hybrid)] F1=0.4213, P=0.6963, R=0.3020, AUC=0.5794, thr=793655.062500, point_adjust=True
[2025-12-17 20:31:59,261] [INFO] [Eval-forecast(hybrid)] F1=0.4192, P=0.6854, R=0.3020, AUC=0.5794, thr=793654.812500, point_adjust=True
[2025-12-17 20:32:04,703] [INFO] [Eval-hybrid] F1=0.4213, P=0.6963, R=0.3020, AUC=0.5794, thr=0.913139, point_adjust=True; recon_F1=0.4213, forecast_F1=0.4192
[2025-12-17 20:32:04,816] [INFO] 发现更优模型，已保存至 ./logs/wadi_adv_hybrid/best_model_hybrid_shared_adv.pt
[2025-12-17 20:32:05,081] [INFO] 已保存可视化图：./logs/wadi_adv_hybrid/scores_epoch6_hybrid_shared_adv.png
[2025-12-17 20:32:05,081] [INFO] ========== Epoch 7/50 (hybrid_shared_adv) ==========
[2025-12-17 20:32:05,083] [INFO] [Epoch 7] hybrid_shared_adv 启用对抗训练 (epsilon=0.0500, beta=0.5000)
[2025-12-17 20:32:05,417] [WARNING] [TSADAdvTrainer] 生成对抗样本时梯度为 None 或包含 NaN/Inf，跳过对抗扰动。
[2025-12-17 20:32:06,158] [WARNING] [TSADAdvTrainer] 生成对抗样本时梯度为 None 或包含 NaN/Inf，跳过对抗扰动。
[2025-12-17 20:32:06,524] [WARNING] [TSADAdvTrainer] 生成对抗样本时梯度为 None 或包含 NaN/Inf，跳过对抗扰动。
[2025-12-17 20:32:06,882] [WARNING] [TSADAdvTrainer] 生成对抗样本时梯度为 None 或包含 NaN/Inf，跳过对抗扰动。
[2025-12-17 20:32:07,270] [WARNING] [TSADAdvTrainer] 生成对抗样本时梯度为 None 或包含 NaN/Inf，跳过对抗扰动。
[2025-12-17 20:32:07,642] [WARNING] [TSADAdvTrainer] 生成对抗样本时梯度为 None 或包含 NaN/Inf，跳过对抗扰动。
[2025-12-17 20:32:08,005] [WARNING] [TSADAdvTrainer] 生成对抗样本时梯度为 None 或包含 NaN/Inf，跳过对抗扰动。
[2025-12-17 20:32:08,381] [WARNING] [TSADAdvTrainer] 生成对抗样本时梯度为 None 或包含 NaN/Inf，跳过对抗扰动。
[2025-12-17 20:32:08,739] [WARNING] [TSADAdvTrainer] 生成对抗样本时梯度为 None 或包含 NaN/Inf，跳过对抗扰动。
[2025-12-17 20:32:09,110] [WARNING] [TSADAdvTrainer] 生成对抗样本时梯度为 None 或包含 NaN/Inf，跳过对抗扰动。
[2025-12-17 20:32:09,525] [WARNING] [TSADAdvTrainer] 生成对抗样本时梯度为 None 或包含 NaN/Inf，跳过对抗扰动。
[2025-12-17 20:32:09,891] [WARNING] [TSADAdvTrainer] 生成对抗样本时梯度为 None 或包含 NaN/Inf，跳过对抗扰动。
[2025-12-17 20:32:10,272] [WARNING] [TSADAdvTrainer] 生成对抗样本时梯度为 None 或包含 NaN/Inf，跳过对抗扰动。
[2025-12-17 20:32:10,650] [WARNING] [TSADAdvTrainer] 生成对抗样本时梯度为 None 或包含 NaN/Inf，跳过对抗扰动。
[2025-12-17 20:32:11,017] [WARNING] [TSADAdvTrainer] 生成对抗样本时梯度为 None 或包含 NaN/Inf，跳过对抗扰动。
[2025-12-17 20:32:11,382] [WARNING] [TSADAdvTrainer] 生成对抗样本时梯度为 None 或包含 NaN/Inf，跳过对抗扰动。
[2025-12-17 20:32:11,754] [WARNING] [TSADAdvTrainer] 生成对抗样本时梯度为 None 或包含 NaN/Inf，跳过对抗扰动。
[2025-12-17 20:32:12,135] [WARNING] [TSADAdvTrainer] 生成对抗样本时梯度为 None 或包含 NaN/Inf，跳过对抗扰动。
[2025-12-17 20:32:12,507] [WARNING] [TSADAdvTrainer] 生成对抗样本时梯度为 None 或包含 NaN/Inf，跳过对抗扰动。
[2025-12-17 20:32:12,862] [WARNING] [TSADAdvTrainer] 生成对抗样本时梯度为 None 或包含 NaN/Inf，跳过对抗扰动。
[2025-12-17 20:32:13,227] [WARNING] [TSADAdvTrainer] 生成对抗样本时梯度为 None 或包含 NaN/Inf，跳过对抗扰动。
[2025-12-17 20:32:13,590] [WARNING] [TSADAdvTrainer] 生成对抗样本时梯度为 None 或包含 NaN/Inf，跳过对抗扰动。
[2025-12-17 20:32:13,944] [WARNING] [TSADAdvTrainer] 生成对抗样本时梯度为 None 或包含 NaN/Inf，跳过对抗扰动。
[2025-12-17 20:32:14,299] [WARNING] [TSADAdvTrainer] 生成对抗样本时梯度为 None 或包含 NaN/Inf，跳过对抗扰动。
[2025-12-17 20:32:14,688] [WARNING] [TSADAdvTrainer] 生成对抗样本时梯度为 None 或包含 NaN/Inf，跳过对抗扰动。
[2025-12-17 20:32:15,066] [WARNING] [TSADAdvTrainer] 生成对抗样本时梯度为 None 或包含 NaN/Inf，跳过对抗扰动。
[2025-12-17 20:32:15,428] [WARNING] [TSADAdvTrainer] 生成对抗样本时梯度为 None 或包含 NaN/Inf，跳过对抗扰动。
[2025-12-17 20:32:15,787] [WARNING] [TSADAdvTrainer] 生成对抗样本时梯度为 None 或包含 NaN/Inf，跳过对抗扰动。
[2025-12-17 20:32:16,172] [WARNING] [TSADAdvTrainer] 生成对抗样本时梯度为 None 或包含 NaN/Inf，跳过对抗扰动。
[2025-12-17 20:32:16,556] [WARNING] [TSADAdvTrainer] 生成对抗样本时梯度为 None 或包含 NaN/Inf，跳过对抗扰动。
[2025-12-17 20:32:16,948] [WARNING] [TSADAdvTrainer] 生成对抗样本时梯度为 None 或包含 NaN/Inf，跳过对抗扰动。
[2025-12-17 20:32:17,320] [WARNING] [TSADAdvTrainer] 生成对抗样本时梯度为 None 或包含 NaN/Inf，跳过对抗扰动。
[2025-12-17 20:32:17,672] [WARNING] [TSADAdvTrainer] 生成对抗样本时梯度为 None 或包含 NaN/Inf，跳过对抗扰动。
[2025-12-17 20:32:18,039] [WARNING] [TSADAdvTrainer] 生成对抗样本时梯度为 None 或包含 NaN/Inf，跳过对抗扰动。
[2025-12-17 20:32:18,416] [WARNING] [TSADAdvTrainer] 生成对抗样本时梯度为 None 或包含 NaN/Inf，跳过对抗扰动。
[2025-12-17 20:32:18,802] [WARNING] [TSADAdvTrainer] 生成对抗样本时梯度为 None 或包含 NaN/Inf，跳过对抗扰动。
[2025-12-17 20:32:19,155] [WARNING] [TSADAdvTrainer] 生成对抗样本时梯度为 None 或包含 NaN/Inf，跳过对抗扰动。
[2025-12-17 20:32:19,511] [WARNING] [TSADAdvTrainer] 生成对抗样本时梯度为 None 或包含 NaN/Inf，跳过对抗扰动。
[2025-12-17 20:32:19,880] [WARNING] [TSADAdvTrainer] 生成对抗样本时梯度为 None 或包含 NaN/Inf，跳过对抗扰动。
[2025-12-17 20:32:20,196] [WARNING] [TSADAdvTrainer] 生成对抗样本时梯度为 None 或包含 NaN/Inf，跳过对抗扰动。
[2025-12-17 20:32:20,534] [WARNING] [TSADAdvTrainer] 生成对抗样本时梯度为 None 或包含 NaN/Inf，跳过对抗扰动。
[2025-12-17 20:32:20,867] [WARNING] [TSADAdvTrainer] 生成对抗样本时梯度为 None 或包含 NaN/Inf，跳过对抗扰动。
[2025-12-17 20:32:21,206] [WARNING] [TSADAdvTrainer] 生成对抗样本时梯度为 None 或包含 NaN/Inf，跳过对抗扰动。
[2025-12-17 20:32:21,551] [WARNING] [TSADAdvTrainer] 生成对抗样本时梯度为 None 或包含 NaN/Inf，跳过对抗扰动。
[2025-12-17 20:32:21,888] [WARNING] [TSADAdvTrainer] 生成对抗样本时梯度为 None 或包含 NaN/Inf，跳过对抗扰动。
[2025-12-17 20:32:22,228] [WARNING] [TSADAdvTrainer] 生成对抗样本时梯度为 None 或包含 NaN/Inf，跳过对抗扰动。
[2025-12-17 20:32:22,577] [WARNING] [TSADAdvTrainer] 生成对抗样本时梯度为 None 或包含 NaN/Inf，跳过对抗扰动。
[2025-12-17 20:32:22,924] [WARNING] [TSADAdvTrainer] 生成对抗样本时梯度为 None 或包含 NaN/Inf，跳过对抗扰动。
[2025-12-17 20:32:23,248] [WARNING] [TSADAdvTrainer] 生成对抗样本时梯度为 None 或包含 NaN/Inf，跳过对抗扰动。
[2025-12-17 20:32:23,587] [WARNING] [TSADAdvTrainer] 生成对抗样本时梯度为 None 或包含 NaN/Inf，跳过对抗扰动。
[2025-12-17 20:32:23,926] [WARNING] [TSADAdvTrainer] 生成对抗样本时梯度为 None 或包含 NaN/Inf，跳过对抗扰动。
[2025-12-17 20:32:24,277] [WARNING] [TSADAdvTrainer] 生成对抗样本时梯度为 None 或包含 NaN/Inf，跳过对抗扰动。
[2025-12-17 20:32:24,602] [WARNING] [TSADAdvTrainer] 生成对抗样本时梯度为 None 或包含 NaN/Inf，跳过对抗扰动。
[2025-12-17 20:32:24,947] [WARNING] [TSADAdvTrainer] 生成对抗样本时梯度为 None 或包含 NaN/Inf，跳过对抗扰动。
[2025-12-17 20:32:25,300] [WARNING] [TSADAdvTrainer] 生成对抗样本时梯度为 None 或包含 NaN/Inf，跳过对抗扰动。
[2025-12-17 20:32:25,666] [WARNING] [TSADAdvTrainer] 生成对抗样本时梯度为 None 或包含 NaN/Inf，跳过对抗扰动。
[2025-12-17 20:32:26,010] [WARNING] [TSADAdvTrainer] 生成对抗样本时梯度为 None 或包含 NaN/Inf，跳过对抗扰动。
[2025-12-17 20:32:26,360] [WARNING] [TSADAdvTrainer] 生成对抗样本时梯度为 None 或包含 NaN/Inf，跳过对抗扰动。
[2025-12-17 20:32:26,706] [WARNING] [TSADAdvTrainer] 生成对抗样本时梯度为 None 或包含 NaN/Inf，跳过对抗扰动。
[2025-12-17 20:32:27,050] [WARNING] [TSADAdvTrainer] 生成对抗样本时梯度为 None 或包含 NaN/Inf，跳过对抗扰动。
[2025-12-17 20:32:27,391] [WARNING] [TSADAdvTrainer] 生成对抗样本时梯度为 None 或包含 NaN/Inf，跳过对抗扰动。
[2025-12-17 20:32:27,721] [WARNING] [TSADAdvTrainer] 生成对抗样本时梯度为 None 或包含 NaN/Inf，跳过对抗扰动。
[2025-12-17 20:32:28,038] [WARNING] [TSADAdvTrainer] 生成对抗样本时梯度为 None 或包含 NaN/Inf，跳过对抗扰动。
[2025-12-17 20:32:28,421] [WARNING] [TSADAdvTrainer] 生成对抗样本时梯度为 None 或包含 NaN/Inf，跳过对抗扰动。
[2025-12-17 20:32:28,795] [WARNING] [TSADAdvTrainer] 生成对抗样本时梯度为 None 或包含 NaN/Inf，跳过对抗扰动。
[2025-12-17 20:32:29,180] [WARNING] [TSADAdvTrainer] 生成对抗样本时梯度为 None 或包含 NaN/Inf，跳过对抗扰动。
[2025-12-17 20:32:29,574] [WARNING] [TSADAdvTrainer] 生成对抗样本时梯度为 None 或包含 NaN/Inf，跳过对抗扰动。
[2025-12-17 20:32:29,937] [WARNING] [TSADAdvTrainer] 生成对抗样本时梯度为 None 或包含 NaN/Inf，跳过对抗扰动。
[2025-12-17 20:32:30,326] [WARNING] [TSADAdvTrainer] 生成对抗样本时梯度为 None 或包含 NaN/Inf，跳过对抗扰动。
[2025-12-17 20:32:30,710] [WARNING] [TSADAdvTrainer] 生成对抗样本时梯度为 None 或包含 NaN/Inf，跳过对抗扰动。
[2025-12-17 20:32:31,089] [WARNING] [TSADAdvTrainer] 生成对抗样本时梯度为 None 或包含 NaN/Inf，跳过对抗扰动。
[2025-12-17 20:32:31,462] [WARNING] [TSADAdvTrainer] 生成对抗样本时梯度为 None 或包含 NaN/Inf，跳过对抗扰动。
[2025-12-17 20:32:31,836] [WARNING] [TSADAdvTrainer] 生成对抗样本时梯度为 None 或包含 NaN/Inf，跳过对抗扰动。
[2025-12-17 20:32:32,196] [WARNING] [TSADAdvTrainer] 生成对抗样本时梯度为 None 或包含 NaN/Inf，跳过对抗扰动。
[2025-12-17 20:32:32,575] [WARNING] [TSADAdvTrainer] 生成对抗样本时梯度为 None 或包含 NaN/Inf，跳过对抗扰动。
[2025-12-17 20:32:32,975] [WARNING] [TSADAdvTrainer] 生成对抗样本时梯度为 None 或包含 NaN/Inf，跳过对抗扰动。
[2025-12-17 20:32:33,344] [WARNING] [TSADAdvTrainer] 生成对抗样本时梯度为 None 或包含 NaN/Inf，跳过对抗扰动。
[2025-12-17 20:32:33,733] [WARNING] [TSADAdvTrainer] 生成对抗样本时梯度为 None 或包含 NaN/Inf，跳过对抗扰动。
[2025-12-17 20:32:34,108] [WARNING] [TSADAdvTrainer] 生成对抗样本时梯度为 None 或包含 NaN/Inf，跳过对抗扰动。
[2025-12-17 20:32:34,483] [WARNING] [TSADAdvTrainer] 生成对抗样本时梯度为 None 或包含 NaN/Inf，跳过对抗扰动。
[2025-12-17 20:32:34,858] [WARNING] [TSADAdvTrainer] 生成对抗样本时梯度为 None 或包含 NaN/Inf，跳过对抗扰动。
[2025-12-17 20:32:35,218] [WARNING] [TSADAdvTrainer] 生成对抗样本时梯度为 None 或包含 NaN/Inf，跳过对抗扰动。
[2025-12-17 20:32:35,600] [WARNING] [TSADAdvTrainer] 生成对抗样本时梯度为 None 或包含 NaN/Inf，跳过对抗扰动。
[2025-12-17 20:32:35,979] [WARNING] [TSADAdvTrainer] 生成对抗样本时梯度为 None 或包含 NaN/Inf，跳过对抗扰动。
[2025-12-17 20:32:36,385] [WARNING] [TSADAdvTrainer] 生成对抗样本时梯度为 None 或包含 NaN/Inf，跳过对抗扰动。
[2025-12-17 20:32:36,763] [WARNING] [TSADAdvTrainer] 生成对抗样本时梯度为 None 或包含 NaN/Inf，跳过对抗扰动。
[2025-12-17 20:32:37,141] [WARNING] [TSADAdvTrainer] 生成对抗样本时梯度为 None 或包含 NaN/Inf，跳过对抗扰动。
[2025-12-17 20:32:37,530] [WARNING] [TSADAdvTrainer] 生成对抗样本时梯度为 None 或包含 NaN/Inf，跳过对抗扰动。
[2025-12-17 20:32:37,903] [WARNING] [TSADAdvTrainer] 生成对抗样本时梯度为 None 或包含 NaN/Inf，跳过对抗扰动。
[2025-12-17 20:32:38,290] [WARNING] [TSADAdvTrainer] 生成对抗样本时梯度为 None 或包含 NaN/Inf，跳过对抗扰动。
[2025-12-17 20:32:38,682] [WARNING] [TSADAdvTrainer] 生成对抗样本时梯度为 None 或包含 NaN/Inf，跳过对抗扰动。
[2025-12-17 20:32:39,064] [WARNING] [TSADAdvTrainer] 生成对抗样本时梯度为 None 或包含 NaN/Inf，跳过对抗扰动。
[2025-12-17 20:32:39,434] [WARNING] [TSADAdvTrainer] 生成对抗样本时梯度为 None 或包含 NaN/Inf，跳过对抗扰动。
[2025-12-17 20:32:39,796] [WARNING] [TSADAdvTrainer] 生成对抗样本时梯度为 None 或包含 NaN/Inf，跳过对抗扰动。
[2025-12-17 20:32:40,167] [WARNING] [TSADAdvTrainer] 生成对抗样本时梯度为 None 或包含 NaN/Inf，跳过对抗扰动。
[2025-12-17 20:32:40,550] [WARNING] [TSADAdvTrainer] 生成对抗样本时梯度为 None 或包含 NaN/Inf，跳过对抗扰动。
[2025-12-17 20:32:40,916] [WARNING] [TSADAdvTrainer] 生成对抗样本时梯度为 None 或包含 NaN/Inf，跳过对抗扰动。
[2025-12-17 20:32:41,293] [WARNING] [TSADAdvTrainer] 生成对抗样本时梯度为 None 或包含 NaN/Inf，跳过对抗扰动。
[2025-12-17 20:32:41,682] [WARNING] [TSADAdvTrainer] 生成对抗样本时梯度为 None 或包含 NaN/Inf，跳过对抗扰动。
[2025-12-17 20:32:42,070] [WARNING] [TSADAdvTrainer] 生成对抗样本时梯度为 None 或包含 NaN/Inf，跳过对抗扰动。
[2025-12-17 20:32:42,434] [WARNING] [TSADAdvTrainer] 生成对抗样本时梯度为 None 或包含 NaN/Inf，跳过对抗扰动。
[2025-12-17 20:32:42,793] [WARNING] [TSADAdvTrainer] 生成对抗样本时梯度为 None 或包含 NaN/Inf，跳过对抗扰动。
[2025-12-17 20:32:43,114] [WARNING] [TSADAdvTrainer] 生成对抗样本时梯度为 None 或包含 NaN/Inf，跳过对抗扰动。
[2025-12-17 20:32:43,447] [WARNING] [TSADAdvTrainer] 生成对抗样本时梯度为 None 或包含 NaN/Inf，跳过对抗扰动。
[2025-12-17 20:32:43,791] [WARNING] [TSADAdvTrainer] 生成对抗样本时梯度为 None 或包含 NaN/Inf，跳过对抗扰动。
[2025-12-17 20:32:44,136] [WARNING] [TSADAdvTrainer] 生成对抗样本时梯度为 None 或包含 NaN/Inf，跳过对抗扰动。
[2025-12-17 20:32:44,487] [WARNING] [TSADAdvTrainer] 生成对抗样本时梯度为 None 或包含 NaN/Inf，跳过对抗扰动。
[2025-12-17 20:32:44,825] [WARNING] [TSADAdvTrainer] 生成对抗样本时梯度为 None 或包含 NaN/Inf，跳过对抗扰动。
[2025-12-17 20:32:45,174] [WARNING] [TSADAdvTrainer] 生成对抗样本时梯度为 None 或包含 NaN/Inf，跳过对抗扰动。
[2025-12-17 20:32:45,510] [WARNING] [TSADAdvTrainer] 生成对抗样本时梯度为 None 或包含 NaN/Inf，跳过对抗扰动。
[2025-12-17 20:32:45,855] [WARNING] [TSADAdvTrainer] 生成对抗样本时梯度为 None 或包含 NaN/Inf，跳过对抗扰动。
[2025-12-17 20:32:46,204] [WARNING] [TSADAdvTrainer] 生成对抗样本时梯度为 None 或包含 NaN/Inf，跳过对抗扰动。
[2025-12-17 20:32:46,547] [WARNING] [TSADAdvTrainer] 生成对抗样本时梯度为 None 或包含 NaN/Inf，跳过对抗扰动。
[2025-12-17 20:32:46,893] [WARNING] [TSADAdvTrainer] 生成对抗样本时梯度为 None 或包含 NaN/Inf，跳过对抗扰动。
[2025-12-17 20:32:47,246] [WARNING] [TSADAdvTrainer] 生成对抗样本时梯度为 None 或包含 NaN/Inf，跳过对抗扰动。
[2025-12-17 20:32:47,601] [WARNING] [TSADAdvTrainer] 生成对抗样本时梯度为 None 或包含 NaN/Inf，跳过对抗扰动。
[2025-12-17 20:32:47,942] [WARNING] [TSADAdvTrainer] 生成对抗样本时梯度为 None 或包含 NaN/Inf，跳过对抗扰动。
[2025-12-17 20:32:48,292] [WARNING] [TSADAdvTrainer] 生成对抗样本时梯度为 None 或包含 NaN/Inf，跳过对抗扰动。
[2025-12-17 20:32:48,635] [WARNING] [TSADAdvTrainer] 生成对抗样本时梯度为 None 或包含 NaN/Inf，跳过对抗扰动。
[2025-12-17 20:32:48,980] [WARNING] [TSADAdvTrainer] 生成对抗样本时梯度为 None 或包含 NaN/Inf，跳过对抗扰动。
[2025-12-17 20:32:49,332] [WARNING] [TSADAdvTrainer] 生成对抗样本时梯度为 None 或包含 NaN/Inf，跳过对抗扰动。
[2025-12-17 20:32:49,664] [WARNING] [TSADAdvTrainer] 生成对抗样本时梯度为 None 或包含 NaN/Inf，跳过对抗扰动。
[2025-12-17 20:32:50,032] [WARNING] [TSADAdvTrainer] 生成对抗样本时梯度为 None 或包含 NaN/Inf，跳过对抗扰动。
[2025-12-17 20:32:50,425] [WARNING] [TSADAdvTrainer] 生成对抗样本时梯度为 None 或包含 NaN/Inf，跳过对抗扰动。
[2025-12-17 20:32:50,805] [WARNING] [TSADAdvTrainer] 生成对抗样本时梯度为 None 或包含 NaN/Inf，跳过对抗扰动。
[2025-12-17 20:32:51,177] [WARNING] [TSADAdvTrainer] 生成对抗样本时梯度为 None 或包含 NaN/Inf，跳过对抗扰动。
[2025-12-17 20:32:51,547] [WARNING] [TSADAdvTrainer] 生成对抗样本时梯度为 None 或包含 NaN/Inf，跳过对抗扰动。
[2025-12-17 20:32:51,945] [WARNING] [TSADAdvTrainer] 生成对抗样本时梯度为 None 或包含 NaN/Inf，跳过对抗扰动。
[2025-12-17 20:32:52,352] [WARNING] [TSADAdvTrainer] 生成对抗样本时梯度为 None 或包含 NaN/Inf，跳过对抗扰动。
[2025-12-17 20:32:52,733] [WARNING] [TSADAdvTrainer] 生成对抗样本时梯度为 None 或包含 NaN/Inf，跳过对抗扰动。
[2025-12-17 20:32:53,107] [WARNING] [TSADAdvTrainer] 生成对抗样本时梯度为 None 或包含 NaN/Inf，跳过对抗扰动。
[2025-12-17 20:32:53,475] [WARNING] [TSADAdvTrainer] 生成对抗样本时梯度为 None 或包含 NaN/Inf，跳过对抗扰动。
[2025-12-17 20:32:53,856] [WARNING] [TSADAdvTrainer] 生成对抗样本时梯度为 None 或包含 NaN/Inf，跳过对抗扰动。
[2025-12-17 20:32:54,268] [WARNING] [TSADAdvTrainer] 生成对抗样本时梯度为 None 或包含 NaN/Inf，跳过对抗扰动。
[2025-12-17 20:32:54,637] [WARNING] [TSADAdvTrainer] 生成对抗样本时梯度为 None 或包含 NaN/Inf，跳过对抗扰动。
[2025-12-17 20:32:54,993] [WARNING] [TSADAdvTrainer] 生成对抗样本时梯度为 None 或包含 NaN/Inf，跳过对抗扰动。
[2025-12-17 20:32:55,362] [WARNING] [TSADAdvTrainer] 生成对抗样本时梯度为 None 或包含 NaN/Inf，跳过对抗扰动。
[2025-12-17 20:32:55,741] [WARNING] [TSADAdvTrainer] 生成对抗样本时梯度为 None 或包含 NaN/Inf，跳过对抗扰动。
[2025-12-17 20:32:56,113] [WARNING] [TSADAdvTrainer] 生成对抗样本时梯度为 None 或包含 NaN/Inf，跳过对抗扰动。
[2025-12-17 20:32:56,496] [WARNING] [TSADAdvTrainer] 生成对抗样本时梯度为 None 或包含 NaN/Inf，跳过对抗扰动。
[2025-12-17 20:32:56,851] [WARNING] [TSADAdvTrainer] 生成对抗样本时梯度为 None 或包含 NaN/Inf，跳过对抗扰动。
[2025-12-17 20:32:57,233] [WARNING] [TSADAdvTrainer] 生成对抗样本时梯度为 None 或包含 NaN/Inf，跳过对抗扰动。
[2025-12-17 20:32:57,615] [WARNING] [TSADAdvTrainer] 生成对抗样本时梯度为 None 或包含 NaN/Inf，跳过对抗扰动。
[2025-12-17 20:32:57,990] [WARNING] [TSADAdvTrainer] 生成对抗样本时梯度为 None 或包含 NaN/Inf，跳过对抗扰动。
[2025-12-17 20:32:58,389] [WARNING] [TSADAdvTrainer] 生成对抗样本时梯度为 None 或包含 NaN/Inf，跳过对抗扰动。
[2025-12-17 20:32:58,783] [WARNING] [TSADAdvTrainer] 生成对抗样本时梯度为 None 或包含 NaN/Inf，跳过对抗扰动。
[2025-12-17 20:32:59,154] [WARNING] [TSADAdvTrainer] 生成对抗样本时梯度为 None 或包含 NaN/Inf，跳过对抗扰动。
[2025-12-17 20:32:59,537] [WARNING] [TSADAdvTrainer] 生成对抗样本时梯度为 None 或包含 NaN/Inf，跳过对抗扰动。
[2025-12-17 20:32:59,873] [WARNING] [TSADAdvTrainer] 生成对抗样本时梯度为 None 或包含 NaN/Inf，跳过对抗扰动。
[2025-12-17 20:33:00,229] [WARNING] [TSADAdvTrainer] 生成对抗样本时梯度为 None 或包含 NaN/Inf，跳过对抗扰动。
[2025-12-17 20:33:00,581] [WARNING] [TSADAdvTrainer] 生成对抗样本时梯度为 None 或包含 NaN/Inf，跳过对抗扰动。
[2025-12-17 20:33:00,937] [WARNING] [TSADAdvTrainer] 生成对抗样本时梯度为 None 或包含 NaN/Inf，跳过对抗扰动。
[2025-12-17 20:33:01,306] [WARNING] [TSADAdvTrainer] 生成对抗样本时梯度为 None 或包含 NaN/Inf，跳过对抗扰动。
[2025-12-17 20:33:01,662] [WARNING] [TSADAdvTrainer] 生成对抗样本时梯度为 None 或包含 NaN/Inf，跳过对抗扰动。
[2025-12-17 20:33:02,005] [WARNING] [TSADAdvTrainer] 生成对抗样本时梯度为 None 或包含 NaN/Inf，跳过对抗扰动。
[2025-12-17 20:33:02,351] [WARNING] [TSADAdvTrainer] 生成对抗样本时梯度为 None 或包含 NaN/Inf，跳过对抗扰动。
[2025-12-17 20:33:02,693] [WARNING] [TSADAdvTrainer] 生成对抗样本时梯度为 None 或包含 NaN/Inf，跳过对抗扰动。
[2025-12-17 20:33:03,043] [WARNING] [TSADAdvTrainer] 生成对抗样本时梯度为 None 或包含 NaN/Inf，跳过对抗扰动。
[2025-12-17 20:33:03,396] [WARNING] [TSADAdvTrainer] 生成对抗样本时梯度为 None 或包含 NaN/Inf，跳过对抗扰动。
[2025-12-17 20:33:03,742] [WARNING] [TSADAdvTrainer] 生成对抗样本时梯度为 None 或包含 NaN/Inf，跳过对抗扰动。
[2025-12-17 20:33:04,081] [WARNING] [TSADAdvTrainer] 生成对抗样本时梯度为 None 或包含 NaN/Inf，跳过对抗扰动。
[2025-12-17 20:33:04,424] [WARNING] [TSADAdvTrainer] 生成对抗样本时梯度为 None 或包含 NaN/Inf，跳过对抗扰动。
[2025-12-17 20:33:04,779] [WARNING] [TSADAdvTrainer] 生成对抗样本时梯度为 None 或包含 NaN/Inf，跳过对抗扰动。
[2025-12-17 20:33:05,131] [WARNING] [TSADAdvTrainer] 生成对抗样本时梯度为 None 或包含 NaN/Inf，跳过对抗扰动。
[2025-12-17 20:33:05,491] [WARNING] [TSADAdvTrainer] 生成对抗样本时梯度为 None 或包含 NaN/Inf，跳过对抗扰动。
[2025-12-17 20:33:05,841] [WARNING] [TSADAdvTrainer] 生成对抗样本时梯度为 None 或包含 NaN/Inf，跳过对抗扰动。
[2025-12-17 20:33:06,189] [WARNING] [TSADAdvTrainer] 生成对抗样本时梯度为 None 或包含 NaN/Inf，跳过对抗扰动。
[2025-12-17 20:33:06,543] [WARNING] [TSADAdvTrainer] 生成对抗样本时梯度为 None 或包含 NaN/Inf，跳过对抗扰动。
[2025-12-17 20:33:06,894] [WARNING] [TSADAdvTrainer] 生成对抗样本时梯度为 None 或包含 NaN/Inf，跳过对抗扰动。
[2025-12-17 20:33:07,245] [WARNING] [TSADAdvTrainer] 生成对抗样本时梯度为 None 或包含 NaN/Inf，跳过对抗扰动。
[2025-12-17 20:33:07,593] [WARNING] [TSADAdvTrainer] 生成对抗样本时梯度为 None 或包含 NaN/Inf，跳过对抗扰动。
[2025-12-17 20:33:07,956] [WARNING] [TSADAdvTrainer] 生成对抗样本时梯度为 None 或包含 NaN/Inf，跳过对抗扰动。
[2025-12-17 20:33:08,300] [WARNING] [TSADAdvTrainer] 生成对抗样本时梯度为 None 或包含 NaN/Inf，跳过对抗扰动。
[2025-12-17 20:33:08,646] [WARNING] [TSADAdvTrainer] 生成对抗样本时梯度为 None 或包含 NaN/Inf，跳过对抗扰动。
[2025-12-17 20:33:08,994] [WARNING] [TSADAdvTrainer] 生成对抗样本时梯度为 None 或包含 NaN/Inf，跳过对抗扰动。
[2025-12-17 20:33:09,345] [WARNING] [TSADAdvTrainer] 生成对抗样本时梯度为 None 或包含 NaN/Inf，跳过对抗扰动。
[2025-12-17 20:33:09,706] [WARNING] [TSADAdvTrainer] 生成对抗样本时梯度为 None 或包含 NaN/Inf，跳过对抗扰动。
[2025-12-17 20:33:10,064] [WARNING] [TSADAdvTrainer] 生成对抗样本时梯度为 None 或包含 NaN/Inf，跳过对抗扰动。
[2025-12-17 20:33:10,415] [WARNING] [TSADAdvTrainer] 生成对抗样本时梯度为 None 或包含 NaN/Inf，跳过对抗扰动。
[2025-12-17 20:33:10,772] [WARNING] [TSADAdvTrainer] 生成对抗样本时梯度为 None 或包含 NaN/Inf，跳过对抗扰动。
[2025-12-17 20:33:11,110] [WARNING] [TSADAdvTrainer] 生成对抗样本时梯度为 None 或包含 NaN/Inf，跳过对抗扰动。
[2025-12-17 20:33:11,444] [WARNING] [TSADAdvTrainer] 生成对抗样本时梯度为 None 或包含 NaN/Inf，跳过对抗扰动。
[2025-12-17 20:33:11,788] [WARNING] [TSADAdvTrainer] 生成对抗样本时梯度为 None 或包含 NaN/Inf，跳过对抗扰动。
[2025-12-17 20:33:12,144] [WARNING] [TSADAdvTrainer] 生成对抗样本时梯度为 None 或包含 NaN/Inf，跳过对抗扰动。
[2025-12-17 20:33:12,509] [WARNING] [TSADAdvTrainer] 生成对抗样本时梯度为 None 或包含 NaN/Inf，跳过对抗扰动。
[2025-12-17 20:33:12,855] [WARNING] [TSADAdvTrainer] 生成对抗样本时梯度为 None 或包含 NaN/Inf，跳过对抗扰动。
[2025-12-17 20:33:13,206] [WARNING] [TSADAdvTrainer] 生成对抗样本时梯度为 None 或包含 NaN/Inf，跳过对抗扰动。
[2025-12-17 20:33:13,541] [WARNING] [TSADAdvTrainer] 生成对抗样本时梯度为 None 或包含 NaN/Inf，跳过对抗扰动。
[2025-12-17 20:33:13,889] [WARNING] [TSADAdvTrainer] 生成对抗样本时梯度为 None 或包含 NaN/Inf，跳过对抗扰动。
[2025-12-17 20:33:14,238] [WARNING] [TSADAdvTrainer] 生成对抗样本时梯度为 None 或包含 NaN/Inf，跳过对抗扰动。
[2025-12-17 20:33:14,566] [WARNING] [TSADAdvTrainer] 生成对抗样本时梯度为 None 或包含 NaN/Inf，跳过对抗扰动。
[2025-12-17 20:33:14,959] [WARNING] [TSADAdvTrainer] 生成对抗样本时梯度为 None 或包含 NaN/Inf，跳过对抗扰动。
[2025-12-17 20:33:15,334] [WARNING] [TSADAdvTrainer] 生成对抗样本时梯度为 None 或包含 NaN/Inf，跳过对抗扰动。
[2025-12-17 20:33:15,698] [WARNING] [TSADAdvTrainer] 生成对抗样本时梯度为 None 或包含 NaN/Inf，跳过对抗扰动。
[2025-12-17 20:33:16,081] [WARNING] [TSADAdvTrainer] 生成对抗样本时梯度为 None 或包含 NaN/Inf，跳过对抗扰动。
[2025-12-17 20:33:16,440] [WARNING] [TSADAdvTrainer] 生成对抗样本时梯度为 None 或包含 NaN/Inf，跳过对抗扰动。
[2025-12-17 20:33:16,805] [WARNING] [TSADAdvTrainer] 生成对抗样本时梯度为 None 或包含 NaN/Inf，跳过对抗扰动。
[2025-12-17 20:33:17,100] [WARNING] [TSADAdvTrainer] 生成对抗样本时梯度为 None 或包含 NaN/Inf，跳过对抗扰动。
[2025-12-17 20:33:17,448] [WARNING] [TSADAdvTrainer] 生成对抗样本时梯度为 None 或包含 NaN/Inf，跳过对抗扰动。
[2025-12-17 20:33:17,794] [WARNING] [TSADAdvTrainer] 生成对抗样本时梯度为 None 或包含 NaN/Inf，跳过对抗扰动。
[2025-12-17 20:33:18,147] [WARNING] [TSADAdvTrainer] 生成对抗样本时梯度为 None 或包含 NaN/Inf，跳过对抗扰动。
[2025-12-17 20:33:18,482] [WARNING] [TSADAdvTrainer] 生成对抗样本时梯度为 None 或包含 NaN/Inf，跳过对抗扰动。
[2025-12-17 20:33:18,832] [WARNING] [TSADAdvTrainer] 生成对抗样本时梯度为 None 或包含 NaN/Inf，跳过对抗扰动。
[2025-12-17 20:33:19,193] [WARNING] [TSADAdvTrainer] 生成对抗样本时梯度为 None 或包含 NaN/Inf，跳过对抗扰动。
[2025-12-17 20:33:19,521] [WARNING] [TSADAdvTrainer] 生成对抗样本时梯度为 None 或包含 NaN/Inf，跳过对抗扰动。
[2025-12-17 20:33:19,853] [WARNING] [TSADAdvTrainer] 生成对抗样本时梯度为 None 或包含 NaN/Inf，跳过对抗扰动。
[2025-12-17 20:33:20,195] [WARNING] [TSADAdvTrainer] 生成对抗样本时梯度为 None 或包含 NaN/Inf，跳过对抗扰动。
[2025-12-17 20:33:20,544] [WARNING] [TSADAdvTrainer] 生成对抗样本时梯度为 None 或包含 NaN/Inf，跳过对抗扰动。
[2025-12-17 20:33:20,889] [WARNING] [TSADAdvTrainer] 生成对抗样本时梯度为 None 或包含 NaN/Inf，跳过对抗扰动。
[2025-12-17 20:33:21,219] [WARNING] [TSADAdvTrainer] 生成对抗样本时梯度为 None 或包含 NaN/Inf，跳过对抗扰动。
[2025-12-17 20:33:21,555] [WARNING] [TSADAdvTrainer] 生成对抗样本时梯度为 None 或包含 NaN/Inf，跳过对抗扰动。
[2025-12-17 20:33:21,899] [WARNING] [TSADAdvTrainer] 生成对抗样本时梯度为 None 或包含 NaN/Inf，跳过对抗扰动。
[2025-12-17 20:33:22,253] [WARNING] [TSADAdvTrainer] 生成对抗样本时梯度为 None 或包含 NaN/Inf，跳过对抗扰动。
[2025-12-17 20:33:22,597] [WARNING] [TSADAdvTrainer] 生成对抗样本时梯度为 None 或包含 NaN/Inf，跳过对抗扰动。
[2025-12-17 20:33:22,948] [WARNING] [TSADAdvTrainer] 生成对抗样本时梯度为 None 或包含 NaN/Inf，跳过对抗扰动。
[2025-12-17 20:33:23,290] [WARNING] [TSADAdvTrainer] 生成对抗样本时梯度为 None 或包含 NaN/Inf，跳过对抗扰动。
[2025-12-17 20:33:23,638] [WARNING] [TSADAdvTrainer] 生成对抗样本时梯度为 None 或包含 NaN/Inf，跳过对抗扰动。
[2025-12-17 20:33:23,997] [WARNING] [TSADAdvTrainer] 生成对抗样本时梯度为 None 或包含 NaN/Inf，跳过对抗扰动。
[2025-12-17 20:33:24,311] [WARNING] [TSADAdvTrainer] 生成对抗样本时梯度为 None 或包含 NaN/Inf，跳过对抗扰动。
[2025-12-17 20:33:24,695] [WARNING] [TSADAdvTrainer] 生成对抗样本时梯度为 None 或包含 NaN/Inf，跳过对抗扰动。
[2025-12-17 20:33:25,069] [WARNING] [TSADAdvTrainer] 生成对抗样本时梯度为 None 或包含 NaN/Inf，跳过对抗扰动。
[2025-12-17 20:33:25,453] [WARNING] [TSADAdvTrainer] 生成对抗样本时梯度为 None 或包含 NaN/Inf，跳过对抗扰动。
[2025-12-17 20:33:25,897] [WARNING] [TSADAdvTrainer] 生成对抗样本时梯度为 None 或包含 NaN/Inf，跳过对抗扰动。
[2025-12-17 20:33:26,264] [WARNING] [TSADAdvTrainer] 生成对抗样本时梯度为 None 或包含 NaN/Inf，跳过对抗扰动。
[2025-12-17 20:33:26,668] [WARNING] [TSADAdvTrainer] 生成对抗样本时梯度为 None 或包含 NaN/Inf，跳过对抗扰动。
[2025-12-17 20:33:27,061] [WARNING] [TSADAdvTrainer] 生成对抗样本时梯度为 None 或包含 NaN/Inf，跳过对抗扰动。
[2025-12-17 20:33:27,429] [WARNING] [TSADAdvTrainer] 生成对抗样本时梯度为 None 或包含 NaN/Inf，跳过对抗扰动。
[2025-12-17 20:33:27,809] [WARNING] [TSADAdvTrainer] 生成对抗样本时梯度为 None 或包含 NaN/Inf，跳过对抗扰动。
[2025-12-17 20:33:28,186] [WARNING] [TSADAdvTrainer] 生成对抗样本时梯度为 None 或包含 NaN/Inf，跳过对抗扰动。
[2025-12-17 20:33:28,536] [WARNING] [TSADAdvTrainer] 生成对抗样本时梯度为 None 或包含 NaN/Inf，跳过对抗扰动。
[2025-12-17 20:33:28,910] [WARNING] [TSADAdvTrainer] 生成对抗样本时梯度为 None 或包含 NaN/Inf，跳过对抗扰动。
[2025-12-17 20:33:29,277] [WARNING] [TSADAdvTrainer] 生成对抗样本时梯度为 None 或包含 NaN/Inf，跳过对抗扰动。
[2025-12-17 20:33:29,639] [WARNING] [TSADAdvTrainer] 生成对抗样本时梯度为 None 或包含 NaN/Inf，跳过对抗扰动。
[2025-12-17 20:33:29,995] [WARNING] [TSADAdvTrainer] 生成对抗样本时梯度为 None 或包含 NaN/Inf，跳过对抗扰动。
[2025-12-17 20:33:30,369] [WARNING] [TSADAdvTrainer] 生成对抗样本时梯度为 None 或包含 NaN/Inf，跳过对抗扰动。
[2025-12-17 20:33:30,730] [WARNING] [TSADAdvTrainer] 生成对抗样本时梯度为 None 或包含 NaN/Inf，跳过对抗扰动。
[2025-12-17 20:33:31,097] [WARNING] [TSADAdvTrainer] 生成对抗样本时梯度为 None 或包含 NaN/Inf，跳过对抗扰动。
[2025-12-17 20:33:31,454] [WARNING] [TSADAdvTrainer] 生成对抗样本时梯度为 None 或包含 NaN/Inf，跳过对抗扰动。
[2025-12-17 20:33:31,786] [WARNING] [TSADAdvTrainer] 生成对抗样本时梯度为 None 或包含 NaN/Inf，跳过对抗扰动。
[2025-12-17 20:33:32,148] [WARNING] [TSADAdvTrainer] 生成对抗样本时梯度为 None 或包含 NaN/Inf，跳过对抗扰动。
[2025-12-17 20:33:32,525] [WARNING] [TSADAdvTrainer] 生成对抗样本时梯度为 None 或包含 NaN/Inf，跳过对抗扰动。
[2025-12-17 20:33:32,868] [WARNING] [TSADAdvTrainer] 生成对抗样本时梯度为 None 或包含 NaN/Inf，跳过对抗扰动。
[2025-12-17 20:33:33,226] [WARNING] [TSADAdvTrainer] 生成对抗样本时梯度为 None 或包含 NaN/Inf，跳过对抗扰动。
[2025-12-17 20:33:33,600] [WARNING] [TSADAdvTrainer] 生成对抗样本时梯度为 None 或包含 NaN/Inf，跳过对抗扰动。
[2025-12-17 20:33:33,956] [WARNING] [TSADAdvTrainer] 生成对抗样本时梯度为 None 或包含 NaN/Inf，跳过对抗扰动。
[2025-12-17 20:33:34,320] [WARNING] [TSADAdvTrainer] 生成对抗样本时梯度为 None 或包含 NaN/Inf，跳过对抗扰动。
[2025-12-17 20:33:34,693] [WARNING] [TSADAdvTrainer] 生成对抗样本时梯度为 None 或包含 NaN/Inf，跳过对抗扰动。
[2025-12-17 20:33:35,041] [WARNING] [TSADAdvTrainer] 生成对抗样本时梯度为 None 或包含 NaN/Inf，跳过对抗扰动。
[2025-12-17 20:33:35,408] [WARNING] [TSADAdvTrainer] 生成对抗样本时梯度为 None 或包含 NaN/Inf，跳过对抗扰动。
[2025-12-17 20:33:35,764] [WARNING] [TSADAdvTrainer] 生成对抗样本时梯度为 None 或包含 NaN/Inf，跳过对抗扰动。
[2025-12-17 20:33:36,128] [WARNING] [TSADAdvTrainer] 生成对抗样本时梯度为 None 或包含 NaN/Inf，跳过对抗扰动。
[2025-12-17 20:33:36,481] [WARNING] [TSADAdvTrainer] 生成对抗样本时梯度为 None 或包含 NaN/Inf，跳过对抗扰动。
[2025-12-17 20:33:36,849] [WARNING] [TSADAdvTrainer] 生成对抗样本时梯度为 None 或包含 NaN/Inf，跳过对抗扰动。
[2025-12-17 20:33:37,222] [WARNING] [TSADAdvTrainer] 生成对抗样本时梯度为 None 或包含 NaN/Inf，跳过对抗扰动。
[2025-12-17 20:33:37,596] [WARNING] [TSADAdvTrainer] 生成对抗样本时梯度为 None 或包含 NaN/Inf，跳过对抗扰动。
[2025-12-17 20:33:37,930] [WARNING] [TSADAdvTrainer] 生成对抗样本时梯度为 None 或包含 NaN/Inf，跳过对抗扰动。
[2025-12-17 20:33:38,282] [WARNING] [TSADAdvTrainer] 生成对抗样本时梯度为 None 或包含 NaN/Inf，跳过对抗扰动。
[2025-12-17 20:33:38,610] [WARNING] [TSADAdvTrainer] 生成对抗样本时梯度为 None 或包含 NaN/Inf，跳过对抗扰动。
[2025-12-17 20:33:38,879] [WARNING] [TSADAdvTrainer] 生成对抗样本时梯度为 None 或包含 NaN/Inf，跳过对抗扰动。
[2025-12-17 20:33:39,217] [WARNING] [TSADAdvTrainer] 生成对抗样本时梯度为 None 或包含 NaN/Inf，跳过对抗扰动。
[2025-12-17 20:33:39,539] [WARNING] [TSADAdvTrainer] 生成对抗样本时梯度为 None 或包含 NaN/Inf，跳过对抗扰动。
[2025-12-17 20:33:39,877] [WARNING] [TSADAdvTrainer] 生成对抗样本时梯度为 None 或包含 NaN/Inf，跳过对抗扰动。
[2025-12-17 20:33:40,207] [WARNING] [TSADAdvTrainer] 生成对抗样本时梯度为 None 或包含 NaN/Inf，跳过对抗扰动。
[2025-12-17 20:33:40,540] [WARNING] [TSADAdvTrainer] 生成对抗样本时梯度为 None 或包含 NaN/Inf，跳过对抗扰动。
[2025-12-17 20:33:40,933] [WARNING] [TSADAdvTrainer] 生成对抗样本时梯度为 None 或包含 NaN/Inf，跳过对抗扰动。
[2025-12-17 20:33:41,259] [WARNING] [TSADAdvTrainer] 生成对抗样本时梯度为 None 或包含 NaN/Inf，跳过对抗扰动。
[2025-12-17 20:33:41,584] [WARNING] [TSADAdvTrainer] 生成对抗样本时梯度为 None 或包含 NaN/Inf，跳过对抗扰动。
[2025-12-17 20:33:41,912] [WARNING] [TSADAdvTrainer] 生成对抗样本时梯度为 None 或包含 NaN/Inf，跳过对抗扰动。
[2025-12-17 20:33:42,252] [WARNING] [TSADAdvTrainer] 生成对抗样本时梯度为 None 或包含 NaN/Inf，跳过对抗扰动。
[2025-12-17 20:33:42,598] [WARNING] [TSADAdvTrainer] 生成对抗样本时梯度为 None 或包含 NaN/Inf，跳过对抗扰动。
[2025-12-17 20:33:42,913] [WARNING] [TSADAdvTrainer] 生成对抗样本时梯度为 None 或包含 NaN/Inf，跳过对抗扰动。
[2025-12-17 20:33:43,279] [WARNING] [TSADAdvTrainer] 生成对抗样本时梯度为 None 或包含 NaN/Inf，跳过对抗扰动。
[2025-12-17 20:33:43,603] [WARNING] [TSADAdvTrainer] 生成对抗样本时梯度为 None 或包含 NaN/Inf，跳过对抗扰动。
[2025-12-17 20:33:43,954] [WARNING] [TSADAdvTrainer] 生成对抗样本时梯度为 None 或包含 NaN/Inf，跳过对抗扰动。
[2025-12-17 20:33:44,299] [WARNING] [TSADAdvTrainer] 生成对抗样本时梯度为 None 或包含 NaN/Inf，跳过对抗扰动。
[2025-12-17 20:33:44,632] [WARNING] [TSADAdvTrainer] 生成对抗样本时梯度为 None 或包含 NaN/Inf，跳过对抗扰动。
[2025-12-17 20:33:44,959] [WARNING] [TSADAdvTrainer] 生成对抗样本时梯度为 None 或包含 NaN/Inf，跳过对抗扰动。
[2025-12-17 20:33:45,287] [WARNING] [TSADAdvTrainer] 生成对抗样本时梯度为 None 或包含 NaN/Inf，跳过对抗扰动。
[2025-12-17 20:33:45,620] [WARNING] [TSADAdvTrainer] 生成对抗样本时梯度为 None 或包含 NaN/Inf，跳过对抗扰动。
[2025-12-17 20:33:45,926] [WARNING] [TSADAdvTrainer] 生成对抗样本时梯度为 None 或包含 NaN/Inf，跳过对抗扰动。
[2025-12-17 20:33:46,293] [WARNING] [TSADAdvTrainer] 生成对抗样本时梯度为 None 或包含 NaN/Inf，跳过对抗扰动。
[2025-12-17 20:33:46,668] [WARNING] [TSADAdvTrainer] 生成对抗样本时梯度为 None 或包含 NaN/Inf，跳过对抗扰动。
[2025-12-17 20:33:47,032] [WARNING] [TSADAdvTrainer] 生成对抗样本时梯度为 None 或包含 NaN/Inf，跳过对抗扰动。
[2025-12-17 20:33:47,396] [WARNING] [TSADAdvTrainer] 生成对抗样本时梯度为 None 或包含 NaN/Inf，跳过对抗扰动。
[2025-12-17 20:33:47,761] [WARNING] [TSADAdvTrainer] 生成对抗样本时梯度为 None 或包含 NaN/Inf，跳过对抗扰动。
[2025-12-17 20:33:48,115] [WARNING] [TSADAdvTrainer] 生成对抗样本时梯度为 None 或包含 NaN/Inf，跳过对抗扰动。
[2025-12-17 20:33:48,479] [WARNING] [TSADAdvTrainer] 生成对抗样本时梯度为 None 或包含 NaN/Inf，跳过对抗扰动。
[2025-12-17 20:33:48,845] [WARNING] [TSADAdvTrainer] 生成对抗样本时梯度为 None 或包含 NaN/Inf，跳过对抗扰动。
[2025-12-17 20:33:49,205] [WARNING] [TSADAdvTrainer] 生成对抗样本时梯度为 None 或包含 NaN/Inf，跳过对抗扰动。
[2025-12-17 20:33:49,572] [WARNING] [TSADAdvTrainer] 生成对抗样本时梯度为 None 或包含 NaN/Inf，跳过对抗扰动。
[2025-12-17 20:33:49,932] [WARNING] [TSADAdvTrainer] 生成对抗样本时梯度为 None 或包含 NaN/Inf，跳过对抗扰动。
[2025-12-17 20:33:50,307] [WARNING] [TSADAdvTrainer] 生成对抗样本时梯度为 None 或包含 NaN/Inf，跳过对抗扰动。
[2025-12-17 20:33:50,676] [WARNING] [TSADAdvTrainer] 生成对抗样本时梯度为 None 或包含 NaN/Inf，跳过对抗扰动。
[2025-12-17 20:33:51,055] [WARNING] [TSADAdvTrainer] 生成对抗样本时梯度为 None 或包含 NaN/Inf，跳过对抗扰动。
[2025-12-17 20:33:51,426] [WARNING] [TSADAdvTrainer] 生成对抗样本时梯度为 None 或包含 NaN/Inf，跳过对抗扰动。
[2025-12-17 20:33:51,788] [WARNING] [TSADAdvTrainer] 生成对抗样本时梯度为 None 或包含 NaN/Inf，跳过对抗扰动。
[2025-12-17 20:33:52,161] [WARNING] [TSADAdvTrainer] 生成对抗样本时梯度为 None 或包含 NaN/Inf，跳过对抗扰动。
[2025-12-17 20:33:52,540] [WARNING] [TSADAdvTrainer] 生成对抗样本时梯度为 None 或包含 NaN/Inf，跳过对抗扰动。
[2025-12-17 20:33:52,919] [WARNING] [TSADAdvTrainer] 生成对抗样本时梯度为 None 或包含 NaN/Inf，跳过对抗扰动。
[2025-12-17 20:33:53,288] [WARNING] [TSADAdvTrainer] 生成对抗样本时梯度为 None 或包含 NaN/Inf，跳过对抗扰动。
[2025-12-17 20:33:53,668] [WARNING] [TSADAdvTrainer] 生成对抗样本时梯度为 None 或包含 NaN/Inf，跳过对抗扰动。
[2025-12-17 20:33:54,069] [WARNING] [TSADAdvTrainer] 生成对抗样本时梯度为 None 或包含 NaN/Inf，跳过对抗扰动。
[2025-12-17 20:33:54,448] [WARNING] [TSADAdvTrainer] 生成对抗样本时梯度为 None 或包含 NaN/Inf，跳过对抗扰动。
[2025-12-17 20:33:54,818] [WARNING] [TSADAdvTrainer] 生成对抗样本时梯度为 None 或包含 NaN/Inf，跳过对抗扰动。
[2025-12-17 20:33:55,210] [WARNING] [TSADAdvTrainer] 生成对抗样本时梯度为 None 或包含 NaN/Inf，跳过对抗扰动。
[2025-12-17 20:33:55,584] [WARNING] [TSADAdvTrainer] 生成对抗样本时梯度为 None 或包含 NaN/Inf，跳过对抗扰动。
[2025-12-17 20:33:55,959] [WARNING] [TSADAdvTrainer] 生成对抗样本时梯度为 None 或包含 NaN/Inf，跳过对抗扰动。
[2025-12-17 20:33:56,324] [WARNING] [TSADAdvTrainer] 生成对抗样本时梯度为 None 或包含 NaN/Inf，跳过对抗扰动。
[2025-12-17 20:33:56,694] [WARNING] [TSADAdvTrainer] 生成对抗样本时梯度为 None 或包含 NaN/Inf，跳过对抗扰动。
[2025-12-17 20:33:57,065] [WARNING] [TSADAdvTrainer] 生成对抗样本时梯度为 None 或包含 NaN/Inf，跳过对抗扰动。
[2025-12-17 20:33:57,427] [WARNING] [TSADAdvTrainer] 生成对抗样本时梯度为 None 或包含 NaN/Inf，跳过对抗扰动。
[2025-12-17 20:33:57,800] [WARNING] [TSADAdvTrainer] 生成对抗样本时梯度为 None 或包含 NaN/Inf，跳过对抗扰动。
[2025-12-17 20:33:58,171] [WARNING] [TSADAdvTrainer] 生成对抗样本时梯度为 None 或包含 NaN/Inf，跳过对抗扰动。
[2025-12-17 20:33:58,532] [WARNING] [TSADAdvTrainer] 生成对抗样本时梯度为 None 或包含 NaN/Inf，跳过对抗扰动。
[2025-12-17 20:33:58,893] [WARNING] [TSADAdvTrainer] 生成对抗样本时梯度为 None 或包含 NaN/Inf，跳过对抗扰动。
[2025-12-17 20:33:59,264] [WARNING] [TSADAdvTrainer] 生成对抗样本时梯度为 None 或包含 NaN/Inf，跳过对抗扰动。
[2025-12-17 20:33:59,631] [WARNING] [TSADAdvTrainer] 生成对抗样本时梯度为 None 或包含 NaN/Inf，跳过对抗扰动。
[2025-12-17 20:34:00,012] [WARNING] [TSADAdvTrainer] 生成对抗样本时梯度为 None 或包含 NaN/Inf，跳过对抗扰动。
[2025-12-17 20:34:00,383] [WARNING] [TSADAdvTrainer] 生成对抗样本时梯度为 None 或包含 NaN/Inf，跳过对抗扰动。
[2025-12-17 20:34:00,727] [WARNING] [TSADAdvTrainer] 生成对抗样本时梯度为 None 或包含 NaN/Inf，跳过对抗扰动。
[2025-12-17 20:34:01,033] [WARNING] [TSADAdvTrainer] 生成对抗样本时梯度为 None 或包含 NaN/Inf，跳过对抗扰动。
[2025-12-17 20:34:01,378] [WARNING] [TSADAdvTrainer] 生成对抗样本时梯度为 None 或包含 NaN/Inf，跳过对抗扰动。
[2025-12-17 20:34:01,714] [WARNING] [TSADAdvTrainer] 生成对抗样本时梯度为 None 或包含 NaN/Inf，跳过对抗扰动。
[2025-12-17 20:34:02,057] [WARNING] [TSADAdvTrainer] 生成对抗样本时梯度为 None 或包含 NaN/Inf，跳过对抗扰动。
[2025-12-17 20:34:02,401] [WARNING] [TSADAdvTrainer] 生成对抗样本时梯度为 None 或包含 NaN/Inf，跳过对抗扰动。
[2025-12-17 20:34:02,730] [WARNING] [TSADAdvTrainer] 生成对抗样本时梯度为 None 或包含 NaN/Inf，跳过对抗扰动。
[2025-12-17 20:34:03,074] [WARNING] [TSADAdvTrainer] 生成对抗样本时梯度为 None 或包含 NaN/Inf，跳过对抗扰动。
[2025-12-17 20:34:03,415] [WARNING] [TSADAdvTrainer] 生成对抗样本时梯度为 None 或包含 NaN/Inf，跳过对抗扰动。
[2025-12-17 20:34:03,817] [WARNING] [TSADAdvTrainer] 生成对抗样本时梯度为 None 或包含 NaN/Inf，跳过对抗扰动。
[2025-12-17 20:34:04,160] [WARNING] [TSADAdvTrainer] 生成对抗样本时梯度为 None 或包含 NaN/Inf，跳过对抗扰动。
[2025-12-17 20:34:04,487] [WARNING] [TSADAdvTrainer] 生成对抗样本时梯度为 None 或包含 NaN/Inf，跳过对抗扰动。
[2025-12-17 20:34:04,811] [WARNING] [TSADAdvTrainer] 生成对抗样本时梯度为 None 或包含 NaN/Inf，跳过对抗扰动。
[2025-12-17 20:34:05,137] [WARNING] [TSADAdvTrainer] 生成对抗样本时梯度为 None 或包含 NaN/Inf，跳过对抗扰动。
[2025-12-17 20:34:05,481] [WARNING] [TSADAdvTrainer] 生成对抗样本时梯度为 None 或包含 NaN/Inf，跳过对抗扰动。
[2025-12-17 20:34:05,806] [WARNING] [TSADAdvTrainer] 生成对抗样本时梯度为 None 或包含 NaN/Inf，跳过对抗扰动。
[2025-12-17 20:34:06,127] [WARNING] [TSADAdvTrainer] 生成对抗样本时梯度为 None 或包含 NaN/Inf，跳过对抗扰动。
[2025-12-17 20:34:06,456] [WARNING] [TSADAdvTrainer] 生成对抗样本时梯度为 None 或包含 NaN/Inf，跳过对抗扰动。
[2025-12-17 20:34:06,784] [WARNING] [TSADAdvTrainer] 生成对抗样本时梯度为 None 或包含 NaN/Inf，跳过对抗扰动。
[2025-12-17 20:34:07,114] [WARNING] [TSADAdvTrainer] 生成对抗样本时梯度为 None 或包含 NaN/Inf，跳过对抗扰动。
[2025-12-17 20:34:07,443] [WARNING] [TSADAdvTrainer] 生成对抗样本时梯度为 None 或包含 NaN/Inf，跳过对抗扰动。
[2025-12-17 20:34:07,816] [WARNING] [TSADAdvTrainer] 生成对抗样本时梯度为 None 或包含 NaN/Inf，跳过对抗扰动。
[2025-12-17 20:34:08,174] [WARNING] [TSADAdvTrainer] 生成对抗样本时梯度为 None 或包含 NaN/Inf，跳过对抗扰动。
[2025-12-17 20:34:08,524] [WARNING] [TSADAdvTrainer] 生成对抗样本时梯度为 None 或包含 NaN/Inf，跳过对抗扰动。
[2025-12-17 20:34:08,890] [WARNING] [TSADAdvTrainer] 生成对抗样本时梯度为 None 或包含 NaN/Inf，跳过对抗扰动。
[2025-12-17 20:34:09,245] [WARNING] [TSADAdvTrainer] 生成对抗样本时梯度为 None 或包含 NaN/Inf，跳过对抗扰动。
[2025-12-17 20:34:09,599] [WARNING] [TSADAdvTrainer] 生成对抗样本时梯度为 None 或包含 NaN/Inf，跳过对抗扰动。
[2025-12-17 20:34:09,961] [WARNING] [TSADAdvTrainer] 生成对抗样本时梯度为 None 或包含 NaN/Inf，跳过对抗扰动。
[2025-12-17 20:34:10,331] [WARNING] [TSADAdvTrainer] 生成对抗样本时梯度为 None 或包含 NaN/Inf，跳过对抗扰动。
[2025-12-17 20:34:10,675] [WARNING] [TSADAdvTrainer] 生成对抗样本时梯度为 None 或包含 NaN/Inf，跳过对抗扰动。
[2025-12-17 20:34:11,031] [WARNING] [TSADAdvTrainer] 生成对抗样本时梯度为 None 或包含 NaN/Inf，跳过对抗扰动。
[2025-12-17 20:34:11,383] [WARNING] [TSADAdvTrainer] 生成对抗样本时梯度为 None 或包含 NaN/Inf，跳过对抗扰动。
[2025-12-17 20:34:11,732] [WARNING] [TSADAdvTrainer] 生成对抗样本时梯度为 None 或包含 NaN/Inf，跳过对抗扰动。
[2025-12-17 20:34:12,114] [WARNING] [TSADAdvTrainer] 生成对抗样本时梯度为 None 或包含 NaN/Inf，跳过对抗扰动。
[2025-12-17 20:34:12,447] [WARNING] [TSADAdvTrainer] 生成对抗样本时梯度为 None 或包含 NaN/Inf，跳过对抗扰动。
[2025-12-17 20:34:12,806] [WARNING] [TSADAdvTrainer] 生成对抗样本时梯度为 None 或包含 NaN/Inf，跳过对抗扰动。
[2025-12-17 20:34:13,163] [WARNING] [TSADAdvTrainer] 生成对抗样本时梯度为 None 或包含 NaN/Inf，跳过对抗扰动。
[2025-12-17 20:34:13,516] [WARNING] [TSADAdvTrainer] 生成对抗样本时梯度为 None 或包含 NaN/Inf，跳过对抗扰动。
[2025-12-17 20:34:13,859] [WARNING] [TSADAdvTrainer] 生成对抗样本时梯度为 None 或包含 NaN/Inf，跳过对抗扰动。
[2025-12-17 20:34:14,230] [WARNING] [TSADAdvTrainer] 生成对抗样本时梯度为 None 或包含 NaN/Inf，跳过对抗扰动。
[2025-12-17 20:34:14,612] [WARNING] [TSADAdvTrainer] 生成对抗样本时梯度为 None 或包含 NaN/Inf，跳过对抗扰动。
[2025-12-17 20:34:14,974] [WARNING] [TSADAdvTrainer] 生成对抗样本时梯度为 None 或包含 NaN/Inf，跳过对抗扰动。
[2025-12-17 20:34:15,486] [WARNING] [TSADAdvTrainer] 生成对抗样本时梯度为 None 或包含 NaN/Inf，跳过对抗扰动。
[2025-12-17 20:34:15,834] [WARNING] [TSADAdvTrainer] 生成对抗样本时梯度为 None 或包含 NaN/Inf，跳过对抗扰动。
[2025-12-17 20:34:16,184] [WARNING] [TSADAdvTrainer] 生成对抗样本时梯度为 None 或包含 NaN/Inf，跳过对抗扰动。
[2025-12-17 20:34:16,540] [WARNING] [TSADAdvTrainer] 生成对抗样本时梯度为 None 或包含 NaN/Inf，跳过对抗扰动。
[2025-12-17 20:34:16,891] [WARNING] [TSADAdvTrainer] 生成对抗样本时梯度为 None 或包含 NaN/Inf，跳过对抗扰动。
[2025-12-17 20:34:17,248] [WARNING] [TSADAdvTrainer] 生成对抗样本时梯度为 None 或包含 NaN/Inf，跳过对抗扰动。
[2025-12-17 20:34:17,602] [WARNING] [TSADAdvTrainer] 生成对抗样本时梯度为 None 或包含 NaN/Inf，跳过对抗扰动。
[2025-12-17 20:34:17,940] [WARNING] [TSADAdvTrainer] 生成对抗样本时梯度为 None 或包含 NaN/Inf，跳过对抗扰动。
[2025-12-17 20:34:18,288] [WARNING] [TSADAdvTrainer] 生成对抗样本时梯度为 None 或包含 NaN/Inf，跳过对抗扰动。
[2025-12-17 20:34:18,660] [WARNING] [TSADAdvTrainer] 生成对抗样本时梯度为 None 或包含 NaN/Inf，跳过对抗扰动。
[2025-12-17 20:34:19,016] [WARNING] [TSADAdvTrainer] 生成对抗样本时梯度为 None 或包含 NaN/Inf，跳过对抗扰动。
[2025-12-17 20:34:19,382] [WARNING] [TSADAdvTrainer] 生成对抗样本时梯度为 None 或包含 NaN/Inf，跳过对抗扰动。
[2025-12-17 20:34:19,698] [WARNING] [TSADAdvTrainer] 生成对抗样本时梯度为 None 或包含 NaN/Inf，跳过对抗扰动。
[2025-12-17 20:34:20,032] [WARNING] [TSADAdvTrainer] 生成对抗样本时梯度为 None 或包含 NaN/Inf，跳过对抗扰动。
[2025-12-17 20:34:20,345] [WARNING] [TSADAdvTrainer] 生成对抗样本时梯度为 None 或包含 NaN/Inf，跳过对抗扰动。
[2025-12-17 20:34:20,673] [WARNING] [TSADAdvTrainer] 生成对抗样本时梯度为 None 或包含 NaN/Inf，跳过对抗扰动。
[2025-12-17 20:34:21,005] [WARNING] [TSADAdvTrainer] 生成对抗样本时梯度为 None 或包含 NaN/Inf，跳过对抗扰动。
[2025-12-17 20:34:21,340] [WARNING] [TSADAdvTrainer] 生成对抗样本时梯度为 None 或包含 NaN/Inf，跳过对抗扰动。
[2025-12-17 20:34:21,664] [WARNING] [TSADAdvTrainer] 生成对抗样本时梯度为 None 或包含 NaN/Inf，跳过对抗扰动。
[2025-12-17 20:34:21,996] [WARNING] [TSADAdvTrainer] 生成对抗样本时梯度为 None 或包含 NaN/Inf，跳过对抗扰动。
[2025-12-17 20:34:22,318] [WARNING] [TSADAdvTrainer] 生成对抗样本时梯度为 None 或包含 NaN/Inf，跳过对抗扰动。
[2025-12-17 20:34:22,645] [WARNING] [TSADAdvTrainer] 生成对抗样本时梯度为 None 或包含 NaN/Inf，跳过对抗扰动。
[2025-12-17 20:34:22,985] [WARNING] [TSADAdvTrainer] 生成对抗样本时梯度为 None 或包含 NaN/Inf，跳过对抗扰动。
[2025-12-17 20:34:23,320] [WARNING] [TSADAdvTrainer] 生成对抗样本时梯度为 None 或包含 NaN/Inf，跳过对抗扰动。
[2025-12-17 20:34:23,654] [WARNING] [TSADAdvTrainer] 生成对抗样本时梯度为 None 或包含 NaN/Inf，跳过对抗扰动。
[2025-12-17 20:34:23,979] [WARNING] [TSADAdvTrainer] 生成对抗样本时梯度为 None 或包含 NaN/Inf，跳过对抗扰动。
[2025-12-17 20:34:24,302] [WARNING] [TSADAdvTrainer] 生成对抗样本时梯度为 None 或包含 NaN/Inf，跳过对抗扰动。
[2025-12-17 20:34:24,623] [WARNING] [TSADAdvTrainer] 生成对抗样本时梯度为 None 或包含 NaN/Inf，跳过对抗扰动。
[2025-12-17 20:34:24,950] [WARNING] [TSADAdvTrainer] 生成对抗样本时梯度为 None 或包含 NaN/Inf，跳过对抗扰动。
[2025-12-17 20:34:25,298] [WARNING] [TSADAdvTrainer] 生成对抗样本时梯度为 None 或包含 NaN/Inf，跳过对抗扰动。
[2025-12-17 20:34:25,627] [WARNING] [TSADAdvTrainer] 生成对抗样本时梯度为 None 或包含 NaN/Inf，跳过对抗扰动。
[2025-12-17 20:34:25,957] [WARNING] [TSADAdvTrainer] 生成对抗样本时梯度为 None 或包含 NaN/Inf，跳过对抗扰动。
[2025-12-17 20:34:26,334] [WARNING] [TSADAdvTrainer] 生成对抗样本时梯度为 None 或包含 NaN/Inf，跳过对抗扰动。
[2025-12-17 20:34:26,704] [WARNING] [TSADAdvTrainer] 生成对抗样本时梯度为 None 或包含 NaN/Inf，跳过对抗扰动。
[2025-12-17 20:34:27,071] [WARNING] [TSADAdvTrainer] 生成对抗样本时梯度为 None 或包含 NaN/Inf，跳过对抗扰动。
[2025-12-17 20:34:27,433] [WARNING] [TSADAdvTrainer] 生成对抗样本时梯度为 None 或包含 NaN/Inf，跳过对抗扰动。
[2025-12-17 20:34:27,799] [WARNING] [TSADAdvTrainer] 生成对抗样本时梯度为 None 或包含 NaN/Inf，跳过对抗扰动。
[2025-12-17 20:34:28,145] [WARNING] [TSADAdvTrainer] 生成对抗样本时梯度为 None 或包含 NaN/Inf，跳过对抗扰动。
[2025-12-17 20:34:28,427] [WARNING] [TSADAdvTrainer] 生成对抗样本时梯度为 None 或包含 NaN/Inf，跳过对抗扰动。
[2025-12-17 20:34:28,760] [WARNING] [TSADAdvTrainer] 生成对抗样本时梯度为 None 或包含 NaN/Inf，跳过对抗扰动。
[2025-12-17 20:34:29,094] [WARNING] [TSADAdvTrainer] 生成对抗样本时梯度为 None 或包含 NaN/Inf，跳过对抗扰动。
[2025-12-17 20:34:29,426] [WARNING] [TSADAdvTrainer] 生成对抗样本时梯度为 None 或包含 NaN/Inf，跳过对抗扰动。
[2025-12-17 20:34:29,801] [WARNING] [TSADAdvTrainer] 生成对抗样本时梯度为 None 或包含 NaN/Inf，跳过对抗扰动。
[2025-12-17 20:34:30,123] [WARNING] [TSADAdvTrainer] 生成对抗样本时梯度为 None 或包含 NaN/Inf，跳过对抗扰动。
[2025-12-17 20:34:30,449] [WARNING] [TSADAdvTrainer] 生成对抗样本时梯度为 None 或包含 NaN/Inf，跳过对抗扰动。
[2025-12-17 20:34:30,806] [WARNING] [TSADAdvTrainer] 生成对抗样本时梯度为 None 或包含 NaN/Inf，跳过对抗扰动。
[2025-12-17 20:34:31,149] [WARNING] [TSADAdvTrainer] 生成对抗样本时梯度为 None 或包含 NaN/Inf，跳过对抗扰动。
[2025-12-17 20:34:31,478] [WARNING] [TSADAdvTrainer] 生成对抗样本时梯度为 None 或包含 NaN/Inf，跳过对抗扰动。
[2025-12-17 20:34:31,813] [WARNING] [TSADAdvTrainer] 生成对抗样本时梯度为 None 或包含 NaN/Inf，跳过对抗扰动。
[2025-12-17 20:34:32,149] [WARNING] [TSADAdvTrainer] 生成对抗样本时梯度为 None 或包含 NaN/Inf，跳过对抗扰动。
[2025-12-17 20:34:32,474] [WARNING] [TSADAdvTrainer] 生成对抗样本时梯度为 None 或包含 NaN/Inf，跳过对抗扰动。
[2025-12-17 20:34:32,805] [WARNING] [TSADAdvTrainer] 生成对抗样本时梯度为 None 或包含 NaN/Inf，跳过对抗扰动。
[2025-12-17 20:34:33,139] [WARNING] [TSADAdvTrainer] 生成对抗样本时梯度为 None 或包含 NaN/Inf，跳过对抗扰动。
[2025-12-17 20:34:33,461] [WARNING] [TSADAdvTrainer] 生成对抗样本时梯度为 None 或包含 NaN/Inf，跳过对抗扰动。
[2025-12-17 20:34:33,785] [WARNING] [TSADAdvTrainer] 生成对抗样本时梯度为 None 或包含 NaN/Inf，跳过对抗扰动。
[2025-12-17 20:34:34,122] [WARNING] [TSADAdvTrainer] 生成对抗样本时梯度为 None 或包含 NaN/Inf，跳过对抗扰动。
[2025-12-17 20:34:34,454] [WARNING] [TSADAdvTrainer] 生成对抗样本时梯度为 None 或包含 NaN/Inf，跳过对抗扰动。
[2025-12-17 20:34:34,762] [WARNING] [TSADAdvTrainer] 生成对抗样本时梯度为 None 或包含 NaN/Inf，跳过对抗扰动。
[2025-12-17 20:34:35,132] [WARNING] [TSADAdvTrainer] 生成对抗样本时梯度为 None 或包含 NaN/Inf，跳过对抗扰动。
[2025-12-17 20:34:35,475] [WARNING] [TSADAdvTrainer] 生成对抗样本时梯度为 None 或包含 NaN/Inf，跳过对抗扰动。
[2025-12-17 20:34:35,828] [WARNING] [TSADAdvTrainer] 生成对抗样本时梯度为 None 或包含 NaN/Inf，跳过对抗扰动。
[2025-12-17 20:34:36,173] [WARNING] [TSADAdvTrainer] 生成对抗样本时梯度为 None 或包含 NaN/Inf，跳过对抗扰动。
[2025-12-17 20:34:36,548] [WARNING] [TSADAdvTrainer] 生成对抗样本时梯度为 None 或包含 NaN/Inf，跳过对抗扰动。
[2025-12-17 20:34:36,918] [WARNING] [TSADAdvTrainer] 生成对抗样本时梯度为 None 或包含 NaN/Inf，跳过对抗扰动。
[2025-12-17 20:34:37,218] [WARNING] [TSADAdvTrainer] 生成对抗样本时梯度为 None 或包含 NaN/Inf，跳过对抗扰动。
[2025-12-17 20:34:37,530] [WARNING] [TSADAdvTrainer] 生成对抗样本时梯度为 None 或包含 NaN/Inf，跳过对抗扰动。
[2025-12-17 20:34:37,863] [WARNING] [TSADAdvTrainer] 生成对抗样本时梯度为 None 或包含 NaN/Inf，跳过对抗扰动。
[2025-12-17 20:34:38,197] [WARNING] [TSADAdvTrainer] 生成对抗样本时梯度为 None 或包含 NaN/Inf，跳过对抗扰动。
[2025-12-17 20:34:38,518] [WARNING] [TSADAdvTrainer] 生成对抗样本时梯度为 None 或包含 NaN/Inf，跳过对抗扰动。
[2025-12-17 20:34:38,844] [WARNING] [TSADAdvTrainer] 生成对抗样本时梯度为 None 或包含 NaN/Inf，跳过对抗扰动。
[2025-12-17 20:34:39,183] [WARNING] [TSADAdvTrainer] 生成对抗样本时梯度为 None 或包含 NaN/Inf，跳过对抗扰动。
[2025-12-17 20:34:39,508] [WARNING] [TSADAdvTrainer] 生成对抗样本时梯度为 None 或包含 NaN/Inf，跳过对抗扰动。
[2025-12-17 20:34:39,840] [WARNING] [TSADAdvTrainer] 生成对抗样本时梯度为 None 或包含 NaN/Inf，跳过对抗扰动。
[2025-12-17 20:34:40,170] [WARNING] [TSADAdvTrainer] 生成对抗样本时梯度为 None 或包含 NaN/Inf，跳过对抗扰动。
[2025-12-17 20:34:40,514] [WARNING] [TSADAdvTrainer] 生成对抗样本时梯度为 None 或包含 NaN/Inf，跳过对抗扰动。
[2025-12-17 20:34:40,848] [WARNING] [TSADAdvTrainer] 生成对抗样本时梯度为 None 或包含 NaN/Inf，跳过对抗扰动。
[2025-12-17 20:34:41,182] [WARNING] [TSADAdvTrainer] 生成对抗样本时梯度为 None 或包含 NaN/Inf，跳过对抗扰动。
[2025-12-17 20:34:41,500] [WARNING] [TSADAdvTrainer] 生成对抗样本时梯度为 None 或包含 NaN/Inf，跳过对抗扰动。
[2025-12-17 20:34:41,834] [WARNING] [TSADAdvTrainer] 生成对抗样本时梯度为 None 或包含 NaN/Inf，跳过对抗扰动。
[2025-12-17 20:34:42,167] [WARNING] [TSADAdvTrainer] 生成对抗样本时梯度为 None 或包含 NaN/Inf，跳过对抗扰动。
[2025-12-17 20:34:42,499] [WARNING] [TSADAdvTrainer] 生成对抗样本时梯度为 None 或包含 NaN/Inf，跳过对抗扰动。
[2025-12-17 20:34:42,831] [WARNING] [TSADAdvTrainer] 生成对抗样本时梯度为 None 或包含 NaN/Inf，跳过对抗扰动。
[2025-12-17 20:34:43,168] [WARNING] [TSADAdvTrainer] 生成对抗样本时梯度为 None 或包含 NaN/Inf，跳过对抗扰动。
[2025-12-17 20:34:43,504] [WARNING] [TSADAdvTrainer] 生成对抗样本时梯度为 None 或包含 NaN/Inf，跳过对抗扰动。
[2025-12-17 20:34:43,793] [WARNING] [TSADAdvTrainer] 生成对抗样本时梯度为 None 或包含 NaN/Inf，跳过对抗扰动。
[2025-12-17 20:34:44,157] [WARNING] [TSADAdvTrainer] 生成对抗样本时梯度为 None 或包含 NaN/Inf，跳过对抗扰动。
[2025-12-17 20:34:44,518] [WARNING] [TSADAdvTrainer] 生成对抗样本时梯度为 None 或包含 NaN/Inf，跳过对抗扰动。
[2025-12-17 20:34:44,897] [WARNING] [TSADAdvTrainer] 生成对抗样本时梯度为 None 或包含 NaN/Inf，跳过对抗扰动。
[2025-12-17 20:34:45,280] [WARNING] [TSADAdvTrainer] 生成对抗样本时梯度为 None 或包含 NaN/Inf，跳过对抗扰动。
[2025-12-17 20:34:45,648] [WARNING] [TSADAdvTrainer] 生成对抗样本时梯度为 None 或包含 NaN/Inf，跳过对抗扰动。
[2025-12-17 20:34:46,031] [WARNING] [TSADAdvTrainer] 生成对抗样本时梯度为 None 或包含 NaN/Inf，跳过对抗扰动。
[2025-12-17 20:34:46,380] [WARNING] [TSADAdvTrainer] 生成对抗样本时梯度为 None 或包含 NaN/Inf，跳过对抗扰动。
[2025-12-17 20:34:46,752] [WARNING] [TSADAdvTrainer] 生成对抗样本时梯度为 None 或包含 NaN/Inf，跳过对抗扰动。
[2025-12-17 20:34:47,111] [WARNING] [TSADAdvTrainer] 生成对抗样本时梯度为 None 或包含 NaN/Inf，跳过对抗扰动。
[2025-12-17 20:34:47,472] [WARNING] [TSADAdvTrainer] 生成对抗样本时梯度为 None 或包含 NaN/Inf，跳过对抗扰动。
[2025-12-17 20:34:47,820] [WARNING] [TSADAdvTrainer] 生成对抗样本时梯度为 None 或包含 NaN/Inf，跳过对抗扰动。
[2025-12-17 20:34:48,165] [WARNING] [TSADAdvTrainer] 生成对抗样本时梯度为 None 或包含 NaN/Inf，跳过对抗扰动。
[2025-12-17 20:34:48,516] [WARNING] [TSADAdvTrainer] 生成对抗样本时梯度为 None 或包含 NaN/Inf，跳过对抗扰动。
[2025-12-17 20:34:48,883] [WARNING] [TSADAdvTrainer] 生成对抗样本时梯度为 None 或包含 NaN/Inf，跳过对抗扰动。
[2025-12-17 20:34:49,251] [WARNING] [TSADAdvTrainer] 生成对抗样本时梯度为 None 或包含 NaN/Inf，跳过对抗扰动。
[2025-12-17 20:34:49,596] [WARNING] [TSADAdvTrainer] 生成对抗样本时梯度为 None 或包含 NaN/Inf，跳过对抗扰动。
[2025-12-17 20:34:49,953] [WARNING] [TSADAdvTrainer] 生成对抗样本时梯度为 None 或包含 NaN/Inf，跳过对抗扰动。
[2025-12-17 20:34:50,328] [WARNING] [TSADAdvTrainer] 生成对抗样本时梯度为 None 或包含 NaN/Inf，跳过对抗扰动。
[2025-12-17 20:34:50,708] [WARNING] [TSADAdvTrainer] 生成对抗样本时梯度为 None 或包含 NaN/Inf，跳过对抗扰动。
[2025-12-17 20:34:51,058] [WARNING] [TSADAdvTrainer] 生成对抗样本时梯度为 None 或包含 NaN/Inf，跳过对抗扰动。
[2025-12-17 20:34:51,430] [WARNING] [TSADAdvTrainer] 生成对抗样本时梯度为 None 或包含 NaN/Inf，跳过对抗扰动。
[2025-12-17 20:34:51,802] [WARNING] [TSADAdvTrainer] 生成对抗样本时梯度为 None 或包含 NaN/Inf，跳过对抗扰动。
[2025-12-17 20:34:52,158] [WARNING] [TSADAdvTrainer] 生成对抗样本时梯度为 None 或包含 NaN/Inf，跳过对抗扰动。
[2025-12-17 20:34:52,528] [WARNING] [TSADAdvTrainer] 生成对抗样本时梯度为 None 或包含 NaN/Inf，跳过对抗扰动。
[2025-12-17 20:34:52,928] [WARNING] [TSADAdvTrainer] 生成对抗样本时梯度为 None 或包含 NaN/Inf，跳过对抗扰动。
[2025-12-17 20:34:53,297] [WARNING] [TSADAdvTrainer] 生成对抗样本时梯度为 None 或包含 NaN/Inf，跳过对抗扰动。
[2025-12-17 20:34:53,685] [WARNING] [TSADAdvTrainer] 生成对抗样本时梯度为 None 或包含 NaN/Inf，跳过对抗扰动。
[2025-12-17 20:34:54,057] [WARNING] [TSADAdvTrainer] 生成对抗样本时梯度为 None 或包含 NaN/Inf，跳过对抗扰动。
[2025-12-17 20:34:54,439] [WARNING] [TSADAdvTrainer] 生成对抗样本时梯度为 None 或包含 NaN/Inf，跳过对抗扰动。
[2025-12-17 20:34:54,801] [WARNING] [TSADAdvTrainer] 生成对抗样本时梯度为 None 或包含 NaN/Inf，跳过对抗扰动。
[2025-12-17 20:34:55,181] [WARNING] [TSADAdvTrainer] 生成对抗样本时梯度为 None 或包含 NaN/Inf，跳过对抗扰动。
[2025-12-17 20:34:55,537] [WARNING] [TSADAdvTrainer] 生成对抗样本时梯度为 None 或包含 NaN/Inf，跳过对抗扰动。
[2025-12-17 20:34:55,914] [WARNING] [TSADAdvTrainer] 生成对抗样本时梯度为 None 或包含 NaN/Inf，跳过对抗扰动。
[2025-12-17 20:34:56,258] [WARNING] [TSADAdvTrainer] 生成对抗样本时梯度为 None 或包含 NaN/Inf，跳过对抗扰动。
[2025-12-17 20:34:56,619] [WARNING] [TSADAdvTrainer] 生成对抗样本时梯度为 None 或包含 NaN/Inf，跳过对抗扰动。
[2025-12-17 20:34:56,984] [WARNING] [TSADAdvTrainer] 生成对抗样本时梯度为 None 或包含 NaN/Inf，跳过对抗扰动。
[2025-12-17 20:34:57,346] [WARNING] [TSADAdvTrainer] 生成对抗样本时梯度为 None 或包含 NaN/Inf，跳过对抗扰动。
[2025-12-17 20:34:57,710] [WARNING] [TSADAdvTrainer] 生成对抗样本时梯度为 None 或包含 NaN/Inf，跳过对抗扰动。
[2025-12-17 20:34:58,059] [WARNING] [TSADAdvTrainer] 生成对抗样本时梯度为 None 或包含 NaN/Inf，跳过对抗扰动。
[2025-12-17 20:34:58,372] [WARNING] [TSADAdvTrainer] 生成对抗样本时梯度为 None 或包含 NaN/Inf，跳过对抗扰动。
[2025-12-17 20:34:58,685] [WARNING] [TSADAdvTrainer] 生成对抗样本时梯度为 None 或包含 NaN/Inf，跳过对抗扰动。
[2025-12-17 20:34:59,009] [WARNING] [TSADAdvTrainer] 生成对抗样本时梯度为 None 或包含 NaN/Inf，跳过对抗扰动。
[2025-12-17 20:34:59,341] [WARNING] [TSADAdvTrainer] 生成对抗样本时梯度为 None 或包含 NaN/Inf，跳过对抗扰动。
[2025-12-17 20:34:59,675] [WARNING] [TSADAdvTrainer] 生成对抗样本时梯度为 None 或包含 NaN/Inf，跳过对抗扰动。
[2025-12-17 20:35:00,019] [WARNING] [TSADAdvTrainer] 生成对抗样本时梯度为 None 或包含 NaN/Inf，跳过对抗扰动。
[2025-12-17 20:35:00,362] [WARNING] [TSADAdvTrainer] 生成对抗样本时梯度为 None 或包含 NaN/Inf，跳过对抗扰动。
[2025-12-17 20:35:00,692] [WARNING] [TSADAdvTrainer] 生成对抗样本时梯度为 None 或包含 NaN/Inf，跳过对抗扰动。
[2025-12-17 20:35:01,024] [WARNING] [TSADAdvTrainer] 生成对抗样本时梯度为 None 或包含 NaN/Inf，跳过对抗扰动。
[2025-12-17 20:35:01,356] [WARNING] [TSADAdvTrainer] 生成对抗样本时梯度为 None 或包含 NaN/Inf，跳过对抗扰动。
[2025-12-17 20:35:01,701] [WARNING] [TSADAdvTrainer] 生成对抗样本时梯度为 None 或包含 NaN/Inf，跳过对抗扰动。
[2025-12-17 20:35:02,040] [WARNING] [TSADAdvTrainer] 生成对抗样本时梯度为 None 或包含 NaN/Inf，跳过对抗扰动。
[2025-12-17 20:35:02,376] [WARNING] [TSADAdvTrainer] 生成对抗样本时梯度为 None 或包含 NaN/Inf，跳过对抗扰动。
[2025-12-17 20:35:02,701] [WARNING] [TSADAdvTrainer] 生成对抗样本时梯度为 None 或包含 NaN/Inf，跳过对抗扰动。
[2025-12-17 20:35:03,045] [WARNING] [TSADAdvTrainer] 生成对抗样本时梯度为 None 或包含 NaN/Inf，跳过对抗扰动。
[2025-12-17 20:35:03,376] [WARNING] [TSADAdvTrainer] 生成对抗样本时梯度为 None 或包含 NaN/Inf，跳过对抗扰动。
[2025-12-17 20:35:03,696] [WARNING] [TSADAdvTrainer] 生成对抗样本时梯度为 None 或包含 NaN/Inf，跳过对抗扰动。
[2025-12-17 20:35:04,082] [WARNING] [TSADAdvTrainer] 生成对抗样本时梯度为 None 或包含 NaN/Inf，跳过对抗扰动。
[2025-12-17 20:35:04,444] [WARNING] [TSADAdvTrainer] 生成对抗样本时梯度为 None 或包含 NaN/Inf，跳过对抗扰动。
[2025-12-17 20:35:04,828] [WARNING] [TSADAdvTrainer] 生成对抗样本时梯度为 None 或包含 NaN/Inf，跳过对抗扰动。
[2025-12-17 20:35:05,209] [WARNING] [TSADAdvTrainer] 生成对抗样本时梯度为 None 或包含 NaN/Inf，跳过对抗扰动。
[2025-12-17 20:35:05,588] [WARNING] [TSADAdvTrainer] 生成对抗样本时梯度为 None 或包含 NaN/Inf，跳过对抗扰动。
[2025-12-17 20:35:05,945] [WARNING] [TSADAdvTrainer] 生成对抗样本时梯度为 None 或包含 NaN/Inf，跳过对抗扰动。
[2025-12-17 20:35:06,320] [WARNING] [TSADAdvTrainer] 生成对抗样本时梯度为 None 或包含 NaN/Inf，跳过对抗扰动。
[2025-12-17 20:35:06,666] [WARNING] [TSADAdvTrainer] 生成对抗样本时梯度为 None 或包含 NaN/Inf，跳过对抗扰动。
[2025-12-17 20:35:07,047] [WARNING] [TSADAdvTrainer] 生成对抗样本时梯度为 None 或包含 NaN/Inf，跳过对抗扰动。
[2025-12-17 20:35:07,414] [WARNING] [TSADAdvTrainer] 生成对抗样本时梯度为 None 或包含 NaN/Inf，跳过对抗扰动。
[2025-12-17 20:35:07,796] [WARNING] [TSADAdvTrainer] 生成对抗样本时梯度为 None 或包含 NaN/Inf，跳过对抗扰动。
[2025-12-17 20:35:08,236] [WARNING] [TSADAdvTrainer] 生成对抗样本时梯度为 None 或包含 NaN/Inf，跳过对抗扰动。
[2025-12-17 20:35:08,610] [WARNING] [TSADAdvTrainer] 生成对抗样本时梯度为 None 或包含 NaN/Inf，跳过对抗扰动。
[2025-12-17 20:35:08,983] [WARNING] [TSADAdvTrainer] 生成对抗样本时梯度为 None 或包含 NaN/Inf，跳过对抗扰动。
[2025-12-17 20:35:09,353] [WARNING] [TSADAdvTrainer] 生成对抗样本时梯度为 None 或包含 NaN/Inf，跳过对抗扰动。
[2025-12-17 20:35:09,740] [WARNING] [TSADAdvTrainer] 生成对抗样本时梯度为 None 或包含 NaN/Inf，跳过对抗扰动。
[2025-12-17 20:35:10,108] [WARNING] [TSADAdvTrainer] 生成对抗样本时梯度为 None 或包含 NaN/Inf，跳过对抗扰动。
[2025-12-17 20:35:10,474] [WARNING] [TSADAdvTrainer] 生成对抗样本时梯度为 None 或包含 NaN/Inf，跳过对抗扰动。
[2025-12-17 20:35:10,849] [WARNING] [TSADAdvTrainer] 生成对抗样本时梯度为 None 或包含 NaN/Inf，跳过对抗扰动。
[2025-12-17 20:35:11,230] [WARNING] [TSADAdvTrainer] 生成对抗样本时梯度为 None 或包含 NaN/Inf，跳过对抗扰动。
[2025-12-17 20:35:11,612] [WARNING] [TSADAdvTrainer] 生成对抗样本时梯度为 None 或包含 NaN/Inf，跳过对抗扰动。
[2025-12-17 20:35:11,985] [WARNING] [TSADAdvTrainer] 生成对抗样本时梯度为 None 或包含 NaN/Inf，跳过对抗扰动。
[2025-12-17 20:35:12,345] [WARNING] [TSADAdvTrainer] 生成对抗样本时梯度为 None 或包含 NaN/Inf，跳过对抗扰动。
[2025-12-17 20:35:12,730] [WARNING] [TSADAdvTrainer] 生成对抗样本时梯度为 None 或包含 NaN/Inf，跳过对抗扰动。
[2025-12-17 20:35:13,104] [WARNING] [TSADAdvTrainer] 生成对抗样本时梯度为 None 或包含 NaN/Inf，跳过对抗扰动。
[2025-12-17 20:35:13,488] [WARNING] [TSADAdvTrainer] 生成对抗样本时梯度为 None 或包含 NaN/Inf，跳过对抗扰动。
[2025-12-17 20:35:13,836] [WARNING] [TSADAdvTrainer] 生成对抗样本时梯度为 None 或包含 NaN/Inf，跳过对抗扰动。
[2025-12-17 20:35:14,196] [WARNING] [TSADAdvTrainer] 生成对抗样本时梯度为 None 或包含 NaN/Inf，跳过对抗扰动。
[2025-12-17 20:35:14,549] [WARNING] [TSADAdvTrainer] 生成对抗样本时梯度为 None 或包含 NaN/Inf，跳过对抗扰动。
[2025-12-17 20:35:14,868] [WARNING] [TSADAdvTrainer] 生成对抗样本时梯度为 None 或包含 NaN/Inf，跳过对抗扰动。
[2025-12-17 20:35:15,191] [WARNING] [TSADAdvTrainer] 生成对抗样本时梯度为 None 或包含 NaN/Inf，跳过对抗扰动。
[2025-12-17 20:35:15,540] [WARNING] [TSADAdvTrainer] 生成对抗样本时梯度为 None 或包含 NaN/Inf，跳过对抗扰动。
[2025-12-17 20:35:15,881] [WARNING] [TSADAdvTrainer] 生成对抗样本时梯度为 None 或包含 NaN/Inf，跳过对抗扰动。
[2025-12-17 20:35:16,220] [WARNING] [TSADAdvTrainer] 生成对抗样本时梯度为 None 或包含 NaN/Inf，跳过对抗扰动。
[2025-12-17 20:35:16,545] [WARNING] [TSADAdvTrainer] 生成对抗样本时梯度为 None 或包含 NaN/Inf，跳过对抗扰动。
[2025-12-17 20:35:16,876] [WARNING] [TSADAdvTrainer] 生成对抗样本时梯度为 None 或包含 NaN/Inf，跳过对抗扰动。
[2025-12-17 20:35:17,227] [WARNING] [TSADAdvTrainer] 生成对抗样本时梯度为 None 或包含 NaN/Inf，跳过对抗扰动。
[2025-12-17 20:35:17,555] [WARNING] [TSADAdvTrainer] 生成对抗样本时梯度为 None 或包含 NaN/Inf，跳过对抗扰动。
[2025-12-17 20:35:17,883] [WARNING] [TSADAdvTrainer] 生成对抗样本时梯度为 None 或包含 NaN/Inf，跳过对抗扰动。
[2025-12-17 20:35:18,231] [WARNING] [TSADAdvTrainer] 生成对抗样本时梯度为 None 或包含 NaN/Inf，跳过对抗扰动。
[2025-12-17 20:35:18,574] [WARNING] [TSADAdvTrainer] 生成对抗样本时梯度为 None 或包含 NaN/Inf，跳过对抗扰动。
[2025-12-17 20:35:18,909] [WARNING] [TSADAdvTrainer] 生成对抗样本时梯度为 None 或包含 NaN/Inf，跳过对抗扰动。
[2025-12-17 20:35:19,233] [WARNING] [TSADAdvTrainer] 生成对抗样本时梯度为 None 或包含 NaN/Inf，跳过对抗扰动。
[2025-12-17 20:35:19,556] [WARNING] [TSADAdvTrainer] 生成对抗样本时梯度为 None 或包含 NaN/Inf，跳过对抗扰动。
[2025-12-17 20:35:19,891] [WARNING] [TSADAdvTrainer] 生成对抗样本时梯度为 None 或包含 NaN/Inf，跳过对抗扰动。
[2025-12-17 20:35:20,225] [WARNING] [TSADAdvTrainer] 生成对抗样本时梯度为 None 或包含 NaN/Inf，跳过对抗扰动。
[2025-12-17 20:35:20,558] [WARNING] [TSADAdvTrainer] 生成对抗样本时梯度为 None 或包含 NaN/Inf，跳过对抗扰动。
[2025-12-17 20:35:20,854] [WARNING] [TSADAdvTrainer] 生成对抗样本时梯度为 None 或包含 NaN/Inf，跳过对抗扰动。
[2025-12-17 20:35:21,231] [WARNING] [TSADAdvTrainer] 生成对抗样本时梯度为 None 或包含 NaN/Inf，跳过对抗扰动。
[2025-12-17 20:35:21,598] [WARNING] [TSADAdvTrainer] 生成对抗样本时梯度为 None 或包含 NaN/Inf，跳过对抗扰动。
[2025-12-17 20:35:21,967] [WARNING] [TSADAdvTrainer] 生成对抗样本时梯度为 None 或包含 NaN/Inf，跳过对抗扰动。
[2025-12-17 20:35:22,323] [WARNING] [TSADAdvTrainer] 生成对抗样本时梯度为 None 或包含 NaN/Inf，跳过对抗扰动。
[2025-12-17 20:35:22,694] [WARNING] [TSADAdvTrainer] 生成对抗样本时梯度为 None 或包含 NaN/Inf，跳过对抗扰动。
[2025-12-17 20:35:23,051] [WARNING] [TSADAdvTrainer] 生成对抗样本时梯度为 None 或包含 NaN/Inf，跳过对抗扰动。
[2025-12-17 20:35:23,397] [WARNING] [TSADAdvTrainer] 生成对抗样本时梯度为 None 或包含 NaN/Inf，跳过对抗扰动。
[2025-12-17 20:35:23,759] [WARNING] [TSADAdvTrainer] 生成对抗样本时梯度为 None 或包含 NaN/Inf，跳过对抗扰动。
[2025-12-17 20:35:24,130] [WARNING] [TSADAdvTrainer] 生成对抗样本时梯度为 None 或包含 NaN/Inf，跳过对抗扰动。
[2025-12-17 20:35:24,503] [WARNING] [TSADAdvTrainer] 生成对抗样本时梯度为 None 或包含 NaN/Inf，跳过对抗扰动。
[2025-12-17 20:35:24,854] [WARNING] [TSADAdvTrainer] 生成对抗样本时梯度为 None 或包含 NaN/Inf，跳过对抗扰动。
[2025-12-17 20:35:25,231] [WARNING] [TSADAdvTrainer] 生成对抗样本时梯度为 None 或包含 NaN/Inf，跳过对抗扰动。
[2025-12-17 20:35:25,716] [WARNING] [TSADAdvTrainer] 生成对抗样本时梯度为 None 或包含 NaN/Inf，跳过对抗扰动。
[2025-12-17 20:35:26,091] [WARNING] [TSADAdvTrainer] 生成对抗样本时梯度为 None 或包含 NaN/Inf，跳过对抗扰动。
[2025-12-17 20:35:26,453] [WARNING] [TSADAdvTrainer] 生成对抗样本时梯度为 None 或包含 NaN/Inf，跳过对抗扰动。
[2025-12-17 20:35:26,835] [WARNING] [TSADAdvTrainer] 生成对抗样本时梯度为 None 或包含 NaN/Inf，跳过对抗扰动。
[2025-12-17 20:35:27,204] [WARNING] [TSADAdvTrainer] 生成对抗样本时梯度为 None 或包含 NaN/Inf，跳过对抗扰动。
[2025-12-17 20:35:27,575] [WARNING] [TSADAdvTrainer] 生成对抗样本时梯度为 None 或包含 NaN/Inf，跳过对抗扰动。
[2025-12-17 20:35:27,937] [WARNING] [TSADAdvTrainer] 生成对抗样本时梯度为 None 或包含 NaN/Inf，跳过对抗扰动。
[2025-12-17 20:35:28,306] [WARNING] [TSADAdvTrainer] 生成对抗样本时梯度为 None 或包含 NaN/Inf，跳过对抗扰动。
[2025-12-17 20:35:28,669] [WARNING] [TSADAdvTrainer] 生成对抗样本时梯度为 None 或包含 NaN/Inf，跳过对抗扰动。
[2025-12-17 20:35:29,033] [WARNING] [TSADAdvTrainer] 生成对抗样本时梯度为 None 或包含 NaN/Inf，跳过对抗扰动。
[2025-12-17 20:35:29,409] [WARNING] [TSADAdvTrainer] 生成对抗样本时梯度为 None 或包含 NaN/Inf，跳过对抗扰动。
[2025-12-17 20:35:29,765] [WARNING] [TSADAdvTrainer] 生成对抗样本时梯度为 None 或包含 NaN/Inf，跳过对抗扰动。
[2025-12-17 20:35:30,136] [WARNING] [TSADAdvTrainer] 生成对抗样本时梯度为 None 或包含 NaN/Inf，跳过对抗扰动。
[2025-12-17 20:35:30,493] [WARNING] [TSADAdvTrainer] 生成对抗样本时梯度为 None 或包含 NaN/Inf，跳过对抗扰动。
[2025-12-17 20:35:30,871] [WARNING] [TSADAdvTrainer] 生成对抗样本时梯度为 None 或包含 NaN/Inf，跳过对抗扰动。
[2025-12-17 20:35:31,235] [WARNING] [TSADAdvTrainer] 生成对抗样本时梯度为 None 或包含 NaN/Inf，跳过对抗扰动。
[2025-12-17 20:35:31,601] [WARNING] [TSADAdvTrainer] 生成对抗样本时梯度为 None 或包含 NaN/Inf，跳过对抗扰动。
[2025-12-17 20:35:31,972] [WARNING] [TSADAdvTrainer] 生成对抗样本时梯度为 None 或包含 NaN/Inf，跳过对抗扰动。
[2025-12-17 20:35:32,325] [WARNING] [TSADAdvTrainer] 生成对抗样本时梯度为 None 或包含 NaN/Inf，跳过对抗扰动。
[2025-12-17 20:35:32,694] [WARNING] [TSADAdvTrainer] 生成对抗样本时梯度为 None 或包含 NaN/Inf，跳过对抗扰动。
[2025-12-17 20:35:33,052] [WARNING] [TSADAdvTrainer] 生成对抗样本时梯度为 None 或包含 NaN/Inf，跳过对抗扰动。
[2025-12-17 20:35:33,416] [WARNING] [TSADAdvTrainer] 生成对抗样本时梯度为 None 或包含 NaN/Inf，跳过对抗扰动。
[2025-12-17 20:35:33,799] [WARNING] [TSADAdvTrainer] 生成对抗样本时梯度为 None 或包含 NaN/Inf，跳过对抗扰动。
[2025-12-17 20:35:34,154] [WARNING] [TSADAdvTrainer] 生成对抗样本时梯度为 None 或包含 NaN/Inf，跳过对抗扰动。
[2025-12-17 20:35:34,524] [WARNING] [TSADAdvTrainer] 生成对抗样本时梯度为 None 或包含 NaN/Inf，跳过对抗扰动。
[2025-12-17 20:35:34,891] [WARNING] [TSADAdvTrainer] 生成对抗样本时梯度为 None 或包含 NaN/Inf，跳过对抗扰动。
[2025-12-17 20:35:35,260] [WARNING] [TSADAdvTrainer] 生成对抗样本时梯度为 None 或包含 NaN/Inf，跳过对抗扰动。
[2025-12-17 20:35:35,610] [WARNING] [TSADAdvTrainer] 生成对抗样本时梯度为 None 或包含 NaN/Inf，跳过对抗扰动。
[2025-12-17 20:35:35,903] [WARNING] [TSADAdvTrainer] 生成对抗样本时梯度为 None 或包含 NaN/Inf，跳过对抗扰动。
[2025-12-17 20:35:36,227] [WARNING] [TSADAdvTrainer] 生成对抗样本时梯度为 None 或包含 NaN/Inf，跳过对抗扰动。
[2025-12-17 20:35:36,573] [WARNING] [TSADAdvTrainer] 生成对抗样本时梯度为 None 或包含 NaN/Inf，跳过对抗扰动。
[2025-12-17 20:35:36,904] [WARNING] [TSADAdvTrainer] 生成对抗样本时梯度为 None 或包含 NaN/Inf，跳过对抗扰动。
[2025-12-17 20:35:37,231] [WARNING] [TSADAdvTrainer] 生成对抗样本时梯度为 None 或包含 NaN/Inf，跳过对抗扰动。
[2025-12-17 20:35:37,625] [WARNING] [TSADAdvTrainer] 生成对抗样本时梯度为 None 或包含 NaN/Inf，跳过对抗扰动。
[2025-12-17 20:35:37,965] [WARNING] [TSADAdvTrainer] 生成对抗样本时梯度为 None 或包含 NaN/Inf，跳过对抗扰动。
[2025-12-17 20:35:38,301] [WARNING] [TSADAdvTrainer] 生成对抗样本时梯度为 None 或包含 NaN/Inf，跳过对抗扰动。
[2025-12-17 20:35:38,630] [WARNING] [TSADAdvTrainer] 生成对抗样本时梯度为 None 或包含 NaN/Inf，跳过对抗扰动。
[2025-12-17 20:35:38,961] [WARNING] [TSADAdvTrainer] 生成对抗样本时梯度为 None 或包含 NaN/Inf，跳过对抗扰动。
[2025-12-17 20:35:39,313] [WARNING] [TSADAdvTrainer] 生成对抗样本时梯度为 None 或包含 NaN/Inf，跳过对抗扰动。
[2025-12-17 20:35:39,644] [WARNING] [TSADAdvTrainer] 生成对抗样本时梯度为 None 或包含 NaN/Inf，跳过对抗扰动。
[2025-12-17 20:35:39,981] [WARNING] [TSADAdvTrainer] 生成对抗样本时梯度为 None 或包含 NaN/Inf，跳过对抗扰动。
[2025-12-17 20:35:40,313] [WARNING] [TSADAdvTrainer] 生成对抗样本时梯度为 None 或包含 NaN/Inf，跳过对抗扰动。
[2025-12-17 20:35:40,641] [WARNING] [TSADAdvTrainer] 生成对抗样本时梯度为 None 或包含 NaN/Inf，跳过对抗扰动。
[2025-12-17 20:35:40,974] [WARNING] [TSADAdvTrainer] 生成对抗样本时梯度为 None 或包含 NaN/Inf，跳过对抗扰动。
[2025-12-17 20:35:41,300] [WARNING] [TSADAdvTrainer] 生成对抗样本时梯度为 None 或包含 NaN/Inf，跳过对抗扰动。
[2025-12-17 20:35:41,644] [WARNING] [TSADAdvTrainer] 生成对抗样本时梯度为 None 或包含 NaN/Inf，跳过对抗扰动。
[2025-12-17 20:35:41,972] [WARNING] [TSADAdvTrainer] 生成对抗样本时梯度为 None 或包含 NaN/Inf，跳过对抗扰动。
[2025-12-17 20:35:42,320] [WARNING] [TSADAdvTrainer] 生成对抗样本时梯度为 None 或包含 NaN/Inf，跳过对抗扰动。
[2025-12-17 20:35:42,689] [WARNING] [TSADAdvTrainer] 生成对抗样本时梯度为 None 或包含 NaN/Inf，跳过对抗扰动。
[2025-12-17 20:35:43,066] [WARNING] [TSADAdvTrainer] 生成对抗样本时梯度为 None 或包含 NaN/Inf，跳过对抗扰动。
[2025-12-17 20:35:43,434] [WARNING] [TSADAdvTrainer] 生成对抗样本时梯度为 None 或包含 NaN/Inf，跳过对抗扰动。
[2025-12-17 20:35:43,795] [WARNING] [TSADAdvTrainer] 生成对抗样本时梯度为 None 或包含 NaN/Inf，跳过对抗扰动。
[2025-12-17 20:35:44,159] [WARNING] [TSADAdvTrainer] 生成对抗样本时梯度为 None 或包含 NaN/Inf，跳过对抗扰动。
[2025-12-17 20:35:44,536] [WARNING] [TSADAdvTrainer] 生成对抗样本时梯度为 None 或包含 NaN/Inf，跳过对抗扰动。
[2025-12-17 20:35:44,911] [WARNING] [TSADAdvTrainer] 生成对抗样本时梯度为 None 或包含 NaN/Inf，跳过对抗扰动。
[2025-12-17 20:35:45,284] [WARNING] [TSADAdvTrainer] 生成对抗样本时梯度为 None 或包含 NaN/Inf，跳过对抗扰动。
[2025-12-17 20:35:45,649] [WARNING] [TSADAdvTrainer] 生成对抗样本时梯度为 None 或包含 NaN/Inf，跳过对抗扰动。
[2025-12-17 20:35:46,041] [WARNING] [TSADAdvTrainer] 生成对抗样本时梯度为 None 或包含 NaN/Inf，跳过对抗扰动。
[2025-12-17 20:35:46,408] [WARNING] [TSADAdvTrainer] 生成对抗样本时梯度为 None 或包含 NaN/Inf，跳过对抗扰动。
[2025-12-17 20:35:46,769] [WARNING] [TSADAdvTrainer] 生成对抗样本时梯度为 None 或包含 NaN/Inf，跳过对抗扰动。
[2025-12-17 20:35:47,125] [WARNING] [TSADAdvTrainer] 生成对抗样本时梯度为 None 或包含 NaN/Inf，跳过对抗扰动。
[2025-12-17 20:35:47,490] [WARNING] [TSADAdvTrainer] 生成对抗样本时梯度为 None 或包含 NaN/Inf，跳过对抗扰动。
[2025-12-17 20:35:47,849] [WARNING] [TSADAdvTrainer] 生成对抗样本时梯度为 None 或包含 NaN/Inf，跳过对抗扰动。
[2025-12-17 20:35:48,208] [WARNING] [TSADAdvTrainer] 生成对抗样本时梯度为 None 或包含 NaN/Inf，跳过对抗扰动。
[2025-12-17 20:35:48,569] [WARNING] [TSADAdvTrainer] 生成对抗样本时梯度为 None 或包含 NaN/Inf，跳过对抗扰动。
[2025-12-17 20:35:48,928] [WARNING] [TSADAdvTrainer] 生成对抗样本时梯度为 None 或包含 NaN/Inf，跳过对抗扰动。
[2025-12-17 20:35:49,314] [WARNING] [TSADAdvTrainer] 生成对抗样本时梯度为 None 或包含 NaN/Inf，跳过对抗扰动。
[2025-12-17 20:35:49,677] [WARNING] [TSADAdvTrainer] 生成对抗样本时梯度为 None 或包含 NaN/Inf，跳过对抗扰动。
[2025-12-17 20:35:50,047] [WARNING] [TSADAdvTrainer] 生成对抗样本时梯度为 None 或包含 NaN/Inf，跳过对抗扰动。
[2025-12-17 20:35:50,404] [WARNING] [TSADAdvTrainer] 生成对抗样本时梯度为 None 或包含 NaN/Inf，跳过对抗扰动。
[2025-12-17 20:35:50,773] [WARNING] [TSADAdvTrainer] 生成对抗样本时梯度为 None 或包含 NaN/Inf，跳过对抗扰动。
[2025-12-17 20:35:51,128] [WARNING] [TSADAdvTrainer] 生成对抗样本时梯度为 None 或包含 NaN/Inf，跳过对抗扰动。
[2025-12-17 20:35:51,487] [WARNING] [TSADAdvTrainer] 生成对抗样本时梯度为 None 或包含 NaN/Inf，跳过对抗扰动。
[2025-12-17 20:35:51,850] [WARNING] [TSADAdvTrainer] 生成对抗样本时梯度为 None 或包含 NaN/Inf，跳过对抗扰动。
[2025-12-17 20:35:52,215] [WARNING] [TSADAdvTrainer] 生成对抗样本时梯度为 None 或包含 NaN/Inf，跳过对抗扰动。
[2025-12-17 20:35:52,643] [WARNING] [TSADAdvTrainer] 生成对抗样本时梯度为 None 或包含 NaN/Inf，跳过对抗扰动。
[2025-12-17 20:35:53,007] [WARNING] [TSADAdvTrainer] 生成对抗样本时梯度为 None 或包含 NaN/Inf，跳过对抗扰动。
[2025-12-17 20:35:53,373] [WARNING] [TSADAdvTrainer] 生成对抗样本时梯度为 None 或包含 NaN/Inf，跳过对抗扰动。
[2025-12-17 20:35:53,738] [WARNING] [TSADAdvTrainer] 生成对抗样本时梯度为 None 或包含 NaN/Inf，跳过对抗扰动。
[2025-12-17 20:35:54,111] [WARNING] [TSADAdvTrainer] 生成对抗样本时梯度为 None 或包含 NaN/Inf，跳过对抗扰动。
[2025-12-17 20:35:54,475] [WARNING] [TSADAdvTrainer] 生成对抗样本时梯度为 None 或包含 NaN/Inf，跳过对抗扰动。
[2025-12-17 20:35:54,859] [WARNING] [TSADAdvTrainer] 生成对抗样本时梯度为 None 或包含 NaN/Inf，跳过对抗扰动。
[2025-12-17 20:35:55,221] [WARNING] [TSADAdvTrainer] 生成对抗样本时梯度为 None 或包含 NaN/Inf，跳过对抗扰动。
[2025-12-17 20:35:55,600] [WARNING] [TSADAdvTrainer] 生成对抗样本时梯度为 None 或包含 NaN/Inf，跳过对抗扰动。
[2025-12-17 20:35:55,954] [WARNING] [TSADAdvTrainer] 生成对抗样本时梯度为 None 或包含 NaN/Inf，跳过对抗扰动。
[2025-12-17 20:35:56,312] [WARNING] [TSADAdvTrainer] 生成对抗样本时梯度为 None 或包含 NaN/Inf，跳过对抗扰动。
[2025-12-17 20:35:56,670] [WARNING] [TSADAdvTrainer] 生成对抗样本时梯度为 None 或包含 NaN/Inf，跳过对抗扰动。
[2025-12-17 20:35:57,042] [WARNING] [TSADAdvTrainer] 生成对抗样本时梯度为 None 或包含 NaN/Inf，跳过对抗扰动。
[2025-12-17 20:35:57,343] [WARNING] [TSADAdvTrainer] 生成对抗样本时梯度为 None 或包含 NaN/Inf，跳过对抗扰动。
[2025-12-17 20:35:57,670] [WARNING] [TSADAdvTrainer] 生成对抗样本时梯度为 None 或包含 NaN/Inf，跳过对抗扰动。
[2025-12-17 20:35:58,008] [WARNING] [TSADAdvTrainer] 生成对抗样本时梯度为 None 或包含 NaN/Inf，跳过对抗扰动。
[2025-12-17 20:35:58,353] [WARNING] [TSADAdvTrainer] 生成对抗样本时梯度为 None 或包含 NaN/Inf，跳过对抗扰动。
[2025-12-17 20:35:58,702] [WARNING] [TSADAdvTrainer] 生成对抗样本时梯度为 None 或包含 NaN/Inf，跳过对抗扰动。
[2025-12-17 20:35:59,039] [WARNING] [TSADAdvTrainer] 生成对抗样本时梯度为 None 或包含 NaN/Inf，跳过对抗扰动。
[2025-12-17 20:35:59,372] [WARNING] [TSADAdvTrainer] 生成对抗样本时梯度为 None 或包含 NaN/Inf，跳过对抗扰动。
[2025-12-17 20:35:59,700] [WARNING] [TSADAdvTrainer] 生成对抗样本时梯度为 None 或包含 NaN/Inf，跳过对抗扰动。
[2025-12-17 20:36:00,034] [WARNING] [TSADAdvTrainer] 生成对抗样本时梯度为 None 或包含 NaN/Inf，跳过对抗扰动。
[2025-12-17 20:36:00,367] [WARNING] [TSADAdvTrainer] 生成对抗样本时梯度为 None 或包含 NaN/Inf，跳过对抗扰动。
[2025-12-17 20:36:00,708] [WARNING] [TSADAdvTrainer] 生成对抗样本时梯度为 None 或包含 NaN/Inf，跳过对抗扰动。
[2025-12-17 20:36:01,049] [WARNING] [TSADAdvTrainer] 生成对抗样本时梯度为 None 或包含 NaN/Inf，跳过对抗扰动。
[2025-12-17 20:36:01,374] [WARNING] [TSADAdvTrainer] 生成对抗样本时梯度为 None 或包含 NaN/Inf，跳过对抗扰动。
[2025-12-17 20:36:01,698] [WARNING] [TSADAdvTrainer] 生成对抗样本时梯度为 None 或包含 NaN/Inf，跳过对抗扰动。
[2025-12-17 20:36:01,989] [WARNING] [TSADAdvTrainer] 生成对抗样本时梯度为 None 或包含 NaN/Inf，跳过对抗扰动。
[2025-12-17 20:36:02,364] [WARNING] [TSADAdvTrainer] 生成对抗样本时梯度为 None 或包含 NaN/Inf，跳过对抗扰动。
[2025-12-17 20:36:02,726] [WARNING] [TSADAdvTrainer] 生成对抗样本时梯度为 None 或包含 NaN/Inf，跳过对抗扰动。
[2025-12-17 20:36:03,079] [WARNING] [TSADAdvTrainer] 生成对抗样本时梯度为 None 或包含 NaN/Inf，跳过对抗扰动。
[2025-12-17 20:36:03,466] [WARNING] [TSADAdvTrainer] 生成对抗样本时梯度为 None 或包含 NaN/Inf，跳过对抗扰动。
[2025-12-17 20:36:03,815] [WARNING] [TSADAdvTrainer] 生成对抗样本时梯度为 None 或包含 NaN/Inf，跳过对抗扰动。
[2025-12-17 20:36:04,163] [WARNING] [TSADAdvTrainer] 生成对抗样本时梯度为 None 或包含 NaN/Inf，跳过对抗扰动。
[2025-12-17 20:36:04,526] [WARNING] [TSADAdvTrainer] 生成对抗样本时梯度为 None 或包含 NaN/Inf，跳过对抗扰动。
[2025-12-17 20:36:04,898] [WARNING] [TSADAdvTrainer] 生成对抗样本时梯度为 None 或包含 NaN/Inf，跳过对抗扰动。
[2025-12-17 20:36:05,251] [WARNING] [TSADAdvTrainer] 生成对抗样本时梯度为 None 或包含 NaN/Inf，跳过对抗扰动。
[2025-12-17 20:36:05,611] [WARNING] [TSADAdvTrainer] 生成对抗样本时梯度为 None 或包含 NaN/Inf，跳过对抗扰动。
[2025-12-17 20:36:05,986] [WARNING] [TSADAdvTrainer] 生成对抗样本时梯度为 None 或包含 NaN/Inf，跳过对抗扰动。
[2025-12-17 20:36:06,342] [WARNING] [TSADAdvTrainer] 生成对抗样本时梯度为 None 或包含 NaN/Inf，跳过对抗扰动。
[2025-12-17 20:36:06,701] [WARNING] [TSADAdvTrainer] 生成对抗样本时梯度为 None 或包含 NaN/Inf，跳过对抗扰动。
[2025-12-17 20:36:07,056] [WARNING] [TSADAdvTrainer] 生成对抗样本时梯度为 None 或包含 NaN/Inf，跳过对抗扰动。
[2025-12-17 20:36:07,435] [WARNING] [TSADAdvTrainer] 生成对抗样本时梯度为 None 或包含 NaN/Inf，跳过对抗扰动。
[2025-12-17 20:36:07,789] [WARNING] [TSADAdvTrainer] 生成对抗样本时梯度为 None 或包含 NaN/Inf，跳过对抗扰动。
[2025-12-17 20:36:08,162] [WARNING] [TSADAdvTrainer] 生成对抗样本时梯度为 None 或包含 NaN/Inf，跳过对抗扰动。
[2025-12-17 20:36:08,540] [WARNING] [TSADAdvTrainer] 生成对抗样本时梯度为 None 或包含 NaN/Inf，跳过对抗扰动。
[2025-12-17 20:36:08,898] [WARNING] [TSADAdvTrainer] 生成对抗样本时梯度为 None 或包含 NaN/Inf，跳过对抗扰动。
[2025-12-17 20:36:09,272] [WARNING] [TSADAdvTrainer] 生成对抗样本时梯度为 None 或包含 NaN/Inf，跳过对抗扰动。
[2025-12-17 20:36:09,634] [WARNING] [TSADAdvTrainer] 生成对抗样本时梯度为 None 或包含 NaN/Inf，跳过对抗扰动。
[2025-12-17 20:36:09,997] [WARNING] [TSADAdvTrainer] 生成对抗样本时梯度为 None 或包含 NaN/Inf，跳过对抗扰动。
[2025-12-17 20:36:10,354] [WARNING] [TSADAdvTrainer] 生成对抗样本时梯度为 None 或包含 NaN/Inf，跳过对抗扰动。
[2025-12-17 20:36:10,717] [WARNING] [TSADAdvTrainer] 生成对抗样本时梯度为 None 或包含 NaN/Inf，跳过对抗扰动。
[2025-12-17 20:36:11,093] [WARNING] [TSADAdvTrainer] 生成对抗样本时梯度为 None 或包含 NaN/Inf，跳过对抗扰动。
[2025-12-17 20:36:11,467] [WARNING] [TSADAdvTrainer] 生成对抗样本时梯度为 None 或包含 NaN/Inf，跳过对抗扰动。
[2025-12-17 20:36:11,843] [WARNING] [TSADAdvTrainer] 生成对抗样本时梯度为 None 或包含 NaN/Inf，跳过对抗扰动。
[2025-12-17 20:36:12,211] [WARNING] [TSADAdvTrainer] 生成对抗样本时梯度为 None 或包含 NaN/Inf，跳过对抗扰动。
[2025-12-17 20:36:12,573] [WARNING] [TSADAdvTrainer] 生成对抗样本时梯度为 None 或包含 NaN/Inf，跳过对抗扰动。
[2025-12-17 20:36:12,934] [WARNING] [TSADAdvTrainer] 生成对抗样本时梯度为 None 或包含 NaN/Inf，跳过对抗扰动。
[2025-12-17 20:36:13,317] [WARNING] [TSADAdvTrainer] 生成对抗样本时梯度为 None 或包含 NaN/Inf，跳过对抗扰动。
[2025-12-17 20:36:13,676] [WARNING] [TSADAdvTrainer] 生成对抗样本时梯度为 None 或包含 NaN/Inf，跳过对抗扰动。
[2025-12-17 20:36:14,051] [WARNING] [TSADAdvTrainer] 生成对抗样本时梯度为 None 或包含 NaN/Inf，跳过对抗扰动。
[2025-12-17 20:36:14,419] [WARNING] [TSADAdvTrainer] 生成对抗样本时梯度为 None 或包含 NaN/Inf，跳过对抗扰动。
[2025-12-17 20:36:14,795] [WARNING] [TSADAdvTrainer] 生成对抗样本时梯度为 None 或包含 NaN/Inf，跳过对抗扰动。
[2025-12-17 20:36:15,172] [WARNING] [TSADAdvTrainer] 生成对抗样本时梯度为 None 或包含 NaN/Inf，跳过对抗扰动。
[2025-12-17 20:36:15,537] [WARNING] [TSADAdvTrainer] 生成对抗样本时梯度为 None 或包含 NaN/Inf，跳过对抗扰动。
[2025-12-17 20:36:15,919] [WARNING] [TSADAdvTrainer] 生成对抗样本时梯度为 None 或包含 NaN/Inf，跳过对抗扰动。
[2025-12-17 20:36:16,292] [WARNING] [TSADAdvTrainer] 生成对抗样本时梯度为 None 或包含 NaN/Inf，跳过对抗扰动。
[2025-12-17 20:36:16,672] [WARNING] [TSADAdvTrainer] 生成对抗样本时梯度为 None 或包含 NaN/Inf，跳过对抗扰动。
[2025-12-17 20:36:17,020] [WARNING] [TSADAdvTrainer] 生成对抗样本时梯度为 None 或包含 NaN/Inf，跳过对抗扰动。
[2025-12-17 20:36:17,345] [WARNING] [TSADAdvTrainer] 生成对抗样本时梯度为 None 或包含 NaN/Inf，跳过对抗扰动。
[2025-12-17 20:36:17,675] [WARNING] [TSADAdvTrainer] 生成对抗样本时梯度为 None 或包含 NaN/Inf，跳过对抗扰动。
[2025-12-17 20:36:18,010] [WARNING] [TSADAdvTrainer] 生成对抗样本时梯度为 None 或包含 NaN/Inf，跳过对抗扰动。
[2025-12-17 20:36:18,344] [WARNING] [TSADAdvTrainer] 生成对抗样本时梯度为 None 或包含 NaN/Inf，跳过对抗扰动。
[2025-12-17 20:36:18,695] [WARNING] [TSADAdvTrainer] 生成对抗样本时梯度为 None 或包含 NaN/Inf，跳过对抗扰动。
[2025-12-17 20:36:19,028] [WARNING] [TSADAdvTrainer] 生成对抗样本时梯度为 None 或包含 NaN/Inf，跳过对抗扰动。
[2025-12-17 20:36:19,373] [WARNING] [TSADAdvTrainer] 生成对抗样本时梯度为 None 或包含 NaN/Inf，跳过对抗扰动。
[2025-12-17 20:36:19,716] [WARNING] [TSADAdvTrainer] 生成对抗样本时梯度为 None 或包含 NaN/Inf，跳过对抗扰动。
[2025-12-17 20:36:20,055] [WARNING] [TSADAdvTrainer] 生成对抗样本时梯度为 None 或包含 NaN/Inf，跳过对抗扰动。
[2025-12-17 20:36:20,395] [WARNING] [TSADAdvTrainer] 生成对抗样本时梯度为 None 或包含 NaN/Inf，跳过对抗扰动。
[2025-12-17 20:36:20,719] [WARNING] [TSADAdvTrainer] 生成对抗样本时梯度为 None 或包含 NaN/Inf，跳过对抗扰动。
[2025-12-17 20:36:21,053] [WARNING] [TSADAdvTrainer] 生成对抗样本时梯度为 None 或包含 NaN/Inf，跳过对抗扰动。
[2025-12-17 20:36:21,382] [WARNING] [TSADAdvTrainer] 生成对抗样本时梯度为 None 或包含 NaN/Inf，跳过对抗扰动。
[2025-12-17 20:36:21,758] [WARNING] [TSADAdvTrainer] 生成对抗样本时梯度为 None 或包含 NaN/Inf，跳过对抗扰动。
[2025-12-17 20:36:22,125] [WARNING] [TSADAdvTrainer] 生成对抗样本时梯度为 None 或包含 NaN/Inf，跳过对抗扰动。
[2025-12-17 20:36:22,481] [WARNING] [TSADAdvTrainer] 生成对抗样本时梯度为 None 或包含 NaN/Inf，跳过对抗扰动。
[2025-12-17 20:36:22,857] [WARNING] [TSADAdvTrainer] 生成对抗样本时梯度为 None 或包含 NaN/Inf，跳过对抗扰动。
[2025-12-17 20:36:23,208] [WARNING] [TSADAdvTrainer] 生成对抗样本时梯度为 None 或包含 NaN/Inf，跳过对抗扰动。
[2025-12-17 20:36:23,581] [WARNING] [TSADAdvTrainer] 生成对抗样本时梯度为 None 或包含 NaN/Inf，跳过对抗扰动。
[2025-12-17 20:36:23,968] [WARNING] [TSADAdvTrainer] 生成对抗样本时梯度为 None 或包含 NaN/Inf，跳过对抗扰动。
[2025-12-17 20:36:24,325] [WARNING] [TSADAdvTrainer] 生成对抗样本时梯度为 None 或包含 NaN/Inf，跳过对抗扰动。
[2025-12-17 20:36:24,726] [WARNING] [TSADAdvTrainer] 生成对抗样本时梯度为 None 或包含 NaN/Inf，跳过对抗扰动。
[2025-12-17 20:36:25,094] [WARNING] [TSADAdvTrainer] 生成对抗样本时梯度为 None 或包含 NaN/Inf，跳过对抗扰动。
[2025-12-17 20:36:25,461] [WARNING] [TSADAdvTrainer] 生成对抗样本时梯度为 None 或包含 NaN/Inf，跳过对抗扰动。
[2025-12-17 20:36:25,824] [WARNING] [TSADAdvTrainer] 生成对抗样本时梯度为 None 或包含 NaN/Inf，跳过对抗扰动。
[2025-12-17 20:36:26,200] [WARNING] [TSADAdvTrainer] 生成对抗样本时梯度为 None 或包含 NaN/Inf，跳过对抗扰动。
[2025-12-17 20:36:26,557] [WARNING] [TSADAdvTrainer] 生成对抗样本时梯度为 None 或包含 NaN/Inf，跳过对抗扰动。
[2025-12-17 20:36:26,934] [WARNING] [TSADAdvTrainer] 生成对抗样本时梯度为 None 或包含 NaN/Inf，跳过对抗扰动。
[2025-12-17 20:36:27,315] [WARNING] [TSADAdvTrainer] 生成对抗样本时梯度为 None 或包含 NaN/Inf，跳过对抗扰动。
[2025-12-17 20:36:27,703] [WARNING] [TSADAdvTrainer] 生成对抗样本时梯度为 None 或包含 NaN/Inf，跳过对抗扰动。
[2025-12-17 20:36:28,059] [WARNING] [TSADAdvTrainer] 生成对抗样本时梯度为 None 或包含 NaN/Inf，跳过对抗扰动。
[2025-12-17 20:36:28,437] [WARNING] [TSADAdvTrainer] 生成对抗样本时梯度为 None 或包含 NaN/Inf，跳过对抗扰动。
[2025-12-17 20:36:28,787] [WARNING] [TSADAdvTrainer] 生成对抗样本时梯度为 None 或包含 NaN/Inf，跳过对抗扰动。
[2025-12-17 20:36:29,152] [WARNING] [TSADAdvTrainer] 生成对抗样本时梯度为 None 或包含 NaN/Inf，跳过对抗扰动。
[2025-12-17 20:36:29,505] [WARNING] [TSADAdvTrainer] 生成对抗样本时梯度为 None 或包含 NaN/Inf，跳过对抗扰动。
[2025-12-17 20:36:29,884] [WARNING] [TSADAdvTrainer] 生成对抗样本时梯度为 None 或包含 NaN/Inf，跳过对抗扰动。
[2025-12-17 20:36:30,258] [WARNING] [TSADAdvTrainer] 生成对抗样本时梯度为 None 或包含 NaN/Inf，跳过对抗扰动。
[2025-12-17 20:36:30,630] [WARNING] [TSADAdvTrainer] 生成对抗样本时梯度为 None 或包含 NaN/Inf，跳过对抗扰动。
[2025-12-17 20:36:31,012] [WARNING] [TSADAdvTrainer] 生成对抗样本时梯度为 None 或包含 NaN/Inf，跳过对抗扰动。
[2025-12-17 20:36:31,375] [WARNING] [TSADAdvTrainer] 生成对抗样本时梯度为 None 或包含 NaN/Inf，跳过对抗扰动。
[2025-12-17 20:36:31,743] [WARNING] [TSADAdvTrainer] 生成对抗样本时梯度为 None 或包含 NaN/Inf，跳过对抗扰动。
[2025-12-17 20:36:32,117] [WARNING] [TSADAdvTrainer] 生成对抗样本时梯度为 None 或包含 NaN/Inf，跳过对抗扰动。
[2025-12-17 20:36:32,497] [WARNING] [TSADAdvTrainer] 生成对抗样本时梯度为 None 或包含 NaN/Inf，跳过对抗扰动。
[2025-12-17 20:36:32,868] [WARNING] [TSADAdvTrainer] 生成对抗样本时梯度为 None 或包含 NaN/Inf，跳过对抗扰动。
[2025-12-17 20:36:33,245] [WARNING] [TSADAdvTrainer] 生成对抗样本时梯度为 None 或包含 NaN/Inf，跳过对抗扰动。
[2025-12-17 20:36:33,606] [WARNING] [TSADAdvTrainer] 生成对抗样本时梯度为 None 或包含 NaN/Inf，跳过对抗扰动。
[2025-12-17 20:36:33,980] [WARNING] [TSADAdvTrainer] 生成对抗样本时梯度为 None 或包含 NaN/Inf，跳过对抗扰动。
[2025-12-17 20:36:34,332] [WARNING] [TSADAdvTrainer] 生成对抗样本时梯度为 None 或包含 NaN/Inf，跳过对抗扰动。
[2025-12-17 20:36:34,709] [WARNING] [TSADAdvTrainer] 生成对抗样本时梯度为 None 或包含 NaN/Inf，跳过对抗扰动。
[2025-12-17 20:36:35,074] [WARNING] [TSADAdvTrainer] 生成对抗样本时梯度为 None 或包含 NaN/Inf，跳过对抗扰动。
[2025-12-17 20:36:35,443] [WARNING] [TSADAdvTrainer] 生成对抗样本时梯度为 None 或包含 NaN/Inf，跳过对抗扰动。
[2025-12-17 20:36:35,819] [WARNING] [TSADAdvTrainer] 生成对抗样本时梯度为 None 或包含 NaN/Inf，跳过对抗扰动。
[2025-12-17 20:36:36,182] [WARNING] [TSADAdvTrainer] 生成对抗样本时梯度为 None 或包含 NaN/Inf，跳过对抗扰动。
[2025-12-17 20:36:36,495] [WARNING] [TSADAdvTrainer] 生成对抗样本时梯度为 None 或包含 NaN/Inf，跳过对抗扰动。
[2025-12-17 20:36:36,823] [WARNING] [TSADAdvTrainer] 生成对抗样本时梯度为 None 或包含 NaN/Inf，跳过对抗扰动。
[2025-12-17 20:36:37,156] [WARNING] [TSADAdvTrainer] 生成对抗样本时梯度为 None 或包含 NaN/Inf，跳过对抗扰动。
[2025-12-17 20:36:37,495] [WARNING] [TSADAdvTrainer] 生成对抗样本时梯度为 None 或包含 NaN/Inf，跳过对抗扰动。
[2025-12-17 20:36:37,831] [WARNING] [TSADAdvTrainer] 生成对抗样本时梯度为 None 或包含 NaN/Inf，跳过对抗扰动。
[2025-12-17 20:36:38,160] [WARNING] [TSADAdvTrainer] 生成对抗样本时梯度为 None 或包含 NaN/Inf，跳过对抗扰动。
[2025-12-17 20:36:38,504] [WARNING] [TSADAdvTrainer] 生成对抗样本时梯度为 None 或包含 NaN/Inf，跳过对抗扰动。
[2025-12-17 20:36:38,846] [WARNING] [TSADAdvTrainer] 生成对抗样本时梯度为 None 或包含 NaN/Inf，跳过对抗扰动。
[2025-12-17 20:36:39,184] [WARNING] [TSADAdvTrainer] 生成对抗样本时梯度为 None 或包含 NaN/Inf，跳过对抗扰动。
[2025-12-17 20:36:39,527] [WARNING] [TSADAdvTrainer] 生成对抗样本时梯度为 None 或包含 NaN/Inf，跳过对抗扰动。
[2025-12-17 20:36:39,863] [WARNING] [TSADAdvTrainer] 生成对抗样本时梯度为 None 或包含 NaN/Inf，跳过对抗扰动。
[2025-12-17 20:36:40,197] [WARNING] [TSADAdvTrainer] 生成对抗样本时梯度为 None 或包含 NaN/Inf，跳过对抗扰动。
[2025-12-17 20:36:40,534] [WARNING] [TSADAdvTrainer] 生成对抗样本时梯度为 None 或包含 NaN/Inf，跳过对抗扰动。
[2025-12-17 20:36:40,853] [WARNING] [TSADAdvTrainer] 生成对抗样本时梯度为 None 或包含 NaN/Inf，跳过对抗扰动。
[2025-12-17 20:36:41,194] [WARNING] [TSADAdvTrainer] 生成对抗样本时梯度为 None 或包含 NaN/Inf，跳过对抗扰动。
[2025-12-17 20:36:41,531] [WARNING] [TSADAdvTrainer] 生成对抗样本时梯度为 None 或包含 NaN/Inf，跳过对抗扰动。
[2025-12-17 20:36:41,850] [WARNING] [TSADAdvTrainer] 生成对抗样本时梯度为 None 或包含 NaN/Inf，跳过对抗扰动。
[2025-12-17 20:36:42,192] [WARNING] [TSADAdvTrainer] 生成对抗样本时梯度为 None 或包含 NaN/Inf，跳过对抗扰动。
[2025-12-17 20:36:42,525] [WARNING] [TSADAdvTrainer] 生成对抗样本时梯度为 None 或包含 NaN/Inf，跳过对抗扰动。
[2025-12-17 20:36:42,897] [WARNING] [TSADAdvTrainer] 生成对抗样本时梯度为 None 或包含 NaN/Inf，跳过对抗扰动。
[2025-12-17 20:36:43,262] [WARNING] [TSADAdvTrainer] 生成对抗样本时梯度为 None 或包含 NaN/Inf，跳过对抗扰动。
[2025-12-17 20:36:43,612] [WARNING] [TSADAdvTrainer] 生成对抗样本时梯度为 None 或包含 NaN/Inf，跳过对抗扰动。
[2025-12-17 20:36:43,974] [WARNING] [TSADAdvTrainer] 生成对抗样本时梯度为 None 或包含 NaN/Inf，跳过对抗扰动。
[2025-12-17 20:36:44,340] [WARNING] [TSADAdvTrainer] 生成对抗样本时梯度为 None 或包含 NaN/Inf，跳过对抗扰动。
[2025-12-17 20:36:44,720] [WARNING] [TSADAdvTrainer] 生成对抗样本时梯度为 None 或包含 NaN/Inf，跳过对抗扰动。
[2025-12-17 20:36:45,081] [WARNING] [TSADAdvTrainer] 生成对抗样本时梯度为 None 或包含 NaN/Inf，跳过对抗扰动。
[2025-12-17 20:36:45,455] [WARNING] [TSADAdvTrainer] 生成对抗样本时梯度为 None 或包含 NaN/Inf，跳过对抗扰动。
[2025-12-17 20:36:45,822] [WARNING] [TSADAdvTrainer] 生成对抗样本时梯度为 None 或包含 NaN/Inf，跳过对抗扰动。
[2025-12-17 20:36:46,175] [WARNING] [TSADAdvTrainer] 生成对抗样本时梯度为 None 或包含 NaN/Inf，跳过对抗扰动。
[2025-12-17 20:36:46,653] [WARNING] [TSADAdvTrainer] 生成对抗样本时梯度为 None 或包含 NaN/Inf，跳过对抗扰动。
[2025-12-17 20:36:47,062] [WARNING] [TSADAdvTrainer] 生成对抗样本时梯度为 None 或包含 NaN/Inf，跳过对抗扰动。
[2025-12-17 20:36:47,442] [WARNING] [TSADAdvTrainer] 生成对抗样本时梯度为 None 或包含 NaN/Inf，跳过对抗扰动。
[2025-12-17 20:36:47,818] [WARNING] [TSADAdvTrainer] 生成对抗样本时梯度为 None 或包含 NaN/Inf，跳过对抗扰动。
[2025-12-17 20:36:48,195] [WARNING] [TSADAdvTrainer] 生成对抗样本时梯度为 None 或包含 NaN/Inf，跳过对抗扰动。
[2025-12-17 20:36:48,569] [WARNING] [TSADAdvTrainer] 生成对抗样本时梯度为 None 或包含 NaN/Inf，跳过对抗扰动。
[2025-12-17 20:36:48,934] [WARNING] [TSADAdvTrainer] 生成对抗样本时梯度为 None 或包含 NaN/Inf，跳过对抗扰动。
[2025-12-17 20:36:49,308] [WARNING] [TSADAdvTrainer] 生成对抗样本时梯度为 None 或包含 NaN/Inf，跳过对抗扰动。
[2025-12-17 20:36:49,693] [WARNING] [TSADAdvTrainer] 生成对抗样本时梯度为 None 或包含 NaN/Inf，跳过对抗扰动。
[2025-12-17 20:36:50,061] [WARNING] [TSADAdvTrainer] 生成对抗样本时梯度为 None 或包含 NaN/Inf，跳过对抗扰动。
[2025-12-17 20:36:50,455] [WARNING] [TSADAdvTrainer] 生成对抗样本时梯度为 None 或包含 NaN/Inf，跳过对抗扰动。
[2025-12-17 20:36:50,840] [WARNING] [TSADAdvTrainer] 生成对抗样本时梯度为 None 或包含 NaN/Inf，跳过对抗扰动。
[2025-12-17 20:36:51,183] [WARNING] [TSADAdvTrainer] 生成对抗样本时梯度为 None 或包含 NaN/Inf，跳过对抗扰动。
[2025-12-17 20:36:51,535] [WARNING] [TSADAdvTrainer] 生成对抗样本时梯度为 None 或包含 NaN/Inf，跳过对抗扰动。
[2025-12-17 20:36:51,884] [WARNING] [TSADAdvTrainer] 生成对抗样本时梯度为 None 或包含 NaN/Inf，跳过对抗扰动。
[2025-12-17 20:36:52,244] [WARNING] [TSADAdvTrainer] 生成对抗样本时梯度为 None 或包含 NaN/Inf，跳过对抗扰动。
[2025-12-17 20:36:52,583] [WARNING] [TSADAdvTrainer] 生成对抗样本时梯度为 None 或包含 NaN/Inf，跳过对抗扰动。
[2025-12-17 20:36:52,928] [WARNING] [TSADAdvTrainer] 生成对抗样本时梯度为 None 或包含 NaN/Inf，跳过对抗扰动。
[2025-12-17 20:36:53,275] [WARNING] [TSADAdvTrainer] 生成对抗样本时梯度为 None 或包含 NaN/Inf，跳过对抗扰动。
[2025-12-17 20:36:53,611] [WARNING] [TSADAdvTrainer] 生成对抗样本时梯度为 None 或包含 NaN/Inf，跳过对抗扰动。
[2025-12-17 20:36:53,952] [WARNING] [TSADAdvTrainer] 生成对抗样本时梯度为 None 或包含 NaN/Inf，跳过对抗扰动。
[2025-12-17 20:36:54,285] [WARNING] [TSADAdvTrainer] 生成对抗样本时梯度为 None 或包含 NaN/Inf，跳过对抗扰动。
[2025-12-17 20:36:54,611] [WARNING] [TSADAdvTrainer] 生成对抗样本时梯度为 None 或包含 NaN/Inf，跳过对抗扰动。
[2025-12-17 20:36:54,965] [WARNING] [TSADAdvTrainer] 生成对抗样本时梯度为 None 或包含 NaN/Inf，跳过对抗扰动。
[2025-12-17 20:36:55,303] [WARNING] [TSADAdvTrainer] 生成对抗样本时梯度为 None 或包含 NaN/Inf，跳过对抗扰动。
[2025-12-17 20:36:55,665] [WARNING] [TSADAdvTrainer] 生成对抗样本时梯度为 None 或包含 NaN/Inf，跳过对抗扰动。
[2025-12-17 20:36:55,954] [WARNING] [TSADAdvTrainer] 生成对抗样本时梯度为 None 或包含 NaN/Inf，跳过对抗扰动。
[2025-12-17 20:36:56,330] [WARNING] [TSADAdvTrainer] 生成对抗样本时梯度为 None 或包含 NaN/Inf，跳过对抗扰动。
[2025-12-17 20:36:56,701] [WARNING] [TSADAdvTrainer] 生成对抗样本时梯度为 None 或包含 NaN/Inf，跳过对抗扰动。
[2025-12-17 20:36:57,091] [WARNING] [TSADAdvTrainer] 生成对抗样本时梯度为 None 或包含 NaN/Inf，跳过对抗扰动。
[2025-12-17 20:36:57,474] [WARNING] [TSADAdvTrainer] 生成对抗样本时梯度为 None 或包含 NaN/Inf，跳过对抗扰动。
[2025-12-17 20:36:57,844] [WARNING] [TSADAdvTrainer] 生成对抗样本时梯度为 None 或包含 NaN/Inf，跳过对抗扰动。
[2025-12-17 20:36:58,212] [WARNING] [TSADAdvTrainer] 生成对抗样本时梯度为 None 或包含 NaN/Inf，跳过对抗扰动。
[2025-12-17 20:36:58,564] [WARNING] [TSADAdvTrainer] 生成对抗样本时梯度为 None 或包含 NaN/Inf，跳过对抗扰动。
[2025-12-17 20:36:58,941] [WARNING] [TSADAdvTrainer] 生成对抗样本时梯度为 None 或包含 NaN/Inf，跳过对抗扰动。
[2025-12-17 20:36:59,336] [WARNING] [TSADAdvTrainer] 生成对抗样本时梯度为 None 或包含 NaN/Inf，跳过对抗扰动。
[2025-12-17 20:36:59,712] [WARNING] [TSADAdvTrainer] 生成对抗样本时梯度为 None 或包含 NaN/Inf，跳过对抗扰动。
[2025-12-17 20:37:00,074] [WARNING] [TSADAdvTrainer] 生成对抗样本时梯度为 None 或包含 NaN/Inf，跳过对抗扰动。
[2025-12-17 20:37:00,442] [WARNING] [TSADAdvTrainer] 生成对抗样本时梯度为 None 或包含 NaN/Inf，跳过对抗扰动。
[2025-12-17 20:37:00,815] [WARNING] [TSADAdvTrainer] 生成对抗样本时梯度为 None 或包含 NaN/Inf，跳过对抗扰动。
[2025-12-17 20:37:01,178] [WARNING] [TSADAdvTrainer] 生成对抗样本时梯度为 None 或包含 NaN/Inf，跳过对抗扰动。
[2025-12-17 20:37:01,556] [WARNING] [TSADAdvTrainer] 生成对抗样本时梯度为 None 或包含 NaN/Inf，跳过对抗扰动。
[2025-12-17 20:37:01,929] [WARNING] [TSADAdvTrainer] 生成对抗样本时梯度为 None 或包含 NaN/Inf，跳过对抗扰动。
[2025-12-17 20:37:02,282] [WARNING] [TSADAdvTrainer] 生成对抗样本时梯度为 None 或包含 NaN/Inf，跳过对抗扰动。
[2025-12-17 20:37:02,642] [WARNING] [TSADAdvTrainer] 生成对抗样本时梯度为 None 或包含 NaN/Inf，跳过对抗扰动。
[2025-12-17 20:37:03,006] [WARNING] [TSADAdvTrainer] 生成对抗样本时梯度为 None 或包含 NaN/Inf，跳过对抗扰动。
[2025-12-17 20:37:03,385] [WARNING] [TSADAdvTrainer] 生成对抗样本时梯度为 None 或包含 NaN/Inf，跳过对抗扰动。
[2025-12-17 20:37:03,742] [WARNING] [TSADAdvTrainer] 生成对抗样本时梯度为 None 或包含 NaN/Inf，跳过对抗扰动。
[2025-12-17 20:37:04,127] [WARNING] [TSADAdvTrainer] 生成对抗样本时梯度为 None 或包含 NaN/Inf，跳过对抗扰动。
[2025-12-17 20:37:04,474] [WARNING] [TSADAdvTrainer] 生成对抗样本时梯度为 None 或包含 NaN/Inf，跳过对抗扰动。
[2025-12-17 20:37:04,839] [WARNING] [TSADAdvTrainer] 生成对抗样本时梯度为 None 或包含 NaN/Inf，跳过对抗扰动。
[2025-12-17 20:37:05,211] [WARNING] [TSADAdvTrainer] 生成对抗样本时梯度为 None 或包含 NaN/Inf，跳过对抗扰动。
[2025-12-17 20:37:05,571] [WARNING] [TSADAdvTrainer] 生成对抗样本时梯度为 None 或包含 NaN/Inf，跳过对抗扰动。
[2025-12-17 20:37:05,940] [WARNING] [TSADAdvTrainer] 生成对抗样本时梯度为 None 或包含 NaN/Inf，跳过对抗扰动。
[2025-12-17 20:37:06,317] [WARNING] [TSADAdvTrainer] 生成对抗样本时梯度为 None 或包含 NaN/Inf，跳过对抗扰动。
[2025-12-17 20:37:06,691] [WARNING] [TSADAdvTrainer] 生成对抗样本时梯度为 None 或包含 NaN/Inf，跳过对抗扰动。
[2025-12-17 20:37:07,090] [WARNING] [TSADAdvTrainer] 生成对抗样本时梯度为 None 或包含 NaN/Inf，跳过对抗扰动。
[2025-12-17 20:37:07,460] [WARNING] [TSADAdvTrainer] 生成对抗样本时梯度为 None 或包含 NaN/Inf，跳过对抗扰动。
[2025-12-17 20:37:07,854] [WARNING] [TSADAdvTrainer] 生成对抗样本时梯度为 None 或包含 NaN/Inf，跳过对抗扰动。
[2025-12-17 20:37:08,217] [WARNING] [TSADAdvTrainer] 生成对抗样本时梯度为 None 或包含 NaN/Inf，跳过对抗扰动。
[2025-12-17 20:37:08,606] [WARNING] [TSADAdvTrainer] 生成对抗样本时梯度为 None 或包含 NaN/Inf，跳过对抗扰动。
[2025-12-17 20:37:09,014] [WARNING] [TSADAdvTrainer] 生成对抗样本时梯度为 None 或包含 NaN/Inf，跳过对抗扰动。
[2025-12-17 20:37:09,382] [WARNING] [TSADAdvTrainer] 生成对抗样本时梯度为 None 或包含 NaN/Inf，跳过对抗扰动。
[2025-12-17 20:37:09,761] [WARNING] [TSADAdvTrainer] 生成对抗样本时梯度为 None 或包含 NaN/Inf，跳过对抗扰动。
[2025-12-17 20:37:10,128] [WARNING] [TSADAdvTrainer] 生成对抗样本时梯度为 None 或包含 NaN/Inf，跳过对抗扰动。
[2025-12-17 20:37:10,493] [WARNING] [TSADAdvTrainer] 生成对抗样本时梯度为 None 或包含 NaN/Inf，跳过对抗扰动。
[2025-12-17 20:37:10,825] [WARNING] [TSADAdvTrainer] 生成对抗样本时梯度为 None 或包含 NaN/Inf，跳过对抗扰动。
[2025-12-17 20:37:11,177] [WARNING] [TSADAdvTrainer] 生成对抗样本时梯度为 None 或包含 NaN/Inf，跳过对抗扰动。
[2025-12-17 20:37:11,522] [WARNING] [TSADAdvTrainer] 生成对抗样本时梯度为 None 或包含 NaN/Inf，跳过对抗扰动。
[2025-12-17 20:37:11,842] [WARNING] [TSADAdvTrainer] 生成对抗样本时梯度为 None 或包含 NaN/Inf，跳过对抗扰动。
[2025-12-17 20:37:12,188] [WARNING] [TSADAdvTrainer] 生成对抗样本时梯度为 None 或包含 NaN/Inf，跳过对抗扰动。
[2025-12-17 20:37:12,525] [WARNING] [TSADAdvTrainer] 生成对抗样本时梯度为 None 或包含 NaN/Inf，跳过对抗扰动。
[2025-12-17 20:37:12,861] [WARNING] [TSADAdvTrainer] 生成对抗样本时梯度为 None 或包含 NaN/Inf，跳过对抗扰动。
[2025-12-17 20:37:13,194] [WARNING] [TSADAdvTrainer] 生成对抗样本时梯度为 None 或包含 NaN/Inf，跳过对抗扰动。
[2025-12-17 20:37:13,529] [WARNING] [TSADAdvTrainer] 生成对抗样本时梯度为 None 或包含 NaN/Inf，跳过对抗扰动。
[2025-12-17 20:37:13,855] [WARNING] [TSADAdvTrainer] 生成对抗样本时梯度为 None 或包含 NaN/Inf，跳过对抗扰动。
[2025-12-17 20:37:14,199] [WARNING] [TSADAdvTrainer] 生成对抗样本时梯度为 None 或包含 NaN/Inf，跳过对抗扰动。
[2025-12-17 20:37:14,532] [WARNING] [TSADAdvTrainer] 生成对抗样本时梯度为 None 或包含 NaN/Inf，跳过对抗扰动。
[2025-12-17 20:37:14,853] [WARNING] [TSADAdvTrainer] 生成对抗样本时梯度为 None 或包含 NaN/Inf，跳过对抗扰动。
[2025-12-17 20:37:15,180] [WARNING] [TSADAdvTrainer] 生成对抗样本时梯度为 None 或包含 NaN/Inf，跳过对抗扰动。
[2025-12-17 20:37:15,524] [WARNING] [TSADAdvTrainer] 生成对抗样本时梯度为 None 或包含 NaN/Inf，跳过对抗扰动。
[2025-12-17 20:37:15,857] [WARNING] [TSADAdvTrainer] 生成对抗样本时梯度为 None 或包含 NaN/Inf，跳过对抗扰动。
[2025-12-17 20:37:16,207] [WARNING] [TSADAdvTrainer] 生成对抗样本时梯度为 None 或包含 NaN/Inf，跳过对抗扰动。
[2025-12-17 20:37:16,534] [WARNING] [TSADAdvTrainer] 生成对抗样本时梯度为 None 或包含 NaN/Inf，跳过对抗扰动。
[2025-12-17 20:37:16,863] [WARNING] [TSADAdvTrainer] 生成对抗样本时梯度为 None 或包含 NaN/Inf，跳过对抗扰动。
[2025-12-17 20:37:17,189] [WARNING] [TSADAdvTrainer] 生成对抗样本时梯度为 None 或包含 NaN/Inf，跳过对抗扰动。
[2025-12-17 20:37:17,525] [WARNING] [TSADAdvTrainer] 生成对抗样本时梯度为 None 或包含 NaN/Inf，跳过对抗扰动。
[2025-12-17 20:37:17,827] [WARNING] [TSADAdvTrainer] 生成对抗样本时梯度为 None 或包含 NaN/Inf，跳过对抗扰动。
[2025-12-17 20:37:18,200] [WARNING] [TSADAdvTrainer] 生成对抗样本时梯度为 None 或包含 NaN/Inf，跳过对抗扰动。
[2025-12-17 20:37:18,564] [WARNING] [TSADAdvTrainer] 生成对抗样本时梯度为 None 或包含 NaN/Inf，跳过对抗扰动。
[2025-12-17 20:37:18,924] [WARNING] [TSADAdvTrainer] 生成对抗样本时梯度为 None 或包含 NaN/Inf，跳过对抗扰动。
[2025-12-17 20:37:19,290] [WARNING] [TSADAdvTrainer] 生成对抗样本时梯度为 None 或包含 NaN/Inf，跳过对抗扰动。
[2025-12-17 20:37:19,636] [WARNING] [TSADAdvTrainer] 生成对抗样本时梯度为 None 或包含 NaN/Inf，跳过对抗扰动。
[2025-12-17 20:37:19,998] [WARNING] [TSADAdvTrainer] 生成对抗样本时梯度为 None 或包含 NaN/Inf，跳过对抗扰动。
[2025-12-17 20:37:20,383] [WARNING] [TSADAdvTrainer] 生成对抗样本时梯度为 None 或包含 NaN/Inf，跳过对抗扰动。
[2025-12-17 20:37:20,727] [WARNING] [TSADAdvTrainer] 生成对抗样本时梯度为 None 或包含 NaN/Inf，跳过对抗扰动。
[2025-12-17 20:37:21,097] [WARNING] [TSADAdvTrainer] 生成对抗样本时梯度为 None 或包含 NaN/Inf，跳过对抗扰动。
[2025-12-17 20:37:21,459] [WARNING] [TSADAdvTrainer] 生成对抗样本时梯度为 None 或包含 NaN/Inf，跳过对抗扰动。
[2025-12-17 20:37:21,814] [WARNING] [TSADAdvTrainer] 生成对抗样本时梯度为 None 或包含 NaN/Inf，跳过对抗扰动。
[2025-12-17 20:37:22,174] [WARNING] [TSADAdvTrainer] 生成对抗样本时梯度为 None 或包含 NaN/Inf，跳过对抗扰动。
[2025-12-17 20:37:22,532] [WARNING] [TSADAdvTrainer] 生成对抗样本时梯度为 None 或包含 NaN/Inf，跳过对抗扰动。
[2025-12-17 20:37:22,897] [WARNING] [TSADAdvTrainer] 生成对抗样本时梯度为 None 或包含 NaN/Inf，跳过对抗扰动。
[2025-12-17 20:37:23,270] [WARNING] [TSADAdvTrainer] 生成对抗样本时梯度为 None 或包含 NaN/Inf，跳过对抗扰动。
[2025-12-17 20:37:23,623] [WARNING] [TSADAdvTrainer] 生成对抗样本时梯度为 None 或包含 NaN/Inf，跳过对抗扰动。
[2025-12-17 20:37:23,982] [WARNING] [TSADAdvTrainer] 生成对抗样本时梯度为 None 或包含 NaN/Inf，跳过对抗扰动。
[2025-12-17 20:37:24,354] [WARNING] [TSADAdvTrainer] 生成对抗样本时梯度为 None 或包含 NaN/Inf，跳过对抗扰动。
[2025-12-17 20:37:24,720] [WARNING] [TSADAdvTrainer] 生成对抗样本时梯度为 None 或包含 NaN/Inf，跳过对抗扰动。
[2025-12-17 20:37:25,102] [WARNING] [TSADAdvTrainer] 生成对抗样本时梯度为 None 或包含 NaN/Inf，跳过对抗扰动。
[2025-12-17 20:37:25,493] [WARNING] [TSADAdvTrainer] 生成对抗样本时梯度为 None 或包含 NaN/Inf，跳过对抗扰动。
[2025-12-17 20:37:25,868] [WARNING] [TSADAdvTrainer] 生成对抗样本时梯度为 None 或包含 NaN/Inf，跳过对抗扰动。
[2025-12-17 20:37:26,232] [WARNING] [TSADAdvTrainer] 生成对抗样本时梯度为 None 或包含 NaN/Inf，跳过对抗扰动。
[2025-12-17 20:37:26,594] [WARNING] [TSADAdvTrainer] 生成对抗样本时梯度为 None 或包含 NaN/Inf，跳过对抗扰动。
[2025-12-17 20:37:26,972] [WARNING] [TSADAdvTrainer] 生成对抗样本时梯度为 None 或包含 NaN/Inf，跳过对抗扰动。
[2025-12-17 20:37:27,329] [WARNING] [TSADAdvTrainer] 生成对抗样本时梯度为 None 或包含 NaN/Inf，跳过对抗扰动。
[2025-12-17 20:37:27,703] [WARNING] [TSADAdvTrainer] 生成对抗样本时梯度为 None 或包含 NaN/Inf，跳过对抗扰动。
[2025-12-17 20:37:28,085] [WARNING] [TSADAdvTrainer] 生成对抗样本时梯度为 None 或包含 NaN/Inf，跳过对抗扰动。
[2025-12-17 20:37:28,459] [WARNING] [TSADAdvTrainer] 生成对抗样本时梯度为 None 或包含 NaN/Inf，跳过对抗扰动。
[2025-12-17 20:37:28,823] [WARNING] [TSADAdvTrainer] 生成对抗样本时梯度为 None 或包含 NaN/Inf，跳过对抗扰动。
[2025-12-17 20:37:29,180] [WARNING] [TSADAdvTrainer] 生成对抗样本时梯度为 None 或包含 NaN/Inf，跳过对抗扰动。
[2025-12-17 20:37:29,527] [WARNING] [TSADAdvTrainer] 生成对抗样本时梯度为 None 或包含 NaN/Inf，跳过对抗扰动。
[2025-12-17 20:37:29,880] [WARNING] [TSADAdvTrainer] 生成对抗样本时梯度为 None 或包含 NaN/Inf，跳过对抗扰动。
[2025-12-17 20:37:30,243] [WARNING] [TSADAdvTrainer] 生成对抗样本时梯度为 None 或包含 NaN/Inf，跳过对抗扰动。
[2025-12-17 20:37:30,596] [WARNING] [TSADAdvTrainer] 生成对抗样本时梯度为 None 或包含 NaN/Inf，跳过对抗扰动。
[2025-12-17 20:37:30,951] [WARNING] [TSADAdvTrainer] 生成对抗样本时梯度为 None 或包含 NaN/Inf，跳过对抗扰动。
[2025-12-17 20:37:31,316] [WARNING] [TSADAdvTrainer] 生成对抗样本时梯度为 None 或包含 NaN/Inf，跳过对抗扰动。
[2025-12-17 20:37:31,699] [WARNING] [TSADAdvTrainer] 生成对抗样本时梯度为 None 或包含 NaN/Inf，跳过对抗扰动。
[2025-12-17 20:37:32,047] [WARNING] [TSADAdvTrainer] 生成对抗样本时梯度为 None 或包含 NaN/Inf，跳过对抗扰动。
[2025-12-17 20:37:32,413] [WARNING] [TSADAdvTrainer] 生成对抗样本时梯度为 None 或包含 NaN/Inf，跳过对抗扰动。
[2025-12-17 20:37:32,727] [WARNING] [TSADAdvTrainer] 生成对抗样本时梯度为 None 或包含 NaN/Inf，跳过对抗扰动。
[2025-12-17 20:37:33,069] [WARNING] [TSADAdvTrainer] 生成对抗样本时梯度为 None 或包含 NaN/Inf，跳过对抗扰动。
[2025-12-17 20:37:33,409] [WARNING] [TSADAdvTrainer] 生成对抗样本时梯度为 None 或包含 NaN/Inf，跳过对抗扰动。
[2025-12-17 20:37:33,762] [WARNING] [TSADAdvTrainer] 生成对抗样本时梯度为 None 或包含 NaN/Inf，跳过对抗扰动。
[2025-12-17 20:37:34,084] [WARNING] [TSADAdvTrainer] 生成对抗样本时梯度为 None 或包含 NaN/Inf，跳过对抗扰动。
[2025-12-17 20:37:34,424] [WARNING] [TSADAdvTrainer] 生成对抗样本时梯度为 None 或包含 NaN/Inf，跳过对抗扰动。
[2025-12-17 20:37:34,904] [WARNING] [TSADAdvTrainer] 生成对抗样本时梯度为 None 或包含 NaN/Inf，跳过对抗扰动。
[2025-12-17 20:37:35,235] [WARNING] [TSADAdvTrainer] 生成对抗样本时梯度为 None 或包含 NaN/Inf，跳过对抗扰动。
[2025-12-17 20:37:35,566] [WARNING] [TSADAdvTrainer] 生成对抗样本时梯度为 None 或包含 NaN/Inf，跳过对抗扰动。
[2025-12-17 20:37:35,902] [WARNING] [TSADAdvTrainer] 生成对抗样本时梯度为 None 或包含 NaN/Inf，跳过对抗扰动。
[2025-12-17 20:37:36,230] [WARNING] [TSADAdvTrainer] 生成对抗样本时梯度为 None 或包含 NaN/Inf，跳过对抗扰动。
[2025-12-17 20:37:36,542] [WARNING] [TSADAdvTrainer] 生成对抗样本时梯度为 None 或包含 NaN/Inf，跳过对抗扰动。
[2025-12-17 20:37:36,863] [WARNING] [TSADAdvTrainer] 生成对抗样本时梯度为 None 或包含 NaN/Inf，跳过对抗扰动。
[2025-12-17 20:37:37,194] [WARNING] [TSADAdvTrainer] 生成对抗样本时梯度为 None 或包含 NaN/Inf，跳过对抗扰动。
[2025-12-17 20:37:37,530] [WARNING] [TSADAdvTrainer] 生成对抗样本时梯度为 None 或包含 NaN/Inf，跳过对抗扰动。
[2025-12-17 20:37:37,858] [WARNING] [TSADAdvTrainer] 生成对抗样本时梯度为 None 或包含 NaN/Inf，跳过对抗扰动。
[2025-12-17 20:37:38,188] [WARNING] [TSADAdvTrainer] 生成对抗样本时梯度为 None 或包含 NaN/Inf，跳过对抗扰动。
[2025-12-17 20:37:38,514] [WARNING] [TSADAdvTrainer] 生成对抗样本时梯度为 None 或包含 NaN/Inf，跳过对抗扰动。
[2025-12-17 20:37:38,843] [WARNING] [TSADAdvTrainer] 生成对抗样本时梯度为 None 或包含 NaN/Inf，跳过对抗扰动。
[2025-12-17 20:37:39,174] [WARNING] [TSADAdvTrainer] 生成对抗样本时梯度为 None 或包含 NaN/Inf，跳过对抗扰动。
[2025-12-17 20:37:39,509] [WARNING] [TSADAdvTrainer] 生成对抗样本时梯度为 None 或包含 NaN/Inf，跳过对抗扰动。
[2025-12-17 20:37:39,821] [WARNING] [TSADAdvTrainer] 生成对抗样本时梯度为 None 或包含 NaN/Inf，跳过对抗扰动。
[2025-12-17 20:37:40,189] [WARNING] [TSADAdvTrainer] 生成对抗样本时梯度为 None 或包含 NaN/Inf，跳过对抗扰动。
[2025-12-17 20:37:40,535] [WARNING] [TSADAdvTrainer] 生成对抗样本时梯度为 None 或包含 NaN/Inf，跳过对抗扰动。
[2025-12-17 20:37:40,870] [WARNING] [TSADAdvTrainer] 生成对抗样本时梯度为 None 或包含 NaN/Inf，跳过对抗扰动。
[2025-12-17 20:37:41,240] [WARNING] [TSADAdvTrainer] 生成对抗样本时梯度为 None 或包含 NaN/Inf，跳过对抗扰动。
[2025-12-17 20:37:41,610] [WARNING] [TSADAdvTrainer] 生成对抗样本时梯度为 None 或包含 NaN/Inf，跳过对抗扰动。
[2025-12-17 20:37:41,968] [WARNING] [TSADAdvTrainer] 生成对抗样本时梯度为 None 或包含 NaN/Inf，跳过对抗扰动。
[2025-12-17 20:37:42,323] [WARNING] [TSADAdvTrainer] 生成对抗样本时梯度为 None 或包含 NaN/Inf，跳过对抗扰动。
[2025-12-17 20:37:42,704] [WARNING] [TSADAdvTrainer] 生成对抗样本时梯度为 None 或包含 NaN/Inf，跳过对抗扰动。
[2025-12-17 20:37:43,072] [WARNING] [TSADAdvTrainer] 生成对抗样本时梯度为 None 或包含 NaN/Inf，跳过对抗扰动。
[2025-12-17 20:37:43,406] [WARNING] [TSADAdvTrainer] 生成对抗样本时梯度为 None 或包含 NaN/Inf，跳过对抗扰动。
[2025-12-17 20:37:43,756] [WARNING] [TSADAdvTrainer] 生成对抗样本时梯度为 None 或包含 NaN/Inf，跳过对抗扰动。
[2025-12-17 20:37:44,100] [WARNING] [TSADAdvTrainer] 生成对抗样本时梯度为 None 或包含 NaN/Inf，跳过对抗扰动。
[2025-12-17 20:37:44,465] [WARNING] [TSADAdvTrainer] 生成对抗样本时梯度为 None 或包含 NaN/Inf，跳过对抗扰动。
[2025-12-17 20:37:44,831] [WARNING] [TSADAdvTrainer] 生成对抗样本时梯度为 None 或包含 NaN/Inf，跳过对抗扰动。
[2025-12-17 20:37:45,194] [WARNING] [TSADAdvTrainer] 生成对抗样本时梯度为 None 或包含 NaN/Inf，跳过对抗扰动。
[2025-12-17 20:37:45,547] [WARNING] [TSADAdvTrainer] 生成对抗样本时梯度为 None 或包含 NaN/Inf，跳过对抗扰动。
[2025-12-17 20:37:45,897] [WARNING] [TSADAdvTrainer] 生成对抗样本时梯度为 None 或包含 NaN/Inf，跳过对抗扰动。
[2025-12-17 20:37:46,267] [WARNING] [TSADAdvTrainer] 生成对抗样本时梯度为 None 或包含 NaN/Inf，跳过对抗扰动。
[2025-12-17 20:37:46,616] [WARNING] [TSADAdvTrainer] 生成对抗样本时梯度为 None 或包含 NaN/Inf，跳过对抗扰动。
[2025-12-17 20:37:46,971] [WARNING] [TSADAdvTrainer] 生成对抗样本时梯度为 None 或包含 NaN/Inf，跳过对抗扰动。
[2025-12-17 20:37:47,330] [WARNING] [TSADAdvTrainer] 生成对抗样本时梯度为 None 或包含 NaN/Inf，跳过对抗扰动。
[2025-12-17 20:37:47,679] [WARNING] [TSADAdvTrainer] 生成对抗样本时梯度为 None 或包含 NaN/Inf，跳过对抗扰动。
[2025-12-17 20:37:48,040] [WARNING] [TSADAdvTrainer] 生成对抗样本时梯度为 None 或包含 NaN/Inf，跳过对抗扰动。
[2025-12-17 20:37:48,400] [WARNING] [TSADAdvTrainer] 生成对抗样本时梯度为 None 或包含 NaN/Inf，跳过对抗扰动。
[2025-12-17 20:37:48,749] [WARNING] [TSADAdvTrainer] 生成对抗样本时梯度为 None 或包含 NaN/Inf，跳过对抗扰动。
[2025-12-17 20:37:49,111] [WARNING] [TSADAdvTrainer] 生成对抗样本时梯度为 None 或包含 NaN/Inf，跳过对抗扰动。
[2025-12-17 20:37:49,476] [WARNING] [TSADAdvTrainer] 生成对抗样本时梯度为 None 或包含 NaN/Inf，跳过对抗扰动。
[2025-12-17 20:37:49,826] [WARNING] [TSADAdvTrainer] 生成对抗样本时梯度为 None 或包含 NaN/Inf，跳过对抗扰动。
[2025-12-17 20:37:50,174] [WARNING] [TSADAdvTrainer] 生成对抗样本时梯度为 None 或包含 NaN/Inf，跳过对抗扰动。
[2025-12-17 20:37:50,543] [WARNING] [TSADAdvTrainer] 生成对抗样本时梯度为 None 或包含 NaN/Inf，跳过对抗扰动。
[2025-12-17 20:37:50,900] [WARNING] [TSADAdvTrainer] 生成对抗样本时梯度为 None 或包含 NaN/Inf，跳过对抗扰动。
[2025-12-17 20:37:51,245] [WARNING] [TSADAdvTrainer] 生成对抗样本时梯度为 None 或包含 NaN/Inf，跳过对抗扰动。
[2025-12-17 20:37:51,622] [WARNING] [TSADAdvTrainer] 生成对抗样本时梯度为 None 或包含 NaN/Inf，跳过对抗扰动。
[2025-12-17 20:37:51,984] [WARNING] [TSADAdvTrainer] 生成对抗样本时梯度为 None 或包含 NaN/Inf，跳过对抗扰动。
[2025-12-17 20:37:52,357] [WARNING] [TSADAdvTrainer] 生成对抗样本时梯度为 None 或包含 NaN/Inf，跳过对抗扰动。
[2025-12-17 20:37:52,717] [WARNING] [TSADAdvTrainer] 生成对抗样本时梯度为 None 或包含 NaN/Inf，跳过对抗扰动。
[2025-12-17 20:37:53,090] [WARNING] [TSADAdvTrainer] 生成对抗样本时梯度为 None 或包含 NaN/Inf，跳过对抗扰动。
[2025-12-17 20:37:53,449] [WARNING] [TSADAdvTrainer] 生成对抗样本时梯度为 None 或包含 NaN/Inf，跳过对抗扰动。
[2025-12-17 20:37:53,812] [WARNING] [TSADAdvTrainer] 生成对抗样本时梯度为 None 或包含 NaN/Inf，跳过对抗扰动。
[2025-12-17 20:37:54,168] [WARNING] [TSADAdvTrainer] 生成对抗样本时梯度为 None 或包含 NaN/Inf，跳过对抗扰动。
[2025-12-17 20:37:54,449] [WARNING] [TSADAdvTrainer] 生成对抗样本时梯度为 None 或包含 NaN/Inf，跳过对抗扰动。
[2025-12-17 20:37:54,768] [WARNING] [TSADAdvTrainer] 生成对抗样本时梯度为 None 或包含 NaN/Inf，跳过对抗扰动。
[2025-12-17 20:37:55,086] [WARNING] [TSADAdvTrainer] 生成对抗样本时梯度为 None 或包含 NaN/Inf，跳过对抗扰动。
[2025-12-17 20:37:55,414] [WARNING] [TSADAdvTrainer] 生成对抗样本时梯度为 None 或包含 NaN/Inf，跳过对抗扰动。
[2025-12-17 20:37:55,752] [WARNING] [TSADAdvTrainer] 生成对抗样本时梯度为 None 或包含 NaN/Inf，跳过对抗扰动。
[2025-12-17 20:37:56,084] [WARNING] [TSADAdvTrainer] 生成对抗样本时梯度为 None 或包含 NaN/Inf，跳过对抗扰动。
[2025-12-17 20:37:56,427] [WARNING] [TSADAdvTrainer] 生成对抗样本时梯度为 None 或包含 NaN/Inf，跳过对抗扰动。
[2025-12-17 20:37:56,769] [WARNING] [TSADAdvTrainer] 生成对抗样本时梯度为 None 或包含 NaN/Inf，跳过对抗扰动。
[2025-12-17 20:37:57,120] [WARNING] [TSADAdvTrainer] 生成对抗样本时梯度为 None 或包含 NaN/Inf，跳过对抗扰动。
[2025-12-17 20:37:57,448] [WARNING] [TSADAdvTrainer] 生成对抗样本时梯度为 None 或包含 NaN/Inf，跳过对抗扰动。
[2025-12-17 20:37:57,779] [WARNING] [TSADAdvTrainer] 生成对抗样本时梯度为 None 或包含 NaN/Inf，跳过对抗扰动。
[2025-12-17 20:37:58,111] [WARNING] [TSADAdvTrainer] 生成对抗样本时梯度为 None 或包含 NaN/Inf，跳过对抗扰动。
[2025-12-17 20:37:58,434] [WARNING] [TSADAdvTrainer] 生成对抗样本时梯度为 None 或包含 NaN/Inf，跳过对抗扰动。
[2025-12-17 20:37:58,768] [WARNING] [TSADAdvTrainer] 生成对抗样本时梯度为 None 或包含 NaN/Inf，跳过对抗扰动。
[2025-12-17 20:37:59,080] [WARNING] [TSADAdvTrainer] 生成对抗样本时梯度为 None 或包含 NaN/Inf，跳过对抗扰动。
[2025-12-17 20:37:59,460] [WARNING] [TSADAdvTrainer] 生成对抗样本时梯度为 None 或包含 NaN/Inf，跳过对抗扰动。
[2025-12-17 20:37:59,818] [WARNING] [TSADAdvTrainer] 生成对抗样本时梯度为 None 或包含 NaN/Inf，跳过对抗扰动。
[2025-12-17 20:38:00,190] [WARNING] [TSADAdvTrainer] 生成对抗样本时梯度为 None 或包含 NaN/Inf，跳过对抗扰动。
[2025-12-17 20:38:00,552] [WARNING] [TSADAdvTrainer] 生成对抗样本时梯度为 None 或包含 NaN/Inf，跳过对抗扰动。
[2025-12-17 20:38:00,912] [WARNING] [TSADAdvTrainer] 生成对抗样本时梯度为 None 或包含 NaN/Inf，跳过对抗扰动。
[2025-12-17 20:38:01,291] [WARNING] [TSADAdvTrainer] 生成对抗样本时梯度为 None 或包含 NaN/Inf，跳过对抗扰动。
[2025-12-17 20:38:01,669] [WARNING] [TSADAdvTrainer] 生成对抗样本时梯度为 None 或包含 NaN/Inf，跳过对抗扰动。
[2025-12-17 20:38:02,061] [WARNING] [TSADAdvTrainer] 生成对抗样本时梯度为 None 或包含 NaN/Inf，跳过对抗扰动。
[2025-12-17 20:38:02,443] [WARNING] [TSADAdvTrainer] 生成对抗样本时梯度为 None 或包含 NaN/Inf，跳过对抗扰动。
[2025-12-17 20:38:02,815] [WARNING] [TSADAdvTrainer] 生成对抗样本时梯度为 None 或包含 NaN/Inf，跳过对抗扰动。
[2025-12-17 20:38:03,193] [WARNING] [TSADAdvTrainer] 生成对抗样本时梯度为 None 或包含 NaN/Inf，跳过对抗扰动。
[2025-12-17 20:38:03,573] [WARNING] [TSADAdvTrainer] 生成对抗样本时梯度为 None 或包含 NaN/Inf，跳过对抗扰动。
[2025-12-17 20:38:03,952] [WARNING] [TSADAdvTrainer] 生成对抗样本时梯度为 None 或包含 NaN/Inf，跳过对抗扰动。
[2025-12-17 20:38:04,322] [WARNING] [TSADAdvTrainer] 生成对抗样本时梯度为 None 或包含 NaN/Inf，跳过对抗扰动。
[2025-12-17 20:38:04,687] [WARNING] [TSADAdvTrainer] 生成对抗样本时梯度为 None 或包含 NaN/Inf，跳过对抗扰动。
[2025-12-17 20:38:05,046] [WARNING] [TSADAdvTrainer] 生成对抗样本时梯度为 None 或包含 NaN/Inf，跳过对抗扰动。
[2025-12-17 20:38:05,401] [WARNING] [TSADAdvTrainer] 生成对抗样本时梯度为 None 或包含 NaN/Inf，跳过对抗扰动。
[2025-12-17 20:38:05,754] [WARNING] [TSADAdvTrainer] 生成对抗样本时梯度为 None 或包含 NaN/Inf，跳过对抗扰动。
[2025-12-17 20:38:06,129] [WARNING] [TSADAdvTrainer] 生成对抗样本时梯度为 None 或包含 NaN/Inf，跳过对抗扰动。
[2025-12-17 20:38:06,492] [WARNING] [TSADAdvTrainer] 生成对抗样本时梯度为 None 或包含 NaN/Inf，跳过对抗扰动。
[2025-12-17 20:38:06,868] [WARNING] [TSADAdvTrainer] 生成对抗样本时梯度为 None 或包含 NaN/Inf，跳过对抗扰动。
[2025-12-17 20:38:07,242] [WARNING] [TSADAdvTrainer] 生成对抗样本时梯度为 None 或包含 NaN/Inf，跳过对抗扰动。
[2025-12-17 20:38:07,596] [WARNING] [TSADAdvTrainer] 生成对抗样本时梯度为 None 或包含 NaN/Inf，跳过对抗扰动。
[2025-12-17 20:38:07,957] [WARNING] [TSADAdvTrainer] 生成对抗样本时梯度为 None 或包含 NaN/Inf，跳过对抗扰动。
[2025-12-17 20:38:08,328] [WARNING] [TSADAdvTrainer] 生成对抗样本时梯度为 None 或包含 NaN/Inf，跳过对抗扰动。
[2025-12-17 20:38:08,684] [WARNING] [TSADAdvTrainer] 生成对抗样本时梯度为 None 或包含 NaN/Inf，跳过对抗扰动。
[2025-12-17 20:38:09,035] [WARNING] [TSADAdvTrainer] 生成对抗样本时梯度为 None 或包含 NaN/Inf，跳过对抗扰动。
[2025-12-17 20:38:09,418] [WARNING] [TSADAdvTrainer] 生成对抗样本时梯度为 None 或包含 NaN/Inf，跳过对抗扰动。
[2025-12-17 20:38:09,791] [WARNING] [TSADAdvTrainer] 生成对抗样本时梯度为 None 或包含 NaN/Inf，跳过对抗扰动。
[2025-12-17 20:38:10,167] [WARNING] [TSADAdvTrainer] 生成对抗样本时梯度为 None 或包含 NaN/Inf，跳过对抗扰动。
[2025-12-17 20:38:10,543] [WARNING] [TSADAdvTrainer] 生成对抗样本时梯度为 None 或包含 NaN/Inf，跳过对抗扰动。
[2025-12-17 20:38:10,902] [WARNING] [TSADAdvTrainer] 生成对抗样本时梯度为 None 或包含 NaN/Inf，跳过对抗扰动。
[2025-12-17 20:38:11,272] [WARNING] [TSADAdvTrainer] 生成对抗样本时梯度为 None 或包含 NaN/Inf，跳过对抗扰动。
[2025-12-17 20:38:11,632] [WARNING] [TSADAdvTrainer] 生成对抗样本时梯度为 None 或包含 NaN/Inf，跳过对抗扰动。
[2025-12-17 20:38:11,986] [WARNING] [TSADAdvTrainer] 生成对抗样本时梯度为 None 或包含 NaN/Inf，跳过对抗扰动。
[2025-12-17 20:38:12,339] [WARNING] [TSADAdvTrainer] 生成对抗样本时梯度为 None 或包含 NaN/Inf，跳过对抗扰动。
[2025-12-17 20:38:12,686] [WARNING] [TSADAdvTrainer] 生成对抗样本时梯度为 None 或包含 NaN/Inf，跳过对抗扰动。
[2025-12-17 20:38:13,044] [WARNING] [TSADAdvTrainer] 生成对抗样本时梯度为 None 或包含 NaN/Inf，跳过对抗扰动。
[2025-12-17 20:38:13,415] [WARNING] [TSADAdvTrainer] 生成对抗样本时梯度为 None 或包含 NaN/Inf，跳过对抗扰动。
[2025-12-17 20:38:13,721] [WARNING] [TSADAdvTrainer] 生成对抗样本时梯度为 None 或包含 NaN/Inf，跳过对抗扰动。
[2025-12-17 20:38:14,020] [WARNING] [TSADAdvTrainer] 生成对抗样本时梯度为 None 或包含 NaN/Inf，跳过对抗扰动。
[2025-12-17 20:38:14,346] [WARNING] [TSADAdvTrainer] 生成对抗样本时梯度为 None 或包含 NaN/Inf，跳过对抗扰动。
[2025-12-17 20:38:14,673] [WARNING] [TSADAdvTrainer] 生成对抗样本时梯度为 None 或包含 NaN/Inf，跳过对抗扰动。
[2025-12-17 20:38:15,003] [WARNING] [TSADAdvTrainer] 生成对抗样本时梯度为 None 或包含 NaN/Inf，跳过对抗扰动。
[2025-12-17 20:38:15,337] [WARNING] [TSADAdvTrainer] 生成对抗样本时梯度为 None 或包含 NaN/Inf，跳过对抗扰动。
[2025-12-17 20:38:15,680] [WARNING] [TSADAdvTrainer] 生成对抗样本时梯度为 None 或包含 NaN/Inf，跳过对抗扰动。
[2025-12-17 20:38:16,016] [WARNING] [TSADAdvTrainer] 生成对抗样本时梯度为 None 或包含 NaN/Inf，跳过对抗扰动。
[2025-12-17 20:38:16,348] [WARNING] [TSADAdvTrainer] 生成对抗样本时梯度为 None 或包含 NaN/Inf，跳过对抗扰动。
[2025-12-17 20:38:16,673] [WARNING] [TSADAdvTrainer] 生成对抗样本时梯度为 None 或包含 NaN/Inf，跳过对抗扰动。
[2025-12-17 20:38:16,998] [WARNING] [TSADAdvTrainer] 生成对抗样本时梯度为 None 或包含 NaN/Inf，跳过对抗扰动。
[2025-12-17 20:38:17,321] [WARNING] [TSADAdvTrainer] 生成对抗样本时梯度为 None 或包含 NaN/Inf，跳过对抗扰动。
[2025-12-17 20:38:17,649] [WARNING] [TSADAdvTrainer] 生成对抗样本时梯度为 None 或包含 NaN/Inf，跳过对抗扰动。
[2025-12-17 20:38:17,982] [WARNING] [TSADAdvTrainer] 生成对抗样本时梯度为 None 或包含 NaN/Inf，跳过对抗扰动。
[2025-12-17 20:38:18,308] [WARNING] [TSADAdvTrainer] 生成对抗样本时梯度为 None 或包含 NaN/Inf，跳过对抗扰动。
[2025-12-17 20:38:18,644] [WARNING] [TSADAdvTrainer] 生成对抗样本时梯度为 None 或包含 NaN/Inf，跳过对抗扰动。
[2025-12-17 20:38:18,969] [WARNING] [TSADAdvTrainer] 生成对抗样本时梯度为 None 或包含 NaN/Inf，跳过对抗扰动。
[2025-12-17 20:38:19,284] [WARNING] [TSADAdvTrainer] 生成对抗样本时梯度为 None 或包含 NaN/Inf，跳过对抗扰动。
[2025-12-17 20:38:19,621] [WARNING] [TSADAdvTrainer] 生成对抗样本时梯度为 None 或包含 NaN/Inf，跳过对抗扰动。
[2025-12-17 20:38:19,948] [WARNING] [TSADAdvTrainer] 生成对抗样本时梯度为 None 或包含 NaN/Inf，跳过对抗扰动。
[2025-12-17 20:38:20,281] [WARNING] [TSADAdvTrainer] 生成对抗样本时梯度为 None 或包含 NaN/Inf，跳过对抗扰动。
[2025-12-17 20:38:20,623] [WARNING] [TSADAdvTrainer] 生成对抗样本时梯度为 None 或包含 NaN/Inf，跳过对抗扰动。
[2025-12-17 20:38:20,916] [WARNING] [TSADAdvTrainer] 生成对抗样本时梯度为 None 或包含 NaN/Inf，跳过对抗扰动。
[2025-12-17 20:38:21,281] [WARNING] [TSADAdvTrainer] 生成对抗样本时梯度为 None 或包含 NaN/Inf，跳过对抗扰动。
[2025-12-17 20:38:21,641] [WARNING] [TSADAdvTrainer] 生成对抗样本时梯度为 None 或包含 NaN/Inf，跳过对抗扰动。
[2025-12-17 20:38:22,009] [WARNING] [TSADAdvTrainer] 生成对抗样本时梯度为 None 或包含 NaN/Inf，跳过对抗扰动。
[2025-12-17 20:38:22,368] [WARNING] [TSADAdvTrainer] 生成对抗样本时梯度为 None 或包含 NaN/Inf，跳过对抗扰动。
[2025-12-17 20:38:22,749] [WARNING] [TSADAdvTrainer] 生成对抗样本时梯度为 None 或包含 NaN/Inf，跳过对抗扰动。
[2025-12-17 20:38:23,114] [WARNING] [TSADAdvTrainer] 生成对抗样本时梯度为 None 或包含 NaN/Inf，跳过对抗扰动。
[2025-12-17 20:38:23,465] [WARNING] [TSADAdvTrainer] 生成对抗样本时梯度为 None 或包含 NaN/Inf，跳过对抗扰动。
[2025-12-17 20:38:23,830] [WARNING] [TSADAdvTrainer] 生成对抗样本时梯度为 None 或包含 NaN/Inf，跳过对抗扰动。
[2025-12-17 20:38:24,212] [WARNING] [TSADAdvTrainer] 生成对抗样本时梯度为 None 或包含 NaN/Inf，跳过对抗扰动。
[2025-12-17 20:38:24,564] [WARNING] [TSADAdvTrainer] 生成对抗样本时梯度为 None 或包含 NaN/Inf，跳过对抗扰动。
[2025-12-17 20:38:24,902] [WARNING] [TSADAdvTrainer] 生成对抗样本时梯度为 None 或包含 NaN/Inf，跳过对抗扰动。
[2025-12-17 20:38:25,263] [WARNING] [TSADAdvTrainer] 生成对抗样本时梯度为 None 或包含 NaN/Inf，跳过对抗扰动。
[2025-12-17 20:38:25,612] [WARNING] [TSADAdvTrainer] 生成对抗样本时梯度为 None 或包含 NaN/Inf，跳过对抗扰动。
[2025-12-17 20:38:25,958] [WARNING] [TSADAdvTrainer] 生成对抗样本时梯度为 None 或包含 NaN/Inf，跳过对抗扰动。
[2025-12-17 20:38:26,321] [WARNING] [TSADAdvTrainer] 生成对抗样本时梯度为 None 或包含 NaN/Inf，跳过对抗扰动。
[2025-12-17 20:38:26,696] [WARNING] [TSADAdvTrainer] 生成对抗样本时梯度为 None 或包含 NaN/Inf，跳过对抗扰动。
[2025-12-17 20:38:27,049] [WARNING] [TSADAdvTrainer] 生成对抗样本时梯度为 None 或包含 NaN/Inf，跳过对抗扰动。
[2025-12-17 20:38:27,408] [WARNING] [TSADAdvTrainer] 生成对抗样本时梯度为 None 或包含 NaN/Inf，跳过对抗扰动。
[2025-12-17 20:38:27,762] [WARNING] [TSADAdvTrainer] 生成对抗样本时梯度为 None 或包含 NaN/Inf，跳过对抗扰动。
[2025-12-17 20:38:28,137] [WARNING] [TSADAdvTrainer] 生成对抗样本时梯度为 None 或包含 NaN/Inf，跳过对抗扰动。
[2025-12-17 20:38:28,522] [WARNING] [TSADAdvTrainer] 生成对抗样本时梯度为 None 或包含 NaN/Inf，跳过对抗扰动。
[2025-12-17 20:38:28,866] [WARNING] [TSADAdvTrainer] 生成对抗样本时梯度为 None 或包含 NaN/Inf，跳过对抗扰动。
[2025-12-17 20:38:29,224] [WARNING] [TSADAdvTrainer] 生成对抗样本时梯度为 None 或包含 NaN/Inf，跳过对抗扰动。
[2025-12-17 20:38:29,590] [WARNING] [TSADAdvTrainer] 生成对抗样本时梯度为 None 或包含 NaN/Inf，跳过对抗扰动。
[2025-12-17 20:38:29,963] [WARNING] [TSADAdvTrainer] 生成对抗样本时梯度为 None 或包含 NaN/Inf，跳过对抗扰动。
[2025-12-17 20:38:30,330] [WARNING] [TSADAdvTrainer] 生成对抗样本时梯度为 None 或包含 NaN/Inf，跳过对抗扰动。
[2025-12-17 20:38:30,722] [WARNING] [TSADAdvTrainer] 生成对抗样本时梯度为 None 或包含 NaN/Inf，跳过对抗扰动。
[2025-12-17 20:38:31,088] [WARNING] [TSADAdvTrainer] 生成对抗样本时梯度为 None 或包含 NaN/Inf，跳过对抗扰动。
[2025-12-17 20:38:31,478] [WARNING] [TSADAdvTrainer] 生成对抗样本时梯度为 None 或包含 NaN/Inf，跳过对抗扰动。
[2025-12-17 20:38:31,858] [WARNING] [TSADAdvTrainer] 生成对抗样本时梯度为 None 或包含 NaN/Inf，跳过对抗扰动。
[2025-12-17 20:38:32,211] [WARNING] [TSADAdvTrainer] 生成对抗样本时梯度为 None 或包含 NaN/Inf，跳过对抗扰动。
[2025-12-17 20:38:32,576] [WARNING] [TSADAdvTrainer] 生成对抗样本时梯度为 None 或包含 NaN/Inf，跳过对抗扰动。
[2025-12-17 20:38:32,950] [WARNING] [TSADAdvTrainer] 生成对抗样本时梯度为 None 或包含 NaN/Inf，跳过对抗扰动。
[2025-12-17 20:38:33,332] [WARNING] [TSADAdvTrainer] 生成对抗样本时梯度为 None 或包含 NaN/Inf，跳过对抗扰动。
[2025-12-17 20:38:33,701] [WARNING] [TSADAdvTrainer] 生成对抗样本时梯度为 None 或包含 NaN/Inf，跳过对抗扰动。
[2025-12-17 20:38:34,065] [WARNING] [TSADAdvTrainer] 生成对抗样本时梯度为 None 或包含 NaN/Inf，跳过对抗扰动。
[2025-12-17 20:38:34,449] [WARNING] [TSADAdvTrainer] 生成对抗样本时梯度为 None 或包含 NaN/Inf，跳过对抗扰动。
[2025-12-17 20:38:34,834] [WARNING] [TSADAdvTrainer] 生成对抗样本时梯度为 None 或包含 NaN/Inf，跳过对抗扰动。
[2025-12-17 20:38:35,199] [WARNING] [TSADAdvTrainer] 生成对抗样本时梯度为 None 或包含 NaN/Inf，跳过对抗扰动。
[2025-12-17 20:38:35,559] [WARNING] [TSADAdvTrainer] 生成对抗样本时梯度为 None 或包含 NaN/Inf，跳过对抗扰动。
[2025-12-17 20:38:35,860] [WARNING] [TSADAdvTrainer] 生成对抗样本时梯度为 None 或包含 NaN/Inf，跳过对抗扰动。
[2025-12-17 20:38:36,190] [WARNING] [TSADAdvTrainer] 生成对抗样本时梯度为 None 或包含 NaN/Inf，跳过对抗扰动。
[2025-12-17 20:38:36,525] [WARNING] [TSADAdvTrainer] 生成对抗样本时梯度为 None 或包含 NaN/Inf，跳过对抗扰动。
[2025-12-17 20:38:36,863] [WARNING] [TSADAdvTrainer] 生成对抗样本时梯度为 None 或包含 NaN/Inf，跳过对抗扰动。
[2025-12-17 20:38:37,190] [WARNING] [TSADAdvTrainer] 生成对抗样本时梯度为 None 或包含 NaN/Inf，跳过对抗扰动。
[2025-12-17 20:38:37,532] [WARNING] [TSADAdvTrainer] 生成对抗样本时梯度为 None 或包含 NaN/Inf，跳过对抗扰动。
[2025-12-17 20:38:37,869] [WARNING] [TSADAdvTrainer] 生成对抗样本时梯度为 None 或包含 NaN/Inf，跳过对抗扰动。
[2025-12-17 20:38:38,204] [WARNING] [TSADAdvTrainer] 生成对抗样本时梯度为 None 或包含 NaN/Inf，跳过对抗扰动。
[2025-12-17 20:38:38,538] [WARNING] [TSADAdvTrainer] 生成对抗样本时梯度为 None 或包含 NaN/Inf，跳过对抗扰动。
[2025-12-17 20:38:38,870] [WARNING] [TSADAdvTrainer] 生成对抗样本时梯度为 None 或包含 NaN/Inf，跳过对抗扰动。
[2025-12-17 20:38:39,217] [WARNING] [TSADAdvTrainer] 生成对抗样本时梯度为 None 或包含 NaN/Inf，跳过对抗扰动。
[2025-12-17 20:38:39,564] [WARNING] [TSADAdvTrainer] 生成对抗样本时梯度为 None 或包含 NaN/Inf，跳过对抗扰动。
[2025-12-17 20:38:39,909] [WARNING] [TSADAdvTrainer] 生成对抗样本时梯度为 None 或包含 NaN/Inf，跳过对抗扰动。
[2025-12-17 20:38:40,249] [WARNING] [TSADAdvTrainer] 生成对抗样本时梯度为 None 或包含 NaN/Inf，跳过对抗扰动。
[2025-12-17 20:38:40,575] [WARNING] [TSADAdvTrainer] 生成对抗样本时梯度为 None 或包含 NaN/Inf，跳过对抗扰动。
[2025-12-17 20:38:40,869] [WARNING] [TSADAdvTrainer] 生成对抗样本时梯度为 None 或包含 NaN/Inf，跳过对抗扰动。
[2025-12-17 20:38:41,253] [WARNING] [TSADAdvTrainer] 生成对抗样本时梯度为 None 或包含 NaN/Inf，跳过对抗扰动。
[2025-12-17 20:38:41,608] [WARNING] [TSADAdvTrainer] 生成对抗样本时梯度为 None 或包含 NaN/Inf，跳过对抗扰动。
[2025-12-17 20:38:41,971] [WARNING] [TSADAdvTrainer] 生成对抗样本时梯度为 None 或包含 NaN/Inf，跳过对抗扰动。
[2025-12-17 20:38:42,362] [WARNING] [TSADAdvTrainer] 生成对抗样本时梯度为 None 或包含 NaN/Inf，跳过对抗扰动。
[2025-12-17 20:38:42,717] [WARNING] [TSADAdvTrainer] 生成对抗样本时梯度为 None 或包含 NaN/Inf，跳过对抗扰动。
[2025-12-17 20:38:43,058] [WARNING] [TSADAdvTrainer] 生成对抗样本时梯度为 None 或包含 NaN/Inf，跳过对抗扰动。
[2025-12-17 20:38:43,430] [WARNING] [TSADAdvTrainer] 生成对抗样本时梯度为 None 或包含 NaN/Inf，跳过对抗扰动。
[2025-12-17 20:38:43,801] [WARNING] [TSADAdvTrainer] 生成对抗样本时梯度为 None 或包含 NaN/Inf，跳过对抗扰动。
[2025-12-17 20:38:44,158] [WARNING] [TSADAdvTrainer] 生成对抗样本时梯度为 None 或包含 NaN/Inf，跳过对抗扰动。
[2025-12-17 20:38:44,505] [WARNING] [TSADAdvTrainer] 生成对抗样本时梯度为 None 或包含 NaN/Inf，跳过对抗扰动。
[2025-12-17 20:38:44,885] [WARNING] [TSADAdvTrainer] 生成对抗样本时梯度为 None 或包含 NaN/Inf，跳过对抗扰动。
[2025-12-17 20:38:45,240] [WARNING] [TSADAdvTrainer] 生成对抗样本时梯度为 None 或包含 NaN/Inf，跳过对抗扰动。
[2025-12-17 20:38:45,609] [WARNING] [TSADAdvTrainer] 生成对抗样本时梯度为 None 或包含 NaN/Inf，跳过对抗扰动。
[2025-12-17 20:38:45,973] [WARNING] [TSADAdvTrainer] 生成对抗样本时梯度为 None 或包含 NaN/Inf，跳过对抗扰动。
[2025-12-17 20:38:46,335] [WARNING] [TSADAdvTrainer] 生成对抗样本时梯度为 None 或包含 NaN/Inf，跳过对抗扰动。
[2025-12-17 20:38:46,709] [WARNING] [TSADAdvTrainer] 生成对抗样本时梯度为 None 或包含 NaN/Inf，跳过对抗扰动。
[2025-12-17 20:38:47,074] [WARNING] [TSADAdvTrainer] 生成对抗样本时梯度为 None 或包含 NaN/Inf，跳过对抗扰动。
[2025-12-17 20:38:47,448] [WARNING] [TSADAdvTrainer] 生成对抗样本时梯度为 None 或包含 NaN/Inf，跳过对抗扰动。
[2025-12-17 20:38:47,814] [WARNING] [TSADAdvTrainer] 生成对抗样本时梯度为 None 或包含 NaN/Inf，跳过对抗扰动。
[2025-12-17 20:38:48,172] [WARNING] [TSADAdvTrainer] 生成对抗样本时梯度为 None 或包含 NaN/Inf，跳过对抗扰动。
[2025-12-17 20:38:48,530] [WARNING] [TSADAdvTrainer] 生成对抗样本时梯度为 None 或包含 NaN/Inf，跳过对抗扰动。
[2025-12-17 20:38:48,911] [WARNING] [TSADAdvTrainer] 生成对抗样本时梯度为 None 或包含 NaN/Inf，跳过对抗扰动。
[2025-12-17 20:38:49,279] [WARNING] [TSADAdvTrainer] 生成对抗样本时梯度为 None 或包含 NaN/Inf，跳过对抗扰动。
[2025-12-17 20:38:49,650] [WARNING] [TSADAdvTrainer] 生成对抗样本时梯度为 None 或包含 NaN/Inf，跳过对抗扰动。
[2025-12-17 20:38:50,009] [WARNING] [TSADAdvTrainer] 生成对抗样本时梯度为 None 或包含 NaN/Inf，跳过对抗扰动。
[2025-12-17 20:38:50,386] [WARNING] [TSADAdvTrainer] 生成对抗样本时梯度为 None 或包含 NaN/Inf，跳过对抗扰动。
[2025-12-17 20:38:50,769] [WARNING] [TSADAdvTrainer] 生成对抗样本时梯度为 None 或包含 NaN/Inf，跳过对抗扰动。
[2025-12-17 20:38:51,136] [WARNING] [TSADAdvTrainer] 生成对抗样本时梯度为 None 或包含 NaN/Inf，跳过对抗扰动。
[2025-12-17 20:38:51,503] [WARNING] [TSADAdvTrainer] 生成对抗样本时梯度为 None 或包含 NaN/Inf，跳过对抗扰动。
[2025-12-17 20:38:51,845] [WARNING] [TSADAdvTrainer] 生成对抗样本时梯度为 None 或包含 NaN/Inf，跳过对抗扰动。
[2025-12-17 20:38:52,201] [WARNING] [TSADAdvTrainer] 生成对抗样本时梯度为 None 或包含 NaN/Inf，跳过对抗扰动。
[2025-12-17 20:38:52,552] [WARNING] [TSADAdvTrainer] 生成对抗样本时梯度为 None 或包含 NaN/Inf，跳过对抗扰动。
[2025-12-17 20:38:52,922] [WARNING] [TSADAdvTrainer] 生成对抗样本时梯度为 None 或包含 NaN/Inf，跳过对抗扰动。
[2025-12-17 20:38:53,282] [WARNING] [TSADAdvTrainer] 生成对抗样本时梯度为 None 或包含 NaN/Inf，跳过对抗扰动。
[2025-12-17 20:38:53,632] [WARNING] [TSADAdvTrainer] 生成对抗样本时梯度为 None 或包含 NaN/Inf，跳过对抗扰动。
[2025-12-17 20:38:53,987] [WARNING] [TSADAdvTrainer] 生成对抗样本时梯度为 None 或包含 NaN/Inf，跳过对抗扰动。
[2025-12-17 20:38:54,358] [WARNING] [TSADAdvTrainer] 生成对抗样本时梯度为 None 或包含 NaN/Inf，跳过对抗扰动。
[2025-12-17 20:38:54,727] [WARNING] [TSADAdvTrainer] 生成对抗样本时梯度为 None 或包含 NaN/Inf，跳过对抗扰动。
[2025-12-17 20:38:55,116] [WARNING] [TSADAdvTrainer] 生成对抗样本时梯度为 None 或包含 NaN/Inf，跳过对抗扰动。
[2025-12-17 20:38:55,470] [WARNING] [TSADAdvTrainer] 生成对抗样本时梯度为 None 或包含 NaN/Inf，跳过对抗扰动。
[2025-12-17 20:38:55,796] [WARNING] [TSADAdvTrainer] 生成对抗样本时梯度为 None 或包含 NaN/Inf，跳过对抗扰动。
[2025-12-17 20:38:56,137] [WARNING] [TSADAdvTrainer] 生成对抗样本时梯度为 None 或包含 NaN/Inf，跳过对抗扰动。
[2025-12-17 20:38:56,464] [WARNING] [TSADAdvTrainer] 生成对抗样本时梯度为 None 或包含 NaN/Inf，跳过对抗扰动。
[2025-12-17 20:38:56,797] [WARNING] [TSADAdvTrainer] 生成对抗样本时梯度为 None 或包含 NaN/Inf，跳过对抗扰动。
[2025-12-17 20:38:57,118] [WARNING] [TSADAdvTrainer] 生成对抗样本时梯度为 None 或包含 NaN/Inf，跳过对抗扰动。
[2025-12-17 20:38:57,450] [WARNING] [TSADAdvTrainer] 生成对抗样本时梯度为 None 或包含 NaN/Inf，跳过对抗扰动。
[2025-12-17 20:38:57,783] [WARNING] [TSADAdvTrainer] 生成对抗样本时梯度为 None 或包含 NaN/Inf，跳过对抗扰动。
[2025-12-17 20:38:58,114] [WARNING] [TSADAdvTrainer] 生成对抗样本时梯度为 None 或包含 NaN/Inf，跳过对抗扰动。
[2025-12-17 20:38:58,461] [WARNING] [TSADAdvTrainer] 生成对抗样本时梯度为 None 或包含 NaN/Inf，跳过对抗扰动。
[2025-12-17 20:38:58,787] [WARNING] [TSADAdvTrainer] 生成对抗样本时梯度为 None 或包含 NaN/Inf，跳过对抗扰动。
[2025-12-17 20:38:59,127] [WARNING] [TSADAdvTrainer] 生成对抗样本时梯度为 None 或包含 NaN/Inf，跳过对抗扰动。
[2025-12-17 20:38:59,456] [WARNING] [TSADAdvTrainer] 生成对抗样本时梯度为 None 或包含 NaN/Inf，跳过对抗扰动。
[2025-12-17 20:38:59,804] [WARNING] [TSADAdvTrainer] 生成对抗样本时梯度为 None 或包含 NaN/Inf，跳过对抗扰动。
[2025-12-17 20:39:00,141] [WARNING] [TSADAdvTrainer] 生成对抗样本时梯度为 None 或包含 NaN/Inf，跳过对抗扰动。
[2025-12-17 20:39:00,487] [WARNING] [TSADAdvTrainer] 生成对抗样本时梯度为 None 或包含 NaN/Inf，跳过对抗扰动。
[2025-12-17 20:39:00,810] [WARNING] [TSADAdvTrainer] 生成对抗样本时梯度为 None 或包含 NaN/Inf，跳过对抗扰动。
[2025-12-17 20:39:01,135] [WARNING] [TSADAdvTrainer] 生成对抗样本时梯度为 None 或包含 NaN/Inf，跳过对抗扰动。
[2025-12-17 20:39:01,470] [WARNING] [TSADAdvTrainer] 生成对抗样本时梯度为 None 或包含 NaN/Inf，跳过对抗扰动。
[2025-12-17 20:39:01,794] [WARNING] [TSADAdvTrainer] 生成对抗样本时梯度为 None 或包含 NaN/Inf，跳过对抗扰动。
[2025-12-17 20:39:02,132] [WARNING] [TSADAdvTrainer] 生成对抗样本时梯度为 None 或包含 NaN/Inf，跳过对抗扰动。
[2025-12-17 20:39:02,456] [WARNING] [TSADAdvTrainer] 生成对抗样本时梯度为 None 或包含 NaN/Inf，跳过对抗扰动。
[2025-12-17 20:39:02,786] [WARNING] [TSADAdvTrainer] 生成对抗样本时梯度为 None 或包含 NaN/Inf，跳过对抗扰动。
[2025-12-17 20:39:03,121] [WARNING] [TSADAdvTrainer] 生成对抗样本时梯度为 None 或包含 NaN/Inf，跳过对抗扰动。
[2025-12-17 20:39:03,470] [WARNING] [TSADAdvTrainer] 生成对抗样本时梯度为 None 或包含 NaN/Inf，跳过对抗扰动。
[2025-12-17 20:39:03,794] [WARNING] [TSADAdvTrainer] 生成对抗样本时梯度为 None 或包含 NaN/Inf，跳过对抗扰动。
[2025-12-17 20:39:04,130] [WARNING] [TSADAdvTrainer] 生成对抗样本时梯度为 None 或包含 NaN/Inf，跳过对抗扰动。
[2025-12-17 20:39:04,457] [WARNING] [TSADAdvTrainer] 生成对抗样本时梯度为 None 或包含 NaN/Inf，跳过对抗扰动。
[2025-12-17 20:39:04,784] [WARNING] [TSADAdvTrainer] 生成对抗样本时梯度为 None 或包含 NaN/Inf，跳过对抗扰动。
[2025-12-17 20:39:05,153] [WARNING] [TSADAdvTrainer] 生成对抗样本时梯度为 None 或包含 NaN/Inf，跳过对抗扰动。
[2025-12-17 20:39:05,498] [WARNING] [TSADAdvTrainer] 生成对抗样本时梯度为 None 或包含 NaN/Inf，跳过对抗扰动。
[2025-12-17 20:39:05,852] [WARNING] [TSADAdvTrainer] 生成对抗样本时梯度为 None 或包含 NaN/Inf，跳过对抗扰动。
[2025-12-17 20:39:06,233] [WARNING] [TSADAdvTrainer] 生成对抗样本时梯度为 None 或包含 NaN/Inf，跳过对抗扰动。
[2025-12-17 20:39:06,596] [WARNING] [TSADAdvTrainer] 生成对抗样本时梯度为 None 或包含 NaN/Inf，跳过对抗扰动。
[2025-12-17 20:39:06,948] [WARNING] [TSADAdvTrainer] 生成对抗样本时梯度为 None 或包含 NaN/Inf，跳过对抗扰动。
[2025-12-17 20:39:07,320] [WARNING] [TSADAdvTrainer] 生成对抗样本时梯度为 None 或包含 NaN/Inf，跳过对抗扰动。
[2025-12-17 20:39:07,692] [WARNING] [TSADAdvTrainer] 生成对抗样本时梯度为 None 或包含 NaN/Inf，跳过对抗扰动。
[2025-12-17 20:39:08,047] [WARNING] [TSADAdvTrainer] 生成对抗样本时梯度为 None 或包含 NaN/Inf，跳过对抗扰动。
[2025-12-17 20:39:08,414] [WARNING] [TSADAdvTrainer] 生成对抗样本时梯度为 None 或包含 NaN/Inf，跳过对抗扰动。
[2025-12-17 20:39:08,779] [WARNING] [TSADAdvTrainer] 生成对抗样本时梯度为 None 或包含 NaN/Inf，跳过对抗扰动。
[2025-12-17 20:39:09,104] [INFO] [Epoch 7] hybrid_shared_adv 训练损失: total=4.381853, recon=2.191315, forecast=0.729921, adv=2.921235
[2025-12-17 20:39:24,607] [INFO] [Eval-recon(hybrid)] F1=0.4213, P=0.6963, R=0.3020, AUC=0.5794, thr=793655.062500, point_adjust=True
[2025-12-17 20:39:33,377] [INFO] [Eval-forecast(hybrid)] F1=0.4192, P=0.6854, R=0.3020, AUC=0.5794, thr=793654.812500, point_adjust=True
[2025-12-17 20:39:38,809] [INFO] [Eval-hybrid] F1=0.4213, P=0.6963, R=0.3020, AUC=0.5794, thr=0.913139, point_adjust=True; recon_F1=0.4213, forecast_F1=0.4192
[2025-12-17 20:39:39,062] [INFO] 已保存可视化图：./logs/wadi_adv_hybrid/scores_epoch7_hybrid_shared_adv.png
[2025-12-17 20:39:39,063] [INFO] ========== Epoch 8/50 (hybrid_shared_adv) ==========
[2025-12-17 20:39:39,064] [INFO] [Epoch 8] hybrid_shared_adv 启用对抗训练 (epsilon=0.0500, beta=0.5000)
[2025-12-17 20:39:39,394] [WARNING] [TSADAdvTrainer] 生成对抗样本时梯度为 None 或包含 NaN/Inf，跳过对抗扰动。
[2025-12-17 20:39:39,729] [WARNING] [TSADAdvTrainer] 生成对抗样本时梯度为 None 或包含 NaN/Inf，跳过对抗扰动。
[2025-12-17 20:39:40,046] [WARNING] [TSADAdvTrainer] 生成对抗样本时梯度为 None 或包含 NaN/Inf，跳过对抗扰动。
[2025-12-17 20:39:40,393] [WARNING] [TSADAdvTrainer] 生成对抗样本时梯度为 None 或包含 NaN/Inf，跳过对抗扰动。
[2025-12-17 20:39:40,725] [WARNING] [TSADAdvTrainer] 生成对抗样本时梯度为 None 或包含 NaN/Inf，跳过对抗扰动。
[2025-12-17 20:39:41,067] [WARNING] [TSADAdvTrainer] 生成对抗样本时梯度为 None 或包含 NaN/Inf，跳过对抗扰动。
[2025-12-17 20:39:41,385] [WARNING] [TSADAdvTrainer] 生成对抗样本时梯度为 None 或包含 NaN/Inf，跳过对抗扰动。
[2025-12-17 20:39:41,722] [WARNING] [TSADAdvTrainer] 生成对抗样本时梯度为 None 或包含 NaN/Inf，跳过对抗扰动。
[2025-12-17 20:39:42,061] [WARNING] [TSADAdvTrainer] 生成对抗样本时梯度为 None 或包含 NaN/Inf，跳过对抗扰动。
[2025-12-17 20:39:42,378] [WARNING] [TSADAdvTrainer] 生成对抗样本时梯度为 None 或包含 NaN/Inf，跳过对抗扰动。
[2025-12-17 20:39:42,700] [WARNING] [TSADAdvTrainer] 生成对抗样本时梯度为 None 或包含 NaN/Inf，跳过对抗扰动。
[2025-12-17 20:39:43,065] [WARNING] [TSADAdvTrainer] 生成对抗样本时梯度为 None 或包含 NaN/Inf，跳过对抗扰动。
[2025-12-17 20:39:43,451] [WARNING] [TSADAdvTrainer] 生成对抗样本时梯度为 None 或包含 NaN/Inf，跳过对抗扰动。
[2025-12-17 20:39:43,792] [WARNING] [TSADAdvTrainer] 生成对抗样本时梯度为 None 或包含 NaN/Inf，跳过对抗扰动。
[2025-12-17 20:39:44,146] [WARNING] [TSADAdvTrainer] 生成对抗样本时梯度为 None 或包含 NaN/Inf，跳过对抗扰动。
[2025-12-17 20:39:44,523] [WARNING] [TSADAdvTrainer] 生成对抗样本时梯度为 None 或包含 NaN/Inf，跳过对抗扰动。
[2025-12-17 20:39:44,870] [WARNING] [TSADAdvTrainer] 生成对抗样本时梯度为 None 或包含 NaN/Inf，跳过对抗扰动。
[2025-12-17 20:39:45,212] [WARNING] [TSADAdvTrainer] 生成对抗样本时梯度为 None 或包含 NaN/Inf，跳过对抗扰动。
[2025-12-17 20:39:45,558] [WARNING] [TSADAdvTrainer] 生成对抗样本时梯度为 None 或包含 NaN/Inf，跳过对抗扰动。
[2025-12-17 20:39:45,931] [WARNING] [TSADAdvTrainer] 生成对抗样本时梯度为 None 或包含 NaN/Inf，跳过对抗扰动。
[2025-12-17 20:39:46,294] [WARNING] [TSADAdvTrainer] 生成对抗样本时梯度为 None 或包含 NaN/Inf，跳过对抗扰动。
[2025-12-17 20:39:46,643] [WARNING] [TSADAdvTrainer] 生成对抗样本时梯度为 None 或包含 NaN/Inf，跳过对抗扰动。
[2025-12-17 20:39:46,995] [WARNING] [TSADAdvTrainer] 生成对抗样本时梯度为 None 或包含 NaN/Inf，跳过对抗扰动。
[2025-12-17 20:39:47,355] [WARNING] [TSADAdvTrainer] 生成对抗样本时梯度为 None 或包含 NaN/Inf，跳过对抗扰动。
[2025-12-17 20:39:47,740] [WARNING] [TSADAdvTrainer] 生成对抗样本时梯度为 None 或包含 NaN/Inf，跳过对抗扰动。
[2025-12-17 20:39:48,116] [WARNING] [TSADAdvTrainer] 生成对抗样本时梯度为 None 或包含 NaN/Inf，跳过对抗扰动。
[2025-12-17 20:39:48,493] [WARNING] [TSADAdvTrainer] 生成对抗样本时梯度为 None 或包含 NaN/Inf，跳过对抗扰动。
[2025-12-17 20:39:48,845] [WARNING] [TSADAdvTrainer] 生成对抗样本时梯度为 None 或包含 NaN/Inf，跳过对抗扰动。
[2025-12-17 20:39:49,193] [WARNING] [TSADAdvTrainer] 生成对抗样本时梯度为 None 或包含 NaN/Inf，跳过对抗扰动。
[2025-12-17 20:39:49,566] [WARNING] [TSADAdvTrainer] 生成对抗样本时梯度为 None 或包含 NaN/Inf，跳过对抗扰动。
[2025-12-17 20:39:49,929] [WARNING] [TSADAdvTrainer] 生成对抗样本时梯度为 None 或包含 NaN/Inf，跳过对抗扰动。
[2025-12-17 20:39:50,287] [WARNING] [TSADAdvTrainer] 生成对抗样本时梯度为 None 或包含 NaN/Inf，跳过对抗扰动。
[2025-12-17 20:39:50,688] [WARNING] [TSADAdvTrainer] 生成对抗样本时梯度为 None 或包含 NaN/Inf，跳过对抗扰动。
[2025-12-17 20:39:51,052] [WARNING] [TSADAdvTrainer] 生成对抗样本时梯度为 None 或包含 NaN/Inf，跳过对抗扰动。
[2025-12-17 20:39:51,410] [WARNING] [TSADAdvTrainer] 生成对抗样本时梯度为 None 或包含 NaN/Inf，跳过对抗扰动。
[2025-12-17 20:39:51,771] [WARNING] [TSADAdvTrainer] 生成对抗样本时梯度为 None 或包含 NaN/Inf，跳过对抗扰动。
[2025-12-17 20:39:52,127] [WARNING] [TSADAdvTrainer] 生成对抗样本时梯度为 None 或包含 NaN/Inf，跳过对抗扰动。
[2025-12-17 20:39:52,482] [WARNING] [TSADAdvTrainer] 生成对抗样本时梯度为 None 或包含 NaN/Inf，跳过对抗扰动。
[2025-12-17 20:39:52,838] [WARNING] [TSADAdvTrainer] 生成对抗样本时梯度为 None 或包含 NaN/Inf，跳过对抗扰动。
[2025-12-17 20:39:53,200] [WARNING] [TSADAdvTrainer] 生成对抗样本时梯度为 None 或包含 NaN/Inf，跳过对抗扰动。
[2025-12-17 20:39:53,567] [WARNING] [TSADAdvTrainer] 生成对抗样本时梯度为 None 或包含 NaN/Inf，跳过对抗扰动。
[2025-12-17 20:39:53,946] [WARNING] [TSADAdvTrainer] 生成对抗样本时梯度为 None 或包含 NaN/Inf，跳过对抗扰动。
[2025-12-17 20:39:54,300] [WARNING] [TSADAdvTrainer] 生成对抗样本时梯度为 None 或包含 NaN/Inf，跳过对抗扰动。
[2025-12-17 20:39:54,677] [WARNING] [TSADAdvTrainer] 生成对抗样本时梯度为 None 或包含 NaN/Inf，跳过对抗扰动。
[2025-12-17 20:39:55,025] [WARNING] [TSADAdvTrainer] 生成对抗样本时梯度为 None 或包含 NaN/Inf，跳过对抗扰动。
[2025-12-17 20:39:55,380] [WARNING] [TSADAdvTrainer] 生成对抗样本时梯度为 None 或包含 NaN/Inf，跳过对抗扰动。
[2025-12-17 20:39:55,742] [WARNING] [TSADAdvTrainer] 生成对抗样本时梯度为 None 或包含 NaN/Inf，跳过对抗扰动。
[2025-12-17 20:39:56,109] [WARNING] [TSADAdvTrainer] 生成对抗样本时梯度为 None 或包含 NaN/Inf，跳过对抗扰动。
[2025-12-17 20:39:56,484] [WARNING] [TSADAdvTrainer] 生成对抗样本时梯度为 None 或包含 NaN/Inf，跳过对抗扰动。
[2025-12-17 20:39:56,848] [WARNING] [TSADAdvTrainer] 生成对抗样本时梯度为 None 或包含 NaN/Inf，跳过对抗扰动。
[2025-12-17 20:39:57,230] [WARNING] [TSADAdvTrainer] 生成对抗样本时梯度为 None 或包含 NaN/Inf，跳过对抗扰动。
[2025-12-17 20:39:57,482] [WARNING] [TSADAdvTrainer] 生成对抗样本时梯度为 None 或包含 NaN/Inf，跳过对抗扰动。
[2025-12-17 20:39:57,788] [WARNING] [TSADAdvTrainer] 生成对抗样本时梯度为 None 或包含 NaN/Inf，跳过对抗扰动。
[2025-12-17 20:39:58,123] [WARNING] [TSADAdvTrainer] 生成对抗样本时梯度为 None 或包含 NaN/Inf，跳过对抗扰动。
[2025-12-17 20:39:58,460] [WARNING] [TSADAdvTrainer] 生成对抗样本时梯度为 None 或包含 NaN/Inf，跳过对抗扰动。
[2025-12-17 20:39:58,784] [WARNING] [TSADAdvTrainer] 生成对抗样本时梯度为 None 或包含 NaN/Inf，跳过对抗扰动。
[2025-12-17 20:39:59,118] [WARNING] [TSADAdvTrainer] 生成对抗样本时梯度为 None 或包含 NaN/Inf，跳过对抗扰动。
[2025-12-17 20:39:59,460] [WARNING] [TSADAdvTrainer] 生成对抗样本时梯度为 None 或包含 NaN/Inf，跳过对抗扰动。
[2025-12-17 20:39:59,865] [WARNING] [TSADAdvTrainer] 生成对抗样本时梯度为 None 或包含 NaN/Inf，跳过对抗扰动。
[2025-12-17 20:40:00,204] [WARNING] [TSADAdvTrainer] 生成对抗样本时梯度为 None 或包含 NaN/Inf，跳过对抗扰动。
[2025-12-17 20:40:00,538] [WARNING] [TSADAdvTrainer] 生成对抗样本时梯度为 None 或包含 NaN/Inf，跳过对抗扰动。
[2025-12-17 20:40:00,881] [WARNING] [TSADAdvTrainer] 生成对抗样本时梯度为 None 或包含 NaN/Inf，跳过对抗扰动。
[2025-12-17 20:40:01,229] [WARNING] [TSADAdvTrainer] 生成对抗样本时梯度为 None 或包含 NaN/Inf，跳过对抗扰动。
[2025-12-17 20:40:01,558] [WARNING] [TSADAdvTrainer] 生成对抗样本时梯度为 None 或包含 NaN/Inf，跳过对抗扰动。
[2025-12-17 20:40:01,902] [WARNING] [TSADAdvTrainer] 生成对抗样本时梯度为 None 或包含 NaN/Inf，跳过对抗扰动。
[2025-12-17 20:40:02,419] [WARNING] [TSADAdvTrainer] 生成对抗样本时梯度为 None 或包含 NaN/Inf，跳过对抗扰动。
[2025-12-17 20:40:02,749] [WARNING] [TSADAdvTrainer] 生成对抗样本时梯度为 None 或包含 NaN/Inf，跳过对抗扰动。
[2025-12-17 20:40:03,095] [WARNING] [TSADAdvTrainer] 生成对抗样本时梯度为 None 或包含 NaN/Inf，跳过对抗扰动。
[2025-12-17 20:40:03,442] [WARNING] [TSADAdvTrainer] 生成对抗样本时梯度为 None 或包含 NaN/Inf，跳过对抗扰动。
[2025-12-17 20:40:03,767] [WARNING] [TSADAdvTrainer] 生成对抗样本时梯度为 None 或包含 NaN/Inf，跳过对抗扰动。
[2025-12-17 20:40:04,102] [WARNING] [TSADAdvTrainer] 生成对抗样本时梯度为 None 或包含 NaN/Inf，跳过对抗扰动。
[2025-12-17 20:40:04,435] [WARNING] [TSADAdvTrainer] 生成对抗样本时梯度为 None 或包含 NaN/Inf，跳过对抗扰动。
[2025-12-17 20:40:04,768] [WARNING] [TSADAdvTrainer] 生成对抗样本时梯度为 None 或包含 NaN/Inf，跳过对抗扰动。
[2025-12-17 20:40:05,105] [WARNING] [TSADAdvTrainer] 生成对抗样本时梯度为 None 或包含 NaN/Inf，跳过对抗扰动。
[2025-12-17 20:40:05,431] [WARNING] [TSADAdvTrainer] 生成对抗样本时梯度为 None 或包含 NaN/Inf，跳过对抗扰动。
[2025-12-17 20:40:05,760] [WARNING] [TSADAdvTrainer] 生成对抗样本时梯度为 None 或包含 NaN/Inf，跳过对抗扰动。
[2025-12-17 20:40:06,087] [WARNING] [TSADAdvTrainer] 生成对抗样本时梯度为 None 或包含 NaN/Inf，跳过对抗扰动。
[2025-12-17 20:40:06,433] [WARNING] [TSADAdvTrainer] 生成对抗样本时梯度为 None 或包含 NaN/Inf，跳过对抗扰动。
[2025-12-17 20:40:06,803] [WARNING] [TSADAdvTrainer] 生成对抗样本时梯度为 None 或包含 NaN/Inf，跳过对抗扰动。
[2025-12-17 20:40:07,177] [WARNING] [TSADAdvTrainer] 生成对抗样本时梯度为 None 或包含 NaN/Inf，跳过对抗扰动。
[2025-12-17 20:40:07,543] [WARNING] [TSADAdvTrainer] 生成对抗样本时梯度为 None 或包含 NaN/Inf，跳过对抗扰动。
[2025-12-17 20:40:07,916] [WARNING] [TSADAdvTrainer] 生成对抗样本时梯度为 None 或包含 NaN/Inf，跳过对抗扰动。
[2025-12-17 20:40:08,274] [WARNING] [TSADAdvTrainer] 生成对抗样本时梯度为 None 或包含 NaN/Inf，跳过对抗扰动。
[2025-12-17 20:40:08,661] [WARNING] [TSADAdvTrainer] 生成对抗样本时梯度为 None 或包含 NaN/Inf，跳过对抗扰动。
[2025-12-17 20:40:09,045] [WARNING] [TSADAdvTrainer] 生成对抗样本时梯度为 None 或包含 NaN/Inf，跳过对抗扰动。
[2025-12-17 20:40:09,407] [WARNING] [TSADAdvTrainer] 生成对抗样本时梯度为 None 或包含 NaN/Inf，跳过对抗扰动。
[2025-12-17 20:40:09,765] [WARNING] [TSADAdvTrainer] 生成对抗样本时梯度为 None 或包含 NaN/Inf，跳过对抗扰动。
[2025-12-17 20:40:10,140] [WARNING] [TSADAdvTrainer] 生成对抗样本时梯度为 None 或包含 NaN/Inf，跳过对抗扰动。
[2025-12-17 20:40:10,502] [WARNING] [TSADAdvTrainer] 生成对抗样本时梯度为 None 或包含 NaN/Inf，跳过对抗扰动。
[2025-12-17 20:40:10,877] [WARNING] [TSADAdvTrainer] 生成对抗样本时梯度为 None 或包含 NaN/Inf，跳过对抗扰动。
[2025-12-17 20:40:11,230] [WARNING] [TSADAdvTrainer] 生成对抗样本时梯度为 None 或包含 NaN/Inf，跳过对抗扰动。
[2025-12-17 20:40:11,586] [WARNING] [TSADAdvTrainer] 生成对抗样本时梯度为 None 或包含 NaN/Inf，跳过对抗扰动。
[2025-12-17 20:40:11,943] [WARNING] [TSADAdvTrainer] 生成对抗样本时梯度为 None 或包含 NaN/Inf，跳过对抗扰动。
[2025-12-17 20:40:12,300] [WARNING] [TSADAdvTrainer] 生成对抗样本时梯度为 None 或包含 NaN/Inf，跳过对抗扰动。
[2025-12-17 20:40:12,660] [WARNING] [TSADAdvTrainer] 生成对抗样本时梯度为 None 或包含 NaN/Inf，跳过对抗扰动。
[2025-12-17 20:40:13,028] [WARNING] [TSADAdvTrainer] 生成对抗样本时梯度为 None 或包含 NaN/Inf，跳过对抗扰动。
[2025-12-17 20:40:13,394] [WARNING] [TSADAdvTrainer] 生成对抗样本时梯度为 None 或包含 NaN/Inf，跳过对抗扰动。
[2025-12-17 20:40:13,788] [WARNING] [TSADAdvTrainer] 生成对抗样本时梯度为 None 或包含 NaN/Inf，跳过对抗扰动。
[2025-12-17 20:40:14,165] [WARNING] [TSADAdvTrainer] 生成对抗样本时梯度为 None 或包含 NaN/Inf，跳过对抗扰动。
[2025-12-17 20:40:14,531] [WARNING] [TSADAdvTrainer] 生成对抗样本时梯度为 None 或包含 NaN/Inf，跳过对抗扰动。
[2025-12-17 20:40:14,896] [WARNING] [TSADAdvTrainer] 生成对抗样本时梯度为 None 或包含 NaN/Inf，跳过对抗扰动。
[2025-12-17 20:40:15,266] [WARNING] [TSADAdvTrainer] 生成对抗样本时梯度为 None 或包含 NaN/Inf，跳过对抗扰动。
[2025-12-17 20:40:15,631] [WARNING] [TSADAdvTrainer] 生成对抗样本时梯度为 None 或包含 NaN/Inf，跳过对抗扰动。
[2025-12-17 20:40:16,000] [WARNING] [TSADAdvTrainer] 生成对抗样本时梯度为 None 或包含 NaN/Inf，跳过对抗扰动。
[2025-12-17 20:40:16,367] [WARNING] [TSADAdvTrainer] 生成对抗样本时梯度为 None 或包含 NaN/Inf，跳过对抗扰动。
[2025-12-17 20:40:16,734] [WARNING] [TSADAdvTrainer] 生成对抗样本时梯度为 None 或包含 NaN/Inf，跳过对抗扰动。
[2025-12-17 20:40:17,082] [WARNING] [TSADAdvTrainer] 生成对抗样本时梯度为 None 或包含 NaN/Inf，跳过对抗扰动。
[2025-12-17 20:40:17,471] [WARNING] [TSADAdvTrainer] 生成对抗样本时梯度为 None 或包含 NaN/Inf，跳过对抗扰动。
[2025-12-17 20:40:17,847] [WARNING] [TSADAdvTrainer] 生成对抗样本时梯度为 None 或包含 NaN/Inf，跳过对抗扰动。
[2025-12-17 20:40:18,209] [WARNING] [TSADAdvTrainer] 生成对抗样本时梯度为 None 或包含 NaN/Inf，跳过对抗扰动。
[2025-12-17 20:40:18,568] [WARNING] [TSADAdvTrainer] 生成对抗样本时梯度为 None 或包含 NaN/Inf，跳过对抗扰动。
[2025-12-17 20:40:18,941] [WARNING] [TSADAdvTrainer] 生成对抗样本时梯度为 None 或包含 NaN/Inf，跳过对抗扰动。
[2025-12-17 20:40:19,299] [WARNING] [TSADAdvTrainer] 生成对抗样本时梯度为 None 或包含 NaN/Inf，跳过对抗扰动。
[2025-12-17 20:40:19,651] [WARNING] [TSADAdvTrainer] 生成对抗样本时梯度为 None 或包含 NaN/Inf，跳过对抗扰动。
[2025-12-17 20:40:20,000] [WARNING] [TSADAdvTrainer] 生成对抗样本时梯度为 None 或包含 NaN/Inf，跳过对抗扰动。
[2025-12-17 20:40:20,373] [WARNING] [TSADAdvTrainer] 生成对抗样本时梯度为 None 或包含 NaN/Inf，跳过对抗扰动。
[2025-12-17 20:40:20,742] [WARNING] [TSADAdvTrainer] 生成对抗样本时梯度为 None 或包含 NaN/Inf，跳过对抗扰动。
[2025-12-17 20:40:21,034] [WARNING] [TSADAdvTrainer] 生成对抗样本时梯度为 None 或包含 NaN/Inf，跳过对抗扰动。
[2025-12-17 20:40:21,367] [WARNING] [TSADAdvTrainer] 生成对抗样本时梯度为 None 或包含 NaN/Inf，跳过对抗扰动。
[2025-12-17 20:40:21,698] [WARNING] [TSADAdvTrainer] 生成对抗样本时梯度为 None 或包含 NaN/Inf，跳过对抗扰动。
[2025-12-17 20:40:22,033] [WARNING] [TSADAdvTrainer] 生成对抗样本时梯度为 None 或包含 NaN/Inf，跳过对抗扰动。
[2025-12-17 20:40:22,360] [WARNING] [TSADAdvTrainer] 生成对抗样本时梯度为 None 或包含 NaN/Inf，跳过对抗扰动。
[2025-12-17 20:40:22,681] [WARNING] [TSADAdvTrainer] 生成对抗样本时梯度为 None 或包含 NaN/Inf，跳过对抗扰动。
[2025-12-17 20:40:23,020] [WARNING] [TSADAdvTrainer] 生成对抗样本时梯度为 None 或包含 NaN/Inf，跳过对抗扰动。
[2025-12-17 20:40:23,352] [WARNING] [TSADAdvTrainer] 生成对抗样本时梯度为 None 或包含 NaN/Inf，跳过对抗扰动。
[2025-12-17 20:40:23,688] [WARNING] [TSADAdvTrainer] 生成对抗样本时梯度为 None 或包含 NaN/Inf，跳过对抗扰动。
[2025-12-17 20:40:24,020] [WARNING] [TSADAdvTrainer] 生成对抗样本时梯度为 None 或包含 NaN/Inf，跳过对抗扰动。
[2025-12-17 20:40:24,348] [WARNING] [TSADAdvTrainer] 生成对抗样本时梯度为 None 或包含 NaN/Inf，跳过对抗扰动。
[2025-12-17 20:40:24,697] [WARNING] [TSADAdvTrainer] 生成对抗样本时梯度为 None 或包含 NaN/Inf，跳过对抗扰动。
[2025-12-17 20:40:25,033] [WARNING] [TSADAdvTrainer] 生成对抗样本时梯度为 None 或包含 NaN/Inf，跳过对抗扰动。
[2025-12-17 20:40:25,373] [WARNING] [TSADAdvTrainer] 生成对抗样本时梯度为 None 或包含 NaN/Inf，跳过对抗扰动。
[2025-12-17 20:40:25,699] [WARNING] [TSADAdvTrainer] 生成对抗样本时梯度为 None 或包含 NaN/Inf，跳过对抗扰动。
[2025-12-17 20:40:26,052] [WARNING] [TSADAdvTrainer] 生成对抗样本时梯度为 None 或包含 NaN/Inf，跳过对抗扰动。
[2025-12-17 20:40:26,395] [WARNING] [TSADAdvTrainer] 生成对抗样本时梯度为 None 或包含 NaN/Inf，跳过对抗扰动。
[2025-12-17 20:40:26,718] [WARNING] [TSADAdvTrainer] 生成对抗样本时梯度为 None 或包含 NaN/Inf，跳过对抗扰动。
[2025-12-17 20:40:27,050] [WARNING] [TSADAdvTrainer] 生成对抗样本时梯度为 None 或包含 NaN/Inf，跳过对抗扰动。
[2025-12-17 20:40:27,364] [WARNING] [TSADAdvTrainer] 生成对抗样本时梯度为 None 或包含 NaN/Inf，跳过对抗扰动。
[2025-12-17 20:40:27,717] [WARNING] [TSADAdvTrainer] 生成对抗样本时梯度为 None 或包含 NaN/Inf，跳过对抗扰动。
[2025-12-17 20:40:28,066] [WARNING] [TSADAdvTrainer] 生成对抗样本时梯度为 None 或包含 NaN/Inf，跳过对抗扰动。
[2025-12-17 20:40:28,430] [WARNING] [TSADAdvTrainer] 生成对抗样本时梯度为 None 或包含 NaN/Inf，跳过对抗扰动。
[2025-12-17 20:40:28,788] [WARNING] [TSADAdvTrainer] 生成对抗样本时梯度为 None 或包含 NaN/Inf，跳过对抗扰动。
[2025-12-17 20:40:29,162] [WARNING] [TSADAdvTrainer] 生成对抗样本时梯度为 None 或包含 NaN/Inf，跳过对抗扰动。
[2025-12-17 20:40:29,537] [WARNING] [TSADAdvTrainer] 生成对抗样本时梯度为 None 或包含 NaN/Inf，跳过对抗扰动。
[2025-12-17 20:40:29,901] [WARNING] [TSADAdvTrainer] 生成对抗样本时梯度为 None 或包含 NaN/Inf，跳过对抗扰动。
[2025-12-17 20:40:30,272] [WARNING] [TSADAdvTrainer] 生成对抗样本时梯度为 None 或包含 NaN/Inf，跳过对抗扰动。
[2025-12-17 20:40:30,626] [WARNING] [TSADAdvTrainer] 生成对抗样本时梯度为 None 或包含 NaN/Inf，跳过对抗扰动。
[2025-12-17 20:40:30,981] [WARNING] [TSADAdvTrainer] 生成对抗样本时梯度为 None 或包含 NaN/Inf，跳过对抗扰动。
[2025-12-17 20:40:31,331] [WARNING] [TSADAdvTrainer] 生成对抗样本时梯度为 None 或包含 NaN/Inf，跳过对抗扰动。
[2025-12-17 20:40:31,697] [WARNING] [TSADAdvTrainer] 生成对抗样本时梯度为 None 或包含 NaN/Inf，跳过对抗扰动。
[2025-12-17 20:40:32,049] [WARNING] [TSADAdvTrainer] 生成对抗样本时梯度为 None 或包含 NaN/Inf，跳过对抗扰动。
[2025-12-17 20:40:32,410] [WARNING] [TSADAdvTrainer] 生成对抗样本时梯度为 None 或包含 NaN/Inf，跳过对抗扰动。
[2025-12-17 20:40:32,759] [WARNING] [TSADAdvTrainer] 生成对抗样本时梯度为 None 或包含 NaN/Inf，跳过对抗扰动。
[2025-12-17 20:40:33,138] [WARNING] [TSADAdvTrainer] 生成对抗样本时梯度为 None 或包含 NaN/Inf，跳过对抗扰动。
[2025-12-17 20:40:33,481] [WARNING] [TSADAdvTrainer] 生成对抗样本时梯度为 None 或包含 NaN/Inf，跳过对抗扰动。
[2025-12-17 20:40:33,851] [WARNING] [TSADAdvTrainer] 生成对抗样本时梯度为 None 或包含 NaN/Inf，跳过对抗扰动。
[2025-12-17 20:40:34,218] [WARNING] [TSADAdvTrainer] 生成对抗样本时梯度为 None 或包含 NaN/Inf，跳过对抗扰动。
[2025-12-17 20:40:34,581] [WARNING] [TSADAdvTrainer] 生成对抗样本时梯度为 None 或包含 NaN/Inf，跳过对抗扰动。
[2025-12-17 20:40:34,957] [WARNING] [TSADAdvTrainer] 生成对抗样本时梯度为 None 或包含 NaN/Inf，跳过对抗扰动。
[2025-12-17 20:40:35,330] [WARNING] [TSADAdvTrainer] 生成对抗样本时梯度为 None 或包含 NaN/Inf，跳过对抗扰动。
[2025-12-17 20:40:35,684] [WARNING] [TSADAdvTrainer] 生成对抗样本时梯度为 None 或包含 NaN/Inf，跳过对抗扰动。
[2025-12-17 20:40:36,037] [WARNING] [TSADAdvTrainer] 生成对抗样本时梯度为 None 或包含 NaN/Inf，跳过对抗扰动。
[2025-12-17 20:40:36,395] [WARNING] [TSADAdvTrainer] 生成对抗样本时梯度为 None 或包含 NaN/Inf，跳过对抗扰动。
[2025-12-17 20:40:36,770] [WARNING] [TSADAdvTrainer] 生成对抗样本时梯度为 None 或包含 NaN/Inf，跳过对抗扰动。
[2025-12-17 20:40:37,135] [WARNING] [TSADAdvTrainer] 生成对抗样本时梯度为 None 或包含 NaN/Inf，跳过对抗扰动。
[2025-12-17 20:40:37,505] [WARNING] [TSADAdvTrainer] 生成对抗样本时梯度为 None 或包含 NaN/Inf，跳过对抗扰动。
[2025-12-17 20:40:37,860] [WARNING] [TSADAdvTrainer] 生成对抗样本时梯度为 None 或包含 NaN/Inf，跳过对抗扰动。
[2025-12-17 20:40:38,215] [WARNING] [TSADAdvTrainer] 生成对抗样本时梯度为 None 或包含 NaN/Inf，跳过对抗扰动。
[2025-12-17 20:40:38,575] [WARNING] [TSADAdvTrainer] 生成对抗样本时梯度为 None 或包含 NaN/Inf，跳过对抗扰动。
[2025-12-17 20:40:38,932] [WARNING] [TSADAdvTrainer] 生成对抗样本时梯度为 None 或包含 NaN/Inf，跳过对抗扰动。
[2025-12-17 20:40:39,291] [WARNING] [TSADAdvTrainer] 生成对抗样本时梯度为 None 或包含 NaN/Inf，跳过对抗扰动。
[2025-12-17 20:40:39,669] [WARNING] [TSADAdvTrainer] 生成对抗样本时梯度为 None 或包含 NaN/Inf，跳过对抗扰动。
[2025-12-17 20:40:40,033] [WARNING] [TSADAdvTrainer] 生成对抗样本时梯度为 None 或包含 NaN/Inf，跳过对抗扰动。
[2025-12-17 20:40:40,466] [WARNING] [TSADAdvTrainer] 生成对抗样本时梯度为 None 或包含 NaN/Inf，跳过对抗扰动。
[2025-12-17 20:40:40,833] [WARNING] [TSADAdvTrainer] 生成对抗样本时梯度为 None 或包含 NaN/Inf，跳过对抗扰动。
[2025-12-17 20:40:41,194] [WARNING] [TSADAdvTrainer] 生成对抗样本时梯度为 None 或包含 NaN/Inf，跳过对抗扰动。
[2025-12-17 20:40:41,553] [WARNING] [TSADAdvTrainer] 生成对抗样本时梯度为 None 或包含 NaN/Inf，跳过对抗扰动。
[2025-12-17 20:40:41,873] [WARNING] [TSADAdvTrainer] 生成对抗样本时梯度为 None 或包含 NaN/Inf，跳过对抗扰动。
[2025-12-17 20:40:42,194] [WARNING] [TSADAdvTrainer] 生成对抗样本时梯度为 None 或包含 NaN/Inf，跳过对抗扰动。
[2025-12-17 20:40:42,516] [WARNING] [TSADAdvTrainer] 生成对抗样本时梯度为 None 或包含 NaN/Inf，跳过对抗扰动。
[2025-12-17 20:40:42,855] [WARNING] [TSADAdvTrainer] 生成对抗样本时梯度为 None 或包含 NaN/Inf，跳过对抗扰动。
[2025-12-17 20:40:43,186] [WARNING] [TSADAdvTrainer] 生成对抗样本时梯度为 None 或包含 NaN/Inf，跳过对抗扰动。
[2025-12-17 20:40:43,518] [WARNING] [TSADAdvTrainer] 生成对抗样本时梯度为 None 或包含 NaN/Inf，跳过对抗扰动。
[2025-12-17 20:40:43,860] [WARNING] [TSADAdvTrainer] 生成对抗样本时梯度为 None 或包含 NaN/Inf，跳过对抗扰动。
[2025-12-17 20:40:44,189] [WARNING] [TSADAdvTrainer] 生成对抗样本时梯度为 None 或包含 NaN/Inf，跳过对抗扰动。
[2025-12-17 20:40:44,514] [WARNING] [TSADAdvTrainer] 生成对抗样本时梯度为 None 或包含 NaN/Inf，跳过对抗扰动。
[2025-12-17 20:40:44,860] [WARNING] [TSADAdvTrainer] 生成对抗样本时梯度为 None 或包含 NaN/Inf，跳过对抗扰动。
[2025-12-17 20:40:45,198] [WARNING] [TSADAdvTrainer] 生成对抗样本时梯度为 None 或包含 NaN/Inf，跳过对抗扰动。
[2025-12-17 20:40:45,531] [WARNING] [TSADAdvTrainer] 生成对抗样本时梯度为 None 或包含 NaN/Inf，跳过对抗扰动。
[2025-12-17 20:40:45,859] [WARNING] [TSADAdvTrainer] 生成对抗样本时梯度为 None 或包含 NaN/Inf，跳过对抗扰动。
[2025-12-17 20:40:46,207] [WARNING] [TSADAdvTrainer] 生成对抗样本时梯度为 None 或包含 NaN/Inf，跳过对抗扰动。
[2025-12-17 20:40:46,545] [WARNING] [TSADAdvTrainer] 生成对抗样本时梯度为 None 或包含 NaN/Inf，跳过对抗扰动。
[2025-12-17 20:40:46,883] [WARNING] [TSADAdvTrainer] 生成对抗样本时梯度为 None 或包含 NaN/Inf，跳过对抗扰动。
[2025-12-17 20:40:47,222] [WARNING] [TSADAdvTrainer] 生成对抗样本时梯度为 None 或包含 NaN/Inf，跳过对抗扰动。
[2025-12-17 20:40:47,554] [WARNING] [TSADAdvTrainer] 生成对抗样本时梯度为 None 或包含 NaN/Inf，跳过对抗扰动。
[2025-12-17 20:40:47,887] [WARNING] [TSADAdvTrainer] 生成对抗样本时梯度为 None 或包含 NaN/Inf，跳过对抗扰动。
[2025-12-17 20:40:48,216] [WARNING] [TSADAdvTrainer] 生成对抗样本时梯度为 None 或包含 NaN/Inf，跳过对抗扰动。
[2025-12-17 20:40:48,558] [WARNING] [TSADAdvTrainer] 生成对抗样本时梯度为 None 或包含 NaN/Inf，跳过对抗扰动。
[2025-12-17 20:40:48,895] [WARNING] [TSADAdvTrainer] 生成对抗样本时梯度为 None 或包含 NaN/Inf，跳过对抗扰动。
[2025-12-17 20:40:49,227] [WARNING] [TSADAdvTrainer] 生成对抗样本时梯度为 None 或包含 NaN/Inf，跳过对抗扰动。
[2025-12-17 20:40:49,582] [WARNING] [TSADAdvTrainer] 生成对抗样本时梯度为 None 或包含 NaN/Inf，跳过对抗扰动。
[2025-12-17 20:40:49,929] [WARNING] [TSADAdvTrainer] 生成对抗样本时梯度为 None 或包含 NaN/Inf，跳过对抗扰动。
[2025-12-17 20:40:50,276] [WARNING] [TSADAdvTrainer] 生成对抗样本时梯度为 None 或包含 NaN/Inf，跳过对抗扰动。
[2025-12-17 20:40:50,623] [WARNING] [TSADAdvTrainer] 生成对抗样本时梯度为 None 或包含 NaN/Inf，跳过对抗扰动。
[2025-12-17 20:40:50,994] [WARNING] [TSADAdvTrainer] 生成对抗样本时梯度为 None 或包含 NaN/Inf，跳过对抗扰动。
[2025-12-17 20:40:51,343] [WARNING] [TSADAdvTrainer] 生成对抗样本时梯度为 None 或包含 NaN/Inf，跳过对抗扰动。
[2025-12-17 20:40:51,711] [WARNING] [TSADAdvTrainer] 生成对抗样本时梯度为 None 或包含 NaN/Inf，跳过对抗扰动。
[2025-12-17 20:40:52,076] [WARNING] [TSADAdvTrainer] 生成对抗样本时梯度为 None 或包含 NaN/Inf，跳过对抗扰动。
[2025-12-17 20:40:52,385] [WARNING] [TSADAdvTrainer] 生成对抗样本时梯度为 None 或包含 NaN/Inf，跳过对抗扰动。
[2025-12-17 20:40:52,715] [WARNING] [TSADAdvTrainer] 生成对抗样本时梯度为 None 或包含 NaN/Inf，跳过对抗扰动。
[2025-12-17 20:40:53,057] [WARNING] [TSADAdvTrainer] 生成对抗样本时梯度为 None 或包含 NaN/Inf，跳过对抗扰动。
[2025-12-17 20:40:53,392] [WARNING] [TSADAdvTrainer] 生成对抗样本时梯度为 None 或包含 NaN/Inf，跳过对抗扰动。
[2025-12-17 20:40:53,735] [WARNING] [TSADAdvTrainer] 生成对抗样本时梯度为 None 或包含 NaN/Inf，跳过对抗扰动。
[2025-12-17 20:40:54,068] [WARNING] [TSADAdvTrainer] 生成对抗样本时梯度为 None 或包含 NaN/Inf，跳过对抗扰动。
[2025-12-17 20:40:54,401] [WARNING] [TSADAdvTrainer] 生成对抗样本时梯度为 None 或包含 NaN/Inf，跳过对抗扰动。
[2025-12-17 20:40:54,738] [WARNING] [TSADAdvTrainer] 生成对抗样本时梯度为 None 或包含 NaN/Inf，跳过对抗扰动。
[2025-12-17 20:40:55,089] [WARNING] [TSADAdvTrainer] 生成对抗样本时梯度为 None 或包含 NaN/Inf，跳过对抗扰动。
[2025-12-17 20:40:55,418] [WARNING] [TSADAdvTrainer] 生成对抗样本时梯度为 None 或包含 NaN/Inf，跳过对抗扰动。
[2025-12-17 20:40:55,743] [WARNING] [TSADAdvTrainer] 生成对抗样本时梯度为 None 或包含 NaN/Inf，跳过对抗扰动。
[2025-12-17 20:40:56,066] [WARNING] [TSADAdvTrainer] 生成对抗样本时梯度为 None 或包含 NaN/Inf，跳过对抗扰动。
[2025-12-17 20:40:56,396] [WARNING] [TSADAdvTrainer] 生成对抗样本时梯度为 None 或包含 NaN/Inf，跳过对抗扰动。
[2025-12-17 20:40:56,726] [WARNING] [TSADAdvTrainer] 生成对抗样本时梯度为 None 或包含 NaN/Inf，跳过对抗扰动。
[2025-12-17 20:40:57,060] [WARNING] [TSADAdvTrainer] 生成对抗样本时梯度为 None 或包含 NaN/Inf，跳过对抗扰动。
[2025-12-17 20:40:57,392] [WARNING] [TSADAdvTrainer] 生成对抗样本时梯度为 None 或包含 NaN/Inf，跳过对抗扰动。
[2025-12-17 20:40:57,726] [WARNING] [TSADAdvTrainer] 生成对抗样本时梯度为 None 或包含 NaN/Inf，跳过对抗扰动。
[2025-12-17 20:40:58,077] [WARNING] [TSADAdvTrainer] 生成对抗样本时梯度为 None 或包含 NaN/Inf，跳过对抗扰动。
[2025-12-17 20:40:58,407] [WARNING] [TSADAdvTrainer] 生成对抗样本时梯度为 None 或包含 NaN/Inf，跳过对抗扰动。
[2025-12-17 20:40:58,737] [WARNING] [TSADAdvTrainer] 生成对抗样本时梯度为 None 或包含 NaN/Inf，跳过对抗扰动。
[2025-12-17 20:40:59,068] [WARNING] [TSADAdvTrainer] 生成对抗样本时梯度为 None 或包含 NaN/Inf，跳过对抗扰动。
[2025-12-17 20:40:59,398] [WARNING] [TSADAdvTrainer] 生成对抗样本时梯度为 None 或包含 NaN/Inf，跳过对抗扰动。
[2025-12-17 20:40:59,735] [WARNING] [TSADAdvTrainer] 生成对抗样本时梯度为 None 或包含 NaN/Inf，跳过对抗扰动。
[2025-12-17 20:41:00,072] [WARNING] [TSADAdvTrainer] 生成对抗样本时梯度为 None 或包含 NaN/Inf，跳过对抗扰动。
[2025-12-17 20:41:00,408] [WARNING] [TSADAdvTrainer] 生成对抗样本时梯度为 None 或包含 NaN/Inf，跳过对抗扰动。
[2025-12-17 20:41:00,743] [WARNING] [TSADAdvTrainer] 生成对抗样本时梯度为 None 或包含 NaN/Inf，跳过对抗扰动。
[2025-12-17 20:41:01,080] [WARNING] [TSADAdvTrainer] 生成对抗样本时梯度为 None 或包含 NaN/Inf，跳过对抗扰动。
[2025-12-17 20:41:01,411] [WARNING] [TSADAdvTrainer] 生成对抗样本时梯度为 None 或包含 NaN/Inf，跳过对抗扰动。
[2025-12-17 20:41:01,702] [WARNING] [TSADAdvTrainer] 生成对抗样本时梯度为 None 或包含 NaN/Inf，跳过对抗扰动。
[2025-12-17 20:41:02,082] [WARNING] [TSADAdvTrainer] 生成对抗样本时梯度为 None 或包含 NaN/Inf，跳过对抗扰动。
[2025-12-17 20:41:02,426] [WARNING] [TSADAdvTrainer] 生成对抗样本时梯度为 None 或包含 NaN/Inf，跳过对抗扰动。
[2025-12-17 20:41:02,798] [WARNING] [TSADAdvTrainer] 生成对抗样本时梯度为 None 或包含 NaN/Inf，跳过对抗扰动。
[2025-12-17 20:41:03,159] [WARNING] [TSADAdvTrainer] 生成对抗样本时梯度为 None 或包含 NaN/Inf，跳过对抗扰动。
[2025-12-17 20:41:03,526] [WARNING] [TSADAdvTrainer] 生成对抗样本时梯度为 None 或包含 NaN/Inf，跳过对抗扰动。
[2025-12-17 20:41:03,893] [WARNING] [TSADAdvTrainer] 生成对抗样本时梯度为 None 或包含 NaN/Inf，跳过对抗扰动。
[2025-12-17 20:41:04,252] [WARNING] [TSADAdvTrainer] 生成对抗样本时梯度为 None 或包含 NaN/Inf，跳过对抗扰动。
[2025-12-17 20:41:04,609] [WARNING] [TSADAdvTrainer] 生成对抗样本时梯度为 None 或包含 NaN/Inf，跳过对抗扰动。
[2025-12-17 20:41:04,986] [WARNING] [TSADAdvTrainer] 生成对抗样本时梯度为 None 或包含 NaN/Inf，跳过对抗扰动。
[2025-12-17 20:41:05,425] [WARNING] [TSADAdvTrainer] 生成对抗样本时梯度为 None 或包含 NaN/Inf，跳过对抗扰动。
[2025-12-17 20:41:05,784] [WARNING] [TSADAdvTrainer] 生成对抗样本时梯度为 None 或包含 NaN/Inf，跳过对抗扰动。
[2025-12-17 20:41:06,152] [WARNING] [TSADAdvTrainer] 生成对抗样本时梯度为 None 或包含 NaN/Inf，跳过对抗扰动。
[2025-12-17 20:41:06,523] [WARNING] [TSADAdvTrainer] 生成对抗样本时梯度为 None 或包含 NaN/Inf，跳过对抗扰动。
[2025-12-17 20:41:06,901] [WARNING] [TSADAdvTrainer] 生成对抗样本时梯度为 None 或包含 NaN/Inf，跳过对抗扰动。
[2025-12-17 20:41:07,263] [WARNING] [TSADAdvTrainer] 生成对抗样本时梯度为 None 或包含 NaN/Inf，跳过对抗扰动。
[2025-12-17 20:41:07,633] [WARNING] [TSADAdvTrainer] 生成对抗样本时梯度为 None 或包含 NaN/Inf，跳过对抗扰动。
[2025-12-17 20:41:08,008] [WARNING] [TSADAdvTrainer] 生成对抗样本时梯度为 None 或包含 NaN/Inf，跳过对抗扰动。
[2025-12-17 20:41:08,387] [WARNING] [TSADAdvTrainer] 生成对抗样本时梯度为 None 或包含 NaN/Inf，跳过对抗扰动。
[2025-12-17 20:41:08,760] [WARNING] [TSADAdvTrainer] 生成对抗样本时梯度为 None 或包含 NaN/Inf，跳过对抗扰动。
[2025-12-17 20:41:09,131] [WARNING] [TSADAdvTrainer] 生成对抗样本时梯度为 None 或包含 NaN/Inf，跳过对抗扰动。
[2025-12-17 20:41:09,498] [WARNING] [TSADAdvTrainer] 生成对抗样本时梯度为 None 或包含 NaN/Inf，跳过对抗扰动。
[2025-12-17 20:41:09,875] [WARNING] [TSADAdvTrainer] 生成对抗样本时梯度为 None 或包含 NaN/Inf，跳过对抗扰动。
[2025-12-17 20:41:10,225] [WARNING] [TSADAdvTrainer] 生成对抗样本时梯度为 None 或包含 NaN/Inf，跳过对抗扰动。
[2025-12-17 20:41:10,600] [WARNING] [TSADAdvTrainer] 生成对抗样本时梯度为 None 或包含 NaN/Inf，跳过对抗扰动。
[2025-12-17 20:41:10,963] [WARNING] [TSADAdvTrainer] 生成对抗样本时梯度为 None 或包含 NaN/Inf，跳过对抗扰动。
[2025-12-17 20:41:11,322] [WARNING] [TSADAdvTrainer] 生成对抗样本时梯度为 None 或包含 NaN/Inf，跳过对抗扰动。
[2025-12-17 20:41:11,685] [WARNING] [TSADAdvTrainer] 生成对抗样本时梯度为 None 或包含 NaN/Inf，跳过对抗扰动。
[2025-12-17 20:41:12,059] [WARNING] [TSADAdvTrainer] 生成对抗样本时梯度为 None 或包含 NaN/Inf，跳过对抗扰动。
[2025-12-17 20:41:12,443] [WARNING] [TSADAdvTrainer] 生成对抗样本时梯度为 None 或包含 NaN/Inf，跳过对抗扰动。
[2025-12-17 20:41:12,821] [WARNING] [TSADAdvTrainer] 生成对抗样本时梯度为 None 或包含 NaN/Inf，跳过对抗扰动。
[2025-12-17 20:41:13,212] [WARNING] [TSADAdvTrainer] 生成对抗样本时梯度为 None 或包含 NaN/Inf，跳过对抗扰动。
[2025-12-17 20:41:13,585] [WARNING] [TSADAdvTrainer] 生成对抗样本时梯度为 None 或包含 NaN/Inf，跳过对抗扰动。
[2025-12-17 20:41:13,941] [WARNING] [TSADAdvTrainer] 生成对抗样本时梯度为 None 或包含 NaN/Inf，跳过对抗扰动。
[2025-12-17 20:41:14,309] [WARNING] [TSADAdvTrainer] 生成对抗样本时梯度为 None 或包含 NaN/Inf，跳过对抗扰动。
[2025-12-17 20:41:14,673] [WARNING] [TSADAdvTrainer] 生成对抗样本时梯度为 None 或包含 NaN/Inf，跳过对抗扰动。
[2025-12-17 20:41:15,032] [WARNING] [TSADAdvTrainer] 生成对抗样本时梯度为 None 或包含 NaN/Inf，跳过对抗扰动。
[2025-12-17 20:41:15,404] [WARNING] [TSADAdvTrainer] 生成对抗样本时梯度为 None 或包含 NaN/Inf，跳过对抗扰动。
[2025-12-17 20:41:15,765] [WARNING] [TSADAdvTrainer] 生成对抗样本时梯度为 None 或包含 NaN/Inf，跳过对抗扰动。
[2025-12-17 20:41:16,116] [WARNING] [TSADAdvTrainer] 生成对抗样本时梯度为 None 或包含 NaN/Inf，跳过对抗扰动。
[2025-12-17 20:41:16,383] [WARNING] [TSADAdvTrainer] 生成对抗样本时梯度为 None 或包含 NaN/Inf，跳过对抗扰动。
[2025-12-17 20:41:16,709] [WARNING] [TSADAdvTrainer] 生成对抗样本时梯度为 None 或包含 NaN/Inf，跳过对抗扰动。
[2025-12-17 20:41:17,064] [WARNING] [TSADAdvTrainer] 生成对抗样本时梯度为 None 或包含 NaN/Inf，跳过对抗扰动。
[2025-12-17 20:41:17,397] [WARNING] [TSADAdvTrainer] 生成对抗样本时梯度为 None 或包含 NaN/Inf，跳过对抗扰动。
[2025-12-17 20:41:17,728] [WARNING] [TSADAdvTrainer] 生成对抗样本时梯度为 None 或包含 NaN/Inf，跳过对抗扰动。
[2025-12-17 20:41:18,068] [WARNING] [TSADAdvTrainer] 生成对抗样本时梯度为 None 或包含 NaN/Inf，跳过对抗扰动。
[2025-12-17 20:41:18,409] [WARNING] [TSADAdvTrainer] 生成对抗样本时梯度为 None 或包含 NaN/Inf，跳过对抗扰动。
[2025-12-17 20:41:18,736] [WARNING] [TSADAdvTrainer] 生成对抗样本时梯度为 None 或包含 NaN/Inf，跳过对抗扰动。
[2025-12-17 20:41:19,063] [WARNING] [TSADAdvTrainer] 生成对抗样本时梯度为 None 或包含 NaN/Inf，跳过对抗扰动。
[2025-12-17 20:41:19,400] [WARNING] [TSADAdvTrainer] 生成对抗样本时梯度为 None 或包含 NaN/Inf，跳过对抗扰动。
[2025-12-17 20:41:19,743] [WARNING] [TSADAdvTrainer] 生成对抗样本时梯度为 None 或包含 NaN/Inf，跳过对抗扰动。
[2025-12-17 20:41:20,075] [WARNING] [TSADAdvTrainer] 生成对抗样本时梯度为 None 或包含 NaN/Inf，跳过对抗扰动。
[2025-12-17 20:41:20,406] [WARNING] [TSADAdvTrainer] 生成对抗样本时梯度为 None 或包含 NaN/Inf，跳过对抗扰动。
[2025-12-17 20:41:20,728] [WARNING] [TSADAdvTrainer] 生成对抗样本时梯度为 None 或包含 NaN/Inf，跳过对抗扰动。
[2025-12-17 20:41:21,064] [WARNING] [TSADAdvTrainer] 生成对抗样本时梯度为 None 或包含 NaN/Inf，跳过对抗扰动。
[2025-12-17 20:41:21,411] [WARNING] [TSADAdvTrainer] 生成对抗样本时梯度为 None 或包含 NaN/Inf，跳过对抗扰动。
[2025-12-17 20:41:21,743] [WARNING] [TSADAdvTrainer] 生成对抗样本时梯度为 None 或包含 NaN/Inf，跳过对抗扰动。
[2025-12-17 20:41:22,087] [WARNING] [TSADAdvTrainer] 生成对抗样本时梯度为 None 或包含 NaN/Inf，跳过对抗扰动。
[2025-12-17 20:41:22,431] [WARNING] [TSADAdvTrainer] 生成对抗样本时梯度为 None 或包含 NaN/Inf，跳过对抗扰动。
[2025-12-17 20:41:22,763] [WARNING] [TSADAdvTrainer] 生成对抗样本时梯度为 None 或包含 NaN/Inf，跳过对抗扰动。
[2025-12-17 20:41:23,085] [WARNING] [TSADAdvTrainer] 生成对抗样本时梯度为 None 或包含 NaN/Inf，跳过对抗扰动。
[2025-12-17 20:41:23,418] [WARNING] [TSADAdvTrainer] 生成对抗样本时梯度为 None 或包含 NaN/Inf，跳过对抗扰动。
[2025-12-17 20:41:23,754] [WARNING] [TSADAdvTrainer] 生成对抗样本时梯度为 None 或包含 NaN/Inf，跳过对抗扰动。
[2025-12-17 20:41:24,093] [WARNING] [TSADAdvTrainer] 生成对抗样本时梯度为 None 或包含 NaN/Inf，跳过对抗扰动。
[2025-12-17 20:41:24,429] [WARNING] [TSADAdvTrainer] 生成对抗样本时梯度为 None 或包含 NaN/Inf，跳过对抗扰动。
[2025-12-17 20:41:24,761] [WARNING] [TSADAdvTrainer] 生成对抗样本时梯度为 None 或包含 NaN/Inf，跳过对抗扰动。
[2025-12-17 20:41:25,099] [WARNING] [TSADAdvTrainer] 生成对抗样本时梯度为 None 或包含 NaN/Inf，跳过对抗扰动。
[2025-12-17 20:41:25,425] [WARNING] [TSADAdvTrainer] 生成对抗样本时梯度为 None 或包含 NaN/Inf，跳过对抗扰动。
[2025-12-17 20:41:25,761] [WARNING] [TSADAdvTrainer] 生成对抗样本时梯度为 None 或包含 NaN/Inf，跳过对抗扰动。
[2025-12-17 20:41:26,098] [WARNING] [TSADAdvTrainer] 生成对抗样本时梯度为 None 或包含 NaN/Inf，跳过对抗扰动。
[2025-12-17 20:41:26,426] [WARNING] [TSADAdvTrainer] 生成对抗样本时梯度为 None 或包含 NaN/Inf，跳过对抗扰动。
[2025-12-17 20:41:26,763] [WARNING] [TSADAdvTrainer] 生成对抗样本时梯度为 None 或包含 NaN/Inf，跳过对抗扰动。
[2025-12-17 20:41:27,083] [WARNING] [TSADAdvTrainer] 生成对抗样本时梯度为 None 或包含 NaN/Inf，跳过对抗扰动。
[2025-12-17 20:41:27,372] [WARNING] [TSADAdvTrainer] 生成对抗样本时梯度为 None 或包含 NaN/Inf，跳过对抗扰动。
[2025-12-17 20:41:27,742] [WARNING] [TSADAdvTrainer] 生成对抗样本时梯度为 None 或包含 NaN/Inf，跳过对抗扰动。
[2025-12-17 20:41:28,101] [WARNING] [TSADAdvTrainer] 生成对抗样本时梯度为 None 或包含 NaN/Inf，跳过对抗扰动。
[2025-12-17 20:41:28,461] [WARNING] [TSADAdvTrainer] 生成对抗样本时梯度为 None 或包含 NaN/Inf，跳过对抗扰动。
[2025-12-17 20:41:28,820] [WARNING] [TSADAdvTrainer] 生成对抗样本时梯度为 None 或包含 NaN/Inf，跳过对抗扰动。
[2025-12-17 20:41:29,180] [WARNING] [TSADAdvTrainer] 生成对抗样本时梯度为 None 或包含 NaN/Inf，跳过对抗扰动。
[2025-12-17 20:41:29,553] [WARNING] [TSADAdvTrainer] 生成对抗样本时梯度为 None 或包含 NaN/Inf，跳过对抗扰动。
[2025-12-17 20:41:29,918] [WARNING] [TSADAdvTrainer] 生成对抗样本时梯度为 None 或包含 NaN/Inf，跳过对抗扰动。
[2025-12-17 20:41:30,295] [WARNING] [TSADAdvTrainer] 生成对抗样本时梯度为 None 或包含 NaN/Inf，跳过对抗扰动。
[2025-12-17 20:41:30,673] [WARNING] [TSADAdvTrainer] 生成对抗样本时梯度为 None 或包含 NaN/Inf，跳过对抗扰动。
[2025-12-17 20:41:31,033] [WARNING] [TSADAdvTrainer] 生成对抗样本时梯度为 None 或包含 NaN/Inf，跳过对抗扰动。
[2025-12-17 20:41:31,387] [WARNING] [TSADAdvTrainer] 生成对抗样本时梯度为 None 或包含 NaN/Inf，跳过对抗扰动。
[2025-12-17 20:41:31,774] [WARNING] [TSADAdvTrainer] 生成对抗样本时梯度为 None 或包含 NaN/Inf，跳过对抗扰动。
[2025-12-17 20:41:32,132] [WARNING] [TSADAdvTrainer] 生成对抗样本时梯度为 None 或包含 NaN/Inf，跳过对抗扰动。
[2025-12-17 20:41:32,510] [WARNING] [TSADAdvTrainer] 生成对抗样本时梯度为 None 或包含 NaN/Inf，跳过对抗扰动。
[2025-12-17 20:41:32,877] [WARNING] [TSADAdvTrainer] 生成对抗样本时梯度为 None 或包含 NaN/Inf，跳过对抗扰动。
[2025-12-17 20:41:33,220] [WARNING] [TSADAdvTrainer] 生成对抗样本时梯度为 None 或包含 NaN/Inf，跳过对抗扰动。
[2025-12-17 20:41:33,580] [WARNING] [TSADAdvTrainer] 生成对抗样本时梯度为 None 或包含 NaN/Inf，跳过对抗扰动。
[2025-12-17 20:41:33,949] [WARNING] [TSADAdvTrainer] 生成对抗样本时梯度为 None 或包含 NaN/Inf，跳过对抗扰动。
[2025-12-17 20:41:34,321] [WARNING] [TSADAdvTrainer] 生成对抗样本时梯度为 None 或包含 NaN/Inf，跳过对抗扰动。
[2025-12-17 20:41:34,703] [WARNING] [TSADAdvTrainer] 生成对抗样本时梯度为 None 或包含 NaN/Inf，跳过对抗扰动。
[2025-12-17 20:41:35,066] [WARNING] [TSADAdvTrainer] 生成对抗样本时梯度为 None 或包含 NaN/Inf，跳过对抗扰动。
[2025-12-17 20:41:35,414] [WARNING] [TSADAdvTrainer] 生成对抗样本时梯度为 None 或包含 NaN/Inf，跳过对抗扰动。
[2025-12-17 20:41:35,771] [WARNING] [TSADAdvTrainer] 生成对抗样本时梯度为 None 或包含 NaN/Inf，跳过对抗扰动。
[2025-12-17 20:41:36,139] [WARNING] [TSADAdvTrainer] 生成对抗样本时梯度为 None 或包含 NaN/Inf，跳过对抗扰动。
[2025-12-17 20:41:36,503] [WARNING] [TSADAdvTrainer] 生成对抗样本时梯度为 None 或包含 NaN/Inf，跳过对抗扰动。
[2025-12-17 20:41:36,890] [WARNING] [TSADAdvTrainer] 生成对抗样本时梯度为 None 或包含 NaN/Inf，跳过对抗扰动。
[2025-12-17 20:41:37,240] [WARNING] [TSADAdvTrainer] 生成对抗样本时梯度为 None 或包含 NaN/Inf，跳过对抗扰动。
[2025-12-17 20:41:37,588] [WARNING] [TSADAdvTrainer] 生成对抗样本时梯度为 None 或包含 NaN/Inf，跳过对抗扰动。
[2025-12-17 20:41:37,954] [WARNING] [TSADAdvTrainer] 生成对抗样本时梯度为 None 或包含 NaN/Inf，跳过对抗扰动。
[2025-12-17 20:41:38,322] [WARNING] [TSADAdvTrainer] 生成对抗样本时梯度为 None 或包含 NaN/Inf，跳过对抗扰动。
[2025-12-17 20:41:38,684] [WARNING] [TSADAdvTrainer] 生成对抗样本时梯度为 None 或包含 NaN/Inf，跳过对抗扰动。
[2025-12-17 20:41:38,966] [WARNING] [TSADAdvTrainer] 生成对抗样本时梯度为 None 或包含 NaN/Inf，跳过对抗扰动。
[2025-12-17 20:41:39,299] [WARNING] [TSADAdvTrainer] 生成对抗样本时梯度为 None 或包含 NaN/Inf，跳过对抗扰动。
[2025-12-17 20:41:39,647] [WARNING] [TSADAdvTrainer] 生成对抗样本时梯度为 None 或包含 NaN/Inf，跳过对抗扰动。
[2025-12-17 20:41:39,984] [WARNING] [TSADAdvTrainer] 生成对抗样本时梯度为 None 或包含 NaN/Inf，跳过对抗扰动。
[2025-12-17 20:41:40,323] [WARNING] [TSADAdvTrainer] 生成对抗样本时梯度为 None 或包含 NaN/Inf，跳过对抗扰动。
[2025-12-17 20:41:40,651] [WARNING] [TSADAdvTrainer] 生成对抗样本时梯度为 None 或包含 NaN/Inf，跳过对抗扰动。
[2025-12-17 20:41:40,990] [WARNING] [TSADAdvTrainer] 生成对抗样本时梯度为 None 或包含 NaN/Inf，跳过对抗扰动。
[2025-12-17 20:41:41,326] [WARNING] [TSADAdvTrainer] 生成对抗样本时梯度为 None 或包含 NaN/Inf，跳过对抗扰动。
[2025-12-17 20:41:41,661] [WARNING] [TSADAdvTrainer] 生成对抗样本时梯度为 None 或包含 NaN/Inf，跳过对抗扰动。
[2025-12-17 20:41:41,981] [WARNING] [TSADAdvTrainer] 生成对抗样本时梯度为 None 或包含 NaN/Inf，跳过对抗扰动。
[2025-12-17 20:41:42,317] [WARNING] [TSADAdvTrainer] 生成对抗样本时梯度为 None 或包含 NaN/Inf，跳过对抗扰动。
[2025-12-17 20:41:42,651] [WARNING] [TSADAdvTrainer] 生成对抗样本时梯度为 None 或包含 NaN/Inf，跳过对抗扰动。
[2025-12-17 20:41:42,990] [WARNING] [TSADAdvTrainer] 生成对抗样本时梯度为 None 或包含 NaN/Inf，跳过对抗扰动。
[2025-12-17 20:41:43,319] [WARNING] [TSADAdvTrainer] 生成对抗样本时梯度为 None 或包含 NaN/Inf，跳过对抗扰动。
[2025-12-17 20:41:43,654] [WARNING] [TSADAdvTrainer] 生成对抗样本时梯度为 None 或包含 NaN/Inf，跳过对抗扰动。
[2025-12-17 20:41:43,986] [WARNING] [TSADAdvTrainer] 生成对抗样本时梯度为 None 或包含 NaN/Inf，跳过对抗扰动。
[2025-12-17 20:41:44,313] [WARNING] [TSADAdvTrainer] 生成对抗样本时梯度为 None 或包含 NaN/Inf，跳过对抗扰动。
[2025-12-17 20:41:44,641] [WARNING] [TSADAdvTrainer] 生成对抗样本时梯度为 None 或包含 NaN/Inf，跳过对抗扰动。
[2025-12-17 20:41:44,981] [WARNING] [TSADAdvTrainer] 生成对抗样本时梯度为 None 或包含 NaN/Inf，跳过对抗扰动。
[2025-12-17 20:41:45,309] [WARNING] [TSADAdvTrainer] 生成对抗样本时梯度为 None 或包含 NaN/Inf，跳过对抗扰动。
[2025-12-17 20:41:45,643] [WARNING] [TSADAdvTrainer] 生成对抗样本时梯度为 None 或包含 NaN/Inf，跳过对抗扰动。
[2025-12-17 20:41:45,982] [WARNING] [TSADAdvTrainer] 生成对抗样本时梯度为 None 或包含 NaN/Inf，跳过对抗扰动。
[2025-12-17 20:41:46,301] [WARNING] [TSADAdvTrainer] 生成对抗样本时梯度为 None 或包含 NaN/Inf，跳过对抗扰动。
[2025-12-17 20:41:46,671] [WARNING] [TSADAdvTrainer] 生成对抗样本时梯度为 None 或包含 NaN/Inf，跳过对抗扰动。
[2025-12-17 20:41:47,047] [WARNING] [TSADAdvTrainer] 生成对抗样本时梯度为 None 或包含 NaN/Inf，跳过对抗扰动。
[2025-12-17 20:41:47,415] [WARNING] [TSADAdvTrainer] 生成对抗样本时梯度为 None 或包含 NaN/Inf，跳过对抗扰动。
[2025-12-17 20:41:47,806] [WARNING] [TSADAdvTrainer] 生成对抗样本时梯度为 None 或包含 NaN/Inf，跳过对抗扰动。
[2025-12-17 20:41:48,157] [WARNING] [TSADAdvTrainer] 生成对抗样本时梯度为 None 或包含 NaN/Inf，跳过对抗扰动。
[2025-12-17 20:41:48,501] [WARNING] [TSADAdvTrainer] 生成对抗样本时梯度为 None 或包含 NaN/Inf，跳过对抗扰动。
[2025-12-17 20:41:48,866] [WARNING] [TSADAdvTrainer] 生成对抗样本时梯度为 None 或包含 NaN/Inf，跳过对抗扰动。
[2025-12-17 20:41:49,229] [WARNING] [TSADAdvTrainer] 生成对抗样本时梯度为 None 或包含 NaN/Inf，跳过对抗扰动。
[2025-12-17 20:41:49,585] [WARNING] [TSADAdvTrainer] 生成对抗样本时梯度为 None 或包含 NaN/Inf，跳过对抗扰动。
[2025-12-17 20:41:49,937] [WARNING] [TSADAdvTrainer] 生成对抗样本时梯度为 None 或包含 NaN/Inf，跳过对抗扰动。
[2025-12-17 20:41:50,298] [WARNING] [TSADAdvTrainer] 生成对抗样本时梯度为 None 或包含 NaN/Inf，跳过对抗扰动。
[2025-12-17 20:41:50,659] [WARNING] [TSADAdvTrainer] 生成对抗样本时梯度为 None 或包含 NaN/Inf，跳过对抗扰动。
[2025-12-17 20:41:51,022] [WARNING] [TSADAdvTrainer] 生成对抗样本时梯度为 None 或包含 NaN/Inf，跳过对抗扰动。
[2025-12-17 20:41:51,384] [WARNING] [TSADAdvTrainer] 生成对抗样本时梯度为 None 或包含 NaN/Inf，跳过对抗扰动。
[2025-12-17 20:41:51,757] [WARNING] [TSADAdvTrainer] 生成对抗样本时梯度为 None 或包含 NaN/Inf，跳过对抗扰动。
[2025-12-17 20:41:52,111] [WARNING] [TSADAdvTrainer] 生成对抗样本时梯度为 None 或包含 NaN/Inf，跳过对抗扰动。
[2025-12-17 20:41:52,482] [WARNING] [TSADAdvTrainer] 生成对抗样本时梯度为 None 或包含 NaN/Inf，跳过对抗扰动。
[2025-12-17 20:41:52,841] [WARNING] [TSADAdvTrainer] 生成对抗样本时梯度为 None 或包含 NaN/Inf，跳过对抗扰动。
[2025-12-17 20:41:53,199] [WARNING] [TSADAdvTrainer] 生成对抗样本时梯度为 None 或包含 NaN/Inf，跳过对抗扰动。
[2025-12-17 20:41:53,555] [WARNING] [TSADAdvTrainer] 生成对抗样本时梯度为 None 或包含 NaN/Inf，跳过对抗扰动。
[2025-12-17 20:41:53,912] [WARNING] [TSADAdvTrainer] 生成对抗样本时梯度为 None 或包含 NaN/Inf，跳过对抗扰动。
[2025-12-17 20:41:54,274] [WARNING] [TSADAdvTrainer] 生成对抗样本时梯度为 None 或包含 NaN/Inf，跳过对抗扰动。
[2025-12-17 20:41:54,649] [WARNING] [TSADAdvTrainer] 生成对抗样本时梯度为 None 或包含 NaN/Inf，跳过对抗扰动。
[2025-12-17 20:41:55,017] [WARNING] [TSADAdvTrainer] 生成对抗样本时梯度为 None 或包含 NaN/Inf，跳过对抗扰动。
[2025-12-17 20:41:55,287] [WARNING] [TSADAdvTrainer] 生成对抗样本时梯度为 None 或包含 NaN/Inf，跳过对抗扰动。
[2025-12-17 20:41:55,611] [WARNING] [TSADAdvTrainer] 生成对抗样本时梯度为 None 或包含 NaN/Inf，跳过对抗扰动。
[2025-12-17 20:41:55,934] [WARNING] [TSADAdvTrainer] 生成对抗样本时梯度为 None 或包含 NaN/Inf，跳过对抗扰动。
[2025-12-17 20:41:56,274] [WARNING] [TSADAdvTrainer] 生成对抗样本时梯度为 None 或包含 NaN/Inf，跳过对抗扰动。
[2025-12-17 20:41:56,603] [WARNING] [TSADAdvTrainer] 生成对抗样本时梯度为 None 或包含 NaN/Inf，跳过对抗扰动。
[2025-12-17 20:41:56,926] [WARNING] [TSADAdvTrainer] 生成对抗样本时梯度为 None 或包含 NaN/Inf，跳过对抗扰动。
[2025-12-17 20:41:57,269] [WARNING] [TSADAdvTrainer] 生成对抗样本时梯度为 None 或包含 NaN/Inf，跳过对抗扰动。
[2025-12-17 20:41:57,596] [WARNING] [TSADAdvTrainer] 生成对抗样本时梯度为 None 或包含 NaN/Inf，跳过对抗扰动。
[2025-12-17 20:41:57,912] [WARNING] [TSADAdvTrainer] 生成对抗样本时梯度为 None 或包含 NaN/Inf，跳过对抗扰动。
[2025-12-17 20:41:58,243] [WARNING] [TSADAdvTrainer] 生成对抗样本时梯度为 None 或包含 NaN/Inf，跳过对抗扰动。
[2025-12-17 20:41:58,588] [WARNING] [TSADAdvTrainer] 生成对抗样本时梯度为 None 或包含 NaN/Inf，跳过对抗扰动。
[2025-12-17 20:41:58,919] [WARNING] [TSADAdvTrainer] 生成对抗样本时梯度为 None 或包含 NaN/Inf，跳过对抗扰动。
[2025-12-17 20:41:59,255] [WARNING] [TSADAdvTrainer] 生成对抗样本时梯度为 None 或包含 NaN/Inf，跳过对抗扰动。
[2025-12-17 20:41:59,591] [WARNING] [TSADAdvTrainer] 生成对抗样本时梯度为 None 或包含 NaN/Inf，跳过对抗扰动。
[2025-12-17 20:41:59,923] [WARNING] [TSADAdvTrainer] 生成对抗样本时梯度为 None 或包含 NaN/Inf，跳过对抗扰动。
[2025-12-17 20:42:00,257] [WARNING] [TSADAdvTrainer] 生成对抗样本时梯度为 None 或包含 NaN/Inf，跳过对抗扰动。
[2025-12-17 20:42:00,593] [WARNING] [TSADAdvTrainer] 生成对抗样本时梯度为 None 或包含 NaN/Inf，跳过对抗扰动。
[2025-12-17 20:42:00,932] [WARNING] [TSADAdvTrainer] 生成对抗样本时梯度为 None 或包含 NaN/Inf，跳过对抗扰动。
[2025-12-17 20:42:01,268] [WARNING] [TSADAdvTrainer] 生成对抗样本时梯度为 None 或包含 NaN/Inf，跳过对抗扰动。
[2025-12-17 20:42:01,601] [WARNING] [TSADAdvTrainer] 生成对抗样本时梯度为 None 或包含 NaN/Inf，跳过对抗扰动。
[2025-12-17 20:42:01,928] [WARNING] [TSADAdvTrainer] 生成对抗样本时梯度为 None 或包含 NaN/Inf，跳过对抗扰动。
[2025-12-17 20:42:02,254] [WARNING] [TSADAdvTrainer] 生成对抗样本时梯度为 None 或包含 NaN/Inf，跳过对抗扰动。
[2025-12-17 20:42:02,580] [WARNING] [TSADAdvTrainer] 生成对抗样本时梯度为 None 或包含 NaN/Inf，跳过对抗扰动。
[2025-12-17 20:42:02,909] [WARNING] [TSADAdvTrainer] 生成对抗样本时梯度为 None 或包含 NaN/Inf，跳过对抗扰动。
[2025-12-17 20:42:03,251] [WARNING] [TSADAdvTrainer] 生成对抗样本时梯度为 None 或包含 NaN/Inf，跳过对抗扰动。
[2025-12-17 20:42:03,586] [WARNING] [TSADAdvTrainer] 生成对抗样本时梯度为 None 或包含 NaN/Inf，跳过对抗扰动。
[2025-12-17 20:42:03,924] [WARNING] [TSADAdvTrainer] 生成对抗样本时梯度为 None 或包含 NaN/Inf，跳过对抗扰动。
[2025-12-17 20:42:04,249] [WARNING] [TSADAdvTrainer] 生成对抗样本时梯度为 None 或包含 NaN/Inf，跳过对抗扰动。
[2025-12-17 20:42:04,584] [WARNING] [TSADAdvTrainer] 生成对抗样本时梯度为 None 或包含 NaN/Inf，跳过对抗扰动。
[2025-12-17 20:42:04,917] [WARNING] [TSADAdvTrainer] 生成对抗样本时梯度为 None 或包含 NaN/Inf，跳过对抗扰动。
[2025-12-17 20:42:05,254] [WARNING] [TSADAdvTrainer] 生成对抗样本时梯度为 None 或包含 NaN/Inf，跳过对抗扰动。
[2025-12-17 20:42:05,594] [WARNING] [TSADAdvTrainer] 生成对抗样本时梯度为 None 或包含 NaN/Inf，跳过对抗扰动。
[2025-12-17 20:42:05,933] [WARNING] [TSADAdvTrainer] 生成对抗样本时梯度为 None 或包含 NaN/Inf，跳过对抗扰动。
[2025-12-17 20:42:06,278] [WARNING] [TSADAdvTrainer] 生成对抗样本时梯度为 None 或包含 NaN/Inf，跳过对抗扰动。
[2025-12-17 20:42:06,610] [WARNING] [TSADAdvTrainer] 生成对抗样本时梯度为 None 或包含 NaN/Inf，跳过对抗扰动。
[2025-12-17 20:42:06,961] [WARNING] [TSADAdvTrainer] 生成对抗样本时梯度为 None 或包含 NaN/Inf，跳过对抗扰动。
[2025-12-17 20:42:07,351] [WARNING] [TSADAdvTrainer] 生成对抗样本时梯度为 None 或包含 NaN/Inf，跳过对抗扰动。
[2025-12-17 20:42:07,731] [WARNING] [TSADAdvTrainer] 生成对抗样本时梯度为 None 或包含 NaN/Inf，跳过对抗扰动。
[2025-12-17 20:42:08,087] [WARNING] [TSADAdvTrainer] 生成对抗样本时梯度为 None 或包含 NaN/Inf，跳过对抗扰动。
[2025-12-17 20:42:08,601] [WARNING] [TSADAdvTrainer] 生成对抗样本时梯度为 None 或包含 NaN/Inf，跳过对抗扰动。
[2025-12-17 20:42:08,964] [WARNING] [TSADAdvTrainer] 生成对抗样本时梯度为 None 或包含 NaN/Inf，跳过对抗扰动。
[2025-12-17 20:42:09,340] [WARNING] [TSADAdvTrainer] 生成对抗样本时梯度为 None 或包含 NaN/Inf，跳过对抗扰动。
[2025-12-17 20:42:09,703] [WARNING] [TSADAdvTrainer] 生成对抗样本时梯度为 None 或包含 NaN/Inf，跳过对抗扰动。
[2025-12-17 20:42:10,083] [WARNING] [TSADAdvTrainer] 生成对抗样本时梯度为 None 或包含 NaN/Inf，跳过对抗扰动。
[2025-12-17 20:42:10,438] [WARNING] [TSADAdvTrainer] 生成对抗样本时梯度为 None 或包含 NaN/Inf，跳过对抗扰动。
[2025-12-17 20:42:10,823] [WARNING] [TSADAdvTrainer] 生成对抗样本时梯度为 None 或包含 NaN/Inf，跳过对抗扰动。
[2025-12-17 20:42:11,176] [WARNING] [TSADAdvTrainer] 生成对抗样本时梯度为 None 或包含 NaN/Inf，跳过对抗扰动。
[2025-12-17 20:42:11,525] [WARNING] [TSADAdvTrainer] 生成对抗样本时梯度为 None 或包含 NaN/Inf，跳过对抗扰动。
[2025-12-17 20:42:11,891] [WARNING] [TSADAdvTrainer] 生成对抗样本时梯度为 None 或包含 NaN/Inf，跳过对抗扰动。
[2025-12-17 20:42:12,256] [WARNING] [TSADAdvTrainer] 生成对抗样本时梯度为 None 或包含 NaN/Inf，跳过对抗扰动。
[2025-12-17 20:42:12,623] [WARNING] [TSADAdvTrainer] 生成对抗样本时梯度为 None 或包含 NaN/Inf，跳过对抗扰动。
[2025-12-17 20:42:12,999] [WARNING] [TSADAdvTrainer] 生成对抗样本时梯度为 None 或包含 NaN/Inf，跳过对抗扰动。
[2025-12-17 20:42:13,366] [WARNING] [TSADAdvTrainer] 生成对抗样本时梯度为 None 或包含 NaN/Inf，跳过对抗扰动。
[2025-12-17 20:42:13,756] [WARNING] [TSADAdvTrainer] 生成对抗样本时梯度为 None 或包含 NaN/Inf，跳过对抗扰动。
[2025-12-17 20:42:14,125] [WARNING] [TSADAdvTrainer] 生成对抗样本时梯度为 None 或包含 NaN/Inf，跳过对抗扰动。
[2025-12-17 20:42:14,494] [WARNING] [TSADAdvTrainer] 生成对抗样本时梯度为 None 或包含 NaN/Inf，跳过对抗扰动。
[2025-12-17 20:42:14,866] [WARNING] [TSADAdvTrainer] 生成对抗样本时梯度为 None 或包含 NaN/Inf，跳过对抗扰动。
[2025-12-17 20:42:15,238] [WARNING] [TSADAdvTrainer] 生成对抗样本时梯度为 None 或包含 NaN/Inf，跳过对抗扰动。
[2025-12-17 20:42:15,595] [WARNING] [TSADAdvTrainer] 生成对抗样本时梯度为 None 或包含 NaN/Inf，跳过对抗扰动。
[2025-12-17 20:42:15,948] [WARNING] [TSADAdvTrainer] 生成对抗样本时梯度为 None 或包含 NaN/Inf，跳过对抗扰动。
[2025-12-17 20:42:16,339] [WARNING] [TSADAdvTrainer] 生成对抗样本时梯度为 None 或包含 NaN/Inf，跳过对抗扰动。
[2025-12-17 20:42:16,723] [WARNING] [TSADAdvTrainer] 生成对抗样本时梯度为 None 或包含 NaN/Inf，跳过对抗扰动。
[2025-12-17 20:42:17,080] [WARNING] [TSADAdvTrainer] 生成对抗样本时梯度为 None 或包含 NaN/Inf，跳过对抗扰动。
[2025-12-17 20:42:17,443] [WARNING] [TSADAdvTrainer] 生成对抗样本时梯度为 None 或包含 NaN/Inf，跳过对抗扰动。
[2025-12-17 20:42:17,756] [WARNING] [TSADAdvTrainer] 生成对抗样本时梯度为 None 或包含 NaN/Inf，跳过对抗扰动。
[2025-12-17 20:42:18,087] [WARNING] [TSADAdvTrainer] 生成对抗样本时梯度为 None 或包含 NaN/Inf，跳过对抗扰动。
[2025-12-17 20:42:18,420] [WARNING] [TSADAdvTrainer] 生成对抗样本时梯度为 None 或包含 NaN/Inf，跳过对抗扰动。
[2025-12-17 20:42:18,751] [WARNING] [TSADAdvTrainer] 生成对抗样本时梯度为 None 或包含 NaN/Inf，跳过对抗扰动。
[2025-12-17 20:42:19,084] [WARNING] [TSADAdvTrainer] 生成对抗样本时梯度为 None 或包含 NaN/Inf，跳过对抗扰动。
[2025-12-17 20:42:19,428] [WARNING] [TSADAdvTrainer] 生成对抗样本时梯度为 None 或包含 NaN/Inf，跳过对抗扰动。
[2025-12-17 20:42:19,762] [WARNING] [TSADAdvTrainer] 生成对抗样本时梯度为 None 或包含 NaN/Inf，跳过对抗扰动。
[2025-12-17 20:42:20,087] [WARNING] [TSADAdvTrainer] 生成对抗样本时梯度为 None 或包含 NaN/Inf，跳过对抗扰动。
[2025-12-17 20:42:20,414] [WARNING] [TSADAdvTrainer] 生成对抗样本时梯度为 None 或包含 NaN/Inf，跳过对抗扰动。
[2025-12-17 20:42:20,744] [WARNING] [TSADAdvTrainer] 生成对抗样本时梯度为 None 或包含 NaN/Inf，跳过对抗扰动。
[2025-12-17 20:42:21,067] [WARNING] [TSADAdvTrainer] 生成对抗样本时梯度为 None 或包含 NaN/Inf，跳过对抗扰动。
[2025-12-17 20:42:21,402] [WARNING] [TSADAdvTrainer] 生成对抗样本时梯度为 None 或包含 NaN/Inf，跳过对抗扰动。
[2025-12-17 20:42:21,815] [WARNING] [TSADAdvTrainer] 生成对抗样本时梯度为 None 或包含 NaN/Inf，跳过对抗扰动。
[2025-12-17 20:42:22,152] [WARNING] [TSADAdvTrainer] 生成对抗样本时梯度为 None 或包含 NaN/Inf，跳过对抗扰动。
[2025-12-17 20:42:22,496] [WARNING] [TSADAdvTrainer] 生成对抗样本时梯度为 None 或包含 NaN/Inf，跳过对抗扰动。
[2025-12-17 20:42:22,822] [WARNING] [TSADAdvTrainer] 生成对抗样本时梯度为 None 或包含 NaN/Inf，跳过对抗扰动。
[2025-12-17 20:42:23,168] [WARNING] [TSADAdvTrainer] 生成对抗样本时梯度为 None 或包含 NaN/Inf，跳过对抗扰动。
[2025-12-17 20:42:23,506] [WARNING] [TSADAdvTrainer] 生成对抗样本时梯度为 None 或包含 NaN/Inf，跳过对抗扰动。
[2025-12-17 20:42:23,847] [WARNING] [TSADAdvTrainer] 生成对抗样本时梯度为 None 或包含 NaN/Inf，跳过对抗扰动。
[2025-12-17 20:42:24,186] [WARNING] [TSADAdvTrainer] 生成对抗样本时梯度为 None 或包含 NaN/Inf，跳过对抗扰动。
[2025-12-17 20:42:24,524] [WARNING] [TSADAdvTrainer] 生成对抗样本时梯度为 None 或包含 NaN/Inf，跳过对抗扰动。
[2025-12-17 20:42:24,857] [WARNING] [TSADAdvTrainer] 生成对抗样本时梯度为 None 或包含 NaN/Inf，跳过对抗扰动。
[2025-12-17 20:42:25,188] [WARNING] [TSADAdvTrainer] 生成对抗样本时梯度为 None 或包含 NaN/Inf，跳过对抗扰动。
[2025-12-17 20:42:25,522] [WARNING] [TSADAdvTrainer] 生成对抗样本时梯度为 None 或包含 NaN/Inf，跳过对抗扰动。
[2025-12-17 20:42:25,819] [WARNING] [TSADAdvTrainer] 生成对抗样本时梯度为 None 或包含 NaN/Inf，跳过对抗扰动。
[2025-12-17 20:42:26,197] [WARNING] [TSADAdvTrainer] 生成对抗样本时梯度为 None 或包含 NaN/Inf，跳过对抗扰动。
[2025-12-17 20:42:26,574] [WARNING] [TSADAdvTrainer] 生成对抗样本时梯度为 None 或包含 NaN/Inf，跳过对抗扰动。
[2025-12-17 20:42:26,929] [WARNING] [TSADAdvTrainer] 生成对抗样本时梯度为 None 或包含 NaN/Inf，跳过对抗扰动。
[2025-12-17 20:42:27,318] [WARNING] [TSADAdvTrainer] 生成对抗样本时梯度为 None 或包含 NaN/Inf，跳过对抗扰动。
[2025-12-17 20:42:27,687] [WARNING] [TSADAdvTrainer] 生成对抗样本时梯度为 None 或包含 NaN/Inf，跳过对抗扰动。
[2025-12-17 20:42:28,057] [WARNING] [TSADAdvTrainer] 生成对抗样本时梯度为 None 或包含 NaN/Inf，跳过对抗扰动。
[2025-12-17 20:42:28,425] [WARNING] [TSADAdvTrainer] 生成对抗样本时梯度为 None 或包含 NaN/Inf，跳过对抗扰动。
[2025-12-17 20:42:28,796] [WARNING] [TSADAdvTrainer] 生成对抗样本时梯度为 None 或包含 NaN/Inf，跳过对抗扰动。
[2025-12-17 20:42:29,172] [WARNING] [TSADAdvTrainer] 生成对抗样本时梯度为 None 或包含 NaN/Inf，跳过对抗扰动。
[2025-12-17 20:42:29,540] [WARNING] [TSADAdvTrainer] 生成对抗样本时梯度为 None 或包含 NaN/Inf，跳过对抗扰动。
[2025-12-17 20:42:29,905] [WARNING] [TSADAdvTrainer] 生成对抗样本时梯度为 None 或包含 NaN/Inf，跳过对抗扰动。
[2025-12-17 20:42:30,281] [WARNING] [TSADAdvTrainer] 生成对抗样本时梯度为 None 或包含 NaN/Inf，跳过对抗扰动。
[2025-12-17 20:42:30,650] [WARNING] [TSADAdvTrainer] 生成对抗样本时梯度为 None 或包含 NaN/Inf，跳过对抗扰动。
[2025-12-17 20:42:31,034] [WARNING] [TSADAdvTrainer] 生成对抗样本时梯度为 None 或包含 NaN/Inf，跳过对抗扰动。
[2025-12-17 20:42:31,389] [WARNING] [TSADAdvTrainer] 生成对抗样本时梯度为 None 或包含 NaN/Inf，跳过对抗扰动。
[2025-12-17 20:42:31,738] [WARNING] [TSADAdvTrainer] 生成对抗样本时梯度为 None 或包含 NaN/Inf，跳过对抗扰动。
[2025-12-17 20:42:32,089] [WARNING] [TSADAdvTrainer] 生成对抗样本时梯度为 None 或包含 NaN/Inf，跳过对抗扰动。
[2025-12-17 20:42:32,461] [WARNING] [TSADAdvTrainer] 生成对抗样本时梯度为 None 或包含 NaN/Inf，跳过对抗扰动。
[2025-12-17 20:42:32,821] [WARNING] [TSADAdvTrainer] 生成对抗样本时梯度为 None 或包含 NaN/Inf，跳过对抗扰动。
[2025-12-17 20:42:33,200] [WARNING] [TSADAdvTrainer] 生成对抗样本时梯度为 None 或包含 NaN/Inf，跳过对抗扰动。
[2025-12-17 20:42:33,578] [WARNING] [TSADAdvTrainer] 生成对抗样本时梯度为 None 或包含 NaN/Inf，跳过对抗扰动。
[2025-12-17 20:42:33,960] [WARNING] [TSADAdvTrainer] 生成对抗样本时梯度为 None 或包含 NaN/Inf，跳过对抗扰动。
[2025-12-17 20:42:34,342] [WARNING] [TSADAdvTrainer] 生成对抗样本时梯度为 None 或包含 NaN/Inf，跳过对抗扰动。
[2025-12-17 20:42:34,694] [WARNING] [TSADAdvTrainer] 生成对抗样本时梯度为 None 或包含 NaN/Inf，跳过对抗扰动。
[2025-12-17 20:42:35,036] [WARNING] [TSADAdvTrainer] 生成对抗样本时梯度为 None 或包含 NaN/Inf，跳过对抗扰动。
[2025-12-17 20:42:35,386] [WARNING] [TSADAdvTrainer] 生成对抗样本时梯度为 None 或包含 NaN/Inf，跳过对抗扰动。
[2025-12-17 20:42:35,753] [WARNING] [TSADAdvTrainer] 生成对抗样本时梯度为 None 或包含 NaN/Inf，跳过对抗扰动。
[2025-12-17 20:42:36,103] [WARNING] [TSADAdvTrainer] 生成对抗样本时梯度为 None 或包含 NaN/Inf，跳过对抗扰动。
[2025-12-17 20:42:36,466] [WARNING] [TSADAdvTrainer] 生成对抗样本时梯度为 None 或包含 NaN/Inf，跳过对抗扰动。
[2025-12-17 20:42:36,844] [WARNING] [TSADAdvTrainer] 生成对抗样本时梯度为 None 或包含 NaN/Inf，跳过对抗扰动。
[2025-12-17 20:42:37,207] [WARNING] [TSADAdvTrainer] 生成对抗样本时梯度为 None 或包含 NaN/Inf，跳过对抗扰动。
[2025-12-17 20:42:37,586] [WARNING] [TSADAdvTrainer] 生成对抗样本时梯度为 None 或包含 NaN/Inf，跳过对抗扰动。
[2025-12-17 20:42:37,893] [WARNING] [TSADAdvTrainer] 生成对抗样本时梯度为 None 或包含 NaN/Inf，跳过对抗扰动。
[2025-12-17 20:42:38,217] [WARNING] [TSADAdvTrainer] 生成对抗样本时梯度为 None 或包含 NaN/Inf，跳过对抗扰动。
[2025-12-17 20:42:38,562] [WARNING] [TSADAdvTrainer] 生成对抗样本时梯度为 None 或包含 NaN/Inf，跳过对抗扰动。
[2025-12-17 20:42:38,893] [WARNING] [TSADAdvTrainer] 生成对抗样本时梯度为 None 或包含 NaN/Inf，跳过对抗扰动。
[2025-12-17 20:42:39,219] [WARNING] [TSADAdvTrainer] 生成对抗样本时梯度为 None 或包含 NaN/Inf，跳过对抗扰动。
[2025-12-17 20:42:39,551] [WARNING] [TSADAdvTrainer] 生成对抗样本时梯度为 None 或包含 NaN/Inf，跳过对抗扰动。
[2025-12-17 20:42:39,892] [WARNING] [TSADAdvTrainer] 生成对抗样本时梯度为 None 或包含 NaN/Inf，跳过对抗扰动。
[2025-12-17 20:42:40,229] [WARNING] [TSADAdvTrainer] 生成对抗样本时梯度为 None 或包含 NaN/Inf，跳过对抗扰动。
[2025-12-17 20:42:40,564] [WARNING] [TSADAdvTrainer] 生成对抗样本时梯度为 None 或包含 NaN/Inf，跳过对抗扰动。
[2025-12-17 20:42:40,896] [WARNING] [TSADAdvTrainer] 生成对抗样本时梯度为 None 或包含 NaN/Inf，跳过对抗扰动。
[2025-12-17 20:42:41,228] [WARNING] [TSADAdvTrainer] 生成对抗样本时梯度为 None 或包含 NaN/Inf，跳过对抗扰动。
[2025-12-17 20:42:41,555] [WARNING] [TSADAdvTrainer] 生成对抗样本时梯度为 None 或包含 NaN/Inf，跳过对抗扰动。
[2025-12-17 20:42:41,889] [WARNING] [TSADAdvTrainer] 生成对抗样本时梯度为 None 或包含 NaN/Inf，跳过对抗扰动。
[2025-12-17 20:42:42,240] [WARNING] [TSADAdvTrainer] 生成对抗样本时梯度为 None 或包含 NaN/Inf，跳过对抗扰动。
[2025-12-17 20:42:42,587] [WARNING] [TSADAdvTrainer] 生成对抗样本时梯度为 None 或包含 NaN/Inf，跳过对抗扰动。
[2025-12-17 20:42:42,956] [WARNING] [TSADAdvTrainer] 生成对抗样本时梯度为 None 或包含 NaN/Inf，跳过对抗扰动。
[2025-12-17 20:42:43,321] [WARNING] [TSADAdvTrainer] 生成对抗样本时梯度为 None 或包含 NaN/Inf，跳过对抗扰动。
[2025-12-17 20:42:43,698] [WARNING] [TSADAdvTrainer] 生成对抗样本时梯度为 None 或包含 NaN/Inf，跳过对抗扰动。
[2025-12-17 20:42:44,077] [WARNING] [TSADAdvTrainer] 生成对抗样本时梯度为 None 或包含 NaN/Inf，跳过对抗扰动。
[2025-12-17 20:42:44,430] [WARNING] [TSADAdvTrainer] 生成对抗样本时梯度为 None 或包含 NaN/Inf，跳过对抗扰动。
[2025-12-17 20:42:44,804] [WARNING] [TSADAdvTrainer] 生成对抗样本时梯度为 None 或包含 NaN/Inf，跳过对抗扰动。
[2025-12-17 20:42:45,177] [WARNING] [TSADAdvTrainer] 生成对抗样本时梯度为 None 或包含 NaN/Inf，跳过对抗扰动。
[2025-12-17 20:42:45,612] [WARNING] [TSADAdvTrainer] 生成对抗样本时梯度为 None 或包含 NaN/Inf，跳过对抗扰动。
[2025-12-17 20:42:45,973] [WARNING] [TSADAdvTrainer] 生成对抗样本时梯度为 None 或包含 NaN/Inf，跳过对抗扰动。
[2025-12-17 20:42:46,342] [WARNING] [TSADAdvTrainer] 生成对抗样本时梯度为 None 或包含 NaN/Inf，跳过对抗扰动。
[2025-12-17 20:42:46,702] [WARNING] [TSADAdvTrainer] 生成对抗样本时梯度为 None 或包含 NaN/Inf，跳过对抗扰动。
[2025-12-17 20:42:47,067] [WARNING] [TSADAdvTrainer] 生成对抗样本时梯度为 None 或包含 NaN/Inf，跳过对抗扰动。
[2025-12-17 20:42:47,418] [WARNING] [TSADAdvTrainer] 生成对抗样本时梯度为 None 或包含 NaN/Inf，跳过对抗扰动。
[2025-12-17 20:42:47,790] [WARNING] [TSADAdvTrainer] 生成对抗样本时梯度为 None 或包含 NaN/Inf，跳过对抗扰动。
[2025-12-17 20:42:48,169] [WARNING] [TSADAdvTrainer] 生成对抗样本时梯度为 None 或包含 NaN/Inf，跳过对抗扰动。
[2025-12-17 20:42:48,537] [WARNING] [TSADAdvTrainer] 生成对抗样本时梯度为 None 或包含 NaN/Inf，跳过对抗扰动。
[2025-12-17 20:42:48,896] [WARNING] [TSADAdvTrainer] 生成对抗样本时梯度为 None 或包含 NaN/Inf，跳过对抗扰动。
[2025-12-17 20:42:49,264] [WARNING] [TSADAdvTrainer] 生成对抗样本时梯度为 None 或包含 NaN/Inf，跳过对抗扰动。
[2025-12-17 20:42:49,637] [WARNING] [TSADAdvTrainer] 生成对抗样本时梯度为 None 或包含 NaN/Inf，跳过对抗扰动。
[2025-12-17 20:42:49,999] [WARNING] [TSADAdvTrainer] 生成对抗样本时梯度为 None 或包含 NaN/Inf，跳过对抗扰动。
[2025-12-17 20:42:50,365] [WARNING] [TSADAdvTrainer] 生成对抗样本时梯度为 None 或包含 NaN/Inf，跳过对抗扰动。
[2025-12-17 20:42:50,750] [WARNING] [TSADAdvTrainer] 生成对抗样本时梯度为 None 或包含 NaN/Inf，跳过对抗扰动。
[2025-12-17 20:42:51,112] [WARNING] [TSADAdvTrainer] 生成对抗样本时梯度为 None 或包含 NaN/Inf，跳过对抗扰动。
[2025-12-17 20:42:51,476] [WARNING] [TSADAdvTrainer] 生成对抗样本时梯度为 None 或包含 NaN/Inf，跳过对抗扰动。
[2025-12-17 20:42:51,841] [WARNING] [TSADAdvTrainer] 生成对抗样本时梯度为 None 或包含 NaN/Inf，跳过对抗扰动。
[2025-12-17 20:42:52,215] [WARNING] [TSADAdvTrainer] 生成对抗样本时梯度为 None 或包含 NaN/Inf，跳过对抗扰动。
[2025-12-17 20:42:52,572] [WARNING] [TSADAdvTrainer] 生成对抗样本时梯度为 None 或包含 NaN/Inf，跳过对抗扰动。
[2025-12-17 20:42:52,899] [WARNING] [TSADAdvTrainer] 生成对抗样本时梯度为 None 或包含 NaN/Inf，跳过对抗扰动。
[2025-12-17 20:42:53,231] [WARNING] [TSADAdvTrainer] 生成对抗样本时梯度为 None 或包含 NaN/Inf，跳过对抗扰动。
[2025-12-17 20:42:53,561] [WARNING] [TSADAdvTrainer] 生成对抗样本时梯度为 None 或包含 NaN/Inf，跳过对抗扰动。
[2025-12-17 20:42:53,897] [WARNING] [TSADAdvTrainer] 生成对抗样本时梯度为 None 或包含 NaN/Inf，跳过对抗扰动。
[2025-12-17 20:42:54,227] [WARNING] [TSADAdvTrainer] 生成对抗样本时梯度为 None 或包含 NaN/Inf，跳过对抗扰动。
[2025-12-17 20:42:54,559] [WARNING] [TSADAdvTrainer] 生成对抗样本时梯度为 None 或包含 NaN/Inf，跳过对抗扰动。
[2025-12-17 20:42:54,893] [WARNING] [TSADAdvTrainer] 生成对抗样本时梯度为 None 或包含 NaN/Inf，跳过对抗扰动。
[2025-12-17 20:42:55,222] [WARNING] [TSADAdvTrainer] 生成对抗样本时梯度为 None 或包含 NaN/Inf，跳过对抗扰动。
[2025-12-17 20:42:55,558] [WARNING] [TSADAdvTrainer] 生成对抗样本时梯度为 None 或包含 NaN/Inf，跳过对抗扰动。
[2025-12-17 20:42:55,907] [WARNING] [TSADAdvTrainer] 生成对抗样本时梯度为 None 或包含 NaN/Inf，跳过对抗扰动。
[2025-12-17 20:42:56,238] [WARNING] [TSADAdvTrainer] 生成对抗样本时梯度为 None 或包含 NaN/Inf，跳过对抗扰动。
[2025-12-17 20:42:56,587] [WARNING] [TSADAdvTrainer] 生成对抗样本时梯度为 None 或包含 NaN/Inf，跳过对抗扰动。
[2025-12-17 20:42:56,939] [WARNING] [TSADAdvTrainer] 生成对抗样本时梯度为 None 或包含 NaN/Inf，跳过对抗扰动。
[2025-12-17 20:42:57,271] [WARNING] [TSADAdvTrainer] 生成对抗样本时梯度为 None 或包含 NaN/Inf，跳过对抗扰动。
[2025-12-17 20:42:57,604] [WARNING] [TSADAdvTrainer] 生成对抗样本时梯度为 None 或包含 NaN/Inf，跳过对抗扰动。
[2025-12-17 20:42:57,950] [WARNING] [TSADAdvTrainer] 生成对抗样本时梯度为 None 或包含 NaN/Inf，跳过对抗扰动。
[2025-12-17 20:42:58,294] [WARNING] [TSADAdvTrainer] 生成对抗样本时梯度为 None 或包含 NaN/Inf，跳过对抗扰动。
[2025-12-17 20:42:58,622] [WARNING] [TSADAdvTrainer] 生成对抗样本时梯度为 None 或包含 NaN/Inf，跳过对抗扰动。
[2025-12-17 20:42:58,960] [WARNING] [TSADAdvTrainer] 生成对抗样本时梯度为 None 或包含 NaN/Inf，跳过对抗扰动。
[2025-12-17 20:42:59,299] [WARNING] [TSADAdvTrainer] 生成对抗样本时梯度为 None 或包含 NaN/Inf，跳过对抗扰动。
[2025-12-17 20:42:59,607] [WARNING] [TSADAdvTrainer] 生成对抗样本时梯度为 None 或包含 NaN/Inf，跳过对抗扰动。
[2025-12-17 20:42:59,989] [WARNING] [TSADAdvTrainer] 生成对抗样本时梯度为 None 或包含 NaN/Inf，跳过对抗扰动。
[2025-12-17 20:43:00,365] [WARNING] [TSADAdvTrainer] 生成对抗样本时梯度为 None 或包含 NaN/Inf，跳过对抗扰动。
[2025-12-17 20:43:00,753] [WARNING] [TSADAdvTrainer] 生成对抗样本时梯度为 None 或包含 NaN/Inf，跳过对抗扰动。
[2025-12-17 20:43:01,127] [WARNING] [TSADAdvTrainer] 生成对抗样本时梯度为 None 或包含 NaN/Inf，跳过对抗扰动。
[2025-12-17 20:43:01,490] [WARNING] [TSADAdvTrainer] 生成对抗样本时梯度为 None 或包含 NaN/Inf，跳过对抗扰动。
[2025-12-17 20:43:01,860] [WARNING] [TSADAdvTrainer] 生成对抗样本时梯度为 None 或包含 NaN/Inf，跳过对抗扰动。
[2025-12-17 20:43:02,231] [WARNING] [TSADAdvTrainer] 生成对抗样本时梯度为 None 或包含 NaN/Inf，跳过对抗扰动。
[2025-12-17 20:43:02,618] [WARNING] [TSADAdvTrainer] 生成对抗样本时梯度为 None 或包含 NaN/Inf，跳过对抗扰动。
[2025-12-17 20:43:03,002] [WARNING] [TSADAdvTrainer] 生成对抗样本时梯度为 None 或包含 NaN/Inf，跳过对抗扰动。
[2025-12-17 20:43:03,392] [WARNING] [TSADAdvTrainer] 生成对抗样本时梯度为 None 或包含 NaN/Inf，跳过对抗扰动。
[2025-12-17 20:43:03,777] [WARNING] [TSADAdvTrainer] 生成对抗样本时梯度为 None 或包含 NaN/Inf，跳过对抗扰动。
[2025-12-17 20:43:04,142] [WARNING] [TSADAdvTrainer] 生成对抗样本时梯度为 None 或包含 NaN/Inf，跳过对抗扰动。
[2025-12-17 20:43:04,517] [WARNING] [TSADAdvTrainer] 生成对抗样本时梯度为 None 或包含 NaN/Inf，跳过对抗扰动。
[2025-12-17 20:43:04,881] [WARNING] [TSADAdvTrainer] 生成对抗样本时梯度为 None 或包含 NaN/Inf，跳过对抗扰动。
[2025-12-17 20:43:05,250] [WARNING] [TSADAdvTrainer] 生成对抗样本时梯度为 None 或包含 NaN/Inf，跳过对抗扰动。
[2025-12-17 20:43:05,623] [WARNING] [TSADAdvTrainer] 生成对抗样本时梯度为 None 或包含 NaN/Inf，跳过对抗扰动。
[2025-12-17 20:43:06,003] [WARNING] [TSADAdvTrainer] 生成对抗样本时梯度为 None 或包含 NaN/Inf，跳过对抗扰动。
[2025-12-17 20:43:06,362] [WARNING] [TSADAdvTrainer] 生成对抗样本时梯度为 None 或包含 NaN/Inf，跳过对抗扰动。
[2025-12-17 20:43:06,745] [WARNING] [TSADAdvTrainer] 生成对抗样本时梯度为 None 或包含 NaN/Inf，跳过对抗扰动。
[2025-12-17 20:43:07,135] [WARNING] [TSADAdvTrainer] 生成对抗样本时梯度为 None 或包含 NaN/Inf，跳过对抗扰动。
[2025-12-17 20:43:07,540] [WARNING] [TSADAdvTrainer] 生成对抗样本时梯度为 None 或包含 NaN/Inf，跳过对抗扰动。
[2025-12-17 20:43:07,902] [WARNING] [TSADAdvTrainer] 生成对抗样本时梯度为 None 或包含 NaN/Inf，跳过对抗扰动。
[2025-12-17 20:43:08,269] [WARNING] [TSADAdvTrainer] 生成对抗样本时梯度为 None 或包含 NaN/Inf，跳过对抗扰动。
[2025-12-17 20:43:08,631] [WARNING] [TSADAdvTrainer] 生成对抗样本时梯度为 None 或包含 NaN/Inf，跳过对抗扰动。
[2025-12-17 20:43:09,001] [WARNING] [TSADAdvTrainer] 生成对抗样本时梯度为 None 或包含 NaN/Inf，跳过对抗扰动。
[2025-12-17 20:43:09,369] [WARNING] [TSADAdvTrainer] 生成对抗样本时梯度为 None 或包含 NaN/Inf，跳过对抗扰动。
[2025-12-17 20:43:09,725] [WARNING] [TSADAdvTrainer] 生成对抗样本时梯度为 None 或包含 NaN/Inf，跳过对抗扰动。
[2025-12-17 20:43:10,083] [WARNING] [TSADAdvTrainer] 生成对抗样本时梯度为 None 或包含 NaN/Inf，跳过对抗扰动。
[2025-12-17 20:43:10,446] [WARNING] [TSADAdvTrainer] 生成对抗样本时梯度为 None 或包含 NaN/Inf，跳过对抗扰动。
[2025-12-17 20:43:10,743] [WARNING] [TSADAdvTrainer] 生成对抗样本时梯度为 None 或包含 NaN/Inf，跳过对抗扰动。
[2025-12-17 20:43:11,081] [WARNING] [TSADAdvTrainer] 生成对抗样本时梯度为 None 或包含 NaN/Inf，跳过对抗扰动。
[2025-12-17 20:43:11,431] [WARNING] [TSADAdvTrainer] 生成对抗样本时梯度为 None 或包含 NaN/Inf，跳过对抗扰动。
[2025-12-17 20:43:11,772] [WARNING] [TSADAdvTrainer] 生成对抗样本时梯度为 None 或包含 NaN/Inf，跳过对抗扰动。
[2025-12-17 20:43:12,118] [WARNING] [TSADAdvTrainer] 生成对抗样本时梯度为 None 或包含 NaN/Inf，跳过对抗扰动。
[2025-12-17 20:43:12,448] [WARNING] [TSADAdvTrainer] 生成对抗样本时梯度为 None 或包含 NaN/Inf，跳过对抗扰动。
[2025-12-17 20:43:12,792] [WARNING] [TSADAdvTrainer] 生成对抗样本时梯度为 None 或包含 NaN/Inf，跳过对抗扰动。
[2025-12-17 20:43:13,130] [WARNING] [TSADAdvTrainer] 生成对抗样本时梯度为 None 或包含 NaN/Inf，跳过对抗扰动。
[2025-12-17 20:43:13,467] [WARNING] [TSADAdvTrainer] 生成对抗样本时梯度为 None 或包含 NaN/Inf，跳过对抗扰动。
[2025-12-17 20:43:13,823] [WARNING] [TSADAdvTrainer] 生成对抗样本时梯度为 None 或包含 NaN/Inf，跳过对抗扰动。
[2025-12-17 20:43:14,171] [WARNING] [TSADAdvTrainer] 生成对抗样本时梯度为 None 或包含 NaN/Inf，跳过对抗扰动。
[2025-12-17 20:43:14,518] [WARNING] [TSADAdvTrainer] 生成对抗样本时梯度为 None 或包含 NaN/Inf，跳过对抗扰动。
[2025-12-17 20:43:14,849] [WARNING] [TSADAdvTrainer] 生成对抗样本时梯度为 None 或包含 NaN/Inf，跳过对抗扰动。
[2025-12-17 20:43:15,192] [WARNING] [TSADAdvTrainer] 生成对抗样本时梯度为 None 或包含 NaN/Inf，跳过对抗扰动。
[2025-12-17 20:43:15,538] [WARNING] [TSADAdvTrainer] 生成对抗样本时梯度为 None 或包含 NaN/Inf，跳过对抗扰动。
[2025-12-17 20:43:15,896] [WARNING] [TSADAdvTrainer] 生成对抗样本时梯度为 None 或包含 NaN/Inf，跳过对抗扰动。
[2025-12-17 20:43:16,243] [WARNING] [TSADAdvTrainer] 生成对抗样本时梯度为 None 或包含 NaN/Inf，跳过对抗扰动。
[2025-12-17 20:43:16,589] [WARNING] [TSADAdvTrainer] 生成对抗样本时梯度为 None 或包含 NaN/Inf，跳过对抗扰动。
[2025-12-17 20:43:16,920] [WARNING] [TSADAdvTrainer] 生成对抗样本时梯度为 None 或包含 NaN/Inf，跳过对抗扰动。
[2025-12-17 20:43:17,269] [WARNING] [TSADAdvTrainer] 生成对抗样本时梯度为 None 或包含 NaN/Inf，跳过对抗扰动。
[2025-12-17 20:43:17,623] [WARNING] [TSADAdvTrainer] 生成对抗样本时梯度为 None 或包含 NaN/Inf，跳过对抗扰动。
[2025-12-17 20:43:17,970] [WARNING] [TSADAdvTrainer] 生成对抗样本时梯度为 None 或包含 NaN/Inf，跳过对抗扰动。
[2025-12-17 20:43:18,310] [WARNING] [TSADAdvTrainer] 生成对抗样本时梯度为 None 或包含 NaN/Inf，跳过对抗扰动。
[2025-12-17 20:43:18,647] [WARNING] [TSADAdvTrainer] 生成对抗样本时梯度为 None 或包含 NaN/Inf，跳过对抗扰动。
[2025-12-17 20:43:18,978] [WARNING] [TSADAdvTrainer] 生成对抗样本时梯度为 None 或包含 NaN/Inf，跳过对抗扰动。
[2025-12-17 20:43:19,362] [WARNING] [TSADAdvTrainer] 生成对抗样本时梯度为 None 或包含 NaN/Inf，跳过对抗扰动。
[2025-12-17 20:43:19,734] [WARNING] [TSADAdvTrainer] 生成对抗样本时梯度为 None 或包含 NaN/Inf，跳过对抗扰动。
[2025-12-17 20:43:20,101] [WARNING] [TSADAdvTrainer] 生成对抗样本时梯度为 None 或包含 NaN/Inf，跳过对抗扰动。
[2025-12-17 20:43:20,462] [WARNING] [TSADAdvTrainer] 生成对抗样本时梯度为 None 或包含 NaN/Inf，跳过对抗扰动。
[2025-12-17 20:43:20,841] [WARNING] [TSADAdvTrainer] 生成对抗样本时梯度为 None 或包含 NaN/Inf，跳过对抗扰动。
[2025-12-17 20:43:21,227] [WARNING] [TSADAdvTrainer] 生成对抗样本时梯度为 None 或包含 NaN/Inf，跳过对抗扰动。
[2025-12-17 20:43:21,599] [WARNING] [TSADAdvTrainer] 生成对抗样本时梯度为 None 或包含 NaN/Inf，跳过对抗扰动。
[2025-12-17 20:43:21,988] [WARNING] [TSADAdvTrainer] 生成对抗样本时梯度为 None 或包含 NaN/Inf，跳过对抗扰动。
[2025-12-17 20:43:22,346] [WARNING] [TSADAdvTrainer] 生成对抗样本时梯度为 None 或包含 NaN/Inf，跳过对抗扰动。
[2025-12-17 20:43:22,708] [WARNING] [TSADAdvTrainer] 生成对抗样本时梯度为 None 或包含 NaN/Inf，跳过对抗扰动。
[2025-12-17 20:43:23,081] [WARNING] [TSADAdvTrainer] 生成对抗样本时梯度为 None 或包含 NaN/Inf，跳过对抗扰动。
[2025-12-17 20:43:23,465] [WARNING] [TSADAdvTrainer] 生成对抗样本时梯度为 None 或包含 NaN/Inf，跳过对抗扰动。
[2025-12-17 20:43:23,811] [WARNING] [TSADAdvTrainer] 生成对抗样本时梯度为 None 或包含 NaN/Inf，跳过对抗扰动。
[2025-12-17 20:43:24,179] [WARNING] [TSADAdvTrainer] 生成对抗样本时梯度为 None 或包含 NaN/Inf，跳过对抗扰动。
[2025-12-17 20:43:24,559] [WARNING] [TSADAdvTrainer] 生成对抗样本时梯度为 None 或包含 NaN/Inf，跳过对抗扰动。
[2025-12-17 20:43:24,924] [WARNING] [TSADAdvTrainer] 生成对抗样本时梯度为 None 或包含 NaN/Inf，跳过对抗扰动。
[2025-12-17 20:43:25,302] [WARNING] [TSADAdvTrainer] 生成对抗样本时梯度为 None 或包含 NaN/Inf，跳过对抗扰动。
[2025-12-17 20:43:25,681] [WARNING] [TSADAdvTrainer] 生成对抗样本时梯度为 None 或包含 NaN/Inf，跳过对抗扰动。
[2025-12-17 20:43:26,064] [WARNING] [TSADAdvTrainer] 生成对抗样本时梯度为 None 或包含 NaN/Inf，跳过对抗扰动。
[2025-12-17 20:43:26,463] [WARNING] [TSADAdvTrainer] 生成对抗样本时梯度为 None 或包含 NaN/Inf，跳过对抗扰动。
[2025-12-17 20:43:26,843] [WARNING] [TSADAdvTrainer] 生成对抗样本时梯度为 None 或包含 NaN/Inf，跳过对抗扰动。
[2025-12-17 20:43:27,222] [WARNING] [TSADAdvTrainer] 生成对抗样本时梯度为 None 或包含 NaN/Inf，跳过对抗扰动。
[2025-12-17 20:43:27,610] [WARNING] [TSADAdvTrainer] 生成对抗样本时梯度为 None 或包含 NaN/Inf，跳过对抗扰动。
[2025-12-17 20:43:27,976] [WARNING] [TSADAdvTrainer] 生成对抗样本时梯度为 None 或包含 NaN/Inf，跳过对抗扰动。
[2025-12-17 20:43:28,323] [WARNING] [TSADAdvTrainer] 生成对抗样本时梯度为 None 或包含 NaN/Inf，跳过对抗扰动。
[2025-12-17 20:43:28,638] [WARNING] [TSADAdvTrainer] 生成对抗样本时梯度为 None 或包含 NaN/Inf，跳过对抗扰动。
[2025-12-17 20:43:28,988] [WARNING] [TSADAdvTrainer] 生成对抗样本时梯度为 None 或包含 NaN/Inf，跳过对抗扰动。
[2025-12-17 20:43:29,327] [WARNING] [TSADAdvTrainer] 生成对抗样本时梯度为 None 或包含 NaN/Inf，跳过对抗扰动。
[2025-12-17 20:43:29,672] [WARNING] [TSADAdvTrainer] 生成对抗样本时梯度为 None 或包含 NaN/Inf，跳过对抗扰动。
[2025-12-17 20:43:30,006] [WARNING] [TSADAdvTrainer] 生成对抗样本时梯度为 None 或包含 NaN/Inf，跳过对抗扰动。
[2025-12-17 20:43:30,347] [WARNING] [TSADAdvTrainer] 生成对抗样本时梯度为 None 或包含 NaN/Inf，跳过对抗扰动。
[2025-12-17 20:43:30,695] [WARNING] [TSADAdvTrainer] 生成对抗样本时梯度为 None 或包含 NaN/Inf，跳过对抗扰动。
[2025-12-17 20:43:31,034] [WARNING] [TSADAdvTrainer] 生成对抗样本时梯度为 None 或包含 NaN/Inf，跳过对抗扰动。
[2025-12-17 20:43:31,378] [WARNING] [TSADAdvTrainer] 生成对抗样本时梯度为 None 或包含 NaN/Inf，跳过对抗扰动。
[2025-12-17 20:43:31,773] [WARNING] [TSADAdvTrainer] 生成对抗样本时梯度为 None 或包含 NaN/Inf，跳过对抗扰动。
[2025-12-17 20:43:32,125] [WARNING] [TSADAdvTrainer] 生成对抗样本时梯度为 None 或包含 NaN/Inf，跳过对抗扰动。
[2025-12-17 20:43:32,467] [WARNING] [TSADAdvTrainer] 生成对抗样本时梯度为 None 或包含 NaN/Inf，跳过对抗扰动。
[2025-12-17 20:43:32,809] [WARNING] [TSADAdvTrainer] 生成对抗样本时梯度为 None 或包含 NaN/Inf，跳过对抗扰动。
[2025-12-17 20:43:33,148] [WARNING] [TSADAdvTrainer] 生成对抗样本时梯度为 None 或包含 NaN/Inf，跳过对抗扰动。
[2025-12-17 20:43:33,500] [WARNING] [TSADAdvTrainer] 生成对抗样本时梯度为 None 或包含 NaN/Inf，跳过对抗扰动。
[2025-12-17 20:43:33,836] [WARNING] [TSADAdvTrainer] 生成对抗样本时梯度为 None 或包含 NaN/Inf，跳过对抗扰动。
[2025-12-17 20:43:34,190] [WARNING] [TSADAdvTrainer] 生成对抗样本时梯度为 None 或包含 NaN/Inf，跳过对抗扰动。
[2025-12-17 20:43:34,535] [WARNING] [TSADAdvTrainer] 生成对抗样本时梯度为 None 或包含 NaN/Inf，跳过对抗扰动。
[2025-12-17 20:43:34,895] [WARNING] [TSADAdvTrainer] 生成对抗样本时梯度为 None 或包含 NaN/Inf，跳过对抗扰动。
[2025-12-17 20:43:35,181] [WARNING] [TSADAdvTrainer] 生成对抗样本时梯度为 None 或包含 NaN/Inf，跳过对抗扰动。
[2025-12-17 20:43:35,554] [WARNING] [TSADAdvTrainer] 生成对抗样本时梯度为 None 或包含 NaN/Inf，跳过对抗扰动。
[2025-12-17 20:43:35,919] [WARNING] [TSADAdvTrainer] 生成对抗样本时梯度为 None 或包含 NaN/Inf，跳过对抗扰动。
[2025-12-17 20:43:36,317] [WARNING] [TSADAdvTrainer] 生成对抗样本时梯度为 None 或包含 NaN/Inf，跳过对抗扰动。
[2025-12-17 20:43:36,704] [WARNING] [TSADAdvTrainer] 生成对抗样本时梯度为 None 或包含 NaN/Inf，跳过对抗扰动。
[2025-12-17 20:43:37,096] [WARNING] [TSADAdvTrainer] 生成对抗样本时梯度为 None 或包含 NaN/Inf，跳过对抗扰动。
[2025-12-17 20:43:37,484] [WARNING] [TSADAdvTrainer] 生成对抗样本时梯度为 None 或包含 NaN/Inf，跳过对抗扰动。
[2025-12-17 20:43:37,832] [WARNING] [TSADAdvTrainer] 生成对抗样本时梯度为 None 或包含 NaN/Inf，跳过对抗扰动。
[2025-12-17 20:43:38,218] [WARNING] [TSADAdvTrainer] 生成对抗样本时梯度为 None 或包含 NaN/Inf，跳过对抗扰动。
[2025-12-17 20:43:38,591] [WARNING] [TSADAdvTrainer] 生成对抗样本时梯度为 None 或包含 NaN/Inf，跳过对抗扰动。
[2025-12-17 20:43:38,958] [WARNING] [TSADAdvTrainer] 生成对抗样本时梯度为 None 或包含 NaN/Inf，跳过对抗扰动。
[2025-12-17 20:43:39,334] [WARNING] [TSADAdvTrainer] 生成对抗样本时梯度为 None 或包含 NaN/Inf，跳过对抗扰动。
[2025-12-17 20:43:39,709] [WARNING] [TSADAdvTrainer] 生成对抗样本时梯度为 None 或包含 NaN/Inf，跳过对抗扰动。
[2025-12-17 20:43:40,090] [WARNING] [TSADAdvTrainer] 生成对抗样本时梯度为 None 或包含 NaN/Inf，跳过对抗扰动。
[2025-12-17 20:43:40,476] [WARNING] [TSADAdvTrainer] 生成对抗样本时梯度为 None 或包含 NaN/Inf，跳过对抗扰动。
[2025-12-17 20:43:40,851] [WARNING] [TSADAdvTrainer] 生成对抗样本时梯度为 None 或包含 NaN/Inf，跳过对抗扰动。
[2025-12-17 20:43:41,227] [WARNING] [TSADAdvTrainer] 生成对抗样本时梯度为 None 或包含 NaN/Inf，跳过对抗扰动。
[2025-12-17 20:43:41,599] [WARNING] [TSADAdvTrainer] 生成对抗样本时梯度为 None 或包含 NaN/Inf，跳过对抗扰动。
[2025-12-17 20:43:41,969] [WARNING] [TSADAdvTrainer] 生成对抗样本时梯度为 None 或包含 NaN/Inf，跳过对抗扰动。
[2025-12-17 20:43:42,341] [WARNING] [TSADAdvTrainer] 生成对抗样本时梯度为 None 或包含 NaN/Inf，跳过对抗扰动。
[2025-12-17 20:43:42,707] [WARNING] [TSADAdvTrainer] 生成对抗样本时梯度为 None 或包含 NaN/Inf，跳过对抗扰动。
[2025-12-17 20:43:43,111] [WARNING] [TSADAdvTrainer] 生成对抗样本时梯度为 None 或包含 NaN/Inf，跳过对抗扰动。
[2025-12-17 20:43:43,500] [WARNING] [TSADAdvTrainer] 生成对抗样本时梯度为 None 或包含 NaN/Inf，跳过对抗扰动。
[2025-12-17 20:43:43,878] [WARNING] [TSADAdvTrainer] 生成对抗样本时梯度为 None 或包含 NaN/Inf，跳过对抗扰动。
[2025-12-17 20:43:44,189] [WARNING] [TSADAdvTrainer] 生成对抗样本时梯度为 None 或包含 NaN/Inf，跳过对抗扰动。
[2025-12-17 20:43:44,527] [WARNING] [TSADAdvTrainer] 生成对抗样本时梯度为 None 或包含 NaN/Inf，跳过对抗扰动。
[2025-12-17 20:43:44,882] [WARNING] [TSADAdvTrainer] 生成对抗样本时梯度为 None 或包含 NaN/Inf，跳过对抗扰动。
[2025-12-17 20:43:45,233] [WARNING] [TSADAdvTrainer] 生成对抗样本时梯度为 None 或包含 NaN/Inf，跳过对抗扰动。
[2025-12-17 20:43:45,577] [WARNING] [TSADAdvTrainer] 生成对抗样本时梯度为 None 或包含 NaN/Inf，跳过对抗扰动。
[2025-12-17 20:43:45,921] [WARNING] [TSADAdvTrainer] 生成对抗样本时梯度为 None 或包含 NaN/Inf，跳过对抗扰动。
[2025-12-17 20:43:46,269] [WARNING] [TSADAdvTrainer] 生成对抗样本时梯度为 None 或包含 NaN/Inf，跳过对抗扰动。
[2025-12-17 20:43:46,605] [WARNING] [TSADAdvTrainer] 生成对抗样本时梯度为 None 或包含 NaN/Inf，跳过对抗扰动。
[2025-12-17 20:43:46,958] [WARNING] [TSADAdvTrainer] 生成对抗样本时梯度为 None 或包含 NaN/Inf，跳过对抗扰动。
[2025-12-17 20:43:47,309] [WARNING] [TSADAdvTrainer] 生成对抗样本时梯度为 None 或包含 NaN/Inf，跳过对抗扰动。
[2025-12-17 20:43:47,653] [WARNING] [TSADAdvTrainer] 生成对抗样本时梯度为 None 或包含 NaN/Inf，跳过对抗扰动。
[2025-12-17 20:43:47,990] [WARNING] [TSADAdvTrainer] 生成对抗样本时梯度为 None 或包含 NaN/Inf，跳过对抗扰动。
[2025-12-17 20:43:48,337] [WARNING] [TSADAdvTrainer] 生成对抗样本时梯度为 None 或包含 NaN/Inf，跳过对抗扰动。
[2025-12-17 20:43:48,680] [WARNING] [TSADAdvTrainer] 生成对抗样本时梯度为 None 或包含 NaN/Inf，跳过对抗扰动。
[2025-12-17 20:43:49,026] [WARNING] [TSADAdvTrainer] 生成对抗样本时梯度为 None 或包含 NaN/Inf，跳过对抗扰动。
[2025-12-17 20:43:49,369] [WARNING] [TSADAdvTrainer] 生成对抗样本时梯度为 None 或包含 NaN/Inf，跳过对抗扰动。
[2025-12-17 20:43:49,710] [WARNING] [TSADAdvTrainer] 生成对抗样本时梯度为 None 或包含 NaN/Inf，跳过对抗扰动。
[2025-12-17 20:43:50,063] [WARNING] [TSADAdvTrainer] 生成对抗样本时梯度为 None 或包含 NaN/Inf，跳过对抗扰动。
[2025-12-17 20:43:50,366] [WARNING] [TSADAdvTrainer] 生成对抗样本时梯度为 None 或包含 NaN/Inf，跳过对抗扰动。
[2025-12-17 20:43:50,722] [WARNING] [TSADAdvTrainer] 生成对抗样本时梯度为 None 或包含 NaN/Inf，跳过对抗扰动。
[2025-12-17 20:43:51,095] [WARNING] [TSADAdvTrainer] 生成对抗样本时梯度为 None 或包含 NaN/Inf，跳过对抗扰动。
[2025-12-17 20:43:51,479] [WARNING] [TSADAdvTrainer] 生成对抗样本时梯度为 None 或包含 NaN/Inf，跳过对抗扰动。
[2025-12-17 20:43:51,872] [WARNING] [TSADAdvTrainer] 生成对抗样本时梯度为 None 或包含 NaN/Inf，跳过对抗扰动。
[2025-12-17 20:43:52,238] [WARNING] [TSADAdvTrainer] 生成对抗样本时梯度为 None 或包含 NaN/Inf，跳过对抗扰动。
[2025-12-17 20:43:52,627] [WARNING] [TSADAdvTrainer] 生成对抗样本时梯度为 None 或包含 NaN/Inf，跳过对抗扰动。
[2025-12-17 20:43:53,025] [WARNING] [TSADAdvTrainer] 生成对抗样本时梯度为 None 或包含 NaN/Inf，跳过对抗扰动。
[2025-12-17 20:43:53,492] [WARNING] [TSADAdvTrainer] 生成对抗样本时梯度为 None 或包含 NaN/Inf，跳过对抗扰动。
[2025-12-17 20:43:53,859] [WARNING] [TSADAdvTrainer] 生成对抗样本时梯度为 None 或包含 NaN/Inf，跳过对抗扰动。
[2025-12-17 20:43:54,241] [WARNING] [TSADAdvTrainer] 生成对抗样本时梯度为 None 或包含 NaN/Inf，跳过对抗扰动。
[2025-12-17 20:43:54,593] [WARNING] [TSADAdvTrainer] 生成对抗样本时梯度为 None 或包含 NaN/Inf，跳过对抗扰动。
[2025-12-17 20:43:54,972] [WARNING] [TSADAdvTrainer] 生成对抗样本时梯度为 None 或包含 NaN/Inf，跳过对抗扰动。
[2025-12-17 20:43:55,343] [WARNING] [TSADAdvTrainer] 生成对抗样本时梯度为 None 或包含 NaN/Inf，跳过对抗扰动。
[2025-12-17 20:43:55,710] [WARNING] [TSADAdvTrainer] 生成对抗样本时梯度为 None 或包含 NaN/Inf，跳过对抗扰动。
[2025-12-17 20:43:56,095] [WARNING] [TSADAdvTrainer] 生成对抗样本时梯度为 None 或包含 NaN/Inf，跳过对抗扰动。
[2025-12-17 20:43:56,462] [WARNING] [TSADAdvTrainer] 生成对抗样本时梯度为 None 或包含 NaN/Inf，跳过对抗扰动。
[2025-12-17 20:43:56,813] [WARNING] [TSADAdvTrainer] 生成对抗样本时梯度为 None 或包含 NaN/Inf，跳过对抗扰动。
[2025-12-17 20:43:57,178] [WARNING] [TSADAdvTrainer] 生成对抗样本时梯度为 None 或包含 NaN/Inf，跳过对抗扰动。
[2025-12-17 20:43:57,550] [WARNING] [TSADAdvTrainer] 生成对抗样本时梯度为 None 或包含 NaN/Inf，跳过对抗扰动。
[2025-12-17 20:43:57,930] [WARNING] [TSADAdvTrainer] 生成对抗样本时梯度为 None 或包含 NaN/Inf，跳过对抗扰动。
[2025-12-17 20:43:58,282] [WARNING] [TSADAdvTrainer] 生成对抗样本时梯度为 None 或包含 NaN/Inf，跳过对抗扰动。
[2025-12-17 20:43:58,646] [WARNING] [TSADAdvTrainer] 生成对抗样本时梯度为 None 或包含 NaN/Inf，跳过对抗扰动。
[2025-12-17 20:43:59,032] [WARNING] [TSADAdvTrainer] 生成对抗样本时梯度为 None 或包含 NaN/Inf，跳过对抗扰动。
[2025-12-17 20:43:59,354] [WARNING] [TSADAdvTrainer] 生成对抗样本时梯度为 None 或包含 NaN/Inf，跳过对抗扰动。
[2025-12-17 20:43:59,708] [WARNING] [TSADAdvTrainer] 生成对抗样本时梯度为 None 或包含 NaN/Inf，跳过对抗扰动。
[2025-12-17 20:44:00,059] [WARNING] [TSADAdvTrainer] 生成对抗样本时梯度为 None 或包含 NaN/Inf，跳过对抗扰动。
[2025-12-17 20:44:00,420] [WARNING] [TSADAdvTrainer] 生成对抗样本时梯度为 None 或包含 NaN/Inf，跳过对抗扰动。
[2025-12-17 20:44:00,772] [WARNING] [TSADAdvTrainer] 生成对抗样本时梯度为 None 或包含 NaN/Inf，跳过对抗扰动。
[2025-12-17 20:44:01,096] [WARNING] [TSADAdvTrainer] 生成对抗样本时梯度为 None 或包含 NaN/Inf，跳过对抗扰动。
[2025-12-17 20:44:01,427] [WARNING] [TSADAdvTrainer] 生成对抗样本时梯度为 None 或包含 NaN/Inf，跳过对抗扰动。
[2025-12-17 20:44:01,757] [WARNING] [TSADAdvTrainer] 生成对抗样本时梯度为 None 或包含 NaN/Inf，跳过对抗扰动。
[2025-12-17 20:44:02,073] [WARNING] [TSADAdvTrainer] 生成对抗样本时梯度为 None 或包含 NaN/Inf，跳过对抗扰动。
[2025-12-17 20:44:02,396] [WARNING] [TSADAdvTrainer] 生成对抗样本时梯度为 None 或包含 NaN/Inf，跳过对抗扰动。
[2025-12-17 20:44:02,716] [WARNING] [TSADAdvTrainer] 生成对抗样本时梯度为 None 或包含 NaN/Inf，跳过对抗扰动。
[2025-12-17 20:44:03,046] [WARNING] [TSADAdvTrainer] 生成对抗样本时梯度为 None 或包含 NaN/Inf，跳过对抗扰动。
[2025-12-17 20:44:03,361] [WARNING] [TSADAdvTrainer] 生成对抗样本时梯度为 None 或包含 NaN/Inf，跳过对抗扰动。
[2025-12-17 20:44:03,679] [WARNING] [TSADAdvTrainer] 生成对抗样本时梯度为 None 或包含 NaN/Inf，跳过对抗扰动。
[2025-12-17 20:44:04,003] [WARNING] [TSADAdvTrainer] 生成对抗样本时梯度为 None 或包含 NaN/Inf，跳过对抗扰动。
[2025-12-17 20:44:04,334] [WARNING] [TSADAdvTrainer] 生成对抗样本时梯度为 None 或包含 NaN/Inf，跳过对抗扰动。
[2025-12-17 20:44:04,668] [WARNING] [TSADAdvTrainer] 生成对抗样本时梯度为 None 或包含 NaN/Inf，跳过对抗扰动。
[2025-12-17 20:44:04,993] [WARNING] [TSADAdvTrainer] 生成对抗样本时梯度为 None 或包含 NaN/Inf，跳过对抗扰动。
[2025-12-17 20:44:05,324] [WARNING] [TSADAdvTrainer] 生成对抗样本时梯度为 None 或包含 NaN/Inf，跳过对抗扰动。
[2025-12-17 20:44:05,658] [WARNING] [TSADAdvTrainer] 生成对抗样本时梯度为 None 或包含 NaN/Inf，跳过对抗扰动。
[2025-12-17 20:44:05,988] [WARNING] [TSADAdvTrainer] 生成对抗样本时梯度为 None 或包含 NaN/Inf，跳过对抗扰动。
[2025-12-17 20:44:06,310] [WARNING] [TSADAdvTrainer] 生成对抗样本时梯度为 None 或包含 NaN/Inf，跳过对抗扰动。
[2025-12-17 20:44:06,639] [WARNING] [TSADAdvTrainer] 生成对抗样本时梯度为 None 或包含 NaN/Inf，跳过对抗扰动。
[2025-12-17 20:44:06,972] [WARNING] [TSADAdvTrainer] 生成对抗样本时梯度为 None 或包含 NaN/Inf，跳过对抗扰动。
[2025-12-17 20:44:07,297] [WARNING] [TSADAdvTrainer] 生成对抗样本时梯度为 None 或包含 NaN/Inf，跳过对抗扰动。
[2025-12-17 20:44:07,616] [WARNING] [TSADAdvTrainer] 生成对抗样本时梯度为 None 或包含 NaN/Inf，跳过对抗扰动。
[2025-12-17 20:44:07,968] [WARNING] [TSADAdvTrainer] 生成对抗样本时梯度为 None 或包含 NaN/Inf，跳过对抗扰动。
[2025-12-17 20:44:08,309] [WARNING] [TSADAdvTrainer] 生成对抗样本时梯度为 None 或包含 NaN/Inf，跳过对抗扰动。
[2025-12-17 20:44:08,663] [WARNING] [TSADAdvTrainer] 生成对抗样本时梯度为 None 或包含 NaN/Inf，跳过对抗扰动。
[2025-12-17 20:44:09,018] [WARNING] [TSADAdvTrainer] 生成对抗样本时梯度为 None 或包含 NaN/Inf，跳过对抗扰动。
[2025-12-17 20:44:09,390] [WARNING] [TSADAdvTrainer] 生成对抗样本时梯度为 None 或包含 NaN/Inf，跳过对抗扰动。
[2025-12-17 20:44:09,760] [WARNING] [TSADAdvTrainer] 生成对抗样本时梯度为 None 或包含 NaN/Inf，跳过对抗扰动。
[2025-12-17 20:44:10,122] [WARNING] [TSADAdvTrainer] 生成对抗样本时梯度为 None 或包含 NaN/Inf，跳过对抗扰动。
[2025-12-17 20:44:10,492] [WARNING] [TSADAdvTrainer] 生成对抗样本时梯度为 None 或包含 NaN/Inf，跳过对抗扰动。
[2025-12-17 20:44:10,845] [WARNING] [TSADAdvTrainer] 生成对抗样本时梯度为 None 或包含 NaN/Inf，跳过对抗扰动。
[2025-12-17 20:44:11,209] [WARNING] [TSADAdvTrainer] 生成对抗样本时梯度为 None 或包含 NaN/Inf，跳过对抗扰动。
[2025-12-17 20:44:11,554] [WARNING] [TSADAdvTrainer] 生成对抗样本时梯度为 None 或包含 NaN/Inf，跳过对抗扰动。
[2025-12-17 20:44:11,920] [WARNING] [TSADAdvTrainer] 生成对抗样本时梯度为 None 或包含 NaN/Inf，跳过对抗扰动。
[2025-12-17 20:44:12,274] [WARNING] [TSADAdvTrainer] 生成对抗样本时梯度为 None 或包含 NaN/Inf，跳过对抗扰动。
[2025-12-17 20:44:12,630] [WARNING] [TSADAdvTrainer] 生成对抗样本时梯度为 None 或包含 NaN/Inf，跳过对抗扰动。
[2025-12-17 20:44:12,981] [WARNING] [TSADAdvTrainer] 生成对抗样本时梯度为 None 或包含 NaN/Inf，跳过对抗扰动。
[2025-12-17 20:44:13,335] [WARNING] [TSADAdvTrainer] 生成对抗样本时梯度为 None 或包含 NaN/Inf，跳过对抗扰动。
[2025-12-17 20:44:13,706] [WARNING] [TSADAdvTrainer] 生成对抗样本时梯度为 None 或包含 NaN/Inf，跳过对抗扰动。
[2025-12-17 20:44:14,068] [WARNING] [TSADAdvTrainer] 生成对抗样本时梯度为 None 或包含 NaN/Inf，跳过对抗扰动。
[2025-12-17 20:44:14,424] [WARNING] [TSADAdvTrainer] 生成对抗样本时梯度为 None 或包含 NaN/Inf，跳过对抗扰动。
[2025-12-17 20:44:14,790] [WARNING] [TSADAdvTrainer] 生成对抗样本时梯度为 None 或包含 NaN/Inf，跳过对抗扰动。
[2025-12-17 20:44:15,134] [WARNING] [TSADAdvTrainer] 生成对抗样本时梯度为 None 或包含 NaN/Inf，跳过对抗扰动。
[2025-12-17 20:44:15,474] [WARNING] [TSADAdvTrainer] 生成对抗样本时梯度为 None 或包含 NaN/Inf，跳过对抗扰动。
[2025-12-17 20:44:15,829] [WARNING] [TSADAdvTrainer] 生成对抗样本时梯度为 None 或包含 NaN/Inf，跳过对抗扰动。
[2025-12-17 20:44:16,190] [WARNING] [TSADAdvTrainer] 生成对抗样本时梯度为 None 或包含 NaN/Inf，跳过对抗扰动。
[2025-12-17 20:44:16,549] [WARNING] [TSADAdvTrainer] 生成对抗样本时梯度为 None 或包含 NaN/Inf，跳过对抗扰动。
[2025-12-17 20:44:17,070] [WARNING] [TSADAdvTrainer] 生成对抗样本时梯度为 None 或包含 NaN/Inf，跳过对抗扰动。
[2025-12-17 20:44:17,423] [WARNING] [TSADAdvTrainer] 生成对抗样本时梯度为 None 或包含 NaN/Inf，跳过对抗扰动。
[2025-12-17 20:44:17,782] [WARNING] [TSADAdvTrainer] 生成对抗样本时梯度为 None 或包含 NaN/Inf，跳过对抗扰动。
[2025-12-17 20:44:18,133] [WARNING] [TSADAdvTrainer] 生成对抗样本时梯度为 None 或包含 NaN/Inf，跳过对抗扰动。
[2025-12-17 20:44:18,498] [WARNING] [TSADAdvTrainer] 生成对抗样本时梯度为 None 或包含 NaN/Inf，跳过对抗扰动。
[2025-12-17 20:44:18,848] [WARNING] [TSADAdvTrainer] 生成对抗样本时梯度为 None 或包含 NaN/Inf，跳过对抗扰动。
[2025-12-17 20:44:19,201] [WARNING] [TSADAdvTrainer] 生成对抗样本时梯度为 None 或包含 NaN/Inf，跳过对抗扰动。
[2025-12-17 20:44:19,510] [WARNING] [TSADAdvTrainer] 生成对抗样本时梯度为 None 或包含 NaN/Inf，跳过对抗扰动。
[2025-12-17 20:44:19,838] [WARNING] [TSADAdvTrainer] 生成对抗样本时梯度为 None 或包含 NaN/Inf，跳过对抗扰动。
[2025-12-17 20:44:20,164] [WARNING] [TSADAdvTrainer] 生成对抗样本时梯度为 None 或包含 NaN/Inf，跳过对抗扰动。
[2025-12-17 20:44:20,484] [WARNING] [TSADAdvTrainer] 生成对抗样本时梯度为 None 或包含 NaN/Inf，跳过对抗扰动。
[2025-12-17 20:44:20,804] [WARNING] [TSADAdvTrainer] 生成对抗样本时梯度为 None 或包含 NaN/Inf，跳过对抗扰动。
[2025-12-17 20:44:21,112] [WARNING] [TSADAdvTrainer] 生成对抗样本时梯度为 None 或包含 NaN/Inf，跳过对抗扰动。
[2025-12-17 20:44:21,433] [WARNING] [TSADAdvTrainer] 生成对抗样本时梯度为 None 或包含 NaN/Inf，跳过对抗扰动。
[2025-12-17 20:44:21,758] [WARNING] [TSADAdvTrainer] 生成对抗样本时梯度为 None 或包含 NaN/Inf，跳过对抗扰动。
[2025-12-17 20:44:22,074] [WARNING] [TSADAdvTrainer] 生成对抗样本时梯度为 None 或包含 NaN/Inf，跳过对抗扰动。
[2025-12-17 20:44:22,392] [WARNING] [TSADAdvTrainer] 生成对抗样本时梯度为 None 或包含 NaN/Inf，跳过对抗扰动。
[2025-12-17 20:44:22,714] [WARNING] [TSADAdvTrainer] 生成对抗样本时梯度为 None 或包含 NaN/Inf，跳过对抗扰动。
[2025-12-17 20:44:23,040] [WARNING] [TSADAdvTrainer] 生成对抗样本时梯度为 None 或包含 NaN/Inf，跳过对抗扰动。
[2025-12-17 20:44:23,356] [WARNING] [TSADAdvTrainer] 生成对抗样本时梯度为 None 或包含 NaN/Inf，跳过对抗扰动。
[2025-12-17 20:44:23,685] [WARNING] [TSADAdvTrainer] 生成对抗样本时梯度为 None 或包含 NaN/Inf，跳过对抗扰动。
[2025-12-17 20:44:24,005] [WARNING] [TSADAdvTrainer] 生成对抗样本时梯度为 None 或包含 NaN/Inf，跳过对抗扰动。
[2025-12-17 20:44:24,345] [WARNING] [TSADAdvTrainer] 生成对抗样本时梯度为 None 或包含 NaN/Inf，跳过对抗扰动。
[2025-12-17 20:44:24,685] [WARNING] [TSADAdvTrainer] 生成对抗样本时梯度为 None 或包含 NaN/Inf，跳过对抗扰动。
[2025-12-17 20:44:25,028] [WARNING] [TSADAdvTrainer] 生成对抗样本时梯度为 None 或包含 NaN/Inf，跳过对抗扰动。
[2025-12-17 20:44:25,368] [WARNING] [TSADAdvTrainer] 生成对抗样本时梯度为 None 或包含 NaN/Inf，跳过对抗扰动。
[2025-12-17 20:44:25,706] [WARNING] [TSADAdvTrainer] 生成对抗样本时梯度为 None 或包含 NaN/Inf，跳过对抗扰动。
[2025-12-17 20:44:26,038] [WARNING] [TSADAdvTrainer] 生成对抗样本时梯度为 None 或包含 NaN/Inf，跳过对抗扰动。
