[2025-12-08 10:10:44,574] [INFO] 日志已写入：./logs/smd_forecast/MambaTSAD_20251208_101044.log
[2025-12-08 10:10:44,576] [INFO] 参数配置：Namespace(dataset='smd', processed_root='./dataset/MSL', log_dir='./logs/smd_forecast', win_size=100, task='forecast', pred_len=10, train_stride=1, test_stride=1, batch_size=64, epochs=50, lr=0.001, weight_decay=0.0001, seed=42, no_amp=False, max_grad_norm=1.0, patience=8, no_point_adjust=False)
[2025-12-08 10:10:44,677] [INFO] SMD 多机数据集 构建完成：entities=['C-1', 'C-2', 'D-14', 'D-15', 'D-16', 'F-4', 'F-5', 'F-7', 'F-8', 'M-1', 'M-2', 'M-3', 'M-4', 'M-5', 'M-6', 'M-7', 'P-10', 'P-11', 'P-14', 'P-15', 'S-2', 'T-12', 'T-13', 'T-4', 'T-5', 'T-8', 'T-9'], input_dim=55, len(train)=55644, len(test)=71056
[2025-12-08 10:10:45,088] [INFO] 任务类型：预测分支（forecast），context_len=90, pred_len=10
[2025-12-08 10:10:45,583] [INFO] 模型结构：
MambaTSADForecast(
  (enc_embedding): InvertedTimeEmbedding(
    (proj): Linear(in_features=90, out_features=128, bias=True)
    (dropout): Dropout(p=0.1, inplace=False)
  )
  (encoder_layers): ModuleList(
    (0-2): 3 x BiMambaBlock1D(
      (norm): LayerNorm((128,), eps=1e-05, elementwise_affine=True)
      (mamba_fwd): Mamba(
        (in_proj): Linear(in_features=128, out_features=512, bias=False)
        (conv1d): Conv1d(256, 256, kernel_size=(4,), stride=(1,), padding=(3,), groups=256)
        (act): SiLU()
        (x_proj): Linear(in_features=256, out_features=40, bias=False)
        (dt_proj): Linear(in_features=8, out_features=256, bias=True)
        (out_proj): Linear(in_features=256, out_features=128, bias=False)
      )
      (mamba_bwd): Mamba(
        (in_proj): Linear(in_features=128, out_features=512, bias=False)
        (conv1d): Conv1d(256, 256, kernel_size=(4,), stride=(1,), padding=(3,), groups=256)
        (act): SiLU()
        (x_proj): Linear(in_features=256, out_features=40, bias=False)
        (dt_proj): Linear(in_features=8, out_features=256, bias=True)
        (out_proj): Linear(in_features=256, out_features=128, bias=False)
      )
      (ffn): Sequential(
        (0): LayerNorm((128,), eps=1e-05, elementwise_affine=True)
        (1): Linear(in_features=128, out_features=512, bias=True)
        (2): GELU(approximate='none')
        (3): Dropout(p=0.1, inplace=False)
        (4): Linear(in_features=512, out_features=128, bias=True)
      )
      (dropout): Dropout(p=0.1, inplace=False)
    )
  )
  (enc_norm): LayerNorm((128,), eps=1e-05, elementwise_affine=True)
  (projector): Linear(in_features=128, out_features=10, bias=True)
)
[2025-12-08 10:10:45,584] [INFO] ========== Epoch 1/50 ==========
[2025-12-08 10:11:16,104] [INFO] 本 epoch（预测分支）平均训练损失: 0.563182
[2025-12-08 10:11:46,801] [INFO] [Eval] F1=0.8894, P=0.9276, R=0.8542, AUC=0.6549, thr=10.234156, point_adjust=True
[2025-12-08 10:11:46,824] [INFO] 发现更优模型，已保存至 ./logs/smd_forecast/best_model.pt
[2025-12-08 10:11:47,105] [INFO] 已保存可视化图：./logs/smd_forecast/scores_epoch1.png
[2025-12-08 10:11:47,105] [INFO] ========== Epoch 2/50 ==========
[2025-12-08 10:12:16,012] [INFO] 本 epoch（预测分支）平均训练损失: 0.556452
[2025-12-08 10:12:45,763] [INFO] [Eval] F1=0.8890, P=0.9096, R=0.8693, AUC=0.6589, thr=4.666555, point_adjust=True
[2025-12-08 10:12:46,024] [INFO] 已保存可视化图：./logs/smd_forecast/scores_epoch2.png
[2025-12-08 10:12:46,024] [INFO] ========== Epoch 3/50 ==========
[2025-12-08 10:13:15,575] [WARNING] 遇到非有限 loss (NaN/Inf)，跳过该 batch
[2025-12-08 10:13:15,669] [WARNING] 遇到非有限 loss (NaN/Inf)，跳过该 batch
[2025-12-08 10:13:15,796] [WARNING] 遇到非有限 loss (NaN/Inf)，跳过该 batch
[2025-12-08 10:13:16,112] [WARNING] 遇到非有限 loss (NaN/Inf)，跳过该 batch
[2025-12-08 10:13:16,274] [WARNING] 遇到非有限 loss (NaN/Inf)，跳过该 batch
[2025-12-08 10:13:16,424] [WARNING] 遇到非有限 loss (NaN/Inf)，跳过该 batch
[2025-12-08 10:13:16,496] [WARNING] 遇到非有限 loss (NaN/Inf)，跳过该 batch
[2025-12-08 10:13:16,505] [WARNING] 遇到非有限 loss (NaN/Inf)，跳过该 batch
[2025-12-08 10:13:16,576] [WARNING] 遇到非有限 loss (NaN/Inf)，跳过该 batch
[2025-12-08 10:13:16,650] [WARNING] 遇到非有限 loss (NaN/Inf)，跳过该 batch
[2025-12-08 10:13:16,882] [WARNING] 遇到非有限 loss (NaN/Inf)，跳过该 batch
[2025-12-08 10:13:17,338] [INFO] 本 epoch（预测分支）平均训练损失: 0.556194
[2025-12-08 10:13:48,109] [INFO] [Eval] F1=0.8901, P=0.9291, R=0.8542, AUC=0.6617, thr=10.233389, point_adjust=True
[2025-12-08 10:13:48,133] [INFO] 发现更优模型，已保存至 ./logs/smd_forecast/best_model.pt
[2025-12-08 10:13:48,386] [INFO] 已保存可视化图：./logs/smd_forecast/scores_epoch3.png
[2025-12-08 10:13:48,386] [INFO] ========== Epoch 4/50 ==========
[2025-12-08 10:13:48,884] [WARNING] 遇到非有限 loss (NaN/Inf)，跳过该 batch
[2025-12-08 10:13:50,282] [WARNING] 遇到非有限 loss (NaN/Inf)，跳过该 batch
[2025-12-08 10:13:50,379] [WARNING] 遇到非有限 loss (NaN/Inf)，跳过该 batch
[2025-12-08 10:13:50,563] [WARNING] 遇到非有限 loss (NaN/Inf)，跳过该 batch
[2025-12-08 10:13:50,571] [WARNING] 遇到非有限 loss (NaN/Inf)，跳过该 batch
[2025-12-08 10:13:50,609] [WARNING] 遇到非有限 loss (NaN/Inf)，跳过该 batch
[2025-12-08 10:13:50,648] [WARNING] 遇到非有限 loss (NaN/Inf)，跳过该 batch
[2025-12-08 10:13:50,746] [WARNING] 遇到非有限 loss (NaN/Inf)，跳过该 batch
[2025-12-08 10:13:50,755] [WARNING] 遇到非有限 loss (NaN/Inf)，跳过该 batch
[2025-12-08 10:13:50,793] [WARNING] 遇到非有限 loss (NaN/Inf)，跳过该 batch
[2025-12-08 10:13:50,830] [WARNING] 遇到非有限 loss (NaN/Inf)，跳过该 batch
[2025-12-08 10:13:50,868] [WARNING] 遇到非有限 loss (NaN/Inf)，跳过该 batch
[2025-12-08 10:13:50,965] [WARNING] 遇到非有限 loss (NaN/Inf)，跳过该 batch
[2025-12-08 10:13:51,003] [WARNING] 遇到非有限 loss (NaN/Inf)，跳过该 batch
[2025-12-08 10:13:51,105] [WARNING] 遇到非有限 loss (NaN/Inf)，跳过该 batch
[2025-12-08 10:13:51,113] [WARNING] 遇到非有限 loss (NaN/Inf)，跳过该 batch
[2025-12-08 10:13:51,121] [WARNING] 遇到非有限 loss (NaN/Inf)，跳过该 batch
[2025-12-08 10:13:51,237] [WARNING] 遇到非有限 loss (NaN/Inf)，跳过该 batch
[2025-12-08 10:13:51,250] [WARNING] 遇到非有限 loss (NaN/Inf)，跳过该 batch
[2025-12-08 10:13:51,332] [WARNING] 遇到非有限 loss (NaN/Inf)，跳过该 batch
[2025-12-08 10:13:51,345] [WARNING] 遇到非有限 loss (NaN/Inf)，跳过该 batch
[2025-12-08 10:13:51,358] [WARNING] 遇到非有限 loss (NaN/Inf)，跳过该 batch
[2025-12-08 10:13:51,370] [WARNING] 遇到非有限 loss (NaN/Inf)，跳过该 batch
[2025-12-08 10:13:51,378] [WARNING] 遇到非有限 loss (NaN/Inf)，跳过该 batch
[2025-12-08 10:13:51,386] [WARNING] 遇到非有限 loss (NaN/Inf)，跳过该 batch
[2025-12-08 10:13:51,394] [WARNING] 遇到非有限 loss (NaN/Inf)，跳过该 batch
[2025-12-08 10:13:51,491] [WARNING] 遇到非有限 loss (NaN/Inf)，跳过该 batch
[2025-12-08 10:13:51,617] [WARNING] 遇到非有限 loss (NaN/Inf)，跳过该 batch
[2025-12-08 10:13:51,633] [WARNING] 遇到非有限 loss (NaN/Inf)，跳过该 batch
[2025-12-08 10:13:51,646] [WARNING] 遇到非有限 loss (NaN/Inf)，跳过该 batch
[2025-12-08 10:13:51,657] [WARNING] 遇到非有限 loss (NaN/Inf)，跳过该 batch
[2025-12-08 10:13:51,665] [WARNING] 遇到非有限 loss (NaN/Inf)，跳过该 batch
[2025-12-08 10:13:51,673] [WARNING] 遇到非有限 loss (NaN/Inf)，跳过该 batch
[2025-12-08 10:13:51,681] [WARNING] 遇到非有限 loss (NaN/Inf)，跳过该 batch
[2025-12-08 10:13:51,689] [WARNING] 遇到非有限 loss (NaN/Inf)，跳过该 batch
[2025-12-08 10:13:51,700] [WARNING] 遇到非有限 loss (NaN/Inf)，跳过该 batch
[2025-12-08 10:13:51,709] [WARNING] 遇到非有限 loss (NaN/Inf)，跳过该 batch
[2025-12-08 10:13:51,717] [WARNING] 遇到非有限 loss (NaN/Inf)，跳过该 batch
[2025-12-08 10:13:51,786] [WARNING] 遇到非有限 loss (NaN/Inf)，跳过该 batch
[2025-12-08 10:13:51,794] [WARNING] 遇到非有限 loss (NaN/Inf)，跳过该 batch
[2025-12-08 10:13:51,805] [WARNING] 遇到非有限 loss (NaN/Inf)，跳过该 batch
[2025-12-08 10:13:51,873] [WARNING] 遇到非有限 loss (NaN/Inf)，跳过该 batch
[2025-12-08 10:13:51,911] [WARNING] 遇到非有限 loss (NaN/Inf)，跳过该 batch
[2025-12-08 10:13:51,920] [WARNING] 遇到非有限 loss (NaN/Inf)，跳过该 batch
[2025-12-08 10:13:51,928] [WARNING] 遇到非有限 loss (NaN/Inf)，跳过该 batch
[2025-12-08 10:13:52,024] [WARNING] 遇到非有限 loss (NaN/Inf)，跳过该 batch
[2025-12-08 10:13:52,062] [WARNING] 遇到非有限 loss (NaN/Inf)，跳过该 batch
[2025-12-08 10:13:52,070] [WARNING] 遇到非有限 loss (NaN/Inf)，跳过该 batch
[2025-12-08 10:13:52,108] [WARNING] 遇到非有限 loss (NaN/Inf)，跳过该 batch
[2025-12-08 10:13:52,176] [WARNING] 遇到非有限 loss (NaN/Inf)，跳过该 batch
[2025-12-08 10:13:52,184] [WARNING] 遇到非有限 loss (NaN/Inf)，跳过该 batch
[2025-12-08 10:13:52,281] [WARNING] 遇到非有限 loss (NaN/Inf)，跳过该 batch
[2025-12-08 10:13:52,408] [WARNING] 遇到非有限 loss (NaN/Inf)，跳过该 batch
[2025-12-08 10:13:52,417] [WARNING] 遇到非有限 loss (NaN/Inf)，跳过该 batch
[2025-12-08 10:13:52,485] [WARNING] 遇到非有限 loss (NaN/Inf)，跳过该 batch
[2025-12-08 10:13:52,493] [WARNING] 遇到非有限 loss (NaN/Inf)，跳过该 batch
[2025-12-08 10:13:52,560] [WARNING] 遇到非有限 loss (NaN/Inf)，跳过该 batch
[2025-12-08 10:13:52,657] [WARNING] 遇到非有限 loss (NaN/Inf)，跳过该 batch
[2025-12-08 10:13:52,725] [WARNING] 遇到非有限 loss (NaN/Inf)，跳过该 batch
[2025-12-08 10:13:52,734] [WARNING] 遇到非有限 loss (NaN/Inf)，跳过该 batch
[2025-12-08 10:13:52,742] [WARNING] 遇到非有限 loss (NaN/Inf)，跳过该 batch
[2025-12-08 10:13:52,838] [WARNING] 遇到非有限 loss (NaN/Inf)，跳过该 batch
[2025-12-08 10:13:52,877] [WARNING] 遇到非有限 loss (NaN/Inf)，跳过该 batch
[2025-12-08 10:13:52,914] [WARNING] 遇到非有限 loss (NaN/Inf)，跳过该 batch
[2025-12-08 10:13:52,952] [WARNING] 遇到非有限 loss (NaN/Inf)，跳过该 batch
[2025-12-08 10:13:53,019] [WARNING] 遇到非有限 loss (NaN/Inf)，跳过该 batch
[2025-12-08 10:13:53,412] [WARNING] 遇到非有限 loss (NaN/Inf)，跳过该 batch
[2025-12-08 10:13:53,540] [WARNING] 遇到非有限 loss (NaN/Inf)，跳过该 batch
[2025-12-08 10:13:55,370] [WARNING] 遇到非有限 loss (NaN/Inf)，跳过该 batch
[2025-12-08 10:13:56,858] [WARNING] 遇到非有限 loss (NaN/Inf)，跳过该 batch
[2025-12-08 10:14:14,194] [INFO] 本 epoch（预测分支）平均训练损失: 0.552967
[2025-12-08 10:14:44,604] [INFO] [Eval] F1=0.8899, P=0.9114, R=0.8693, AUC=0.6610, thr=4.683202, point_adjust=True
[2025-12-08 10:14:44,859] [INFO] 已保存可视化图：./logs/smd_forecast/scores_epoch4.png
[2025-12-08 10:14:44,859] [INFO] ========== Epoch 5/50 ==========
[2025-12-08 10:15:09,884] [WARNING] 遇到非有限 loss (NaN/Inf)，跳过该 batch
[2025-12-08 10:15:09,901] [WARNING] 遇到非有限 loss (NaN/Inf)，跳过该 batch
[2025-12-08 10:15:10,139] [WARNING] 遇到非有限 loss (NaN/Inf)，跳过该 batch
[2025-12-08 10:15:10,152] [WARNING] 遇到非有限 loss (NaN/Inf)，跳过该 batch
[2025-12-08 10:15:10,200] [WARNING] 遇到非有限 loss (NaN/Inf)，跳过该 batch
[2025-12-08 10:15:10,271] [WARNING] 遇到非有限 loss (NaN/Inf)，跳过该 batch
[2025-12-08 10:15:10,280] [WARNING] 遇到非有限 loss (NaN/Inf)，跳过该 batch
[2025-12-08 10:15:10,564] [WARNING] 遇到非有限 loss (NaN/Inf)，跳过该 batch
[2025-12-08 10:15:11,331] [WARNING] 遇到非有限 loss (NaN/Inf)，跳过该 batch
[2025-12-08 10:15:11,484] [WARNING] 遇到非有限 loss (NaN/Inf)，跳过该 batch
[2025-12-08 10:15:11,496] [WARNING] 遇到非有限 loss (NaN/Inf)，跳过该 batch
[2025-12-08 10:15:13,198] [INFO] 本 epoch（预测分支）平均训练损失: 0.552525
[2025-12-08 10:15:42,875] [INFO] [Eval] F1=0.8893, P=0.9273, R=0.8542, AUC=0.6641, thr=10.232349, point_adjust=True
[2025-12-08 10:15:43,134] [INFO] 已保存可视化图：./logs/smd_forecast/scores_epoch5.png
[2025-12-08 10:15:43,134] [INFO] ========== Epoch 6/50 ==========
[2025-12-08 10:15:44,760] [WARNING] 遇到非有限 loss (NaN/Inf)，跳过该 batch
[2025-12-08 10:15:45,468] [WARNING] 遇到非有限 loss (NaN/Inf)，跳过该 batch
[2025-12-08 10:15:45,605] [WARNING] 遇到非有限 loss (NaN/Inf)，跳过该 batch
[2025-12-08 10:15:45,676] [WARNING] 遇到非有限 loss (NaN/Inf)，跳过该 batch
[2025-12-08 10:15:45,685] [WARNING] 遇到非有限 loss (NaN/Inf)，跳过该 batch
[2025-12-08 10:15:48,654] [WARNING] 遇到非有限 loss (NaN/Inf)，跳过该 batch
[2025-12-08 10:15:48,991] [WARNING] 遇到非有限 loss (NaN/Inf)，跳过该 batch
[2025-12-08 10:15:49,902] [WARNING] 遇到非有限 loss (NaN/Inf)，跳过该 batch
[2025-12-08 10:15:50,636] [WARNING] 遇到非有限 loss (NaN/Inf)，跳过该 batch
[2025-12-08 10:15:50,856] [WARNING] 遇到非有限 loss (NaN/Inf)，跳过该 batch
[2025-12-08 10:15:51,019] [WARNING] 遇到非有限 loss (NaN/Inf)，跳过该 batch
[2025-12-08 10:15:51,391] [WARNING] 遇到非有限 loss (NaN/Inf)，跳过该 batch
[2025-12-08 10:15:51,766] [WARNING] 遇到非有限 loss (NaN/Inf)，跳过该 batch
[2025-12-08 10:15:51,959] [WARNING] 遇到非有限 loss (NaN/Inf)，跳过该 batch
[2025-12-08 10:15:52,225] [WARNING] 遇到非有限 loss (NaN/Inf)，跳过该 batch
[2025-12-08 10:15:52,889] [WARNING] 遇到非有限 loss (NaN/Inf)，跳过该 batch
[2025-12-08 10:15:53,045] [WARNING] 遇到非有限 loss (NaN/Inf)，跳过该 batch
[2025-12-08 10:15:53,057] [WARNING] 遇到非有限 loss (NaN/Inf)，跳过该 batch
[2025-12-08 10:15:53,106] [WARNING] 遇到非有限 loss (NaN/Inf)，跳过该 batch
[2025-12-08 10:15:53,371] [WARNING] 遇到非有限 loss (NaN/Inf)，跳过该 batch
[2025-12-08 10:15:53,528] [WARNING] 遇到非有限 loss (NaN/Inf)，跳过该 batch
[2025-12-08 10:15:53,582] [WARNING] 遇到非有限 loss (NaN/Inf)，跳过该 batch
[2025-12-08 10:15:53,634] [WARNING] 遇到非有限 loss (NaN/Inf)，跳过该 batch
[2025-12-08 10:15:53,647] [WARNING] 遇到非有限 loss (NaN/Inf)，跳过该 batch
[2025-12-08 10:15:53,734] [WARNING] 遇到非有限 loss (NaN/Inf)，跳过该 batch
[2025-12-08 10:15:53,784] [WARNING] 遇到非有限 loss (NaN/Inf)，跳过该 batch
[2025-12-08 10:15:53,834] [WARNING] 遇到非有限 loss (NaN/Inf)，跳过该 batch
[2025-12-08 10:15:53,847] [WARNING] 遇到非有限 loss (NaN/Inf)，跳过该 batch
[2025-12-08 10:15:53,859] [WARNING] 遇到非有限 loss (NaN/Inf)，跳过该 batch
[2025-12-08 10:15:53,868] [WARNING] 遇到非有限 loss (NaN/Inf)，跳过该 batch
[2025-12-08 10:15:53,877] [WARNING] 遇到非有限 loss (NaN/Inf)，跳过该 batch
[2025-12-08 10:15:53,948] [WARNING] 遇到非有限 loss (NaN/Inf)，跳过该 batch
[2025-12-08 10:15:53,957] [WARNING] 遇到非有限 loss (NaN/Inf)，跳过该 batch
[2025-12-08 10:15:53,965] [WARNING] 遇到非有限 loss (NaN/Inf)，跳过该 batch
[2025-12-08 10:15:53,974] [WARNING] 遇到非有限 loss (NaN/Inf)，跳过该 batch
[2025-12-08 10:15:54,014] [WARNING] 遇到非有限 loss (NaN/Inf)，跳过该 batch
[2025-12-08 10:15:54,023] [WARNING] 遇到非有限 loss (NaN/Inf)，跳过该 batch
[2025-12-08 10:15:54,156] [WARNING] 遇到非有限 loss (NaN/Inf)，跳过该 batch
[2025-12-08 10:15:54,196] [WARNING] 遇到非有限 loss (NaN/Inf)，跳过该 batch
[2025-12-08 10:15:54,205] [WARNING] 遇到非有限 loss (NaN/Inf)，跳过该 batch
[2025-12-08 10:15:54,213] [WARNING] 遇到非有限 loss (NaN/Inf)，跳过该 batch
[2025-12-08 10:15:54,285] [WARNING] 遇到非有限 loss (NaN/Inf)，跳过该 batch
[2025-12-08 10:15:54,385] [WARNING] 遇到非有限 loss (NaN/Inf)，跳过该 batch
[2025-12-08 10:15:54,518] [WARNING] 遇到非有限 loss (NaN/Inf)，跳过该 batch
[2025-12-08 10:15:54,590] [WARNING] 遇到非有限 loss (NaN/Inf)，跳过该 batch
[2025-12-08 10:15:54,691] [WARNING] 遇到非有限 loss (NaN/Inf)，跳过该 batch
[2025-12-08 10:15:54,731] [WARNING] 遇到非有限 loss (NaN/Inf)，跳过该 batch
[2025-12-08 10:15:54,802] [WARNING] 遇到非有限 loss (NaN/Inf)，跳过该 batch
[2025-12-08 10:15:54,873] [WARNING] 遇到非有限 loss (NaN/Inf)，跳过该 batch
[2025-12-08 10:15:54,882] [WARNING] 遇到非有限 loss (NaN/Inf)，跳过该 batch
[2025-12-08 10:15:54,922] [WARNING] 遇到非有限 loss (NaN/Inf)，跳过该 batch
[2025-12-08 10:15:54,931] [WARNING] 遇到非有限 loss (NaN/Inf)，跳过该 batch
[2025-12-08 10:15:54,940] [WARNING] 遇到非有限 loss (NaN/Inf)，跳过该 batch
[2025-12-08 10:15:54,948] [WARNING] 遇到非有限 loss (NaN/Inf)，跳过该 batch
[2025-12-08 10:15:54,957] [WARNING] 遇到非有限 loss (NaN/Inf)，跳过该 batch
[2025-12-08 10:15:54,966] [WARNING] 遇到非有限 loss (NaN/Inf)，跳过该 batch
[2025-12-08 10:15:54,974] [WARNING] 遇到非有限 loss (NaN/Inf)，跳过该 batch
[2025-12-08 10:15:55,013] [WARNING] 遇到非有限 loss (NaN/Inf)，跳过该 batch
[2025-12-08 10:15:55,053] [WARNING] 遇到非有限 loss (NaN/Inf)，跳过该 batch
[2025-12-08 10:15:55,061] [WARNING] 遇到非有限 loss (NaN/Inf)，跳过该 batch
[2025-12-08 10:15:55,070] [WARNING] 遇到非有限 loss (NaN/Inf)，跳过该 batch
[2025-12-08 10:15:55,140] [WARNING] 遇到非有限 loss (NaN/Inf)，跳过该 batch
[2025-12-08 10:15:55,149] [WARNING] 遇到非有限 loss (NaN/Inf)，跳过该 batch
[2025-12-08 10:15:55,158] [WARNING] 遇到非有限 loss (NaN/Inf)，跳过该 batch
[2025-12-08 10:15:55,166] [WARNING] 遇到非有限 loss (NaN/Inf)，跳过该 batch
[2025-12-08 10:15:55,175] [WARNING] 遇到非有限 loss (NaN/Inf)，跳过该 batch
[2025-12-08 10:15:55,183] [WARNING] 遇到非有限 loss (NaN/Inf)，跳过该 batch
[2025-12-08 10:15:55,227] [WARNING] 遇到非有限 loss (NaN/Inf)，跳过该 batch
[2025-12-08 10:15:55,359] [WARNING] 遇到非有限 loss (NaN/Inf)，跳过该 batch
[2025-12-08 10:15:55,368] [WARNING] 遇到非有限 loss (NaN/Inf)，跳过该 batch
[2025-12-08 10:15:55,376] [WARNING] 遇到非有限 loss (NaN/Inf)，跳过该 batch
[2025-12-08 10:15:55,385] [WARNING] 遇到非有限 loss (NaN/Inf)，跳过该 batch
[2025-12-08 10:15:55,425] [WARNING] 遇到非有限 loss (NaN/Inf)，跳过该 batch
[2025-12-08 10:15:55,464] [WARNING] 遇到非有限 loss (NaN/Inf)，跳过该 batch
[2025-12-08 10:15:55,473] [WARNING] 遇到非有限 loss (NaN/Inf)，跳过该 batch
[2025-12-08 10:15:55,482] [WARNING] 遇到非有限 loss (NaN/Inf)，跳过该 batch
[2025-12-08 10:15:55,522] [WARNING] 遇到非有限 loss (NaN/Inf)，跳过该 batch
[2025-12-08 10:15:55,531] [WARNING] 遇到非有限 loss (NaN/Inf)，跳过该 batch
[2025-12-08 10:15:55,570] [WARNING] 遇到非有限 loss (NaN/Inf)，跳过该 batch
[2025-12-08 10:15:55,609] [WARNING] 遇到非有限 loss (NaN/Inf)，跳过该 batch
[2025-12-08 10:15:55,649] [WARNING] 遇到非有限 loss (NaN/Inf)，跳过该 batch
[2025-12-08 10:15:55,720] [WARNING] 遇到非有限 loss (NaN/Inf)，跳过该 batch
[2025-12-08 10:15:55,854] [WARNING] 遇到非有限 loss (NaN/Inf)，跳过该 batch
[2025-12-08 10:15:55,957] [WARNING] 遇到非有限 loss (NaN/Inf)，跳过该 batch
[2025-12-08 10:15:55,966] [WARNING] 遇到非有限 loss (NaN/Inf)，跳过该 batch
[2025-12-08 10:15:56,007] [WARNING] 遇到非有限 loss (NaN/Inf)，跳过该 batch
[2025-12-08 10:15:56,045] [WARNING] 遇到非有限 loss (NaN/Inf)，跳过该 batch
[2025-12-08 10:15:56,054] [WARNING] 遇到非有限 loss (NaN/Inf)，跳过该 batch
[2025-12-08 10:15:56,063] [WARNING] 遇到非有限 loss (NaN/Inf)，跳过该 batch
[2025-12-08 10:15:56,133] [WARNING] 遇到非有限 loss (NaN/Inf)，跳过该 batch
[2025-12-08 10:15:56,175] [WARNING] 遇到非有限 loss (NaN/Inf)，跳过该 batch
[2025-12-08 10:15:56,215] [WARNING] 遇到非有限 loss (NaN/Inf)，跳过该 batch
[2025-12-08 10:15:57,981] [WARNING] 遇到非有限 loss (NaN/Inf)，跳过该 batch
[2025-12-08 10:15:58,514] [WARNING] 遇到非有限 loss (NaN/Inf)，跳过该 batch
[2025-12-08 10:16:02,886] [WARNING] 遇到非有限 loss (NaN/Inf)，跳过该 batch
[2025-12-08 10:16:04,996] [WARNING] 遇到非有限 loss (NaN/Inf)，跳过该 batch
[2025-12-08 10:16:07,501] [WARNING] 遇到非有限 loss (NaN/Inf)，跳过该 batch
[2025-12-08 10:16:07,988] [WARNING] 遇到非有限 loss (NaN/Inf)，跳过该 batch
[2025-12-08 10:16:09,945] [INFO] 本 epoch（预测分支）平均训练损失: 0.544732
[2025-12-08 10:16:40,429] [INFO] [Eval] F1=0.8898, P=0.9113, R=0.8693, AUC=0.6616, thr=4.724780, point_adjust=True
[2025-12-08 10:16:40,686] [INFO] 已保存可视化图：./logs/smd_forecast/scores_epoch6.png
[2025-12-08 10:16:40,686] [INFO] ========== Epoch 7/50 ==========
[2025-12-08 10:17:04,908] [WARNING] 遇到非有限 loss (NaN/Inf)，跳过该 batch
[2025-12-08 10:17:05,263] [WARNING] 遇到非有限 loss (NaN/Inf)，跳过该 batch
[2025-12-08 10:17:05,408] [WARNING] 遇到非有限 loss (NaN/Inf)，跳过该 batch
[2025-12-08 10:17:05,472] [WARNING] 遇到非有限 loss (NaN/Inf)，跳过该 batch
[2025-12-08 10:17:05,513] [WARNING] 遇到非有限 loss (NaN/Inf)，跳过该 batch
[2025-12-08 10:17:05,521] [WARNING] 遇到非有限 loss (NaN/Inf)，跳过该 batch
[2025-12-08 10:17:05,529] [WARNING] 遇到非有限 loss (NaN/Inf)，跳过该 batch
[2025-12-08 10:17:05,538] [WARNING] 遇到非有限 loss (NaN/Inf)，跳过该 batch
[2025-12-08 10:17:05,546] [WARNING] 遇到非有限 loss (NaN/Inf)，跳过该 batch
[2025-12-08 10:17:05,616] [WARNING] 遇到非有限 loss (NaN/Inf)，跳过该 batch
[2025-12-08 10:17:05,688] [WARNING] 遇到非有限 loss (NaN/Inf)，跳过该 batch
[2025-12-08 10:17:05,784] [WARNING] 遇到非有限 loss (NaN/Inf)，跳过该 batch
[2025-12-08 10:17:05,829] [WARNING] 遇到非有限 loss (NaN/Inf)，跳过该 batch
[2025-12-08 10:17:05,983] [WARNING] 遇到非有限 loss (NaN/Inf)，跳过该 batch
[2025-12-08 10:17:06,111] [WARNING] 遇到非有限 loss (NaN/Inf)，跳过该 batch
[2025-12-08 10:17:06,145] [WARNING] 遇到非有限 loss (NaN/Inf)，跳过该 batch
[2025-12-08 10:17:06,179] [WARNING] 遇到非有限 loss (NaN/Inf)，跳过该 batch
[2025-12-08 10:17:06,291] [WARNING] 遇到非有限 loss (NaN/Inf)，跳过该 batch
[2025-12-08 10:17:06,319] [WARNING] 遇到非有限 loss (NaN/Inf)，跳过该 batch
[2025-12-08 10:17:06,327] [WARNING] 遇到非有限 loss (NaN/Inf)，跳过该 batch
[2025-12-08 10:17:06,428] [WARNING] 遇到非有限 loss (NaN/Inf)，跳过该 batch
[2025-12-08 10:17:06,557] [WARNING] 遇到非有限 loss (NaN/Inf)，跳过该 batch
[2025-12-08 10:17:06,566] [WARNING] 遇到非有限 loss (NaN/Inf)，跳过该 batch
[2025-12-08 10:17:06,659] [WARNING] 遇到非有限 loss (NaN/Inf)，跳过该 batch
[2025-12-08 10:17:06,686] [WARNING] 遇到非有限 loss (NaN/Inf)，跳过该 batch
[2025-12-08 10:17:06,822] [WARNING] 遇到非有限 loss (NaN/Inf)，跳过该 batch
[2025-12-08 10:17:06,830] [WARNING] 遇到非有限 loss (NaN/Inf)，跳过该 batch
[2025-12-08 10:17:06,839] [WARNING] 遇到非有限 loss (NaN/Inf)，跳过该 batch
[2025-12-08 10:17:06,913] [WARNING] 遇到非有限 loss (NaN/Inf)，跳过该 batch
[2025-12-08 10:17:06,963] [WARNING] 遇到非有限 loss (NaN/Inf)，跳过该 batch
[2025-12-08 10:17:07,052] [WARNING] 遇到非有限 loss (NaN/Inf)，跳过该 batch
[2025-12-08 10:17:07,082] [WARNING] 遇到非有限 loss (NaN/Inf)，跳过该 batch
[2025-12-08 10:17:07,111] [WARNING] 遇到非有限 loss (NaN/Inf)，跳过该 batch
[2025-12-08 10:17:07,370] [WARNING] 遇到非有限 loss (NaN/Inf)，跳过该 batch
[2025-12-08 10:17:08,294] [INFO] 本 epoch（预测分支）平均训练损失: 0.550447
[2025-12-08 10:17:39,265] [INFO] [Eval] F1=0.8896, P=0.9281, R=0.8542, AUC=0.6629, thr=10.231995, point_adjust=True
[2025-12-08 10:17:39,824] [INFO] 已保存可视化图：./logs/smd_forecast/scores_epoch7.png
[2025-12-08 10:17:39,824] [INFO] ========== Epoch 8/50 ==========
[2025-12-08 10:17:40,070] [WARNING] 遇到非有限 loss (NaN/Inf)，跳过该 batch
[2025-12-08 10:17:40,113] [WARNING] 遇到非有限 loss (NaN/Inf)，跳过该 batch
[2025-12-08 10:17:41,984] [WARNING] 遇到非有限 loss (NaN/Inf)，跳过该 batch
[2025-12-08 10:17:42,305] [WARNING] 遇到非有限 loss (NaN/Inf)，跳过该 batch
[2025-12-08 10:17:43,015] [WARNING] 遇到非有限 loss (NaN/Inf)，跳过该 batch
[2025-12-08 10:17:43,441] [WARNING] 遇到非有限 loss (NaN/Inf)，跳过该 batch
[2025-12-08 10:17:43,449] [WARNING] 遇到非有限 loss (NaN/Inf)，跳过该 batch
[2025-12-08 10:17:43,457] [WARNING] 遇到非有限 loss (NaN/Inf)，跳过该 batch
[2025-12-08 10:17:43,470] [WARNING] 遇到非有限 loss (NaN/Inf)，跳过该 batch
[2025-12-08 10:17:43,480] [WARNING] 遇到非有限 loss (NaN/Inf)，跳过该 batch
[2025-12-08 10:17:43,488] [WARNING] 遇到非有限 loss (NaN/Inf)，跳过该 batch
[2025-12-08 10:17:43,500] [WARNING] 遇到非有限 loss (NaN/Inf)，跳过该 batch
[2025-12-08 10:17:43,512] [WARNING] 遇到非有限 loss (NaN/Inf)，跳过该 batch
[2025-12-08 10:17:43,524] [WARNING] 遇到非有限 loss (NaN/Inf)，跳过该 batch
[2025-12-08 10:17:43,533] [WARNING] 遇到非有限 loss (NaN/Inf)，跳过该 batch
[2025-12-08 10:17:43,543] [WARNING] 遇到非有限 loss (NaN/Inf)，跳过该 batch
[2025-12-08 10:17:43,566] [WARNING] 遇到非有限 loss (NaN/Inf)，跳过该 batch
[2025-12-08 10:17:43,574] [WARNING] 遇到非有限 loss (NaN/Inf)，跳过该 batch
[2025-12-08 10:17:43,582] [WARNING] 遇到非有限 loss (NaN/Inf)，跳过该 batch
[2025-12-08 10:17:43,590] [WARNING] 遇到非有限 loss (NaN/Inf)，跳过该 batch
[2025-12-08 10:17:43,597] [WARNING] 遇到非有限 loss (NaN/Inf)，跳过该 batch
[2025-12-08 10:17:43,605] [WARNING] 遇到非有限 loss (NaN/Inf)，跳过该 batch
[2025-12-08 10:17:43,613] [WARNING] 遇到非有限 loss (NaN/Inf)，跳过该 batch
[2025-12-08 10:17:43,621] [WARNING] 遇到非有限 loss (NaN/Inf)，跳过该 batch
[2025-12-08 10:17:43,630] [WARNING] 遇到非有限 loss (NaN/Inf)，跳过该 batch
[2025-12-08 10:17:43,637] [WARNING] 遇到非有限 loss (NaN/Inf)，跳过该 batch
[2025-12-08 10:17:43,645] [WARNING] 遇到非有限 loss (NaN/Inf)，跳过该 batch
[2025-12-08 10:17:43,653] [WARNING] 遇到非有限 loss (NaN/Inf)，跳过该 batch
[2025-12-08 10:17:43,662] [WARNING] 遇到非有限 loss (NaN/Inf)，跳过该 batch
[2025-12-08 10:17:43,670] [WARNING] 遇到非有限 loss (NaN/Inf)，跳过该 batch
[2025-12-08 10:17:43,678] [WARNING] 遇到非有限 loss (NaN/Inf)，跳过该 batch
[2025-12-08 10:17:43,686] [WARNING] 遇到非有限 loss (NaN/Inf)，跳过该 batch
[2025-12-08 10:17:43,695] [WARNING] 遇到非有限 loss (NaN/Inf)，跳过该 batch
[2025-12-08 10:17:43,703] [WARNING] 遇到非有限 loss (NaN/Inf)，跳过该 batch
[2025-12-08 10:17:43,711] [WARNING] 遇到非有限 loss (NaN/Inf)，跳过该 batch
[2025-12-08 10:17:43,719] [WARNING] 遇到非有限 loss (NaN/Inf)，跳过该 batch
[2025-12-08 10:17:43,727] [WARNING] 遇到非有限 loss (NaN/Inf)，跳过该 batch
[2025-12-08 10:17:43,735] [WARNING] 遇到非有限 loss (NaN/Inf)，跳过该 batch
[2025-12-08 10:17:43,743] [WARNING] 遇到非有限 loss (NaN/Inf)，跳过该 batch
[2025-12-08 10:17:43,751] [WARNING] 遇到非有限 loss (NaN/Inf)，跳过该 batch
[2025-12-08 10:17:43,759] [WARNING] 遇到非有限 loss (NaN/Inf)，跳过该 batch
[2025-12-08 10:17:43,767] [WARNING] 遇到非有限 loss (NaN/Inf)，跳过该 batch
[2025-12-08 10:17:43,774] [WARNING] 遇到非有限 loss (NaN/Inf)，跳过该 batch
[2025-12-08 10:17:43,782] [WARNING] 遇到非有限 loss (NaN/Inf)，跳过该 batch
[2025-12-08 10:17:43,791] [WARNING] 遇到非有限 loss (NaN/Inf)，跳过该 batch
[2025-12-08 10:17:43,799] [WARNING] 遇到非有限 loss (NaN/Inf)，跳过该 batch
[2025-12-08 10:17:43,808] [WARNING] 遇到非有限 loss (NaN/Inf)，跳过该 batch
[2025-12-08 10:17:43,816] [WARNING] 遇到非有限 loss (NaN/Inf)，跳过该 batch
[2025-12-08 10:17:43,823] [WARNING] 遇到非有限 loss (NaN/Inf)，跳过该 batch
[2025-12-08 10:17:43,831] [WARNING] 遇到非有限 loss (NaN/Inf)，跳过该 batch
[2025-12-08 10:17:43,840] [WARNING] 遇到非有限 loss (NaN/Inf)，跳过该 batch
[2025-12-08 10:17:43,848] [WARNING] 遇到非有限 loss (NaN/Inf)，跳过该 batch
[2025-12-08 10:17:43,856] [WARNING] 遇到非有限 loss (NaN/Inf)，跳过该 batch
[2025-12-08 10:17:43,864] [WARNING] 遇到非有限 loss (NaN/Inf)，跳过该 batch
[2025-12-08 10:17:43,872] [WARNING] 遇到非有限 loss (NaN/Inf)，跳过该 batch
[2025-12-08 10:17:43,880] [WARNING] 遇到非有限 loss (NaN/Inf)，跳过该 batch
[2025-12-08 10:17:43,887] [WARNING] 遇到非有限 loss (NaN/Inf)，跳过该 batch
[2025-12-08 10:17:43,896] [WARNING] 遇到非有限 loss (NaN/Inf)，跳过该 batch
[2025-12-08 10:17:43,904] [WARNING] 遇到非有限 loss (NaN/Inf)，跳过该 batch
[2025-12-08 10:17:43,912] [WARNING] 遇到非有限 loss (NaN/Inf)，跳过该 batch
[2025-12-08 10:17:43,920] [WARNING] 遇到非有限 loss (NaN/Inf)，跳过该 batch
[2025-12-08 10:17:43,928] [WARNING] 遇到非有限 loss (NaN/Inf)，跳过该 batch
[2025-12-08 10:17:43,936] [WARNING] 遇到非有限 loss (NaN/Inf)，跳过该 batch
[2025-12-08 10:17:43,944] [WARNING] 遇到非有限 loss (NaN/Inf)，跳过该 batch
[2025-12-08 10:17:43,952] [WARNING] 遇到非有限 loss (NaN/Inf)，跳过该 batch
[2025-12-08 10:17:43,961] [WARNING] 遇到非有限 loss (NaN/Inf)，跳过该 batch
[2025-12-08 10:17:43,969] [WARNING] 遇到非有限 loss (NaN/Inf)，跳过该 batch
[2025-12-08 10:17:43,978] [WARNING] 遇到非有限 loss (NaN/Inf)，跳过该 batch
[2025-12-08 10:17:43,988] [WARNING] 遇到非有限 loss (NaN/Inf)，跳过该 batch
[2025-12-08 10:17:43,996] [WARNING] 遇到非有限 loss (NaN/Inf)，跳过该 batch
[2025-12-08 10:17:44,005] [WARNING] 遇到非有限 loss (NaN/Inf)，跳过该 batch
[2025-12-08 10:17:44,014] [WARNING] 遇到非有限 loss (NaN/Inf)，跳过该 batch
[2025-12-08 10:17:44,022] [WARNING] 遇到非有限 loss (NaN/Inf)，跳过该 batch
[2025-12-08 10:17:44,031] [WARNING] 遇到非有限 loss (NaN/Inf)，跳过该 batch
[2025-12-08 10:17:44,039] [WARNING] 遇到非有限 loss (NaN/Inf)，跳过该 batch
[2025-12-08 10:17:44,047] [WARNING] 遇到非有限 loss (NaN/Inf)，跳过该 batch
[2025-12-08 10:17:44,055] [WARNING] 遇到非有限 loss (NaN/Inf)，跳过该 batch
[2025-12-08 10:17:44,063] [WARNING] 遇到非有限 loss (NaN/Inf)，跳过该 batch
[2025-12-08 10:17:44,071] [WARNING] 遇到非有限 loss (NaN/Inf)，跳过该 batch
[2025-12-08 10:17:44,079] [WARNING] 遇到非有限 loss (NaN/Inf)，跳过该 batch
[2025-12-08 10:17:44,088] [WARNING] 遇到非有限 loss (NaN/Inf)，跳过该 batch
[2025-12-08 10:17:44,096] [WARNING] 遇到非有限 loss (NaN/Inf)，跳过该 batch
[2025-12-08 10:17:44,103] [WARNING] 遇到非有限 loss (NaN/Inf)，跳过该 batch
[2025-12-08 10:17:44,112] [WARNING] 遇到非有限 loss (NaN/Inf)，跳过该 batch
[2025-12-08 10:17:44,120] [WARNING] 遇到非有限 loss (NaN/Inf)，跳过该 batch
[2025-12-08 10:17:44,128] [WARNING] 遇到非有限 loss (NaN/Inf)，跳过该 batch
[2025-12-08 10:17:44,136] [WARNING] 遇到非有限 loss (NaN/Inf)，跳过该 batch
[2025-12-08 10:17:44,144] [WARNING] 遇到非有限 loss (NaN/Inf)，跳过该 batch
[2025-12-08 10:17:44,152] [WARNING] 遇到非有限 loss (NaN/Inf)，跳过该 batch
[2025-12-08 10:17:44,160] [WARNING] 遇到非有限 loss (NaN/Inf)，跳过该 batch
[2025-12-08 10:17:44,168] [WARNING] 遇到非有限 loss (NaN/Inf)，跳过该 batch
[2025-12-08 10:17:44,176] [WARNING] 遇到非有限 loss (NaN/Inf)，跳过该 batch
[2025-12-08 10:17:44,185] [WARNING] 遇到非有限 loss (NaN/Inf)，跳过该 batch
[2025-12-08 10:17:44,193] [WARNING] 遇到非有限 loss (NaN/Inf)，跳过该 batch
[2025-12-08 10:17:44,201] [WARNING] 遇到非有限 loss (NaN/Inf)，跳过该 batch
[2025-12-08 10:17:44,208] [WARNING] 遇到非有限 loss (NaN/Inf)，跳过该 batch
[2025-12-08 10:17:44,217] [WARNING] 遇到非有限 loss (NaN/Inf)，跳过该 batch
[2025-12-08 10:17:44,226] [WARNING] 遇到非有限 loss (NaN/Inf)，跳过该 batch
[2025-12-08 10:17:44,234] [WARNING] 遇到非有限 loss (NaN/Inf)，跳过该 batch
[2025-12-08 10:17:44,242] [WARNING] 遇到非有限 loss (NaN/Inf)，跳过该 batch
[2025-12-08 10:17:44,250] [WARNING] 遇到非有限 loss (NaN/Inf)，跳过该 batch
[2025-12-08 10:17:44,258] [WARNING] 遇到非有限 loss (NaN/Inf)，跳过该 batch
[2025-12-08 10:17:44,266] [WARNING] 遇到非有限 loss (NaN/Inf)，跳过该 batch
[2025-12-08 10:17:44,273] [WARNING] 遇到非有限 loss (NaN/Inf)，跳过该 batch
[2025-12-08 10:17:44,281] [WARNING] 遇到非有限 loss (NaN/Inf)，跳过该 batch
[2025-12-08 10:17:44,289] [WARNING] 遇到非有限 loss (NaN/Inf)，跳过该 batch
[2025-12-08 10:17:44,297] [WARNING] 遇到非有限 loss (NaN/Inf)，跳过该 batch
[2025-12-08 10:17:44,305] [WARNING] 遇到非有限 loss (NaN/Inf)，跳过该 batch
[2025-12-08 10:17:44,313] [WARNING] 遇到非有限 loss (NaN/Inf)，跳过该 batch
[2025-12-08 10:17:44,322] [WARNING] 遇到非有限 loss (NaN/Inf)，跳过该 batch
[2025-12-08 10:17:44,330] [WARNING] 遇到非有限 loss (NaN/Inf)，跳过该 batch
[2025-12-08 10:17:44,343] [WARNING] 遇到非有限 loss (NaN/Inf)，跳过该 batch
[2025-12-08 10:17:44,351] [WARNING] 遇到非有限 loss (NaN/Inf)，跳过该 batch
[2025-12-08 10:17:44,360] [WARNING] 遇到非有限 loss (NaN/Inf)，跳过该 batch
[2025-12-08 10:17:44,368] [WARNING] 遇到非有限 loss (NaN/Inf)，跳过该 batch
[2025-12-08 10:17:44,376] [WARNING] 遇到非有限 loss (NaN/Inf)，跳过该 batch
[2025-12-08 10:17:44,384] [WARNING] 遇到非有限 loss (NaN/Inf)，跳过该 batch
[2025-12-08 10:17:44,392] [WARNING] 遇到非有限 loss (NaN/Inf)，跳过该 batch
[2025-12-08 10:17:44,401] [WARNING] 遇到非有限 loss (NaN/Inf)，跳过该 batch
[2025-12-08 10:17:44,409] [WARNING] 遇到非有限 loss (NaN/Inf)，跳过该 batch
[2025-12-08 10:17:44,417] [WARNING] 遇到非有限 loss (NaN/Inf)，跳过该 batch
[2025-12-08 10:17:44,425] [WARNING] 遇到非有限 loss (NaN/Inf)，跳过该 batch
[2025-12-08 10:17:44,433] [WARNING] 遇到非有限 loss (NaN/Inf)，跳过该 batch
[2025-12-08 10:17:44,441] [WARNING] 遇到非有限 loss (NaN/Inf)，跳过该 batch
[2025-12-08 10:17:44,450] [WARNING] 遇到非有限 loss (NaN/Inf)，跳过该 batch
[2025-12-08 10:17:44,458] [WARNING] 遇到非有限 loss (NaN/Inf)，跳过该 batch
[2025-12-08 10:17:44,466] [WARNING] 遇到非有限 loss (NaN/Inf)，跳过该 batch
[2025-12-08 10:17:44,473] [WARNING] 遇到非有限 loss (NaN/Inf)，跳过该 batch
[2025-12-08 10:17:44,481] [WARNING] 遇到非有限 loss (NaN/Inf)，跳过该 batch
[2025-12-08 10:17:44,488] [WARNING] 遇到非有限 loss (NaN/Inf)，跳过该 batch
[2025-12-08 10:17:44,496] [WARNING] 遇到非有限 loss (NaN/Inf)，跳过该 batch
[2025-12-08 10:17:44,504] [WARNING] 遇到非有限 loss (NaN/Inf)，跳过该 batch
[2025-12-08 10:17:44,511] [WARNING] 遇到非有限 loss (NaN/Inf)，跳过该 batch
[2025-12-08 10:17:44,519] [WARNING] 遇到非有限 loss (NaN/Inf)，跳过该 batch
[2025-12-08 10:17:44,527] [WARNING] 遇到非有限 loss (NaN/Inf)，跳过该 batch
[2025-12-08 10:17:44,535] [WARNING] 遇到非有限 loss (NaN/Inf)，跳过该 batch
[2025-12-08 10:17:44,543] [WARNING] 遇到非有限 loss (NaN/Inf)，跳过该 batch
[2025-12-08 10:17:44,551] [WARNING] 遇到非有限 loss (NaN/Inf)，跳过该 batch
[2025-12-08 10:17:44,560] [WARNING] 遇到非有限 loss (NaN/Inf)，跳过该 batch
[2025-12-08 10:17:44,568] [WARNING] 遇到非有限 loss (NaN/Inf)，跳过该 batch
[2025-12-08 10:17:44,576] [WARNING] 遇到非有限 loss (NaN/Inf)，跳过该 batch
[2025-12-08 10:17:44,583] [WARNING] 遇到非有限 loss (NaN/Inf)，跳过该 batch
[2025-12-08 10:17:44,614] [WARNING] 遇到非有限 loss (NaN/Inf)，跳过该 batch
[2025-12-08 10:17:44,622] [WARNING] 遇到非有限 loss (NaN/Inf)，跳过该 batch
[2025-12-08 10:17:44,630] [WARNING] 遇到非有限 loss (NaN/Inf)，跳过该 batch
[2025-12-08 10:17:44,639] [WARNING] 遇到非有限 loss (NaN/Inf)，跳过该 batch
[2025-12-08 10:17:44,649] [WARNING] 遇到非有限 loss (NaN/Inf)，跳过该 batch
[2025-12-08 10:17:44,658] [WARNING] 遇到非有限 loss (NaN/Inf)，跳过该 batch
[2025-12-08 10:17:44,668] [WARNING] 遇到非有限 loss (NaN/Inf)，跳过该 batch
[2025-12-08 10:17:44,678] [WARNING] 遇到非有限 loss (NaN/Inf)，跳过该 batch
[2025-12-08 10:17:44,685] [WARNING] 遇到非有限 loss (NaN/Inf)，跳过该 batch
[2025-12-08 10:17:44,693] [WARNING] 遇到非有限 loss (NaN/Inf)，跳过该 batch
[2025-12-08 10:17:44,701] [WARNING] 遇到非有限 loss (NaN/Inf)，跳过该 batch
[2025-12-08 10:17:44,709] [WARNING] 遇到非有限 loss (NaN/Inf)，跳过该 batch
[2025-12-08 10:17:44,717] [WARNING] 遇到非有限 loss (NaN/Inf)，跳过该 batch
[2025-12-08 10:17:44,724] [WARNING] 遇到非有限 loss (NaN/Inf)，跳过该 batch
[2025-12-08 10:17:44,732] [WARNING] 遇到非有限 loss (NaN/Inf)，跳过该 batch
[2025-12-08 10:17:44,740] [WARNING] 遇到非有限 loss (NaN/Inf)，跳过该 batch
[2025-12-08 10:17:44,748] [WARNING] 遇到非有限 loss (NaN/Inf)，跳过该 batch
[2025-12-08 10:17:44,755] [WARNING] 遇到非有限 loss (NaN/Inf)，跳过该 batch
[2025-12-08 10:17:44,763] [WARNING] 遇到非有限 loss (NaN/Inf)，跳过该 batch
[2025-12-08 10:17:44,771] [WARNING] 遇到非有限 loss (NaN/Inf)，跳过该 batch
[2025-12-08 10:17:44,778] [WARNING] 遇到非有限 loss (NaN/Inf)，跳过该 batch
[2025-12-08 10:17:44,786] [WARNING] 遇到非有限 loss (NaN/Inf)，跳过该 batch
[2025-12-08 10:17:44,794] [WARNING] 遇到非有限 loss (NaN/Inf)，跳过该 batch
[2025-12-08 10:17:44,802] [WARNING] 遇到非有限 loss (NaN/Inf)，跳过该 batch
[2025-12-08 10:17:44,811] [WARNING] 遇到非有限 loss (NaN/Inf)，跳过该 batch
[2025-12-08 10:17:44,818] [WARNING] 遇到非有限 loss (NaN/Inf)，跳过该 batch
[2025-12-08 10:17:44,825] [WARNING] 遇到非有限 loss (NaN/Inf)，跳过该 batch
[2025-12-08 10:17:44,833] [WARNING] 遇到非有限 loss (NaN/Inf)，跳过该 batch
[2025-12-08 10:17:44,842] [WARNING] 遇到非有限 loss (NaN/Inf)，跳过该 batch
[2025-12-08 10:17:44,849] [WARNING] 遇到非有限 loss (NaN/Inf)，跳过该 batch
[2025-12-08 10:17:44,857] [WARNING] 遇到非有限 loss (NaN/Inf)，跳过该 batch
[2025-12-08 10:17:44,865] [WARNING] 遇到非有限 loss (NaN/Inf)，跳过该 batch
[2025-12-08 10:17:44,873] [WARNING] 遇到非有限 loss (NaN/Inf)，跳过该 batch
[2025-12-08 10:17:44,880] [WARNING] 遇到非有限 loss (NaN/Inf)，跳过该 batch
[2025-12-08 10:17:44,888] [WARNING] 遇到非有限 loss (NaN/Inf)，跳过该 batch
[2025-12-08 10:17:44,896] [WARNING] 遇到非有限 loss (NaN/Inf)，跳过该 batch
[2025-12-08 10:17:44,906] [WARNING] 遇到非有限 loss (NaN/Inf)，跳过该 batch
[2025-12-08 10:17:44,914] [WARNING] 遇到非有限 loss (NaN/Inf)，跳过该 batch
[2025-12-08 10:17:44,922] [WARNING] 遇到非有限 loss (NaN/Inf)，跳过该 batch
[2025-12-08 10:17:44,930] [WARNING] 遇到非有限 loss (NaN/Inf)，跳过该 batch
[2025-12-08 10:17:44,937] [WARNING] 遇到非有限 loss (NaN/Inf)，跳过该 batch
[2025-12-08 10:17:44,945] [WARNING] 遇到非有限 loss (NaN/Inf)，跳过该 batch
[2025-12-08 10:17:44,953] [WARNING] 遇到非有限 loss (NaN/Inf)，跳过该 batch
[2025-12-08 10:17:44,961] [WARNING] 遇到非有限 loss (NaN/Inf)，跳过该 batch
[2025-12-08 10:17:44,969] [WARNING] 遇到非有限 loss (NaN/Inf)，跳过该 batch
[2025-12-08 10:17:44,977] [WARNING] 遇到非有限 loss (NaN/Inf)，跳过该 batch
[2025-12-08 10:17:44,984] [WARNING] 遇到非有限 loss (NaN/Inf)，跳过该 batch
[2025-12-08 10:17:44,992] [WARNING] 遇到非有限 loss (NaN/Inf)，跳过该 batch
[2025-12-08 10:17:45,001] [WARNING] 遇到非有限 loss (NaN/Inf)，跳过该 batch
[2025-12-08 10:17:45,009] [WARNING] 遇到非有限 loss (NaN/Inf)，跳过该 batch
[2025-12-08 10:17:45,016] [WARNING] 遇到非有限 loss (NaN/Inf)，跳过该 batch
[2025-12-08 10:17:45,024] [WARNING] 遇到非有限 loss (NaN/Inf)，跳过该 batch
[2025-12-08 10:17:45,033] [WARNING] 遇到非有限 loss (NaN/Inf)，跳过该 batch
[2025-12-08 10:17:45,040] [WARNING] 遇到非有限 loss (NaN/Inf)，跳过该 batch
[2025-12-08 10:17:45,048] [WARNING] 遇到非有限 loss (NaN/Inf)，跳过该 batch
[2025-12-08 10:17:45,056] [WARNING] 遇到非有限 loss (NaN/Inf)，跳过该 batch
[2025-12-08 10:17:45,064] [WARNING] 遇到非有限 loss (NaN/Inf)，跳过该 batch
[2025-12-08 10:17:45,072] [WARNING] 遇到非有限 loss (NaN/Inf)，跳过该 batch
[2025-12-08 10:17:45,080] [WARNING] 遇到非有限 loss (NaN/Inf)，跳过该 batch
[2025-12-08 10:17:45,088] [WARNING] 遇到非有限 loss (NaN/Inf)，跳过该 batch
[2025-12-08 10:17:45,096] [WARNING] 遇到非有限 loss (NaN/Inf)，跳过该 batch
[2025-12-08 10:17:45,104] [WARNING] 遇到非有限 loss (NaN/Inf)，跳过该 batch
[2025-12-08 10:17:45,112] [WARNING] 遇到非有限 loss (NaN/Inf)，跳过该 batch
[2025-12-08 10:17:45,119] [WARNING] 遇到非有限 loss (NaN/Inf)，跳过该 batch
[2025-12-08 10:17:45,127] [WARNING] 遇到非有限 loss (NaN/Inf)，跳过该 batch
[2025-12-08 10:17:45,135] [WARNING] 遇到非有限 loss (NaN/Inf)，跳过该 batch
[2025-12-08 10:17:45,143] [WARNING] 遇到非有限 loss (NaN/Inf)，跳过该 batch
[2025-12-08 10:17:45,150] [WARNING] 遇到非有限 loss (NaN/Inf)，跳过该 batch
[2025-12-08 10:17:45,159] [WARNING] 遇到非有限 loss (NaN/Inf)，跳过该 batch
[2025-12-08 10:17:45,168] [WARNING] 遇到非有限 loss (NaN/Inf)，跳过该 batch
[2025-12-08 10:17:45,175] [WARNING] 遇到非有限 loss (NaN/Inf)，跳过该 batch
[2025-12-08 10:17:45,183] [WARNING] 遇到非有限 loss (NaN/Inf)，跳过该 batch
[2025-12-08 10:17:45,191] [WARNING] 遇到非有限 loss (NaN/Inf)，跳过该 batch
[2025-12-08 10:17:45,199] [WARNING] 遇到非有限 loss (NaN/Inf)，跳过该 batch
[2025-12-08 10:17:45,207] [WARNING] 遇到非有限 loss (NaN/Inf)，跳过该 batch
[2025-12-08 10:17:45,215] [WARNING] 遇到非有限 loss (NaN/Inf)，跳过该 batch
[2025-12-08 10:17:45,223] [WARNING] 遇到非有限 loss (NaN/Inf)，跳过该 batch
[2025-12-08 10:17:45,231] [WARNING] 遇到非有限 loss (NaN/Inf)，跳过该 batch
[2025-12-08 10:17:45,239] [WARNING] 遇到非有限 loss (NaN/Inf)，跳过该 batch
[2025-12-08 10:17:45,247] [WARNING] 遇到非有限 loss (NaN/Inf)，跳过该 batch
[2025-12-08 10:17:45,255] [WARNING] 遇到非有限 loss (NaN/Inf)，跳过该 batch
[2025-12-08 10:17:45,263] [WARNING] 遇到非有限 loss (NaN/Inf)，跳过该 batch
[2025-12-08 10:17:45,271] [WARNING] 遇到非有限 loss (NaN/Inf)，跳过该 batch
[2025-12-08 10:17:45,280] [WARNING] 遇到非有限 loss (NaN/Inf)，跳过该 batch
[2025-12-08 10:17:45,288] [WARNING] 遇到非有限 loss (NaN/Inf)，跳过该 batch
[2025-12-08 10:17:45,297] [WARNING] 遇到非有限 loss (NaN/Inf)，跳过该 batch
[2025-12-08 10:17:45,304] [WARNING] 遇到非有限 loss (NaN/Inf)，跳过该 batch
[2025-12-08 10:17:45,312] [WARNING] 遇到非有限 loss (NaN/Inf)，跳过该 batch
[2025-12-08 10:17:45,320] [WARNING] 遇到非有限 loss (NaN/Inf)，跳过该 batch
[2025-12-08 10:17:45,328] [WARNING] 遇到非有限 loss (NaN/Inf)，跳过该 batch
[2025-12-08 10:17:45,336] [WARNING] 遇到非有限 loss (NaN/Inf)，跳过该 batch
[2025-12-08 10:17:45,344] [WARNING] 遇到非有限 loss (NaN/Inf)，跳过该 batch
[2025-12-08 10:17:45,352] [WARNING] 遇到非有限 loss (NaN/Inf)，跳过该 batch
[2025-12-08 10:17:45,360] [WARNING] 遇到非有限 loss (NaN/Inf)，跳过该 batch
[2025-12-08 10:17:45,368] [WARNING] 遇到非有限 loss (NaN/Inf)，跳过该 batch
[2025-12-08 10:17:45,376] [WARNING] 遇到非有限 loss (NaN/Inf)，跳过该 batch
[2025-12-08 10:17:45,383] [WARNING] 遇到非有限 loss (NaN/Inf)，跳过该 batch
[2025-12-08 10:17:45,391] [WARNING] 遇到非有限 loss (NaN/Inf)，跳过该 batch
[2025-12-08 10:17:45,400] [WARNING] 遇到非有限 loss (NaN/Inf)，跳过该 batch
[2025-12-08 10:17:45,407] [WARNING] 遇到非有限 loss (NaN/Inf)，跳过该 batch
[2025-12-08 10:17:45,415] [WARNING] 遇到非有限 loss (NaN/Inf)，跳过该 batch
[2025-12-08 10:17:45,423] [WARNING] 遇到非有限 loss (NaN/Inf)，跳过该 batch
[2025-12-08 10:17:45,431] [WARNING] 遇到非有限 loss (NaN/Inf)，跳过该 batch
[2025-12-08 10:17:45,439] [WARNING] 遇到非有限 loss (NaN/Inf)，跳过该 batch
[2025-12-08 10:17:45,447] [WARNING] 遇到非有限 loss (NaN/Inf)，跳过该 batch
[2025-12-08 10:17:45,455] [WARNING] 遇到非有限 loss (NaN/Inf)，跳过该 batch
[2025-12-08 10:17:45,464] [WARNING] 遇到非有限 loss (NaN/Inf)，跳过该 batch
[2025-12-08 10:17:45,471] [WARNING] 遇到非有限 loss (NaN/Inf)，跳过该 batch
[2025-12-08 10:17:45,479] [WARNING] 遇到非有限 loss (NaN/Inf)，跳过该 batch
[2025-12-08 10:17:45,488] [WARNING] 遇到非有限 loss (NaN/Inf)，跳过该 batch
[2025-12-08 10:17:45,495] [WARNING] 遇到非有限 loss (NaN/Inf)，跳过该 batch
[2025-12-08 10:17:45,504] [WARNING] 遇到非有限 loss (NaN/Inf)，跳过该 batch
[2025-12-08 10:17:45,512] [WARNING] 遇到非有限 loss (NaN/Inf)，跳过该 batch
[2025-12-08 10:17:45,520] [WARNING] 遇到非有限 loss (NaN/Inf)，跳过该 batch
[2025-12-08 10:17:45,528] [WARNING] 遇到非有限 loss (NaN/Inf)，跳过该 batch
[2025-12-08 10:17:45,535] [WARNING] 遇到非有限 loss (NaN/Inf)，跳过该 batch
[2025-12-08 10:17:45,543] [WARNING] 遇到非有限 loss (NaN/Inf)，跳过该 batch
[2025-12-08 10:17:45,551] [WARNING] 遇到非有限 loss (NaN/Inf)，跳过该 batch
[2025-12-08 10:17:45,559] [WARNING] 遇到非有限 loss (NaN/Inf)，跳过该 batch
[2025-12-08 10:17:45,567] [WARNING] 遇到非有限 loss (NaN/Inf)，跳过该 batch
[2025-12-08 10:17:45,575] [WARNING] 遇到非有限 loss (NaN/Inf)，跳过该 batch
[2025-12-08 10:17:45,583] [WARNING] 遇到非有限 loss (NaN/Inf)，跳过该 batch
[2025-12-08 10:17:45,591] [WARNING] 遇到非有限 loss (NaN/Inf)，跳过该 batch
[2025-12-08 10:17:45,600] [WARNING] 遇到非有限 loss (NaN/Inf)，跳过该 batch
[2025-12-08 10:17:45,608] [WARNING] 遇到非有限 loss (NaN/Inf)，跳过该 batch
[2025-12-08 10:17:45,617] [WARNING] 遇到非有限 loss (NaN/Inf)，跳过该 batch
[2025-12-08 10:17:45,625] [WARNING] 遇到非有限 loss (NaN/Inf)，跳过该 batch
[2025-12-08 10:17:45,632] [WARNING] 遇到非有限 loss (NaN/Inf)，跳过该 batch
[2025-12-08 10:17:45,640] [WARNING] 遇到非有限 loss (NaN/Inf)，跳过该 batch
[2025-12-08 10:17:45,648] [WARNING] 遇到非有限 loss (NaN/Inf)，跳过该 batch
[2025-12-08 10:17:45,656] [WARNING] 遇到非有限 loss (NaN/Inf)，跳过该 batch
[2025-12-08 10:17:45,664] [WARNING] 遇到非有限 loss (NaN/Inf)，跳过该 batch
[2025-12-08 10:17:45,672] [WARNING] 遇到非有限 loss (NaN/Inf)，跳过该 batch
[2025-12-08 10:17:45,681] [WARNING] 遇到非有限 loss (NaN/Inf)，跳过该 batch
[2025-12-08 10:17:45,691] [WARNING] 遇到非有限 loss (NaN/Inf)，跳过该 batch
[2025-12-08 10:17:45,699] [WARNING] 遇到非有限 loss (NaN/Inf)，跳过该 batch
[2025-12-08 10:17:45,707] [WARNING] 遇到非有限 loss (NaN/Inf)，跳过该 batch
[2025-12-08 10:17:45,716] [WARNING] 遇到非有限 loss (NaN/Inf)，跳过该 batch
[2025-12-08 10:17:45,724] [WARNING] 遇到非有限 loss (NaN/Inf)，跳过该 batch
[2025-12-08 10:17:45,732] [WARNING] 遇到非有限 loss (NaN/Inf)，跳过该 batch
[2025-12-08 10:17:45,740] [WARNING] 遇到非有限 loss (NaN/Inf)，跳过该 batch
[2025-12-08 10:17:45,748] [WARNING] 遇到非有限 loss (NaN/Inf)，跳过该 batch
[2025-12-08 10:17:45,756] [WARNING] 遇到非有限 loss (NaN/Inf)，跳过该 batch
[2025-12-08 10:17:45,764] [WARNING] 遇到非有限 loss (NaN/Inf)，跳过该 batch
[2025-12-08 10:17:45,773] [WARNING] 遇到非有限 loss (NaN/Inf)，跳过该 batch
[2025-12-08 10:17:45,781] [WARNING] 遇到非有限 loss (NaN/Inf)，跳过该 batch
[2025-12-08 10:17:45,793] [WARNING] 遇到非有限 loss (NaN/Inf)，跳过该 batch
[2025-12-08 10:17:45,802] [WARNING] 遇到非有限 loss (NaN/Inf)，跳过该 batch
[2025-12-08 10:17:45,810] [WARNING] 遇到非有限 loss (NaN/Inf)，跳过该 batch
[2025-12-08 10:17:45,818] [WARNING] 遇到非有限 loss (NaN/Inf)，跳过该 batch
[2025-12-08 10:17:45,825] [WARNING] 遇到非有限 loss (NaN/Inf)，跳过该 batch
[2025-12-08 10:17:45,834] [WARNING] 遇到非有限 loss (NaN/Inf)，跳过该 batch
[2025-12-08 10:17:45,842] [WARNING] 遇到非有限 loss (NaN/Inf)，跳过该 batch
[2025-12-08 10:17:45,849] [WARNING] 遇到非有限 loss (NaN/Inf)，跳过该 batch
[2025-12-08 10:17:45,857] [WARNING] 遇到非有限 loss (NaN/Inf)，跳过该 batch
[2025-12-08 10:17:45,865] [WARNING] 遇到非有限 loss (NaN/Inf)，跳过该 batch
[2025-12-08 10:17:45,874] [WARNING] 遇到非有限 loss (NaN/Inf)，跳过该 batch
[2025-12-08 10:17:45,883] [WARNING] 遇到非有限 loss (NaN/Inf)，跳过该 batch
[2025-12-08 10:17:45,892] [WARNING] 遇到非有限 loss (NaN/Inf)，跳过该 batch
[2025-12-08 10:17:45,900] [WARNING] 遇到非有限 loss (NaN/Inf)，跳过该 batch
[2025-12-08 10:17:45,908] [WARNING] 遇到非有限 loss (NaN/Inf)，跳过该 batch
[2025-12-08 10:17:45,916] [WARNING] 遇到非有限 loss (NaN/Inf)，跳过该 batch
[2025-12-08 10:17:45,924] [WARNING] 遇到非有限 loss (NaN/Inf)，跳过该 batch
[2025-12-08 10:17:45,931] [WARNING] 遇到非有限 loss (NaN/Inf)，跳过该 batch
[2025-12-08 10:17:45,939] [WARNING] 遇到非有限 loss (NaN/Inf)，跳过该 batch
[2025-12-08 10:17:45,948] [WARNING] 遇到非有限 loss (NaN/Inf)，跳过该 batch
[2025-12-08 10:17:45,956] [WARNING] 遇到非有限 loss (NaN/Inf)，跳过该 batch
[2025-12-08 10:17:45,964] [WARNING] 遇到非有限 loss (NaN/Inf)，跳过该 batch
[2025-12-08 10:17:45,971] [WARNING] 遇到非有限 loss (NaN/Inf)，跳过该 batch
[2025-12-08 10:17:45,979] [WARNING] 遇到非有限 loss (NaN/Inf)，跳过该 batch
[2025-12-08 10:17:45,988] [WARNING] 遇到非有限 loss (NaN/Inf)，跳过该 batch
[2025-12-08 10:17:45,997] [WARNING] 遇到非有限 loss (NaN/Inf)，跳过该 batch
[2025-12-08 10:17:46,004] [WARNING] 遇到非有限 loss (NaN/Inf)，跳过该 batch
[2025-12-08 10:17:46,012] [WARNING] 遇到非有限 loss (NaN/Inf)，跳过该 batch
[2025-12-08 10:17:46,020] [WARNING] 遇到非有限 loss (NaN/Inf)，跳过该 batch
[2025-12-08 10:17:46,028] [WARNING] 遇到非有限 loss (NaN/Inf)，跳过该 batch
[2025-12-08 10:17:46,036] [WARNING] 遇到非有限 loss (NaN/Inf)，跳过该 batch
[2025-12-08 10:17:46,043] [WARNING] 遇到非有限 loss (NaN/Inf)，跳过该 batch
[2025-12-08 10:17:46,051] [WARNING] 遇到非有限 loss (NaN/Inf)，跳过该 batch
[2025-12-08 10:17:46,059] [WARNING] 遇到非有限 loss (NaN/Inf)，跳过该 batch
[2025-12-08 10:17:46,066] [WARNING] 遇到非有限 loss (NaN/Inf)，跳过该 batch
[2025-12-08 10:17:46,074] [WARNING] 遇到非有限 loss (NaN/Inf)，跳过该 batch
[2025-12-08 10:17:46,082] [WARNING] 遇到非有限 loss (NaN/Inf)，跳过该 batch
[2025-12-08 10:17:46,091] [WARNING] 遇到非有限 loss (NaN/Inf)，跳过该 batch
[2025-12-08 10:17:46,099] [WARNING] 遇到非有限 loss (NaN/Inf)，跳过该 batch
[2025-12-08 10:17:46,107] [WARNING] 遇到非有限 loss (NaN/Inf)，跳过该 batch
[2025-12-08 10:17:46,116] [WARNING] 遇到非有限 loss (NaN/Inf)，跳过该 batch
[2025-12-08 10:17:46,124] [WARNING] 遇到非有限 loss (NaN/Inf)，跳过该 batch
[2025-12-08 10:17:46,132] [WARNING] 遇到非有限 loss (NaN/Inf)，跳过该 batch
[2025-12-08 10:17:46,140] [WARNING] 遇到非有限 loss (NaN/Inf)，跳过该 batch
[2025-12-08 10:17:46,148] [WARNING] 遇到非有限 loss (NaN/Inf)，跳过该 batch
[2025-12-08 10:17:46,155] [WARNING] 遇到非有限 loss (NaN/Inf)，跳过该 batch
[2025-12-08 10:17:46,164] [WARNING] 遇到非有限 loss (NaN/Inf)，跳过该 batch
[2025-12-08 10:17:46,172] [WARNING] 遇到非有限 loss (NaN/Inf)，跳过该 batch
[2025-12-08 10:17:46,181] [WARNING] 遇到非有限 loss (NaN/Inf)，跳过该 batch
[2025-12-08 10:17:46,190] [WARNING] 遇到非有限 loss (NaN/Inf)，跳过该 batch
[2025-12-08 10:17:46,198] [WARNING] 遇到非有限 loss (NaN/Inf)，跳过该 batch
[2025-12-08 10:17:46,206] [WARNING] 遇到非有限 loss (NaN/Inf)，跳过该 batch
[2025-12-08 10:17:46,215] [WARNING] 遇到非有限 loss (NaN/Inf)，跳过该 batch
[2025-12-08 10:17:46,223] [WARNING] 遇到非有限 loss (NaN/Inf)，跳过该 batch
[2025-12-08 10:17:46,230] [WARNING] 遇到非有限 loss (NaN/Inf)，跳过该 batch
[2025-12-08 10:17:46,239] [WARNING] 遇到非有限 loss (NaN/Inf)，跳过该 batch
[2025-12-08 10:17:46,247] [WARNING] 遇到非有限 loss (NaN/Inf)，跳过该 batch
[2025-12-08 10:17:46,255] [WARNING] 遇到非有限 loss (NaN/Inf)，跳过该 batch
[2025-12-08 10:17:46,263] [WARNING] 遇到非有限 loss (NaN/Inf)，跳过该 batch
[2025-12-08 10:17:46,271] [WARNING] 遇到非有限 loss (NaN/Inf)，跳过该 batch
[2025-12-08 10:17:46,280] [WARNING] 遇到非有限 loss (NaN/Inf)，跳过该 batch
[2025-12-08 10:17:46,288] [WARNING] 遇到非有限 loss (NaN/Inf)，跳过该 batch
[2025-12-08 10:17:46,298] [WARNING] 遇到非有限 loss (NaN/Inf)，跳过该 batch
[2025-12-08 10:17:46,309] [WARNING] 遇到非有限 loss (NaN/Inf)，跳过该 batch
[2025-12-08 10:17:46,317] [WARNING] 遇到非有限 loss (NaN/Inf)，跳过该 batch
[2025-12-08 10:17:46,326] [WARNING] 遇到非有限 loss (NaN/Inf)，跳过该 batch
[2025-12-08 10:17:46,334] [WARNING] 遇到非有限 loss (NaN/Inf)，跳过该 batch
[2025-12-08 10:17:46,342] [WARNING] 遇到非有限 loss (NaN/Inf)，跳过该 batch
[2025-12-08 10:17:46,349] [WARNING] 遇到非有限 loss (NaN/Inf)，跳过该 batch
[2025-12-08 10:17:46,357] [WARNING] 遇到非有限 loss (NaN/Inf)，跳过该 batch
[2025-12-08 10:17:46,365] [WARNING] 遇到非有限 loss (NaN/Inf)，跳过该 batch
[2025-12-08 10:17:46,373] [WARNING] 遇到非有限 loss (NaN/Inf)，跳过该 batch
[2025-12-08 10:17:46,381] [WARNING] 遇到非有限 loss (NaN/Inf)，跳过该 batch
[2025-12-08 10:17:46,388] [WARNING] 遇到非有限 loss (NaN/Inf)，跳过该 batch
[2025-12-08 10:17:46,397] [WARNING] 遇到非有限 loss (NaN/Inf)，跳过该 batch
[2025-12-08 10:17:46,405] [WARNING] 遇到非有限 loss (NaN/Inf)，跳过该 batch
[2025-12-08 10:17:46,412] [WARNING] 遇到非有限 loss (NaN/Inf)，跳过该 batch
[2025-12-08 10:17:46,420] [WARNING] 遇到非有限 loss (NaN/Inf)，跳过该 batch
[2025-12-08 10:17:46,428] [WARNING] 遇到非有限 loss (NaN/Inf)，跳过该 batch
[2025-12-08 10:17:46,436] [WARNING] 遇到非有限 loss (NaN/Inf)，跳过该 batch
[2025-12-08 10:17:46,444] [WARNING] 遇到非有限 loss (NaN/Inf)，跳过该 batch
[2025-12-08 10:17:46,451] [WARNING] 遇到非有限 loss (NaN/Inf)，跳过该 batch
[2025-12-08 10:17:46,460] [WARNING] 遇到非有限 loss (NaN/Inf)，跳过该 batch
[2025-12-08 10:17:46,468] [WARNING] 遇到非有限 loss (NaN/Inf)，跳过该 batch
[2025-12-08 10:17:46,475] [WARNING] 遇到非有限 loss (NaN/Inf)，跳过该 batch
[2025-12-08 10:17:46,483] [WARNING] 遇到非有限 loss (NaN/Inf)，跳过该 batch
[2025-12-08 10:17:46,492] [WARNING] 遇到非有限 loss (NaN/Inf)，跳过该 batch
[2025-12-08 10:17:46,501] [WARNING] 遇到非有限 loss (NaN/Inf)，跳过该 batch
[2025-12-08 10:17:46,508] [WARNING] 遇到非有限 loss (NaN/Inf)，跳过该 batch
[2025-12-08 10:17:46,516] [WARNING] 遇到非有限 loss (NaN/Inf)，跳过该 batch
[2025-12-08 10:17:46,524] [WARNING] 遇到非有限 loss (NaN/Inf)，跳过该 batch
[2025-12-08 10:17:46,532] [WARNING] 遇到非有限 loss (NaN/Inf)，跳过该 batch
[2025-12-08 10:17:46,540] [WARNING] 遇到非有限 loss (NaN/Inf)，跳过该 batch
[2025-12-08 10:17:46,547] [WARNING] 遇到非有限 loss (NaN/Inf)，跳过该 batch
[2025-12-08 10:17:46,555] [WARNING] 遇到非有限 loss (NaN/Inf)，跳过该 batch
[2025-12-08 10:17:46,563] [WARNING] 遇到非有限 loss (NaN/Inf)，跳过该 batch
[2025-12-08 10:17:46,572] [WARNING] 遇到非有限 loss (NaN/Inf)，跳过该 batch
[2025-12-08 10:17:46,579] [WARNING] 遇到非有限 loss (NaN/Inf)，跳过该 batch
[2025-12-08 10:17:46,587] [WARNING] 遇到非有限 loss (NaN/Inf)，跳过该 batch
[2025-12-08 10:17:46,596] [WARNING] 遇到非有限 loss (NaN/Inf)，跳过该 batch
[2025-12-08 10:17:46,603] [WARNING] 遇到非有限 loss (NaN/Inf)，跳过该 batch
[2025-12-08 10:17:46,611] [WARNING] 遇到非有限 loss (NaN/Inf)，跳过该 batch
[2025-12-08 10:17:46,619] [WARNING] 遇到非有限 loss (NaN/Inf)，跳过该 batch
[2025-12-08 10:17:46,627] [WARNING] 遇到非有限 loss (NaN/Inf)，跳过该 batch
[2025-12-08 10:17:46,635] [WARNING] 遇到非有限 loss (NaN/Inf)，跳过该 batch
[2025-12-08 10:17:46,643] [WARNING] 遇到非有限 loss (NaN/Inf)，跳过该 batch
[2025-12-08 10:17:46,650] [WARNING] 遇到非有限 loss (NaN/Inf)，跳过该 batch
[2025-12-08 10:17:46,658] [WARNING] 遇到非有限 loss (NaN/Inf)，跳过该 batch
[2025-12-08 10:17:46,667] [WARNING] 遇到非有限 loss (NaN/Inf)，跳过该 batch
[2025-12-08 10:17:46,674] [WARNING] 遇到非有限 loss (NaN/Inf)，跳过该 batch
[2025-12-08 10:17:46,682] [WARNING] 遇到非有限 loss (NaN/Inf)，跳过该 batch
[2025-12-08 10:17:46,690] [WARNING] 遇到非有限 loss (NaN/Inf)，跳过该 batch
[2025-12-08 10:17:46,698] [WARNING] 遇到非有限 loss (NaN/Inf)，跳过该 batch
[2025-12-08 10:17:46,706] [WARNING] 遇到非有限 loss (NaN/Inf)，跳过该 batch
[2025-12-08 10:17:46,714] [WARNING] 遇到非有限 loss (NaN/Inf)，跳过该 batch
[2025-12-08 10:17:46,722] [WARNING] 遇到非有限 loss (NaN/Inf)，跳过该 batch
[2025-12-08 10:17:46,731] [WARNING] 遇到非有限 loss (NaN/Inf)，跳过该 batch
[2025-12-08 10:17:46,739] [WARNING] 遇到非有限 loss (NaN/Inf)，跳过该 batch
[2025-12-08 10:17:46,746] [WARNING] 遇到非有限 loss (NaN/Inf)，跳过该 batch
[2025-12-08 10:17:46,755] [WARNING] 遇到非有限 loss (NaN/Inf)，跳过该 batch
[2025-12-08 10:17:46,763] [WARNING] 遇到非有限 loss (NaN/Inf)，跳过该 batch
[2025-12-08 10:17:46,771] [WARNING] 遇到非有限 loss (NaN/Inf)，跳过该 batch
[2025-12-08 10:17:46,779] [WARNING] 遇到非有限 loss (NaN/Inf)，跳过该 batch
[2025-12-08 10:17:46,787] [WARNING] 遇到非有限 loss (NaN/Inf)，跳过该 batch
[2025-12-08 10:17:46,795] [WARNING] 遇到非有限 loss (NaN/Inf)，跳过该 batch
[2025-12-08 10:17:46,803] [WARNING] 遇到非有限 loss (NaN/Inf)，跳过该 batch
[2025-12-08 10:17:46,812] [WARNING] 遇到非有限 loss (NaN/Inf)，跳过该 batch
[2025-12-08 10:17:46,820] [WARNING] 遇到非有限 loss (NaN/Inf)，跳过该 batch
[2025-12-08 10:17:46,827] [WARNING] 遇到非有限 loss (NaN/Inf)，跳过该 batch
[2025-12-08 10:17:46,835] [WARNING] 遇到非有限 loss (NaN/Inf)，跳过该 batch
[2025-12-08 10:17:46,844] [WARNING] 遇到非有限 loss (NaN/Inf)，跳过该 batch
[2025-12-08 10:17:46,852] [WARNING] 遇到非有限 loss (NaN/Inf)，跳过该 batch
[2025-12-08 10:17:46,859] [WARNING] 遇到非有限 loss (NaN/Inf)，跳过该 batch
[2025-12-08 10:17:46,867] [WARNING] 遇到非有限 loss (NaN/Inf)，跳过该 batch
[2025-12-08 10:17:46,875] [WARNING] 遇到非有限 loss (NaN/Inf)，跳过该 batch
[2025-12-08 10:17:46,883] [WARNING] 遇到非有限 loss (NaN/Inf)，跳过该 batch
[2025-12-08 10:17:46,891] [WARNING] 遇到非有限 loss (NaN/Inf)，跳过该 batch
[2025-12-08 10:17:46,899] [WARNING] 遇到非有限 loss (NaN/Inf)，跳过该 batch
[2025-12-08 10:17:46,907] [WARNING] 遇到非有限 loss (NaN/Inf)，跳过该 batch
[2025-12-08 10:17:46,915] [WARNING] 遇到非有限 loss (NaN/Inf)，跳过该 batch
[2025-12-08 10:17:46,923] [WARNING] 遇到非有限 loss (NaN/Inf)，跳过该 batch
[2025-12-08 10:17:46,930] [WARNING] 遇到非有限 loss (NaN/Inf)，跳过该 batch
[2025-12-08 10:17:46,938] [WARNING] 遇到非有限 loss (NaN/Inf)，跳过该 batch
[2025-12-08 10:17:46,946] [WARNING] 遇到非有限 loss (NaN/Inf)，跳过该 batch
[2025-12-08 10:17:46,954] [WARNING] 遇到非有限 loss (NaN/Inf)，跳过该 batch
[2025-12-08 10:17:46,963] [WARNING] 遇到非有限 loss (NaN/Inf)，跳过该 batch
[2025-12-08 10:17:46,971] [WARNING] 遇到非有限 loss (NaN/Inf)，跳过该 batch
[2025-12-08 10:17:46,979] [WARNING] 遇到非有限 loss (NaN/Inf)，跳过该 batch
[2025-12-08 10:17:46,987] [WARNING] 遇到非有限 loss (NaN/Inf)，跳过该 batch
[2025-12-08 10:17:46,995] [WARNING] 遇到非有限 loss (NaN/Inf)，跳过该 batch
[2025-12-08 10:17:47,002] [WARNING] 遇到非有限 loss (NaN/Inf)，跳过该 batch
[2025-12-08 10:17:47,010] [WARNING] 遇到非有限 loss (NaN/Inf)，跳过该 batch
[2025-12-08 10:17:47,018] [WARNING] 遇到非有限 loss (NaN/Inf)，跳过该 batch
[2025-12-08 10:17:47,026] [WARNING] 遇到非有限 loss (NaN/Inf)，跳过该 batch
[2025-12-08 10:17:47,034] [WARNING] 遇到非有限 loss (NaN/Inf)，跳过该 batch
[2025-12-08 10:17:47,041] [WARNING] 遇到非有限 loss (NaN/Inf)，跳过该 batch
[2025-12-08 10:17:47,049] [WARNING] 遇到非有限 loss (NaN/Inf)，跳过该 batch
[2025-12-08 10:17:47,057] [WARNING] 遇到非有限 loss (NaN/Inf)，跳过该 batch
[2025-12-08 10:17:47,065] [WARNING] 遇到非有限 loss (NaN/Inf)，跳过该 batch
[2025-12-08 10:17:47,073] [WARNING] 遇到非有限 loss (NaN/Inf)，跳过该 batch
[2025-12-08 10:17:47,082] [WARNING] 遇到非有限 loss (NaN/Inf)，跳过该 batch
[2025-12-08 10:17:47,090] [WARNING] 遇到非有限 loss (NaN/Inf)，跳过该 batch
[2025-12-08 10:17:47,098] [WARNING] 遇到非有限 loss (NaN/Inf)，跳过该 batch
[2025-12-08 10:17:47,105] [WARNING] 遇到非有限 loss (NaN/Inf)，跳过该 batch
[2025-12-08 10:17:47,113] [WARNING] 遇到非有限 loss (NaN/Inf)，跳过该 batch
[2025-12-08 10:17:47,121] [WARNING] 遇到非有限 loss (NaN/Inf)，跳过该 batch
[2025-12-08 10:17:47,129] [WARNING] 遇到非有限 loss (NaN/Inf)，跳过该 batch
[2025-12-08 10:17:47,136] [WARNING] 遇到非有限 loss (NaN/Inf)，跳过该 batch
[2025-12-08 10:17:47,144] [WARNING] 遇到非有限 loss (NaN/Inf)，跳过该 batch
[2025-12-08 10:17:47,152] [WARNING] 遇到非有限 loss (NaN/Inf)，跳过该 batch
[2025-12-08 10:17:47,160] [WARNING] 遇到非有限 loss (NaN/Inf)，跳过该 batch
[2025-12-08 10:17:47,168] [WARNING] 遇到非有限 loss (NaN/Inf)，跳过该 batch
[2025-12-08 10:17:47,176] [WARNING] 遇到非有限 loss (NaN/Inf)，跳过该 batch
[2025-12-08 10:17:47,183] [WARNING] 遇到非有限 loss (NaN/Inf)，跳过该 batch
[2025-12-08 10:17:47,191] [WARNING] 遇到非有限 loss (NaN/Inf)，跳过该 batch
[2025-12-08 10:17:47,198] [WARNING] 遇到非有限 loss (NaN/Inf)，跳过该 batch
[2025-12-08 10:17:47,207] [WARNING] 遇到非有限 loss (NaN/Inf)，跳过该 batch
[2025-12-08 10:17:47,214] [WARNING] 遇到非有限 loss (NaN/Inf)，跳过该 batch
[2025-12-08 10:17:47,223] [WARNING] 遇到非有限 loss (NaN/Inf)，跳过该 batch
[2025-12-08 10:17:47,230] [WARNING] 遇到非有限 loss (NaN/Inf)，跳过该 batch
[2025-12-08 10:17:47,238] [WARNING] 遇到非有限 loss (NaN/Inf)，跳过该 batch
[2025-12-08 10:17:47,246] [WARNING] 遇到非有限 loss (NaN/Inf)，跳过该 batch
[2025-12-08 10:17:47,256] [WARNING] 遇到非有限 loss (NaN/Inf)，跳过该 batch
[2025-12-08 10:17:47,265] [WARNING] 遇到非有限 loss (NaN/Inf)，跳过该 batch
[2025-12-08 10:17:47,273] [WARNING] 遇到非有限 loss (NaN/Inf)，跳过该 batch
[2025-12-08 10:17:47,282] [WARNING] 遇到非有限 loss (NaN/Inf)，跳过该 batch
[2025-12-08 10:17:47,291] [WARNING] 遇到非有限 loss (NaN/Inf)，跳过该 batch
[2025-12-08 10:17:47,298] [WARNING] 遇到非有限 loss (NaN/Inf)，跳过该 batch
[2025-12-08 10:17:47,306] [WARNING] 遇到非有限 loss (NaN/Inf)，跳过该 batch
[2025-12-08 10:17:47,314] [WARNING] 遇到非有限 loss (NaN/Inf)，跳过该 batch
[2025-12-08 10:17:47,323] [WARNING] 遇到非有限 loss (NaN/Inf)，跳过该 batch
[2025-12-08 10:17:47,331] [WARNING] 遇到非有限 loss (NaN/Inf)，跳过该 batch
[2025-12-08 10:17:47,339] [WARNING] 遇到非有限 loss (NaN/Inf)，跳过该 batch
[2025-12-08 10:17:47,347] [WARNING] 遇到非有限 loss (NaN/Inf)，跳过该 batch
[2025-12-08 10:17:47,356] [WARNING] 遇到非有限 loss (NaN/Inf)，跳过该 batch
[2025-12-08 10:17:47,365] [WARNING] 遇到非有限 loss (NaN/Inf)，跳过该 batch
[2025-12-08 10:17:47,373] [WARNING] 遇到非有限 loss (NaN/Inf)，跳过该 batch
[2025-12-08 10:17:47,382] [WARNING] 遇到非有限 loss (NaN/Inf)，跳过该 batch
[2025-12-08 10:17:47,391] [WARNING] 遇到非有限 loss (NaN/Inf)，跳过该 batch
[2025-12-08 10:17:47,399] [WARNING] 遇到非有限 loss (NaN/Inf)，跳过该 batch
[2025-12-08 10:17:47,407] [WARNING] 遇到非有限 loss (NaN/Inf)，跳过该 batch
[2025-12-08 10:17:47,415] [WARNING] 遇到非有限 loss (NaN/Inf)，跳过该 batch
[2025-12-08 10:17:47,423] [WARNING] 遇到非有限 loss (NaN/Inf)，跳过该 batch
[2025-12-08 10:17:47,431] [WARNING] 遇到非有限 loss (NaN/Inf)，跳过该 batch
[2025-12-08 10:17:47,438] [WARNING] 遇到非有限 loss (NaN/Inf)，跳过该 batch
[2025-12-08 10:17:47,446] [WARNING] 遇到非有限 loss (NaN/Inf)，跳过该 batch
[2025-12-08 10:17:47,455] [WARNING] 遇到非有限 loss (NaN/Inf)，跳过该 batch
[2025-12-08 10:17:47,464] [WARNING] 遇到非有限 loss (NaN/Inf)，跳过该 batch
[2025-12-08 10:17:47,472] [WARNING] 遇到非有限 loss (NaN/Inf)，跳过该 batch
[2025-12-08 10:17:47,480] [WARNING] 遇到非有限 loss (NaN/Inf)，跳过该 batch
[2025-12-08 10:17:47,489] [WARNING] 遇到非有限 loss (NaN/Inf)，跳过该 batch
[2025-12-08 10:17:47,497] [WARNING] 遇到非有限 loss (NaN/Inf)，跳过该 batch
[2025-12-08 10:17:47,505] [WARNING] 遇到非有限 loss (NaN/Inf)，跳过该 batch
[2025-12-08 10:17:47,513] [WARNING] 遇到非有限 loss (NaN/Inf)，跳过该 batch
[2025-12-08 10:17:47,522] [WARNING] 遇到非有限 loss (NaN/Inf)，跳过该 batch
[2025-12-08 10:17:47,530] [WARNING] 遇到非有限 loss (NaN/Inf)，跳过该 batch
[2025-12-08 10:17:47,538] [WARNING] 遇到非有限 loss (NaN/Inf)，跳过该 batch
[2025-12-08 10:17:47,546] [WARNING] 遇到非有限 loss (NaN/Inf)，跳过该 batch
[2025-12-08 10:17:47,554] [WARNING] 遇到非有限 loss (NaN/Inf)，跳过该 batch
[2025-12-08 10:17:47,562] [WARNING] 遇到非有限 loss (NaN/Inf)，跳过该 batch
[2025-12-08 10:17:47,570] [WARNING] 遇到非有限 loss (NaN/Inf)，跳过该 batch
[2025-12-08 10:17:47,578] [WARNING] 遇到非有限 loss (NaN/Inf)，跳过该 batch
[2025-12-08 10:17:47,587] [WARNING] 遇到非有限 loss (NaN/Inf)，跳过该 batch
[2025-12-08 10:17:47,595] [WARNING] 遇到非有限 loss (NaN/Inf)，跳过该 batch
[2025-12-08 10:17:47,603] [WARNING] 遇到非有限 loss (NaN/Inf)，跳过该 batch
[2025-12-08 10:17:47,612] [WARNING] 遇到非有限 loss (NaN/Inf)，跳过该 batch
[2025-12-08 10:17:47,620] [WARNING] 遇到非有限 loss (NaN/Inf)，跳过该 batch
[2025-12-08 10:17:47,628] [WARNING] 遇到非有限 loss (NaN/Inf)，跳过该 batch
[2025-12-08 10:17:47,636] [WARNING] 遇到非有限 loss (NaN/Inf)，跳过该 batch
[2025-12-08 10:17:47,644] [WARNING] 遇到非有限 loss (NaN/Inf)，跳过该 batch
[2025-12-08 10:17:47,652] [WARNING] 遇到非有限 loss (NaN/Inf)，跳过该 batch
[2025-12-08 10:17:47,660] [WARNING] 遇到非有限 loss (NaN/Inf)，跳过该 batch
[2025-12-08 10:17:47,668] [WARNING] 遇到非有限 loss (NaN/Inf)，跳过该 batch
[2025-12-08 10:17:47,676] [WARNING] 遇到非有限 loss (NaN/Inf)，跳过该 batch
[2025-12-08 10:17:47,684] [WARNING] 遇到非有限 loss (NaN/Inf)，跳过该 batch
[2025-12-08 10:17:47,693] [WARNING] 遇到非有限 loss (NaN/Inf)，跳过该 batch
[2025-12-08 10:17:47,701] [WARNING] 遇到非有限 loss (NaN/Inf)，跳过该 batch
[2025-12-08 10:17:47,709] [WARNING] 遇到非有限 loss (NaN/Inf)，跳过该 batch
[2025-12-08 10:17:47,718] [WARNING] 遇到非有限 loss (NaN/Inf)，跳过该 batch
[2025-12-08 10:17:47,725] [WARNING] 遇到非有限 loss (NaN/Inf)，跳过该 batch
[2025-12-08 10:17:47,733] [WARNING] 遇到非有限 loss (NaN/Inf)，跳过该 batch
[2025-12-08 10:17:47,742] [WARNING] 遇到非有限 loss (NaN/Inf)，跳过该 batch
[2025-12-08 10:17:47,750] [WARNING] 遇到非有限 loss (NaN/Inf)，跳过该 batch
[2025-12-08 10:17:47,758] [WARNING] 遇到非有限 loss (NaN/Inf)，跳过该 batch
[2025-12-08 10:17:47,767] [WARNING] 遇到非有限 loss (NaN/Inf)，跳过该 batch
[2025-12-08 10:17:47,775] [WARNING] 遇到非有限 loss (NaN/Inf)，跳过该 batch
[2025-12-08 10:17:47,783] [WARNING] 遇到非有限 loss (NaN/Inf)，跳过该 batch
[2025-12-08 10:17:47,794] [WARNING] 遇到非有限 loss (NaN/Inf)，跳过该 batch
[2025-12-08 10:17:47,802] [WARNING] 遇到非有限 loss (NaN/Inf)，跳过该 batch
[2025-12-08 10:17:47,811] [WARNING] 遇到非有限 loss (NaN/Inf)，跳过该 batch
[2025-12-08 10:17:47,819] [WARNING] 遇到非有限 loss (NaN/Inf)，跳过该 batch
[2025-12-08 10:17:47,826] [WARNING] 遇到非有限 loss (NaN/Inf)，跳过该 batch
[2025-12-08 10:17:47,834] [WARNING] 遇到非有限 loss (NaN/Inf)，跳过该 batch
[2025-12-08 10:17:47,843] [WARNING] 遇到非有限 loss (NaN/Inf)，跳过该 batch
[2025-12-08 10:17:47,851] [WARNING] 遇到非有限 loss (NaN/Inf)，跳过该 batch
[2025-12-08 10:17:47,859] [WARNING] 遇到非有限 loss (NaN/Inf)，跳过该 batch
[2025-12-08 10:17:47,868] [WARNING] 遇到非有限 loss (NaN/Inf)，跳过该 batch
[2025-12-08 10:17:47,876] [WARNING] 遇到非有限 loss (NaN/Inf)，跳过该 batch
[2025-12-08 10:17:47,885] [WARNING] 遇到非有限 loss (NaN/Inf)，跳过该 batch
[2025-12-08 10:17:47,893] [WARNING] 遇到非有限 loss (NaN/Inf)，跳过该 batch
[2025-12-08 10:17:47,901] [WARNING] 遇到非有限 loss (NaN/Inf)，跳过该 batch
[2025-12-08 10:17:47,909] [WARNING] 遇到非有限 loss (NaN/Inf)，跳过该 batch
[2025-12-08 10:17:47,918] [WARNING] 遇到非有限 loss (NaN/Inf)，跳过该 batch
[2025-12-08 10:17:47,926] [WARNING] 遇到非有限 loss (NaN/Inf)，跳过该 batch
[2025-12-08 10:17:47,934] [WARNING] 遇到非有限 loss (NaN/Inf)，跳过该 batch
[2025-12-08 10:17:47,942] [WARNING] 遇到非有限 loss (NaN/Inf)，跳过该 batch
[2025-12-08 10:17:47,950] [WARNING] 遇到非有限 loss (NaN/Inf)，跳过该 batch
[2025-12-08 10:17:47,957] [WARNING] 遇到非有限 loss (NaN/Inf)，跳过该 batch
[2025-12-08 10:17:47,965] [WARNING] 遇到非有限 loss (NaN/Inf)，跳过该 batch
[2025-12-08 10:17:47,974] [WARNING] 遇到非有限 loss (NaN/Inf)，跳过该 batch
[2025-12-08 10:17:47,982] [WARNING] 遇到非有限 loss (NaN/Inf)，跳过该 batch
[2025-12-08 10:17:47,991] [WARNING] 遇到非有限 loss (NaN/Inf)，跳过该 batch
[2025-12-08 10:17:47,999] [WARNING] 遇到非有限 loss (NaN/Inf)，跳过该 batch
[2025-12-08 10:17:48,007] [WARNING] 遇到非有限 loss (NaN/Inf)，跳过该 batch
[2025-12-08 10:17:48,016] [WARNING] 遇到非有限 loss (NaN/Inf)，跳过该 batch
[2025-12-08 10:17:48,024] [WARNING] 遇到非有限 loss (NaN/Inf)，跳过该 batch
[2025-12-08 10:17:48,032] [WARNING] 遇到非有限 loss (NaN/Inf)，跳过该 batch
[2025-12-08 10:17:48,040] [WARNING] 遇到非有限 loss (NaN/Inf)，跳过该 batch
[2025-12-08 10:17:48,049] [WARNING] 遇到非有限 loss (NaN/Inf)，跳过该 batch
[2025-12-08 10:17:48,058] [WARNING] 遇到非有限 loss (NaN/Inf)，跳过该 batch
[2025-12-08 10:17:48,066] [WARNING] 遇到非有限 loss (NaN/Inf)，跳过该 batch
[2025-12-08 10:17:48,074] [WARNING] 遇到非有限 loss (NaN/Inf)，跳过该 batch
[2025-12-08 10:17:48,083] [WARNING] 遇到非有限 loss (NaN/Inf)，跳过该 batch
[2025-12-08 10:17:48,090] [WARNING] 遇到非有限 loss (NaN/Inf)，跳过该 batch
[2025-12-08 10:17:48,098] [WARNING] 遇到非有限 loss (NaN/Inf)，跳过该 batch
[2025-12-08 10:17:48,107] [WARNING] 遇到非有限 loss (NaN/Inf)，跳过该 batch
[2025-12-08 10:17:48,115] [WARNING] 遇到非有限 loss (NaN/Inf)，跳过该 batch
[2025-12-08 10:17:48,123] [WARNING] 遇到非有限 loss (NaN/Inf)，跳过该 batch
[2025-12-08 10:17:48,131] [WARNING] 遇到非有限 loss (NaN/Inf)，跳过该 batch
[2025-12-08 10:17:48,139] [WARNING] 遇到非有限 loss (NaN/Inf)，跳过该 batch
[2025-12-08 10:17:48,148] [WARNING] 遇到非有限 loss (NaN/Inf)，跳过该 batch
[2025-12-08 10:17:48,155] [WARNING] 遇到非有限 loss (NaN/Inf)，跳过该 batch
[2025-12-08 10:17:48,164] [WARNING] 遇到非有限 loss (NaN/Inf)，跳过该 batch
[2025-12-08 10:17:48,172] [WARNING] 遇到非有限 loss (NaN/Inf)，跳过该 batch
[2025-12-08 10:17:48,181] [WARNING] 遇到非有限 loss (NaN/Inf)，跳过该 batch
[2025-12-08 10:17:48,189] [WARNING] 遇到非有限 loss (NaN/Inf)，跳过该 batch
[2025-12-08 10:17:48,197] [WARNING] 遇到非有限 loss (NaN/Inf)，跳过该 batch
[2025-12-08 10:17:48,205] [WARNING] 遇到非有限 loss (NaN/Inf)，跳过该 batch
[2025-12-08 10:17:48,214] [WARNING] 遇到非有限 loss (NaN/Inf)，跳过该 batch
[2025-12-08 10:17:48,222] [WARNING] 遇到非有限 loss (NaN/Inf)，跳过该 batch
[2025-12-08 10:17:48,230] [WARNING] 遇到非有限 loss (NaN/Inf)，跳过该 batch
[2025-12-08 10:17:48,239] [WARNING] 遇到非有限 loss (NaN/Inf)，跳过该 batch
[2025-12-08 10:17:48,247] [WARNING] 遇到非有限 loss (NaN/Inf)，跳过该 batch
[2025-12-08 10:17:48,255] [WARNING] 遇到非有限 loss (NaN/Inf)，跳过该 batch
[2025-12-08 10:17:48,263] [WARNING] 遇到非有限 loss (NaN/Inf)，跳过该 batch
[2025-12-08 10:17:48,272] [WARNING] 遇到非有限 loss (NaN/Inf)，跳过该 batch
[2025-12-08 10:17:48,280] [WARNING] 遇到非有限 loss (NaN/Inf)，跳过该 batch
[2025-12-08 10:17:48,289] [WARNING] 遇到非有限 loss (NaN/Inf)，跳过该 batch
[2025-12-08 10:17:48,296] [WARNING] 遇到非有限 loss (NaN/Inf)，跳过该 batch
[2025-12-08 10:17:48,305] [WARNING] 遇到非有限 loss (NaN/Inf)，跳过该 batch
[2025-12-08 10:17:48,314] [WARNING] 遇到非有限 loss (NaN/Inf)，跳过该 batch
[2025-12-08 10:17:48,324] [WARNING] 遇到非有限 loss (NaN/Inf)，跳过该 batch
[2025-12-08 10:17:48,333] [WARNING] 遇到非有限 loss (NaN/Inf)，跳过该 batch
[2025-12-08 10:17:48,342] [WARNING] 遇到非有限 loss (NaN/Inf)，跳过该 batch
[2025-12-08 10:17:48,350] [WARNING] 遇到非有限 loss (NaN/Inf)，跳过该 batch
[2025-12-08 10:17:48,358] [WARNING] 遇到非有限 loss (NaN/Inf)，跳过该 batch
[2025-12-08 10:17:48,366] [WARNING] 遇到非有限 loss (NaN/Inf)，跳过该 batch
[2025-12-08 10:17:48,374] [WARNING] 遇到非有限 loss (NaN/Inf)，跳过该 batch
[2025-12-08 10:17:48,383] [WARNING] 遇到非有限 loss (NaN/Inf)，跳过该 batch
[2025-12-08 10:17:48,391] [WARNING] 遇到非有限 loss (NaN/Inf)，跳过该 batch
[2025-12-08 10:17:48,400] [WARNING] 遇到非有限 loss (NaN/Inf)，跳过该 batch
[2025-12-08 10:17:48,408] [WARNING] 遇到非有限 loss (NaN/Inf)，跳过该 batch
[2025-12-08 10:17:48,416] [WARNING] 遇到非有限 loss (NaN/Inf)，跳过该 batch
[2025-12-08 10:17:48,423] [WARNING] 遇到非有限 loss (NaN/Inf)，跳过该 batch
[2025-12-08 10:17:48,432] [WARNING] 遇到非有限 loss (NaN/Inf)，跳过该 batch
[2025-12-08 10:17:48,440] [WARNING] 遇到非有限 loss (NaN/Inf)，跳过该 batch
[2025-12-08 10:17:48,448] [WARNING] 遇到非有限 loss (NaN/Inf)，跳过该 batch
[2025-12-08 10:17:48,456] [WARNING] 遇到非有限 loss (NaN/Inf)，跳过该 batch
[2025-12-08 10:17:48,464] [WARNING] 遇到非有限 loss (NaN/Inf)，跳过该 batch
[2025-12-08 10:17:48,473] [WARNING] 遇到非有限 loss (NaN/Inf)，跳过该 batch
[2025-12-08 10:17:48,482] [WARNING] 遇到非有限 loss (NaN/Inf)，跳过该 batch
[2025-12-08 10:17:48,490] [WARNING] 遇到非有限 loss (NaN/Inf)，跳过该 batch
[2025-12-08 10:17:48,498] [WARNING] 遇到非有限 loss (NaN/Inf)，跳过该 batch
[2025-12-08 10:17:48,507] [WARNING] 遇到非有限 loss (NaN/Inf)，跳过该 batch
[2025-12-08 10:17:48,515] [WARNING] 遇到非有限 loss (NaN/Inf)，跳过该 batch
[2025-12-08 10:17:48,523] [WARNING] 遇到非有限 loss (NaN/Inf)，跳过该 batch
[2025-12-08 10:17:48,531] [WARNING] 遇到非有限 loss (NaN/Inf)，跳过该 batch
[2025-12-08 10:17:48,539] [WARNING] 遇到非有限 loss (NaN/Inf)，跳过该 batch
[2025-12-08 10:17:48,548] [WARNING] 遇到非有限 loss (NaN/Inf)，跳过该 batch
[2025-12-08 10:17:48,557] [WARNING] 遇到非有限 loss (NaN/Inf)，跳过该 batch
[2025-12-08 10:17:48,565] [WARNING] 遇到非有限 loss (NaN/Inf)，跳过该 batch
[2025-12-08 10:17:48,573] [WARNING] 遇到非有限 loss (NaN/Inf)，跳过该 batch
[2025-12-08 10:17:48,582] [WARNING] 遇到非有限 loss (NaN/Inf)，跳过该 batch
[2025-12-08 10:17:48,589] [WARNING] 遇到非有限 loss (NaN/Inf)，跳过该 batch
[2025-12-08 10:17:48,598] [WARNING] 遇到非有限 loss (NaN/Inf)，跳过该 batch
[2025-12-08 10:17:48,606] [WARNING] 遇到非有限 loss (NaN/Inf)，跳过该 batch
[2025-12-08 10:17:48,614] [WARNING] 遇到非有限 loss (NaN/Inf)，跳过该 batch
[2025-12-08 10:17:48,622] [WARNING] 遇到非有限 loss (NaN/Inf)，跳过该 batch
[2025-12-08 10:17:48,630] [WARNING] 遇到非有限 loss (NaN/Inf)，跳过该 batch
[2025-12-08 10:17:48,639] [WARNING] 遇到非有限 loss (NaN/Inf)，跳过该 batch
[2025-12-08 10:17:48,647] [WARNING] 遇到非有限 loss (NaN/Inf)，跳过该 batch
[2025-12-08 10:17:48,656] [WARNING] 遇到非有限 loss (NaN/Inf)，跳过该 batch
[2025-12-08 10:17:48,663] [WARNING] 遇到非有限 loss (NaN/Inf)，跳过该 batch
[2025-12-08 10:17:48,673] [WARNING] 遇到非有限 loss (NaN/Inf)，跳过该 batch
[2025-12-08 10:17:48,681] [WARNING] 遇到非有限 loss (NaN/Inf)，跳过该 batch
[2025-12-08 10:17:48,689] [WARNING] 遇到非有限 loss (NaN/Inf)，跳过该 batch
[2025-12-08 10:17:48,697] [WARNING] 遇到非有限 loss (NaN/Inf)，跳过该 batch
[2025-12-08 10:17:48,708] [WARNING] 遇到非有限 loss (NaN/Inf)，跳过该 batch
[2025-12-08 10:17:48,716] [WARNING] 遇到非有限 loss (NaN/Inf)，跳过该 batch
[2025-12-08 10:17:48,724] [WARNING] 遇到非有限 loss (NaN/Inf)，跳过该 batch
[2025-12-08 10:17:48,733] [WARNING] 遇到非有限 loss (NaN/Inf)，跳过该 batch
[2025-12-08 10:17:48,741] [WARNING] 遇到非有限 loss (NaN/Inf)，跳过该 batch
[2025-12-08 10:17:48,750] [WARNING] 遇到非有限 loss (NaN/Inf)，跳过该 batch
[2025-12-08 10:17:48,757] [WARNING] 遇到非有限 loss (NaN/Inf)，跳过该 batch
[2025-12-08 10:17:48,766] [WARNING] 遇到非有限 loss (NaN/Inf)，跳过该 batch
[2025-12-08 10:17:48,774] [WARNING] 遇到非有限 loss (NaN/Inf)，跳过该 batch
[2025-12-08 10:17:48,782] [WARNING] 遇到非有限 loss (NaN/Inf)，跳过该 batch
[2025-12-08 10:17:48,790] [WARNING] 遇到非有限 loss (NaN/Inf)，跳过该 batch
[2025-12-08 10:17:48,799] [WARNING] 遇到非有限 loss (NaN/Inf)，跳过该 batch
[2025-12-08 10:17:48,807] [WARNING] 遇到非有限 loss (NaN/Inf)，跳过该 batch
[2025-12-08 10:17:48,816] [WARNING] 遇到非有限 loss (NaN/Inf)，跳过该 batch
[2025-12-08 10:17:48,824] [WARNING] 遇到非有限 loss (NaN/Inf)，跳过该 batch
[2025-12-08 10:17:48,832] [WARNING] 遇到非有限 loss (NaN/Inf)，跳过该 batch
[2025-12-08 10:17:48,841] [WARNING] 遇到非有限 loss (NaN/Inf)，跳过该 batch
[2025-12-08 10:17:48,850] [WARNING] 遇到非有限 loss (NaN/Inf)，跳过该 batch
[2025-12-08 10:17:48,858] [WARNING] 遇到非有限 loss (NaN/Inf)，跳过该 batch
[2025-12-08 10:17:48,866] [WARNING] 遇到非有限 loss (NaN/Inf)，跳过该 batch
[2025-12-08 10:17:48,875] [WARNING] 遇到非有限 loss (NaN/Inf)，跳过该 batch
[2025-12-08 10:17:48,883] [WARNING] 遇到非有限 loss (NaN/Inf)，跳过该 batch
[2025-12-08 10:17:48,891] [WARNING] 遇到非有限 loss (NaN/Inf)，跳过该 batch
[2025-12-08 10:17:48,899] [WARNING] 遇到非有限 loss (NaN/Inf)，跳过该 batch
[2025-12-08 10:17:48,909] [WARNING] 遇到非有限 loss (NaN/Inf)，跳过该 batch
[2025-12-08 10:17:48,917] [WARNING] 遇到非有限 loss (NaN/Inf)，跳过该 batch
[2025-12-08 10:17:48,925] [WARNING] 遇到非有限 loss (NaN/Inf)，跳过该 batch
[2025-12-08 10:17:48,933] [WARNING] 遇到非有限 loss (NaN/Inf)，跳过该 batch
[2025-12-08 10:17:48,941] [WARNING] 遇到非有限 loss (NaN/Inf)，跳过该 batch
[2025-12-08 10:17:48,950] [WARNING] 遇到非有限 loss (NaN/Inf)，跳过该 batch
[2025-12-08 10:17:48,957] [WARNING] 遇到非有限 loss (NaN/Inf)，跳过该 batch
[2025-12-08 10:17:48,966] [WARNING] 遇到非有限 loss (NaN/Inf)，跳过该 batch
[2025-12-08 10:17:48,974] [WARNING] 遇到非有限 loss (NaN/Inf)，跳过该 batch
[2025-12-08 10:17:48,983] [WARNING] 遇到非有限 loss (NaN/Inf)，跳过该 batch
[2025-12-08 10:17:48,991] [WARNING] 遇到非有限 loss (NaN/Inf)，跳过该 batch
[2025-12-08 10:17:48,999] [WARNING] 遇到非有限 loss (NaN/Inf)，跳过该 batch
[2025-12-08 10:17:49,008] [WARNING] 遇到非有限 loss (NaN/Inf)，跳过该 batch
[2025-12-08 10:17:49,017] [WARNING] 遇到非有限 loss (NaN/Inf)，跳过该 batch
[2025-12-08 10:17:49,024] [WARNING] 遇到非有限 loss (NaN/Inf)，跳过该 batch
[2025-12-08 10:17:49,033] [WARNING] 遇到非有限 loss (NaN/Inf)，跳过该 batch
[2025-12-08 10:17:49,042] [WARNING] 遇到非有限 loss (NaN/Inf)，跳过该 batch
[2025-12-08 10:17:49,050] [WARNING] 遇到非有限 loss (NaN/Inf)，跳过该 batch
[2025-12-08 10:17:49,058] [WARNING] 遇到非有限 loss (NaN/Inf)，跳过该 batch
[2025-12-08 10:17:49,066] [WARNING] 遇到非有限 loss (NaN/Inf)，跳过该 batch
[2025-12-08 10:17:49,076] [WARNING] 遇到非有限 loss (NaN/Inf)，跳过该 batch
[2025-12-08 10:17:49,084] [WARNING] 遇到非有限 loss (NaN/Inf)，跳过该 batch
[2025-12-08 10:17:49,093] [WARNING] 遇到非有限 loss (NaN/Inf)，跳过该 batch
[2025-12-08 10:17:49,101] [WARNING] 遇到非有限 loss (NaN/Inf)，跳过该 batch
[2025-12-08 10:17:49,110] [WARNING] 遇到非有限 loss (NaN/Inf)，跳过该 batch
[2025-12-08 10:17:49,119] [WARNING] 遇到非有限 loss (NaN/Inf)，跳过该 batch
[2025-12-08 10:17:49,127] [WARNING] 遇到非有限 loss (NaN/Inf)，跳过该 batch
[2025-12-08 10:17:49,136] [WARNING] 遇到非有限 loss (NaN/Inf)，跳过该 batch
[2025-12-08 10:17:49,144] [WARNING] 遇到非有限 loss (NaN/Inf)，跳过该 batch
[2025-12-08 10:17:49,152] [WARNING] 遇到非有限 loss (NaN/Inf)，跳过该 batch
[2025-12-08 10:17:49,160] [WARNING] 遇到非有限 loss (NaN/Inf)，跳过该 batch
[2025-12-08 10:17:49,168] [WARNING] 遇到非有限 loss (NaN/Inf)，跳过该 batch
[2025-12-08 10:17:49,177] [WARNING] 遇到非有限 loss (NaN/Inf)，跳过该 batch
[2025-12-08 10:17:49,185] [WARNING] 遇到非有限 loss (NaN/Inf)，跳过该 batch
[2025-12-08 10:17:49,194] [WARNING] 遇到非有限 loss (NaN/Inf)，跳过该 batch
[2025-12-08 10:17:49,204] [WARNING] 遇到非有限 loss (NaN/Inf)，跳过该 batch
[2025-12-08 10:17:49,212] [WARNING] 遇到非有限 loss (NaN/Inf)，跳过该 batch
[2025-12-08 10:17:49,220] [WARNING] 遇到非有限 loss (NaN/Inf)，跳过该 batch
[2025-12-08 10:17:49,228] [WARNING] 遇到非有限 loss (NaN/Inf)，跳过该 batch
[2025-12-08 10:17:49,236] [WARNING] 遇到非有限 loss (NaN/Inf)，跳过该 batch
[2025-12-08 10:17:49,245] [WARNING] 遇到非有限 loss (NaN/Inf)，跳过该 batch
[2025-12-08 10:17:49,253] [WARNING] 遇到非有限 loss (NaN/Inf)，跳过该 batch
[2025-12-08 10:17:49,261] [WARNING] 遇到非有限 loss (NaN/Inf)，跳过该 batch
[2025-12-08 10:17:49,269] [WARNING] 遇到非有限 loss (NaN/Inf)，跳过该 batch
[2025-12-08 10:17:49,277] [WARNING] 遇到非有限 loss (NaN/Inf)，跳过该 batch
[2025-12-08 10:17:49,286] [WARNING] 遇到非有限 loss (NaN/Inf)，跳过该 batch
[2025-12-08 10:17:49,294] [WARNING] 遇到非有限 loss (NaN/Inf)，跳过该 batch
[2025-12-08 10:17:49,303] [WARNING] 遇到非有限 loss (NaN/Inf)，跳过该 batch
[2025-12-08 10:17:49,311] [WARNING] 遇到非有限 loss (NaN/Inf)，跳过该 batch
[2025-12-08 10:17:49,319] [WARNING] 遇到非有限 loss (NaN/Inf)，跳过该 batch
[2025-12-08 10:17:49,327] [WARNING] 遇到非有限 loss (NaN/Inf)，跳过该 batch
[2025-12-08 10:17:49,335] [WARNING] 遇到非有限 loss (NaN/Inf)，跳过该 batch
[2025-12-08 10:17:49,344] [WARNING] 遇到非有限 loss (NaN/Inf)，跳过该 batch
[2025-12-08 10:17:49,352] [WARNING] 遇到非有限 loss (NaN/Inf)，跳过该 batch
[2025-12-08 10:17:49,360] [WARNING] 遇到非有限 loss (NaN/Inf)，跳过该 batch
[2025-12-08 10:17:49,370] [WARNING] 遇到非有限 loss (NaN/Inf)，跳过该 batch
[2025-12-08 10:17:49,379] [WARNING] 遇到非有限 loss (NaN/Inf)，跳过该 batch
[2025-12-08 10:17:49,386] [WARNING] 遇到非有限 loss (NaN/Inf)，跳过该 batch
[2025-12-08 10:17:49,394] [WARNING] 遇到非有限 loss (NaN/Inf)，跳过该 batch
[2025-12-08 10:17:49,402] [WARNING] 遇到非有限 loss (NaN/Inf)，跳过该 batch
[2025-12-08 10:17:49,412] [WARNING] 遇到非有限 loss (NaN/Inf)，跳过该 batch
[2025-12-08 10:17:49,420] [WARNING] 遇到非有限 loss (NaN/Inf)，跳过该 batch
[2025-12-08 10:17:49,427] [WARNING] 遇到非有限 loss (NaN/Inf)，跳过该 batch
[2025-12-08 10:17:49,435] [WARNING] 遇到非有限 loss (NaN/Inf)，跳过该 batch
[2025-12-08 10:17:49,444] [WARNING] 遇到非有限 loss (NaN/Inf)，跳过该 batch
[2025-12-08 10:17:49,452] [WARNING] 遇到非有限 loss (NaN/Inf)，跳过该 batch
[2025-12-08 10:17:49,460] [WARNING] 遇到非有限 loss (NaN/Inf)，跳过该 batch
[2025-12-08 10:17:49,469] [WARNING] 遇到非有限 loss (NaN/Inf)，跳过该 batch
[2025-12-08 10:17:49,477] [WARNING] 遇到非有限 loss (NaN/Inf)，跳过该 batch
[2025-12-08 10:17:49,485] [WARNING] 遇到非有限 loss (NaN/Inf)，跳过该 batch
[2025-12-08 10:17:49,493] [WARNING] 遇到非有限 loss (NaN/Inf)，跳过该 batch
[2025-12-08 10:17:49,501] [WARNING] 遇到非有限 loss (NaN/Inf)，跳过该 batch
[2025-12-08 10:17:49,510] [WARNING] 遇到非有限 loss (NaN/Inf)，跳过该 batch
[2025-12-08 10:17:49,519] [WARNING] 遇到非有限 loss (NaN/Inf)，跳过该 batch
[2025-12-08 10:17:49,527] [WARNING] 遇到非有限 loss (NaN/Inf)，跳过该 batch
[2025-12-08 10:17:49,535] [WARNING] 遇到非有限 loss (NaN/Inf)，跳过该 batch
[2025-12-08 10:17:49,543] [WARNING] 遇到非有限 loss (NaN/Inf)，跳过该 batch
[2025-12-08 10:17:49,552] [WARNING] 遇到非有限 loss (NaN/Inf)，跳过该 batch
[2025-12-08 10:17:49,560] [WARNING] 遇到非有限 loss (NaN/Inf)，跳过该 batch
[2025-12-08 10:17:49,568] [WARNING] 遇到非有限 loss (NaN/Inf)，跳过该 batch
[2025-12-08 10:17:49,577] [WARNING] 遇到非有限 loss (NaN/Inf)，跳过该 batch
[2025-12-08 10:17:49,585] [WARNING] 遇到非有限 loss (NaN/Inf)，跳过该 batch
[2025-12-08 10:17:49,593] [WARNING] 遇到非有限 loss (NaN/Inf)，跳过该 batch
[2025-12-08 10:17:49,601] [WARNING] 遇到非有限 loss (NaN/Inf)，跳过该 batch
[2025-12-08 10:17:49,610] [WARNING] 遇到非有限 loss (NaN/Inf)，跳过该 batch
[2025-12-08 10:17:49,618] [WARNING] 遇到非有限 loss (NaN/Inf)，跳过该 batch
[2025-12-08 10:17:49,626] [WARNING] 遇到非有限 loss (NaN/Inf)，跳过该 batch
[2025-12-08 10:17:49,635] [WARNING] 遇到非有限 loss (NaN/Inf)，跳过该 batch
[2025-12-08 10:17:49,644] [WARNING] 遇到非有限 loss (NaN/Inf)，跳过该 batch
[2025-12-08 10:17:49,652] [WARNING] 遇到非有限 loss (NaN/Inf)，跳过该 batch
[2025-12-08 10:17:49,659] [WARNING] 遇到非有限 loss (NaN/Inf)，跳过该 batch
[2025-12-08 10:17:49,668] [WARNING] 遇到非有限 loss (NaN/Inf)，跳过该 batch
[2025-12-08 10:17:49,676] [WARNING] 遇到非有限 loss (NaN/Inf)，跳过该 batch
[2025-12-08 10:17:49,684] [WARNING] 遇到非有限 loss (NaN/Inf)，跳过该 batch
[2025-12-08 10:17:49,709] [WARNING] 遇到非有限 loss (NaN/Inf)，跳过该 batch
[2025-12-08 10:17:49,718] [WARNING] 遇到非有限 loss (NaN/Inf)，跳过该 batch
[2025-12-08 10:17:49,726] [WARNING] 遇到非有限 loss (NaN/Inf)，跳过该 batch
[2025-12-08 10:17:49,734] [WARNING] 遇到非有限 loss (NaN/Inf)，跳过该 batch
[2025-12-08 10:17:49,743] [WARNING] 遇到非有限 loss (NaN/Inf)，跳过该 batch
[2025-12-08 10:17:49,752] [WARNING] 遇到非有限 loss (NaN/Inf)，跳过该 batch
[2025-12-08 10:17:49,760] [WARNING] 遇到非有限 loss (NaN/Inf)，跳过该 batch
[2025-12-08 10:17:49,768] [WARNING] 遇到非有限 loss (NaN/Inf)，跳过该 batch
[2025-12-08 10:17:49,860] [INFO] 本 epoch（预测分支）平均训练损失: 0.510854
[2025-12-08 10:18:19,698] [INFO] [Eval] F1=0.8900, P=0.9117, R=0.8693, AUC=0.6604, thr=4.740755, point_adjust=True
[2025-12-08 10:18:19,953] [INFO] 已保存可视化图：./logs/smd_forecast/scores_epoch8.png
[2025-12-08 10:18:19,953] [INFO] ========== Epoch 9/50 ==========
[2025-12-08 10:18:20,251] [WARNING] 遇到非有限 loss (NaN/Inf)，跳过该 batch
[2025-12-08 10:18:20,259] [WARNING] 遇到非有限 loss (NaN/Inf)，跳过该 batch
[2025-12-08 10:18:20,275] [WARNING] 遇到非有限 loss (NaN/Inf)，跳过该 batch
[2025-12-08 10:18:20,284] [WARNING] 遇到非有限 loss (NaN/Inf)，跳过该 batch
[2025-12-08 10:18:20,291] [WARNING] 遇到非有限 loss (NaN/Inf)，跳过该 batch
[2025-12-08 10:18:20,298] [WARNING] 遇到非有限 loss (NaN/Inf)，跳过该 batch
[2025-12-08 10:18:20,305] [WARNING] 遇到非有限 loss (NaN/Inf)，跳过该 batch
[2025-12-08 10:18:20,313] [WARNING] 遇到非有限 loss (NaN/Inf)，跳过该 batch
[2025-12-08 10:18:20,321] [WARNING] 遇到非有限 loss (NaN/Inf)，跳过该 batch
[2025-12-08 10:18:20,329] [WARNING] 遇到非有限 loss (NaN/Inf)，跳过该 batch
[2025-12-08 10:18:20,337] [WARNING] 遇到非有限 loss (NaN/Inf)，跳过该 batch
[2025-12-08 10:18:20,345] [WARNING] 遇到非有限 loss (NaN/Inf)，跳过该 batch
[2025-12-08 10:18:20,353] [WARNING] 遇到非有限 loss (NaN/Inf)，跳过该 batch
[2025-12-08 10:18:20,360] [WARNING] 遇到非有限 loss (NaN/Inf)，跳过该 batch
[2025-12-08 10:18:20,368] [WARNING] 遇到非有限 loss (NaN/Inf)，跳过该 batch
[2025-12-08 10:18:20,376] [WARNING] 遇到非有限 loss (NaN/Inf)，跳过该 batch
[2025-12-08 10:18:20,383] [WARNING] 遇到非有限 loss (NaN/Inf)，跳过该 batch
[2025-12-08 10:18:20,391] [WARNING] 遇到非有限 loss (NaN/Inf)，跳过该 batch
[2025-12-08 10:18:20,399] [WARNING] 遇到非有限 loss (NaN/Inf)，跳过该 batch
[2025-12-08 10:18:20,407] [WARNING] 遇到非有限 loss (NaN/Inf)，跳过该 batch
[2025-12-08 10:18:20,415] [WARNING] 遇到非有限 loss (NaN/Inf)，跳过该 batch
[2025-12-08 10:18:20,422] [WARNING] 遇到非有限 loss (NaN/Inf)，跳过该 batch
[2025-12-08 10:18:20,430] [WARNING] 遇到非有限 loss (NaN/Inf)，跳过该 batch
[2025-12-08 10:18:20,437] [WARNING] 遇到非有限 loss (NaN/Inf)，跳过该 batch
[2025-12-08 10:18:20,445] [WARNING] 遇到非有限 loss (NaN/Inf)，跳过该 batch
[2025-12-08 10:18:20,453] [WARNING] 遇到非有限 loss (NaN/Inf)，跳过该 batch
[2025-12-08 10:18:20,462] [WARNING] 遇到非有限 loss (NaN/Inf)，跳过该 batch
[2025-12-08 10:18:20,469] [WARNING] 遇到非有限 loss (NaN/Inf)，跳过该 batch
[2025-12-08 10:18:20,478] [WARNING] 遇到非有限 loss (NaN/Inf)，跳过该 batch
[2025-12-08 10:18:20,489] [WARNING] 遇到非有限 loss (NaN/Inf)，跳过该 batch
[2025-12-08 10:18:20,508] [WARNING] 遇到非有限 loss (NaN/Inf)，跳过该 batch
[2025-12-08 10:18:20,515] [WARNING] 遇到非有限 loss (NaN/Inf)，跳过该 batch
[2025-12-08 10:18:20,523] [WARNING] 遇到非有限 loss (NaN/Inf)，跳过该 batch
[2025-12-08 10:18:20,532] [WARNING] 遇到非有限 loss (NaN/Inf)，跳过该 batch
[2025-12-08 10:18:20,539] [WARNING] 遇到非有限 loss (NaN/Inf)，跳过该 batch
[2025-12-08 10:18:20,547] [WARNING] 遇到非有限 loss (NaN/Inf)，跳过该 batch
[2025-12-08 10:18:20,555] [WARNING] 遇到非有限 loss (NaN/Inf)，跳过该 batch
[2025-12-08 10:18:20,562] [WARNING] 遇到非有限 loss (NaN/Inf)，跳过该 batch
[2025-12-08 10:18:20,570] [WARNING] 遇到非有限 loss (NaN/Inf)，跳过该 batch
[2025-12-08 10:18:20,579] [WARNING] 遇到非有限 loss (NaN/Inf)，跳过该 batch
[2025-12-08 10:18:20,586] [WARNING] 遇到非有限 loss (NaN/Inf)，跳过该 batch
[2025-12-08 10:18:20,594] [WARNING] 遇到非有限 loss (NaN/Inf)，跳过该 batch
[2025-12-08 10:18:20,602] [WARNING] 遇到非有限 loss (NaN/Inf)，跳过该 batch
[2025-12-08 10:18:20,612] [WARNING] 遇到非有限 loss (NaN/Inf)，跳过该 batch
[2025-12-08 10:18:20,620] [WARNING] 遇到非有限 loss (NaN/Inf)，跳过该 batch
[2025-12-08 10:18:20,627] [WARNING] 遇到非有限 loss (NaN/Inf)，跳过该 batch
[2025-12-08 10:18:20,635] [WARNING] 遇到非有限 loss (NaN/Inf)，跳过该 batch
[2025-12-08 10:18:20,643] [WARNING] 遇到非有限 loss (NaN/Inf)，跳过该 batch
[2025-12-08 10:18:20,651] [WARNING] 遇到非有限 loss (NaN/Inf)，跳过该 batch
[2025-12-08 10:18:20,658] [WARNING] 遇到非有限 loss (NaN/Inf)，跳过该 batch
[2025-12-08 10:18:20,666] [WARNING] 遇到非有限 loss (NaN/Inf)，跳过该 batch
[2025-12-08 10:18:20,674] [WARNING] 遇到非有限 loss (NaN/Inf)，跳过该 batch
[2025-12-08 10:18:20,682] [WARNING] 遇到非有限 loss (NaN/Inf)，跳过该 batch
[2025-12-08 10:18:20,690] [WARNING] 遇到非有限 loss (NaN/Inf)，跳过该 batch
[2025-12-08 10:18:20,697] [WARNING] 遇到非有限 loss (NaN/Inf)，跳过该 batch
[2025-12-08 10:18:20,705] [WARNING] 遇到非有限 loss (NaN/Inf)，跳过该 batch
[2025-12-08 10:18:20,713] [WARNING] 遇到非有限 loss (NaN/Inf)，跳过该 batch
[2025-12-08 10:18:20,721] [WARNING] 遇到非有限 loss (NaN/Inf)，跳过该 batch
[2025-12-08 10:18:20,729] [WARNING] 遇到非有限 loss (NaN/Inf)，跳过该 batch
[2025-12-08 10:18:20,737] [WARNING] 遇到非有限 loss (NaN/Inf)，跳过该 batch
[2025-12-08 10:18:20,745] [WARNING] 遇到非有限 loss (NaN/Inf)，跳过该 batch
[2025-12-08 10:18:20,753] [WARNING] 遇到非有限 loss (NaN/Inf)，跳过该 batch
[2025-12-08 10:18:20,775] [WARNING] 遇到非有限 loss (NaN/Inf)，跳过该 batch
[2025-12-08 10:18:20,788] [WARNING] 遇到非有限 loss (NaN/Inf)，跳过该 batch
[2025-12-08 10:18:20,796] [WARNING] 遇到非有限 loss (NaN/Inf)，跳过该 batch
[2025-12-08 10:18:20,805] [WARNING] 遇到非有限 loss (NaN/Inf)，跳过该 batch
[2025-12-08 10:18:20,813] [WARNING] 遇到非有限 loss (NaN/Inf)，跳过该 batch
[2025-12-08 10:18:20,822] [WARNING] 遇到非有限 loss (NaN/Inf)，跳过该 batch
[2025-12-08 10:18:20,830] [WARNING] 遇到非有限 loss (NaN/Inf)，跳过该 batch
[2025-12-08 10:18:20,838] [WARNING] 遇到非有限 loss (NaN/Inf)，跳过该 batch
[2025-12-08 10:18:20,847] [WARNING] 遇到非有限 loss (NaN/Inf)，跳过该 batch
[2025-12-08 10:18:20,857] [WARNING] 遇到非有限 loss (NaN/Inf)，跳过该 batch
[2025-12-08 10:18:20,865] [WARNING] 遇到非有限 loss (NaN/Inf)，跳过该 batch
[2025-12-08 10:18:20,872] [WARNING] 遇到非有限 loss (NaN/Inf)，跳过该 batch
[2025-12-08 10:18:20,880] [WARNING] 遇到非有限 loss (NaN/Inf)，跳过该 batch
[2025-12-08 10:18:20,888] [WARNING] 遇到非有限 loss (NaN/Inf)，跳过该 batch
[2025-12-08 10:18:20,895] [WARNING] 遇到非有限 loss (NaN/Inf)，跳过该 batch
[2025-12-08 10:18:20,903] [WARNING] 遇到非有限 loss (NaN/Inf)，跳过该 batch
[2025-12-08 10:18:20,911] [WARNING] 遇到非有限 loss (NaN/Inf)，跳过该 batch
[2025-12-08 10:18:20,919] [WARNING] 遇到非有限 loss (NaN/Inf)，跳过该 batch
[2025-12-08 10:18:20,927] [WARNING] 遇到非有限 loss (NaN/Inf)，跳过该 batch
[2025-12-08 10:18:20,934] [WARNING] 遇到非有限 loss (NaN/Inf)，跳过该 batch
[2025-12-08 10:18:20,942] [WARNING] 遇到非有限 loss (NaN/Inf)，跳过该 batch
[2025-12-08 10:18:20,950] [WARNING] 遇到非有限 loss (NaN/Inf)，跳过该 batch
[2025-12-08 10:18:20,958] [WARNING] 遇到非有限 loss (NaN/Inf)，跳过该 batch
[2025-12-08 10:18:20,970] [WARNING] 遇到非有限 loss (NaN/Inf)，跳过该 batch
[2025-12-08 10:18:20,978] [WARNING] 遇到非有限 loss (NaN/Inf)，跳过该 batch
[2025-12-08 10:18:20,986] [WARNING] 遇到非有限 loss (NaN/Inf)，跳过该 batch
[2025-12-08 10:18:20,993] [WARNING] 遇到非有限 loss (NaN/Inf)，跳过该 batch
[2025-12-08 10:18:21,001] [WARNING] 遇到非有限 loss (NaN/Inf)，跳过该 batch
[2025-12-08 10:18:21,009] [WARNING] 遇到非有限 loss (NaN/Inf)，跳过该 batch
[2025-12-08 10:18:21,017] [WARNING] 遇到非有限 loss (NaN/Inf)，跳过该 batch
[2025-12-08 10:18:21,025] [WARNING] 遇到非有限 loss (NaN/Inf)，跳过该 batch
[2025-12-08 10:18:21,033] [WARNING] 遇到非有限 loss (NaN/Inf)，跳过该 batch
[2025-12-08 10:18:21,040] [WARNING] 遇到非有限 loss (NaN/Inf)，跳过该 batch
[2025-12-08 10:18:21,048] [WARNING] 遇到非有限 loss (NaN/Inf)，跳过该 batch
[2025-12-08 10:18:21,056] [WARNING] 遇到非有限 loss (NaN/Inf)，跳过该 batch
[2025-12-08 10:18:21,064] [WARNING] 遇到非有限 loss (NaN/Inf)，跳过该 batch
[2025-12-08 10:18:21,072] [WARNING] 遇到非有限 loss (NaN/Inf)，跳过该 batch
[2025-12-08 10:18:21,079] [WARNING] 遇到非有限 loss (NaN/Inf)，跳过该 batch
[2025-12-08 10:18:21,087] [WARNING] 遇到非有限 loss (NaN/Inf)，跳过该 batch
[2025-12-08 10:18:21,095] [WARNING] 遇到非有限 loss (NaN/Inf)，跳过该 batch
[2025-12-08 10:18:21,102] [WARNING] 遇到非有限 loss (NaN/Inf)，跳过该 batch
[2025-12-08 10:18:21,112] [WARNING] 遇到非有限 loss (NaN/Inf)，跳过该 batch
[2025-12-08 10:18:21,119] [WARNING] 遇到非有限 loss (NaN/Inf)，跳过该 batch
[2025-12-08 10:18:21,127] [WARNING] 遇到非有限 loss (NaN/Inf)，跳过该 batch
[2025-12-08 10:18:21,135] [WARNING] 遇到非有限 loss (NaN/Inf)，跳过该 batch
[2025-12-08 10:18:21,143] [WARNING] 遇到非有限 loss (NaN/Inf)，跳过该 batch
[2025-12-08 10:18:21,151] [WARNING] 遇到非有限 loss (NaN/Inf)，跳过该 batch
[2025-12-08 10:18:21,160] [WARNING] 遇到非有限 loss (NaN/Inf)，跳过该 batch
[2025-12-08 10:18:21,169] [WARNING] 遇到非有限 loss (NaN/Inf)，跳过该 batch
[2025-12-08 10:18:21,176] [WARNING] 遇到非有限 loss (NaN/Inf)，跳过该 batch
[2025-12-08 10:18:21,185] [WARNING] 遇到非有限 loss (NaN/Inf)，跳过该 batch
[2025-12-08 10:18:21,193] [WARNING] 遇到非有限 loss (NaN/Inf)，跳过该 batch
[2025-12-08 10:18:21,202] [WARNING] 遇到非有限 loss (NaN/Inf)，跳过该 batch
[2025-12-08 10:18:21,210] [WARNING] 遇到非有限 loss (NaN/Inf)，跳过该 batch
[2025-12-08 10:18:21,220] [WARNING] 遇到非有限 loss (NaN/Inf)，跳过该 batch
[2025-12-08 10:18:21,228] [WARNING] 遇到非有限 loss (NaN/Inf)，跳过该 batch
[2025-12-08 10:18:21,236] [WARNING] 遇到非有限 loss (NaN/Inf)，跳过该 batch
[2025-12-08 10:18:21,244] [WARNING] 遇到非有限 loss (NaN/Inf)，跳过该 batch
[2025-12-08 10:18:21,252] [WARNING] 遇到非有限 loss (NaN/Inf)，跳过该 batch
[2025-12-08 10:18:21,261] [WARNING] 遇到非有限 loss (NaN/Inf)，跳过该 batch
[2025-12-08 10:18:21,270] [WARNING] 遇到非有限 loss (NaN/Inf)，跳过该 batch
[2025-12-08 10:18:21,278] [WARNING] 遇到非有限 loss (NaN/Inf)，跳过该 batch
[2025-12-08 10:18:21,286] [WARNING] 遇到非有限 loss (NaN/Inf)，跳过该 batch
[2025-12-08 10:18:21,295] [WARNING] 遇到非有限 loss (NaN/Inf)，跳过该 batch
[2025-12-08 10:18:21,303] [WARNING] 遇到非有限 loss (NaN/Inf)，跳过该 batch
[2025-12-08 10:18:21,312] [WARNING] 遇到非有限 loss (NaN/Inf)，跳过该 batch
[2025-12-08 10:18:21,320] [WARNING] 遇到非有限 loss (NaN/Inf)，跳过该 batch
[2025-12-08 10:18:21,330] [WARNING] 遇到非有限 loss (NaN/Inf)，跳过该 batch
[2025-12-08 10:18:21,338] [WARNING] 遇到非有限 loss (NaN/Inf)，跳过该 batch
[2025-12-08 10:18:21,346] [WARNING] 遇到非有限 loss (NaN/Inf)，跳过该 batch
[2025-12-08 10:18:21,354] [WARNING] 遇到非有限 loss (NaN/Inf)，跳过该 batch
[2025-12-08 10:18:21,362] [WARNING] 遇到非有限 loss (NaN/Inf)，跳过该 batch
[2025-12-08 10:18:21,370] [WARNING] 遇到非有限 loss (NaN/Inf)，跳过该 batch
[2025-12-08 10:18:21,379] [WARNING] 遇到非有限 loss (NaN/Inf)，跳过该 batch
[2025-12-08 10:18:21,387] [WARNING] 遇到非有限 loss (NaN/Inf)，跳过该 batch
[2025-12-08 10:18:21,395] [WARNING] 遇到非有限 loss (NaN/Inf)，跳过该 batch
[2025-12-08 10:18:21,403] [WARNING] 遇到非有限 loss (NaN/Inf)，跳过该 batch
[2025-12-08 10:18:21,411] [WARNING] 遇到非有限 loss (NaN/Inf)，跳过该 batch
[2025-12-08 10:18:21,419] [WARNING] 遇到非有限 loss (NaN/Inf)，跳过该 batch
[2025-12-08 10:18:21,428] [WARNING] 遇到非有限 loss (NaN/Inf)，跳过该 batch
[2025-12-08 10:18:21,437] [WARNING] 遇到非有限 loss (NaN/Inf)，跳过该 batch
[2025-12-08 10:18:21,445] [WARNING] 遇到非有限 loss (NaN/Inf)，跳过该 batch
[2025-12-08 10:18:21,453] [WARNING] 遇到非有限 loss (NaN/Inf)，跳过该 batch
[2025-12-08 10:18:21,461] [WARNING] 遇到非有限 loss (NaN/Inf)，跳过该 batch
[2025-12-08 10:18:21,470] [WARNING] 遇到非有限 loss (NaN/Inf)，跳过该 batch
[2025-12-08 10:18:21,478] [WARNING] 遇到非有限 loss (NaN/Inf)，跳过该 batch
[2025-12-08 10:18:21,487] [WARNING] 遇到非有限 loss (NaN/Inf)，跳过该 batch
[2025-12-08 10:18:21,496] [WARNING] 遇到非有限 loss (NaN/Inf)，跳过该 batch
[2025-12-08 10:18:21,505] [WARNING] 遇到非有限 loss (NaN/Inf)，跳过该 batch
[2025-12-08 10:18:21,514] [WARNING] 遇到非有限 loss (NaN/Inf)，跳过该 batch
[2025-12-08 10:18:21,522] [WARNING] 遇到非有限 loss (NaN/Inf)，跳过该 batch
[2025-12-08 10:18:21,530] [WARNING] 遇到非有限 loss (NaN/Inf)，跳过该 batch
[2025-12-08 10:18:21,538] [WARNING] 遇到非有限 loss (NaN/Inf)，跳过该 batch
[2025-12-08 10:18:21,547] [WARNING] 遇到非有限 loss (NaN/Inf)，跳过该 batch
[2025-12-08 10:18:21,555] [WARNING] 遇到非有限 loss (NaN/Inf)，跳过该 batch
[2025-12-08 10:18:21,562] [WARNING] 遇到非有限 loss (NaN/Inf)，跳过该 batch
[2025-12-08 10:18:21,571] [WARNING] 遇到非有限 loss (NaN/Inf)，跳过该 batch
[2025-12-08 10:18:21,580] [WARNING] 遇到非有限 loss (NaN/Inf)，跳过该 batch
[2025-12-08 10:18:21,590] [WARNING] 遇到非有限 loss (NaN/Inf)，跳过该 batch
[2025-12-08 10:18:21,597] [WARNING] 遇到非有限 loss (NaN/Inf)，跳过该 batch
[2025-12-08 10:18:21,605] [WARNING] 遇到非有限 loss (NaN/Inf)，跳过该 batch
[2025-12-08 10:18:21,613] [WARNING] 遇到非有限 loss (NaN/Inf)，跳过该 batch
[2025-12-08 10:18:21,620] [WARNING] 遇到非有限 loss (NaN/Inf)，跳过该 batch
[2025-12-08 10:18:21,628] [WARNING] 遇到非有限 loss (NaN/Inf)，跳过该 batch
[2025-12-08 10:18:21,636] [WARNING] 遇到非有限 loss (NaN/Inf)，跳过该 batch
[2025-12-08 10:18:21,644] [WARNING] 遇到非有限 loss (NaN/Inf)，跳过该 batch
[2025-12-08 10:18:21,652] [WARNING] 遇到非有限 loss (NaN/Inf)，跳过该 batch
[2025-12-08 10:18:21,659] [WARNING] 遇到非有限 loss (NaN/Inf)，跳过该 batch
[2025-12-08 10:18:21,667] [WARNING] 遇到非有限 loss (NaN/Inf)，跳过该 batch
[2025-12-08 10:18:21,674] [WARNING] 遇到非有限 loss (NaN/Inf)，跳过该 batch
[2025-12-08 10:18:21,682] [WARNING] 遇到非有限 loss (NaN/Inf)，跳过该 batch
[2025-12-08 10:18:21,690] [WARNING] 遇到非有限 loss (NaN/Inf)，跳过该 batch
[2025-12-08 10:18:21,698] [WARNING] 遇到非有限 loss (NaN/Inf)，跳过该 batch
[2025-12-08 10:18:21,705] [WARNING] 遇到非有限 loss (NaN/Inf)，跳过该 batch
[2025-12-08 10:18:21,713] [WARNING] 遇到非有限 loss (NaN/Inf)，跳过该 batch
[2025-12-08 10:18:21,721] [WARNING] 遇到非有限 loss (NaN/Inf)，跳过该 batch
[2025-12-08 10:18:21,728] [WARNING] 遇到非有限 loss (NaN/Inf)，跳过该 batch
[2025-12-08 10:18:21,737] [WARNING] 遇到非有限 loss (NaN/Inf)，跳过该 batch
[2025-12-08 10:18:21,744] [WARNING] 遇到非有限 loss (NaN/Inf)，跳过该 batch
[2025-12-08 10:18:21,753] [WARNING] 遇到非有限 loss (NaN/Inf)，跳过该 batch
[2025-12-08 10:18:21,760] [WARNING] 遇到非有限 loss (NaN/Inf)，跳过该 batch
[2025-12-08 10:18:21,768] [WARNING] 遇到非有限 loss (NaN/Inf)，跳过该 batch
[2025-12-08 10:18:21,776] [WARNING] 遇到非有限 loss (NaN/Inf)，跳过该 batch
[2025-12-08 10:18:21,784] [WARNING] 遇到非有限 loss (NaN/Inf)，跳过该 batch
[2025-12-08 10:18:21,792] [WARNING] 遇到非有限 loss (NaN/Inf)，跳过该 batch
[2025-12-08 10:18:21,800] [WARNING] 遇到非有限 loss (NaN/Inf)，跳过该 batch
[2025-12-08 10:18:21,808] [WARNING] 遇到非有限 loss (NaN/Inf)，跳过该 batch
[2025-12-08 10:18:21,816] [WARNING] 遇到非有限 loss (NaN/Inf)，跳过该 batch
[2025-12-08 10:18:21,824] [WARNING] 遇到非有限 loss (NaN/Inf)，跳过该 batch
[2025-12-08 10:18:21,831] [WARNING] 遇到非有限 loss (NaN/Inf)，跳过该 batch
[2025-12-08 10:18:21,839] [WARNING] 遇到非有限 loss (NaN/Inf)，跳过该 batch
[2025-12-08 10:18:21,848] [WARNING] 遇到非有限 loss (NaN/Inf)，跳过该 batch
[2025-12-08 10:18:21,855] [WARNING] 遇到非有限 loss (NaN/Inf)，跳过该 batch
[2025-12-08 10:18:21,863] [WARNING] 遇到非有限 loss (NaN/Inf)，跳过该 batch
[2025-12-08 10:18:21,871] [WARNING] 遇到非有限 loss (NaN/Inf)，跳过该 batch
[2025-12-08 10:18:21,879] [WARNING] 遇到非有限 loss (NaN/Inf)，跳过该 batch
[2025-12-08 10:18:21,886] [WARNING] 遇到非有限 loss (NaN/Inf)，跳过该 batch
[2025-12-08 10:18:21,894] [WARNING] 遇到非有限 loss (NaN/Inf)，跳过该 batch
[2025-12-08 10:18:21,902] [WARNING] 遇到非有限 loss (NaN/Inf)，跳过该 batch
[2025-12-08 10:18:21,910] [WARNING] 遇到非有限 loss (NaN/Inf)，跳过该 batch
[2025-12-08 10:18:21,918] [WARNING] 遇到非有限 loss (NaN/Inf)，跳过该 batch
[2025-12-08 10:18:21,926] [WARNING] 遇到非有限 loss (NaN/Inf)，跳过该 batch
[2025-12-08 10:18:21,934] [WARNING] 遇到非有限 loss (NaN/Inf)，跳过该 batch
[2025-12-08 10:18:21,942] [WARNING] 遇到非有限 loss (NaN/Inf)，跳过该 batch
[2025-12-08 10:18:21,950] [WARNING] 遇到非有限 loss (NaN/Inf)，跳过该 batch
[2025-12-08 10:18:21,958] [WARNING] 遇到非有限 loss (NaN/Inf)，跳过该 batch
[2025-12-08 10:18:21,967] [WARNING] 遇到非有限 loss (NaN/Inf)，跳过该 batch
[2025-12-08 10:18:21,977] [WARNING] 遇到非有限 loss (NaN/Inf)，跳过该 batch
[2025-12-08 10:18:21,985] [WARNING] 遇到非有限 loss (NaN/Inf)，跳过该 batch
[2025-12-08 10:18:21,993] [WARNING] 遇到非有限 loss (NaN/Inf)，跳过该 batch
[2025-12-08 10:18:22,001] [WARNING] 遇到非有限 loss (NaN/Inf)，跳过该 batch
[2025-12-08 10:18:22,009] [WARNING] 遇到非有限 loss (NaN/Inf)，跳过该 batch
[2025-12-08 10:18:22,017] [WARNING] 遇到非有限 loss (NaN/Inf)，跳过该 batch
[2025-12-08 10:18:22,025] [WARNING] 遇到非有限 loss (NaN/Inf)，跳过该 batch
[2025-12-08 10:18:22,034] [WARNING] 遇到非有限 loss (NaN/Inf)，跳过该 batch
[2025-12-08 10:18:22,042] [WARNING] 遇到非有限 loss (NaN/Inf)，跳过该 batch
[2025-12-08 10:18:22,049] [WARNING] 遇到非有限 loss (NaN/Inf)，跳过该 batch
[2025-12-08 10:18:22,057] [WARNING] 遇到非有限 loss (NaN/Inf)，跳过该 batch
[2025-12-08 10:18:22,066] [WARNING] 遇到非有限 loss (NaN/Inf)，跳过该 batch
[2025-12-08 10:18:22,074] [WARNING] 遇到非有限 loss (NaN/Inf)，跳过该 batch
[2025-12-08 10:18:22,082] [WARNING] 遇到非有限 loss (NaN/Inf)，跳过该 batch
[2025-12-08 10:18:22,090] [WARNING] 遇到非有限 loss (NaN/Inf)，跳过该 batch
[2025-12-08 10:18:22,098] [WARNING] 遇到非有限 loss (NaN/Inf)，跳过该 batch
[2025-12-08 10:18:22,106] [WARNING] 遇到非有限 loss (NaN/Inf)，跳过该 batch
[2025-12-08 10:18:22,113] [WARNING] 遇到非有限 loss (NaN/Inf)，跳过该 batch
[2025-12-08 10:18:22,122] [WARNING] 遇到非有限 loss (NaN/Inf)，跳过该 batch
[2025-12-08 10:18:22,130] [WARNING] 遇到非有限 loss (NaN/Inf)，跳过该 batch
[2025-12-08 10:18:22,137] [WARNING] 遇到非有限 loss (NaN/Inf)，跳过该 batch
[2025-12-08 10:18:22,145] [WARNING] 遇到非有限 loss (NaN/Inf)，跳过该 batch
[2025-12-08 10:18:22,153] [WARNING] 遇到非有限 loss (NaN/Inf)，跳过该 batch
[2025-12-08 10:18:22,161] [WARNING] 遇到非有限 loss (NaN/Inf)，跳过该 batch
[2025-12-08 10:18:22,169] [WARNING] 遇到非有限 loss (NaN/Inf)，跳过该 batch
[2025-12-08 10:18:22,178] [WARNING] 遇到非有限 loss (NaN/Inf)，跳过该 batch
[2025-12-08 10:18:22,186] [WARNING] 遇到非有限 loss (NaN/Inf)，跳过该 batch
[2025-12-08 10:18:22,194] [WARNING] 遇到非有限 loss (NaN/Inf)，跳过该 batch
[2025-12-08 10:18:22,201] [WARNING] 遇到非有限 loss (NaN/Inf)，跳过该 batch
[2025-12-08 10:18:22,209] [WARNING] 遇到非有限 loss (NaN/Inf)，跳过该 batch
[2025-12-08 10:18:22,217] [WARNING] 遇到非有限 loss (NaN/Inf)，跳过该 batch
[2025-12-08 10:18:22,225] [WARNING] 遇到非有限 loss (NaN/Inf)，跳过该 batch
[2025-12-08 10:18:22,233] [WARNING] 遇到非有限 loss (NaN/Inf)，跳过该 batch
[2025-12-08 10:18:22,240] [WARNING] 遇到非有限 loss (NaN/Inf)，跳过该 batch
[2025-12-08 10:18:22,249] [WARNING] 遇到非有限 loss (NaN/Inf)，跳过该 batch
[2025-12-08 10:18:22,256] [WARNING] 遇到非有限 loss (NaN/Inf)，跳过该 batch
[2025-12-08 10:18:22,264] [WARNING] 遇到非有限 loss (NaN/Inf)，跳过该 batch
[2025-12-08 10:18:22,272] [WARNING] 遇到非有限 loss (NaN/Inf)，跳过该 batch
[2025-12-08 10:18:22,280] [WARNING] 遇到非有限 loss (NaN/Inf)，跳过该 batch
[2025-12-08 10:18:22,288] [WARNING] 遇到非有限 loss (NaN/Inf)，跳过该 batch
[2025-12-08 10:18:22,296] [WARNING] 遇到非有限 loss (NaN/Inf)，跳过该 batch
[2025-12-08 10:18:22,304] [WARNING] 遇到非有限 loss (NaN/Inf)，跳过该 batch
[2025-12-08 10:18:22,312] [WARNING] 遇到非有限 loss (NaN/Inf)，跳过该 batch
[2025-12-08 10:18:22,320] [WARNING] 遇到非有限 loss (NaN/Inf)，跳过该 batch
[2025-12-08 10:18:22,328] [WARNING] 遇到非有限 loss (NaN/Inf)，跳过该 batch
[2025-12-08 10:18:22,336] [WARNING] 遇到非有限 loss (NaN/Inf)，跳过该 batch
[2025-12-08 10:18:22,344] [WARNING] 遇到非有限 loss (NaN/Inf)，跳过该 batch
[2025-12-08 10:18:22,352] [WARNING] 遇到非有限 loss (NaN/Inf)，跳过该 batch
[2025-12-08 10:18:22,360] [WARNING] 遇到非有限 loss (NaN/Inf)，跳过该 batch
[2025-12-08 10:18:22,368] [WARNING] 遇到非有限 loss (NaN/Inf)，跳过该 batch
[2025-12-08 10:18:22,376] [WARNING] 遇到非有限 loss (NaN/Inf)，跳过该 batch
[2025-12-08 10:18:22,384] [WARNING] 遇到非有限 loss (NaN/Inf)，跳过该 batch
[2025-12-08 10:18:22,391] [WARNING] 遇到非有限 loss (NaN/Inf)，跳过该 batch
[2025-12-08 10:18:22,399] [WARNING] 遇到非有限 loss (NaN/Inf)，跳过该 batch
[2025-12-08 10:18:22,407] [WARNING] 遇到非有限 loss (NaN/Inf)，跳过该 batch
[2025-12-08 10:18:22,415] [WARNING] 遇到非有限 loss (NaN/Inf)，跳过该 batch
[2025-12-08 10:18:22,423] [WARNING] 遇到非有限 loss (NaN/Inf)，跳过该 batch
[2025-12-08 10:18:22,430] [WARNING] 遇到非有限 loss (NaN/Inf)，跳过该 batch
[2025-12-08 10:18:22,439] [WARNING] 遇到非有限 loss (NaN/Inf)，跳过该 batch
[2025-12-08 10:18:22,447] [WARNING] 遇到非有限 loss (NaN/Inf)，跳过该 batch
[2025-12-08 10:18:22,455] [WARNING] 遇到非有限 loss (NaN/Inf)，跳过该 batch
[2025-12-08 10:18:22,463] [WARNING] 遇到非有限 loss (NaN/Inf)，跳过该 batch
[2025-12-08 10:18:22,470] [WARNING] 遇到非有限 loss (NaN/Inf)，跳过该 batch
[2025-12-08 10:18:22,479] [WARNING] 遇到非有限 loss (NaN/Inf)，跳过该 batch
[2025-12-08 10:18:22,487] [WARNING] 遇到非有限 loss (NaN/Inf)，跳过该 batch
[2025-12-08 10:18:22,495] [WARNING] 遇到非有限 loss (NaN/Inf)，跳过该 batch
[2025-12-08 10:18:22,503] [WARNING] 遇到非有限 loss (NaN/Inf)，跳过该 batch
[2025-12-08 10:18:22,510] [WARNING] 遇到非有限 loss (NaN/Inf)，跳过该 batch
[2025-12-08 10:18:22,518] [WARNING] 遇到非有限 loss (NaN/Inf)，跳过该 batch
[2025-12-08 10:18:22,526] [WARNING] 遇到非有限 loss (NaN/Inf)，跳过该 batch
[2025-12-08 10:18:22,534] [WARNING] 遇到非有限 loss (NaN/Inf)，跳过该 batch
[2025-12-08 10:18:22,542] [WARNING] 遇到非有限 loss (NaN/Inf)，跳过该 batch
[2025-12-08 10:18:22,550] [WARNING] 遇到非有限 loss (NaN/Inf)，跳过该 batch
[2025-12-08 10:18:22,558] [WARNING] 遇到非有限 loss (NaN/Inf)，跳过该 batch
[2025-12-08 10:18:22,566] [WARNING] 遇到非有限 loss (NaN/Inf)，跳过该 batch
[2025-12-08 10:18:22,573] [WARNING] 遇到非有限 loss (NaN/Inf)，跳过该 batch
[2025-12-08 10:18:22,581] [WARNING] 遇到非有限 loss (NaN/Inf)，跳过该 batch
[2025-12-08 10:18:22,590] [WARNING] 遇到非有限 loss (NaN/Inf)，跳过该 batch
[2025-12-08 10:18:22,597] [WARNING] 遇到非有限 loss (NaN/Inf)，跳过该 batch
[2025-12-08 10:18:22,605] [WARNING] 遇到非有限 loss (NaN/Inf)，跳过该 batch
[2025-12-08 10:18:22,613] [WARNING] 遇到非有限 loss (NaN/Inf)，跳过该 batch
[2025-12-08 10:18:22,621] [WARNING] 遇到非有限 loss (NaN/Inf)，跳过该 batch
[2025-12-08 10:18:22,628] [WARNING] 遇到非有限 loss (NaN/Inf)，跳过该 batch
[2025-12-08 10:18:22,636] [WARNING] 遇到非有限 loss (NaN/Inf)，跳过该 batch
[2025-12-08 10:18:22,645] [WARNING] 遇到非有限 loss (NaN/Inf)，跳过该 batch
[2025-12-08 10:18:22,652] [WARNING] 遇到非有限 loss (NaN/Inf)，跳过该 batch
[2025-12-08 10:18:22,660] [WARNING] 遇到非有限 loss (NaN/Inf)，跳过该 batch
[2025-12-08 10:18:22,668] [WARNING] 遇到非有限 loss (NaN/Inf)，跳过该 batch
[2025-12-08 10:18:22,676] [WARNING] 遇到非有限 loss (NaN/Inf)，跳过该 batch
[2025-12-08 10:18:22,684] [WARNING] 遇到非有限 loss (NaN/Inf)，跳过该 batch
[2025-12-08 10:18:22,693] [WARNING] 遇到非有限 loss (NaN/Inf)，跳过该 batch
[2025-12-08 10:18:22,707] [WARNING] 遇到非有限 loss (NaN/Inf)，跳过该 batch
[2025-12-08 10:18:22,715] [WARNING] 遇到非有限 loss (NaN/Inf)，跳过该 batch
[2025-12-08 10:18:22,724] [WARNING] 遇到非有限 loss (NaN/Inf)，跳过该 batch
[2025-12-08 10:18:22,732] [WARNING] 遇到非有限 loss (NaN/Inf)，跳过该 batch
[2025-12-08 10:18:22,743] [WARNING] 遇到非有限 loss (NaN/Inf)，跳过该 batch
[2025-12-08 10:18:22,752] [WARNING] 遇到非有限 loss (NaN/Inf)，跳过该 batch
[2025-12-08 10:18:22,761] [WARNING] 遇到非有限 loss (NaN/Inf)，跳过该 batch
[2025-12-08 10:18:22,769] [WARNING] 遇到非有限 loss (NaN/Inf)，跳过该 batch
[2025-12-08 10:18:22,778] [WARNING] 遇到非有限 loss (NaN/Inf)，跳过该 batch
[2025-12-08 10:18:22,787] [WARNING] 遇到非有限 loss (NaN/Inf)，跳过该 batch
[2025-12-08 10:18:22,798] [WARNING] 遇到非有限 loss (NaN/Inf)，跳过该 batch
[2025-12-08 10:18:22,809] [WARNING] 遇到非有限 loss (NaN/Inf)，跳过该 batch
[2025-12-08 10:18:22,817] [WARNING] 遇到非有限 loss (NaN/Inf)，跳过该 batch
[2025-12-08 10:18:22,826] [WARNING] 遇到非有限 loss (NaN/Inf)，跳过该 batch
[2025-12-08 10:18:22,834] [WARNING] 遇到非有限 loss (NaN/Inf)，跳过该 batch
[2025-12-08 10:18:22,843] [WARNING] 遇到非有限 loss (NaN/Inf)，跳过该 batch
[2025-12-08 10:18:22,850] [WARNING] 遇到非有限 loss (NaN/Inf)，跳过该 batch
[2025-12-08 10:18:22,858] [WARNING] 遇到非有限 loss (NaN/Inf)，跳过该 batch
[2025-12-08 10:18:22,867] [WARNING] 遇到非有限 loss (NaN/Inf)，跳过该 batch
[2025-12-08 10:18:22,874] [WARNING] 遇到非有限 loss (NaN/Inf)，跳过该 batch
[2025-12-08 10:18:22,883] [WARNING] 遇到非有限 loss (NaN/Inf)，跳过该 batch
[2025-12-08 10:18:22,892] [WARNING] 遇到非有限 loss (NaN/Inf)，跳过该 batch
[2025-12-08 10:18:22,900] [WARNING] 遇到非有限 loss (NaN/Inf)，跳过该 batch
[2025-12-08 10:18:22,909] [WARNING] 遇到非有限 loss (NaN/Inf)，跳过该 batch
[2025-12-08 10:18:22,917] [WARNING] 遇到非有限 loss (NaN/Inf)，跳过该 batch
[2025-12-08 10:18:22,924] [WARNING] 遇到非有限 loss (NaN/Inf)，跳过该 batch
[2025-12-08 10:18:22,932] [WARNING] 遇到非有限 loss (NaN/Inf)，跳过该 batch
[2025-12-08 10:18:22,941] [WARNING] 遇到非有限 loss (NaN/Inf)，跳过该 batch
[2025-12-08 10:18:22,949] [WARNING] 遇到非有限 loss (NaN/Inf)，跳过该 batch
[2025-12-08 10:18:22,958] [WARNING] 遇到非有限 loss (NaN/Inf)，跳过该 batch
[2025-12-08 10:18:22,966] [WARNING] 遇到非有限 loss (NaN/Inf)，跳过该 batch
[2025-12-08 10:18:22,975] [WARNING] 遇到非有限 loss (NaN/Inf)，跳过该 batch
[2025-12-08 10:18:22,983] [WARNING] 遇到非有限 loss (NaN/Inf)，跳过该 batch
[2025-12-08 10:18:22,991] [WARNING] 遇到非有限 loss (NaN/Inf)，跳过该 batch
[2025-12-08 10:18:22,999] [WARNING] 遇到非有限 loss (NaN/Inf)，跳过该 batch
[2025-12-08 10:18:23,008] [WARNING] 遇到非有限 loss (NaN/Inf)，跳过该 batch
[2025-12-08 10:18:23,016] [WARNING] 遇到非有限 loss (NaN/Inf)，跳过该 batch
[2025-12-08 10:18:23,024] [WARNING] 遇到非有限 loss (NaN/Inf)，跳过该 batch
[2025-12-08 10:18:23,032] [WARNING] 遇到非有限 loss (NaN/Inf)，跳过该 batch
[2025-12-08 10:18:23,041] [WARNING] 遇到非有限 loss (NaN/Inf)，跳过该 batch
[2025-12-08 10:18:23,050] [WARNING] 遇到非有限 loss (NaN/Inf)，跳过该 batch
[2025-12-08 10:18:23,059] [WARNING] 遇到非有限 loss (NaN/Inf)，跳过该 batch
[2025-12-08 10:18:23,068] [WARNING] 遇到非有限 loss (NaN/Inf)，跳过该 batch
[2025-12-08 10:18:23,077] [WARNING] 遇到非有限 loss (NaN/Inf)，跳过该 batch
[2025-12-08 10:18:23,085] [WARNING] 遇到非有限 loss (NaN/Inf)，跳过该 batch
[2025-12-08 10:18:23,094] [WARNING] 遇到非有限 loss (NaN/Inf)，跳过该 batch
[2025-12-08 10:18:23,103] [WARNING] 遇到非有限 loss (NaN/Inf)，跳过该 batch
[2025-12-08 10:18:23,111] [WARNING] 遇到非有限 loss (NaN/Inf)，跳过该 batch
[2025-12-08 10:18:23,120] [WARNING] 遇到非有限 loss (NaN/Inf)，跳过该 batch
[2025-12-08 10:18:23,129] [WARNING] 遇到非有限 loss (NaN/Inf)，跳过该 batch
[2025-12-08 10:18:23,138] [WARNING] 遇到非有限 loss (NaN/Inf)，跳过该 batch
[2025-12-08 10:18:23,145] [WARNING] 遇到非有限 loss (NaN/Inf)，跳过该 batch
[2025-12-08 10:18:23,153] [WARNING] 遇到非有限 loss (NaN/Inf)，跳过该 batch
[2025-12-08 10:18:23,161] [WARNING] 遇到非有限 loss (NaN/Inf)，跳过该 batch
[2025-12-08 10:18:23,170] [WARNING] 遇到非有限 loss (NaN/Inf)，跳过该 batch
[2025-12-08 10:18:23,178] [WARNING] 遇到非有限 loss (NaN/Inf)，跳过该 batch
[2025-12-08 10:18:23,186] [WARNING] 遇到非有限 loss (NaN/Inf)，跳过该 batch
[2025-12-08 10:18:23,194] [WARNING] 遇到非有限 loss (NaN/Inf)，跳过该 batch
[2025-12-08 10:18:23,202] [WARNING] 遇到非有限 loss (NaN/Inf)，跳过该 batch
[2025-12-08 10:18:23,210] [WARNING] 遇到非有限 loss (NaN/Inf)，跳过该 batch
[2025-12-08 10:18:23,218] [WARNING] 遇到非有限 loss (NaN/Inf)，跳过该 batch
[2025-12-08 10:18:23,226] [WARNING] 遇到非有限 loss (NaN/Inf)，跳过该 batch
[2025-12-08 10:18:23,234] [WARNING] 遇到非有限 loss (NaN/Inf)，跳过该 batch
[2025-12-08 10:18:23,243] [WARNING] 遇到非有限 loss (NaN/Inf)，跳过该 batch
[2025-12-08 10:18:23,250] [WARNING] 遇到非有限 loss (NaN/Inf)，跳过该 batch
[2025-12-08 10:18:23,258] [WARNING] 遇到非有限 loss (NaN/Inf)，跳过该 batch
[2025-12-08 10:18:23,267] [WARNING] 遇到非有限 loss (NaN/Inf)，跳过该 batch
[2025-12-08 10:18:23,275] [WARNING] 遇到非有限 loss (NaN/Inf)，跳过该 batch
[2025-12-08 10:18:23,283] [WARNING] 遇到非有限 loss (NaN/Inf)，跳过该 batch
[2025-12-08 10:18:23,290] [WARNING] 遇到非有限 loss (NaN/Inf)，跳过该 batch
[2025-12-08 10:18:23,299] [WARNING] 遇到非有限 loss (NaN/Inf)，跳过该 batch
[2025-12-08 10:18:23,307] [WARNING] 遇到非有限 loss (NaN/Inf)，跳过该 batch
[2025-12-08 10:18:23,316] [WARNING] 遇到非有限 loss (NaN/Inf)，跳过该 batch
[2025-12-08 10:18:23,324] [WARNING] 遇到非有限 loss (NaN/Inf)，跳过该 batch
[2025-12-08 10:18:23,333] [WARNING] 遇到非有限 loss (NaN/Inf)，跳过该 batch
[2025-12-08 10:18:23,341] [WARNING] 遇到非有限 loss (NaN/Inf)，跳过该 batch
[2025-12-08 10:18:23,349] [WARNING] 遇到非有限 loss (NaN/Inf)，跳过该 batch
[2025-12-08 10:18:23,357] [WARNING] 遇到非有限 loss (NaN/Inf)，跳过该 batch
[2025-12-08 10:18:23,365] [WARNING] 遇到非有限 loss (NaN/Inf)，跳过该 batch
[2025-12-08 10:18:23,373] [WARNING] 遇到非有限 loss (NaN/Inf)，跳过该 batch
[2025-12-08 10:18:23,381] [WARNING] 遇到非有限 loss (NaN/Inf)，跳过该 batch
[2025-12-08 10:18:23,389] [WARNING] 遇到非有限 loss (NaN/Inf)，跳过该 batch
[2025-12-08 10:18:23,398] [WARNING] 遇到非有限 loss (NaN/Inf)，跳过该 batch
[2025-12-08 10:18:23,406] [WARNING] 遇到非有限 loss (NaN/Inf)，跳过该 batch
[2025-12-08 10:18:23,414] [WARNING] 遇到非有限 loss (NaN/Inf)，跳过该 batch
[2025-12-08 10:18:23,423] [WARNING] 遇到非有限 loss (NaN/Inf)，跳过该 batch
[2025-12-08 10:18:23,431] [WARNING] 遇到非有限 loss (NaN/Inf)，跳过该 batch
[2025-12-08 10:18:23,439] [WARNING] 遇到非有限 loss (NaN/Inf)，跳过该 batch
[2025-12-08 10:18:23,448] [WARNING] 遇到非有限 loss (NaN/Inf)，跳过该 batch
[2025-12-08 10:18:23,456] [WARNING] 遇到非有限 loss (NaN/Inf)，跳过该 batch
[2025-12-08 10:18:23,465] [WARNING] 遇到非有限 loss (NaN/Inf)，跳过该 batch
[2025-12-08 10:18:23,473] [WARNING] 遇到非有限 loss (NaN/Inf)，跳过该 batch
[2025-12-08 10:18:23,481] [WARNING] 遇到非有限 loss (NaN/Inf)，跳过该 batch
[2025-12-08 10:18:23,489] [WARNING] 遇到非有限 loss (NaN/Inf)，跳过该 batch
[2025-12-08 10:18:23,497] [WARNING] 遇到非有限 loss (NaN/Inf)，跳过该 batch
[2025-12-08 10:18:23,505] [WARNING] 遇到非有限 loss (NaN/Inf)，跳过该 batch
[2025-12-08 10:18:23,513] [WARNING] 遇到非有限 loss (NaN/Inf)，跳过该 batch
[2025-12-08 10:18:23,521] [WARNING] 遇到非有限 loss (NaN/Inf)，跳过该 batch
[2025-12-08 10:18:23,530] [WARNING] 遇到非有限 loss (NaN/Inf)，跳过该 batch
[2025-12-08 10:18:23,537] [WARNING] 遇到非有限 loss (NaN/Inf)，跳过该 batch
[2025-12-08 10:18:23,546] [WARNING] 遇到非有限 loss (NaN/Inf)，跳过该 batch
[2025-12-08 10:18:23,554] [WARNING] 遇到非有限 loss (NaN/Inf)，跳过该 batch
[2025-12-08 10:18:23,562] [WARNING] 遇到非有限 loss (NaN/Inf)，跳过该 batch
[2025-12-08 10:18:23,570] [WARNING] 遇到非有限 loss (NaN/Inf)，跳过该 batch
[2025-12-08 10:18:23,579] [WARNING] 遇到非有限 loss (NaN/Inf)，跳过该 batch
[2025-12-08 10:18:23,586] [WARNING] 遇到非有限 loss (NaN/Inf)，跳过该 batch
[2025-12-08 10:18:23,594] [WARNING] 遇到非有限 loss (NaN/Inf)，跳过该 batch
[2025-12-08 10:18:23,602] [WARNING] 遇到非有限 loss (NaN/Inf)，跳过该 batch
[2025-12-08 10:18:23,611] [WARNING] 遇到非有限 loss (NaN/Inf)，跳过该 batch
[2025-12-08 10:18:23,619] [WARNING] 遇到非有限 loss (NaN/Inf)，跳过该 batch
[2025-12-08 10:18:23,627] [WARNING] 遇到非有限 loss (NaN/Inf)，跳过该 batch
[2025-12-08 10:18:23,636] [WARNING] 遇到非有限 loss (NaN/Inf)，跳过该 batch
[2025-12-08 10:18:23,644] [WARNING] 遇到非有限 loss (NaN/Inf)，跳过该 batch
[2025-12-08 10:18:23,652] [WARNING] 遇到非有限 loss (NaN/Inf)，跳过该 batch
[2025-12-08 10:18:23,661] [WARNING] 遇到非有限 loss (NaN/Inf)，跳过该 batch
[2025-12-08 10:18:23,670] [WARNING] 遇到非有限 loss (NaN/Inf)，跳过该 batch
[2025-12-08 10:18:23,678] [WARNING] 遇到非有限 loss (NaN/Inf)，跳过该 batch
[2025-12-08 10:18:23,686] [WARNING] 遇到非有限 loss (NaN/Inf)，跳过该 batch
[2025-12-08 10:18:23,695] [WARNING] 遇到非有限 loss (NaN/Inf)，跳过该 batch
[2025-12-08 10:18:23,703] [WARNING] 遇到非有限 loss (NaN/Inf)，跳过该 batch
[2025-12-08 10:18:23,711] [WARNING] 遇到非有限 loss (NaN/Inf)，跳过该 batch
[2025-12-08 10:18:23,719] [WARNING] 遇到非有限 loss (NaN/Inf)，跳过该 batch
[2025-12-08 10:18:23,728] [WARNING] 遇到非有限 loss (NaN/Inf)，跳过该 batch
[2025-12-08 10:18:23,736] [WARNING] 遇到非有限 loss (NaN/Inf)，跳过该 batch
[2025-12-08 10:18:23,744] [WARNING] 遇到非有限 loss (NaN/Inf)，跳过该 batch
[2025-12-08 10:18:23,752] [WARNING] 遇到非有限 loss (NaN/Inf)，跳过该 batch
[2025-12-08 10:18:23,760] [WARNING] 遇到非有限 loss (NaN/Inf)，跳过该 batch
[2025-12-08 10:18:23,768] [WARNING] 遇到非有限 loss (NaN/Inf)，跳过该 batch
[2025-12-08 10:18:23,776] [WARNING] 遇到非有限 loss (NaN/Inf)，跳过该 batch
[2025-12-08 10:18:23,784] [WARNING] 遇到非有限 loss (NaN/Inf)，跳过该 batch
[2025-12-08 10:18:23,792] [WARNING] 遇到非有限 loss (NaN/Inf)，跳过该 batch
[2025-12-08 10:18:23,800] [WARNING] 遇到非有限 loss (NaN/Inf)，跳过该 batch
[2025-12-08 10:18:23,808] [WARNING] 遇到非有限 loss (NaN/Inf)，跳过该 batch
[2025-12-08 10:18:23,816] [WARNING] 遇到非有限 loss (NaN/Inf)，跳过该 batch
[2025-12-08 10:18:23,824] [WARNING] 遇到非有限 loss (NaN/Inf)，跳过该 batch
[2025-12-08 10:18:23,832] [WARNING] 遇到非有限 loss (NaN/Inf)，跳过该 batch
[2025-12-08 10:18:23,840] [WARNING] 遇到非有限 loss (NaN/Inf)，跳过该 batch
[2025-12-08 10:18:23,848] [WARNING] 遇到非有限 loss (NaN/Inf)，跳过该 batch
[2025-12-08 10:18:23,857] [WARNING] 遇到非有限 loss (NaN/Inf)，跳过该 batch
[2025-12-08 10:18:23,866] [WARNING] 遇到非有限 loss (NaN/Inf)，跳过该 batch
[2025-12-08 10:18:23,874] [WARNING] 遇到非有限 loss (NaN/Inf)，跳过该 batch
[2025-12-08 10:18:23,882] [WARNING] 遇到非有限 loss (NaN/Inf)，跳过该 batch
[2025-12-08 10:18:23,891] [WARNING] 遇到非有限 loss (NaN/Inf)，跳过该 batch
[2025-12-08 10:18:23,899] [WARNING] 遇到非有限 loss (NaN/Inf)，跳过该 batch
[2025-12-08 10:18:23,907] [WARNING] 遇到非有限 loss (NaN/Inf)，跳过该 batch
[2025-12-08 10:18:23,915] [WARNING] 遇到非有限 loss (NaN/Inf)，跳过该 batch
[2025-12-08 10:18:23,923] [WARNING] 遇到非有限 loss (NaN/Inf)，跳过该 batch
[2025-12-08 10:18:23,931] [WARNING] 遇到非有限 loss (NaN/Inf)，跳过该 batch
[2025-12-08 10:18:23,939] [WARNING] 遇到非有限 loss (NaN/Inf)，跳过该 batch
[2025-12-08 10:18:23,947] [WARNING] 遇到非有限 loss (NaN/Inf)，跳过该 batch
[2025-12-08 10:18:23,956] [WARNING] 遇到非有限 loss (NaN/Inf)，跳过该 batch
[2025-12-08 10:18:23,964] [WARNING] 遇到非有限 loss (NaN/Inf)，跳过该 batch
[2025-12-08 10:18:23,972] [WARNING] 遇到非有限 loss (NaN/Inf)，跳过该 batch
[2025-12-08 10:18:23,980] [WARNING] 遇到非有限 loss (NaN/Inf)，跳过该 batch
[2025-12-08 10:18:23,988] [WARNING] 遇到非有限 loss (NaN/Inf)，跳过该 batch
[2025-12-08 10:18:23,997] [WARNING] 遇到非有限 loss (NaN/Inf)，跳过该 batch
[2025-12-08 10:18:24,005] [WARNING] 遇到非有限 loss (NaN/Inf)，跳过该 batch
[2025-12-08 10:18:24,014] [WARNING] 遇到非有限 loss (NaN/Inf)，跳过该 batch
[2025-12-08 10:18:24,022] [WARNING] 遇到非有限 loss (NaN/Inf)，跳过该 batch
[2025-12-08 10:18:24,030] [WARNING] 遇到非有限 loss (NaN/Inf)，跳过该 batch
[2025-12-08 10:18:24,038] [WARNING] 遇到非有限 loss (NaN/Inf)，跳过该 batch
[2025-12-08 10:18:24,046] [WARNING] 遇到非有限 loss (NaN/Inf)，跳过该 batch
[2025-12-08 10:18:24,054] [WARNING] 遇到非有限 loss (NaN/Inf)，跳过该 batch
[2025-12-08 10:18:24,063] [WARNING] 遇到非有限 loss (NaN/Inf)，跳过该 batch
[2025-12-08 10:18:24,071] [WARNING] 遇到非有限 loss (NaN/Inf)，跳过该 batch
[2025-12-08 10:18:24,079] [WARNING] 遇到非有限 loss (NaN/Inf)，跳过该 batch
[2025-12-08 10:18:24,087] [WARNING] 遇到非有限 loss (NaN/Inf)，跳过该 batch
[2025-12-08 10:18:24,095] [WARNING] 遇到非有限 loss (NaN/Inf)，跳过该 batch
[2025-12-08 10:18:24,103] [WARNING] 遇到非有限 loss (NaN/Inf)，跳过该 batch
[2025-12-08 10:18:24,111] [WARNING] 遇到非有限 loss (NaN/Inf)，跳过该 batch
[2025-12-08 10:18:24,119] [WARNING] 遇到非有限 loss (NaN/Inf)，跳过该 batch
[2025-12-08 10:18:24,129] [WARNING] 遇到非有限 loss (NaN/Inf)，跳过该 batch
[2025-12-08 10:18:24,137] [WARNING] 遇到非有限 loss (NaN/Inf)，跳过该 batch
[2025-12-08 10:18:24,146] [WARNING] 遇到非有限 loss (NaN/Inf)，跳过该 batch
[2025-12-08 10:18:24,154] [WARNING] 遇到非有限 loss (NaN/Inf)，跳过该 batch
[2025-12-08 10:18:24,161] [WARNING] 遇到非有限 loss (NaN/Inf)，跳过该 batch
[2025-12-08 10:18:24,169] [WARNING] 遇到非有限 loss (NaN/Inf)，跳过该 batch
[2025-12-08 10:18:24,178] [WARNING] 遇到非有限 loss (NaN/Inf)，跳过该 batch
[2025-12-08 10:18:24,186] [WARNING] 遇到非有限 loss (NaN/Inf)，跳过该 batch
[2025-12-08 10:18:24,194] [WARNING] 遇到非有限 loss (NaN/Inf)，跳过该 batch
[2025-12-08 10:18:24,202] [WARNING] 遇到非有限 loss (NaN/Inf)，跳过该 batch
[2025-12-08 10:18:24,210] [WARNING] 遇到非有限 loss (NaN/Inf)，跳过该 batch
[2025-12-08 10:18:24,218] [WARNING] 遇到非有限 loss (NaN/Inf)，跳过该 batch
[2025-12-08 10:18:24,226] [WARNING] 遇到非有限 loss (NaN/Inf)，跳过该 batch
[2025-12-08 10:18:24,234] [WARNING] 遇到非有限 loss (NaN/Inf)，跳过该 batch
[2025-12-08 10:18:24,243] [WARNING] 遇到非有限 loss (NaN/Inf)，跳过该 batch
[2025-12-08 10:18:24,251] [WARNING] 遇到非有限 loss (NaN/Inf)，跳过该 batch
[2025-12-08 10:18:24,258] [WARNING] 遇到非有限 loss (NaN/Inf)，跳过该 batch
[2025-12-08 10:18:24,266] [WARNING] 遇到非有限 loss (NaN/Inf)，跳过该 batch
[2025-12-08 10:18:24,274] [WARNING] 遇到非有限 loss (NaN/Inf)，跳过该 batch
[2025-12-08 10:18:24,282] [WARNING] 遇到非有限 loss (NaN/Inf)，跳过该 batch
[2025-12-08 10:18:24,290] [WARNING] 遇到非有限 loss (NaN/Inf)，跳过该 batch
[2025-12-08 10:18:24,298] [WARNING] 遇到非有限 loss (NaN/Inf)，跳过该 batch
[2025-12-08 10:18:24,307] [WARNING] 遇到非有限 loss (NaN/Inf)，跳过该 batch
[2025-12-08 10:18:24,315] [WARNING] 遇到非有限 loss (NaN/Inf)，跳过该 batch
[2025-12-08 10:18:24,322] [WARNING] 遇到非有限 loss (NaN/Inf)，跳过该 batch
[2025-12-08 10:18:24,330] [WARNING] 遇到非有限 loss (NaN/Inf)，跳过该 batch
[2025-12-08 10:18:24,339] [WARNING] 遇到非有限 loss (NaN/Inf)，跳过该 batch
[2025-12-08 10:18:24,348] [WARNING] 遇到非有限 loss (NaN/Inf)，跳过该 batch
[2025-12-08 10:18:24,356] [WARNING] 遇到非有限 loss (NaN/Inf)，跳过该 batch
[2025-12-08 10:18:24,364] [WARNING] 遇到非有限 loss (NaN/Inf)，跳过该 batch
[2025-12-08 10:18:24,372] [WARNING] 遇到非有限 loss (NaN/Inf)，跳过该 batch
[2025-12-08 10:18:24,381] [WARNING] 遇到非有限 loss (NaN/Inf)，跳过该 batch
[2025-12-08 10:18:24,389] [WARNING] 遇到非有限 loss (NaN/Inf)，跳过该 batch
[2025-12-08 10:18:24,397] [WARNING] 遇到非有限 loss (NaN/Inf)，跳过该 batch
[2025-12-08 10:18:24,406] [WARNING] 遇到非有限 loss (NaN/Inf)，跳过该 batch
[2025-12-08 10:18:24,414] [WARNING] 遇到非有限 loss (NaN/Inf)，跳过该 batch
[2025-12-08 10:18:24,423] [WARNING] 遇到非有限 loss (NaN/Inf)，跳过该 batch
[2025-12-08 10:18:24,431] [WARNING] 遇到非有限 loss (NaN/Inf)，跳过该 batch
[2025-12-08 10:18:24,440] [WARNING] 遇到非有限 loss (NaN/Inf)，跳过该 batch
[2025-12-08 10:18:24,448] [WARNING] 遇到非有限 loss (NaN/Inf)，跳过该 batch
[2025-12-08 10:18:24,456] [WARNING] 遇到非有限 loss (NaN/Inf)，跳过该 batch
[2025-12-08 10:18:24,465] [WARNING] 遇到非有限 loss (NaN/Inf)，跳过该 batch
[2025-12-08 10:18:24,473] [WARNING] 遇到非有限 loss (NaN/Inf)，跳过该 batch
[2025-12-08 10:18:24,481] [WARNING] 遇到非有限 loss (NaN/Inf)，跳过该 batch
[2025-12-08 10:18:24,490] [WARNING] 遇到非有限 loss (NaN/Inf)，跳过该 batch
[2025-12-08 10:18:24,498] [WARNING] 遇到非有限 loss (NaN/Inf)，跳过该 batch
[2025-12-08 10:18:24,506] [WARNING] 遇到非有限 loss (NaN/Inf)，跳过该 batch
[2025-12-08 10:18:24,515] [WARNING] 遇到非有限 loss (NaN/Inf)，跳过该 batch
[2025-12-08 10:18:24,524] [WARNING] 遇到非有限 loss (NaN/Inf)，跳过该 batch
[2025-12-08 10:18:24,533] [WARNING] 遇到非有限 loss (NaN/Inf)，跳过该 batch
[2025-12-08 10:18:24,541] [WARNING] 遇到非有限 loss (NaN/Inf)，跳过该 batch
[2025-12-08 10:18:24,549] [WARNING] 遇到非有限 loss (NaN/Inf)，跳过该 batch
[2025-12-08 10:18:24,558] [WARNING] 遇到非有限 loss (NaN/Inf)，跳过该 batch
[2025-12-08 10:18:24,566] [WARNING] 遇到非有限 loss (NaN/Inf)，跳过该 batch
[2025-12-08 10:18:24,575] [WARNING] 遇到非有限 loss (NaN/Inf)，跳过该 batch
[2025-12-08 10:18:24,583] [WARNING] 遇到非有限 loss (NaN/Inf)，跳过该 batch
[2025-12-08 10:18:24,591] [WARNING] 遇到非有限 loss (NaN/Inf)，跳过该 batch
[2025-12-08 10:18:24,600] [WARNING] 遇到非有限 loss (NaN/Inf)，跳过该 batch
[2025-12-08 10:18:24,608] [WARNING] 遇到非有限 loss (NaN/Inf)，跳过该 batch
[2025-12-08 10:18:24,615] [WARNING] 遇到非有限 loss (NaN/Inf)，跳过该 batch
[2025-12-08 10:18:24,624] [WARNING] 遇到非有限 loss (NaN/Inf)，跳过该 batch
[2025-12-08 10:18:24,632] [WARNING] 遇到非有限 loss (NaN/Inf)，跳过该 batch
[2025-12-08 10:18:24,640] [WARNING] 遇到非有限 loss (NaN/Inf)，跳过该 batch
[2025-12-08 10:18:24,648] [WARNING] 遇到非有限 loss (NaN/Inf)，跳过该 batch
[2025-12-08 10:18:24,656] [WARNING] 遇到非有限 loss (NaN/Inf)，跳过该 batch
[2025-12-08 10:18:24,664] [WARNING] 遇到非有限 loss (NaN/Inf)，跳过该 batch
[2025-12-08 10:18:24,672] [WARNING] 遇到非有限 loss (NaN/Inf)，跳过该 batch
[2025-12-08 10:18:24,680] [WARNING] 遇到非有限 loss (NaN/Inf)，跳过该 batch
[2025-12-08 10:18:24,689] [WARNING] 遇到非有限 loss (NaN/Inf)，跳过该 batch
[2025-12-08 10:18:24,697] [WARNING] 遇到非有限 loss (NaN/Inf)，跳过该 batch
[2025-12-08 10:18:24,706] [WARNING] 遇到非有限 loss (NaN/Inf)，跳过该 batch
[2025-12-08 10:18:24,714] [WARNING] 遇到非有限 loss (NaN/Inf)，跳过该 batch
[2025-12-08 10:18:24,727] [WARNING] 遇到非有限 loss (NaN/Inf)，跳过该 batch
[2025-12-08 10:18:24,735] [WARNING] 遇到非有限 loss (NaN/Inf)，跳过该 batch
[2025-12-08 10:18:24,744] [WARNING] 遇到非有限 loss (NaN/Inf)，跳过该 batch
[2025-12-08 10:18:24,752] [WARNING] 遇到非有限 loss (NaN/Inf)，跳过该 batch
[2025-12-08 10:18:24,760] [WARNING] 遇到非有限 loss (NaN/Inf)，跳过该 batch
[2025-12-08 10:18:24,768] [WARNING] 遇到非有限 loss (NaN/Inf)，跳过该 batch
[2025-12-08 10:18:24,776] [WARNING] 遇到非有限 loss (NaN/Inf)，跳过该 batch
[2025-12-08 10:18:24,784] [WARNING] 遇到非有限 loss (NaN/Inf)，跳过该 batch
[2025-12-08 10:18:24,792] [WARNING] 遇到非有限 loss (NaN/Inf)，跳过该 batch
[2025-12-08 10:18:24,800] [WARNING] 遇到非有限 loss (NaN/Inf)，跳过该 batch
[2025-12-08 10:18:24,808] [WARNING] 遇到非有限 loss (NaN/Inf)，跳过该 batch
[2025-12-08 10:18:24,816] [WARNING] 遇到非有限 loss (NaN/Inf)，跳过该 batch
[2025-12-08 10:18:24,824] [WARNING] 遇到非有限 loss (NaN/Inf)，跳过该 batch
[2025-12-08 10:18:24,832] [WARNING] 遇到非有限 loss (NaN/Inf)，跳过该 batch
[2025-12-08 10:18:24,840] [WARNING] 遇到非有限 loss (NaN/Inf)，跳过该 batch
[2025-12-08 10:18:24,848] [WARNING] 遇到非有限 loss (NaN/Inf)，跳过该 batch
[2025-12-08 10:18:24,856] [WARNING] 遇到非有限 loss (NaN/Inf)，跳过该 batch
[2025-12-08 10:18:24,864] [WARNING] 遇到非有限 loss (NaN/Inf)，跳过该 batch
[2025-12-08 10:18:24,872] [WARNING] 遇到非有限 loss (NaN/Inf)，跳过该 batch
[2025-12-08 10:18:24,880] [WARNING] 遇到非有限 loss (NaN/Inf)，跳过该 batch
[2025-12-08 10:18:24,888] [WARNING] 遇到非有限 loss (NaN/Inf)，跳过该 batch
[2025-12-08 10:18:24,896] [WARNING] 遇到非有限 loss (NaN/Inf)，跳过该 batch
[2025-12-08 10:18:24,904] [WARNING] 遇到非有限 loss (NaN/Inf)，跳过该 batch
[2025-12-08 10:18:24,913] [WARNING] 遇到非有限 loss (NaN/Inf)，跳过该 batch
[2025-12-08 10:18:24,921] [WARNING] 遇到非有限 loss (NaN/Inf)，跳过该 batch
[2025-12-08 10:18:24,930] [WARNING] 遇到非有限 loss (NaN/Inf)，跳过该 batch
[2025-12-08 10:18:24,938] [WARNING] 遇到非有限 loss (NaN/Inf)，跳过该 batch
[2025-12-08 10:18:24,946] [WARNING] 遇到非有限 loss (NaN/Inf)，跳过该 batch
[2025-12-08 10:18:24,954] [WARNING] 遇到非有限 loss (NaN/Inf)，跳过该 batch
[2025-12-08 10:18:24,962] [WARNING] 遇到非有限 loss (NaN/Inf)，跳过该 batch
[2025-12-08 10:18:24,970] [WARNING] 遇到非有限 loss (NaN/Inf)，跳过该 batch
[2025-12-08 10:18:24,979] [WARNING] 遇到非有限 loss (NaN/Inf)，跳过该 batch
[2025-12-08 10:18:24,987] [WARNING] 遇到非有限 loss (NaN/Inf)，跳过该 batch
[2025-12-08 10:18:24,995] [WARNING] 遇到非有限 loss (NaN/Inf)，跳过该 batch
[2025-12-08 10:18:25,003] [WARNING] 遇到非有限 loss (NaN/Inf)，跳过该 batch
[2025-12-08 10:18:25,011] [WARNING] 遇到非有限 loss (NaN/Inf)，跳过该 batch
[2025-12-08 10:18:25,019] [WARNING] 遇到非有限 loss (NaN/Inf)，跳过该 batch
[2025-12-08 10:18:25,027] [WARNING] 遇到非有限 loss (NaN/Inf)，跳过该 batch
[2025-12-08 10:18:25,035] [WARNING] 遇到非有限 loss (NaN/Inf)，跳过该 batch
[2025-12-08 10:18:25,043] [WARNING] 遇到非有限 loss (NaN/Inf)，跳过该 batch
[2025-12-08 10:18:25,051] [WARNING] 遇到非有限 loss (NaN/Inf)，跳过该 batch
[2025-12-08 10:18:25,059] [WARNING] 遇到非有限 loss (NaN/Inf)，跳过该 batch
[2025-12-08 10:18:25,067] [WARNING] 遇到非有限 loss (NaN/Inf)，跳过该 batch
[2025-12-08 10:18:25,075] [WARNING] 遇到非有限 loss (NaN/Inf)，跳过该 batch
[2025-12-08 10:18:25,083] [WARNING] 遇到非有限 loss (NaN/Inf)，跳过该 batch
[2025-12-08 10:18:25,091] [WARNING] 遇到非有限 loss (NaN/Inf)，跳过该 batch
[2025-12-08 10:18:25,100] [WARNING] 遇到非有限 loss (NaN/Inf)，跳过该 batch
[2025-12-08 10:18:25,107] [WARNING] 遇到非有限 loss (NaN/Inf)，跳过该 batch
[2025-12-08 10:18:25,115] [WARNING] 遇到非有限 loss (NaN/Inf)，跳过该 batch
[2025-12-08 10:18:25,124] [WARNING] 遇到非有限 loss (NaN/Inf)，跳过该 batch
[2025-12-08 10:18:25,132] [WARNING] 遇到非有限 loss (NaN/Inf)，跳过该 batch
[2025-12-08 10:18:25,141] [WARNING] 遇到非有限 loss (NaN/Inf)，跳过该 batch
[2025-12-08 10:18:25,150] [WARNING] 遇到非有限 loss (NaN/Inf)，跳过该 batch
[2025-12-08 10:18:25,159] [WARNING] 遇到非有限 loss (NaN/Inf)，跳过该 batch
[2025-12-08 10:18:25,167] [WARNING] 遇到非有限 loss (NaN/Inf)，跳过该 batch
[2025-12-08 10:18:25,175] [WARNING] 遇到非有限 loss (NaN/Inf)，跳过该 batch
[2025-12-08 10:18:25,187] [WARNING] 遇到非有限 loss (NaN/Inf)，跳过该 batch
[2025-12-08 10:18:25,196] [WARNING] 遇到非有限 loss (NaN/Inf)，跳过该 batch
[2025-12-08 10:18:25,204] [WARNING] 遇到非有限 loss (NaN/Inf)，跳过该 batch
[2025-12-08 10:18:25,211] [WARNING] 遇到非有限 loss (NaN/Inf)，跳过该 batch
[2025-12-08 10:18:25,219] [WARNING] 遇到非有限 loss (NaN/Inf)，跳过该 batch
[2025-12-08 10:18:25,227] [WARNING] 遇到非有限 loss (NaN/Inf)，跳过该 batch
[2025-12-08 10:18:25,234] [WARNING] 遇到非有限 loss (NaN/Inf)，跳过该 batch
[2025-12-08 10:18:25,242] [WARNING] 遇到非有限 loss (NaN/Inf)，跳过该 batch
[2025-12-08 10:18:25,250] [WARNING] 遇到非有限 loss (NaN/Inf)，跳过该 batch
[2025-12-08 10:18:25,258] [WARNING] 遇到非有限 loss (NaN/Inf)，跳过该 batch
[2025-12-08 10:18:25,266] [WARNING] 遇到非有限 loss (NaN/Inf)，跳过该 batch
[2025-12-08 10:18:25,274] [WARNING] 遇到非有限 loss (NaN/Inf)，跳过该 batch
[2025-12-08 10:18:25,283] [WARNING] 遇到非有限 loss (NaN/Inf)，跳过该 batch
[2025-12-08 10:18:25,291] [WARNING] 遇到非有限 loss (NaN/Inf)，跳过该 batch
[2025-12-08 10:18:25,299] [WARNING] 遇到非有限 loss (NaN/Inf)，跳过该 batch
[2025-12-08 10:18:25,307] [WARNING] 遇到非有限 loss (NaN/Inf)，跳过该 batch
[2025-12-08 10:18:25,315] [WARNING] 遇到非有限 loss (NaN/Inf)，跳过该 batch
[2025-12-08 10:18:25,323] [WARNING] 遇到非有限 loss (NaN/Inf)，跳过该 batch
[2025-12-08 10:18:25,330] [WARNING] 遇到非有限 loss (NaN/Inf)，跳过该 batch
[2025-12-08 10:18:25,338] [WARNING] 遇到非有限 loss (NaN/Inf)，跳过该 batch
[2025-12-08 10:18:25,346] [WARNING] 遇到非有限 loss (NaN/Inf)，跳过该 batch
[2025-12-08 10:18:25,354] [WARNING] 遇到非有限 loss (NaN/Inf)，跳过该 batch
[2025-12-08 10:18:25,361] [WARNING] 遇到非有限 loss (NaN/Inf)，跳过该 batch
[2025-12-08 10:18:25,370] [WARNING] 遇到非有限 loss (NaN/Inf)，跳过该 batch
[2025-12-08 10:18:25,377] [WARNING] 遇到非有限 loss (NaN/Inf)，跳过该 batch
[2025-12-08 10:18:25,386] [WARNING] 遇到非有限 loss (NaN/Inf)，跳过该 batch
[2025-12-08 10:18:25,393] [WARNING] 遇到非有限 loss (NaN/Inf)，跳过该 batch
[2025-12-08 10:18:25,401] [WARNING] 遇到非有限 loss (NaN/Inf)，跳过该 batch
[2025-12-08 10:18:25,409] [WARNING] 遇到非有限 loss (NaN/Inf)，跳过该 batch
[2025-12-08 10:18:25,417] [WARNING] 遇到非有限 loss (NaN/Inf)，跳过该 batch
[2025-12-08 10:18:25,424] [WARNING] 遇到非有限 loss (NaN/Inf)，跳过该 batch
[2025-12-08 10:18:25,432] [WARNING] 遇到非有限 loss (NaN/Inf)，跳过该 batch
[2025-12-08 10:18:25,440] [WARNING] 遇到非有限 loss (NaN/Inf)，跳过该 batch
[2025-12-08 10:18:25,448] [WARNING] 遇到非有限 loss (NaN/Inf)，跳过该 batch
[2025-12-08 10:18:25,456] [WARNING] 遇到非有限 loss (NaN/Inf)，跳过该 batch
[2025-12-08 10:18:25,463] [WARNING] 遇到非有限 loss (NaN/Inf)，跳过该 batch
[2025-12-08 10:18:25,472] [WARNING] 遇到非有限 loss (NaN/Inf)，跳过该 batch
[2025-12-08 10:18:25,480] [WARNING] 遇到非有限 loss (NaN/Inf)，跳过该 batch
[2025-12-08 10:18:25,488] [WARNING] 遇到非有限 loss (NaN/Inf)，跳过该 batch
[2025-12-08 10:18:25,496] [WARNING] 遇到非有限 loss (NaN/Inf)，跳过该 batch
[2025-12-08 10:18:25,504] [WARNING] 遇到非有限 loss (NaN/Inf)，跳过该 batch
[2025-12-08 10:18:25,512] [WARNING] 遇到非有限 loss (NaN/Inf)，跳过该 batch
[2025-12-08 10:18:25,520] [WARNING] 遇到非有限 loss (NaN/Inf)，跳过该 batch
[2025-12-08 10:18:25,528] [WARNING] 遇到非有限 loss (NaN/Inf)，跳过该 batch
[2025-12-08 10:18:25,536] [WARNING] 遇到非有限 loss (NaN/Inf)，跳过该 batch
[2025-12-08 10:18:25,543] [WARNING] 遇到非有限 loss (NaN/Inf)，跳过该 batch
[2025-12-08 10:18:25,552] [WARNING] 遇到非有限 loss (NaN/Inf)，跳过该 batch
[2025-12-08 10:18:25,560] [WARNING] 遇到非有限 loss (NaN/Inf)，跳过该 batch
[2025-12-08 10:18:25,568] [WARNING] 遇到非有限 loss (NaN/Inf)，跳过该 batch
[2025-12-08 10:18:25,576] [WARNING] 遇到非有限 loss (NaN/Inf)，跳过该 batch
[2025-12-08 10:18:25,584] [WARNING] 遇到非有限 loss (NaN/Inf)，跳过该 batch
[2025-12-08 10:18:25,592] [WARNING] 遇到非有限 loss (NaN/Inf)，跳过该 batch
[2025-12-08 10:18:25,600] [WARNING] 遇到非有限 loss (NaN/Inf)，跳过该 batch
[2025-12-08 10:18:25,608] [WARNING] 遇到非有限 loss (NaN/Inf)，跳过该 batch
[2025-12-08 10:18:25,615] [WARNING] 遇到非有限 loss (NaN/Inf)，跳过该 batch
[2025-12-08 10:18:25,623] [WARNING] 遇到非有限 loss (NaN/Inf)，跳过该 batch
[2025-12-08 10:18:25,631] [WARNING] 遇到非有限 loss (NaN/Inf)，跳过该 batch
[2025-12-08 10:18:25,639] [WARNING] 遇到非有限 loss (NaN/Inf)，跳过该 batch
[2025-12-08 10:18:25,647] [WARNING] 遇到非有限 loss (NaN/Inf)，跳过该 batch
[2025-12-08 10:18:25,656] [WARNING] 遇到非有限 loss (NaN/Inf)，跳过该 batch
[2025-12-08 10:18:25,664] [WARNING] 遇到非有限 loss (NaN/Inf)，跳过该 batch
[2025-12-08 10:18:25,671] [WARNING] 遇到非有限 loss (NaN/Inf)，跳过该 batch
[2025-12-08 10:18:25,679] [WARNING] 遇到非有限 loss (NaN/Inf)，跳过该 batch
[2025-12-08 10:18:25,687] [WARNING] 遇到非有限 loss (NaN/Inf)，跳过该 batch
[2025-12-08 10:18:25,695] [WARNING] 遇到非有限 loss (NaN/Inf)，跳过该 batch
[2025-12-08 10:18:25,703] [WARNING] 遇到非有限 loss (NaN/Inf)，跳过该 batch
[2025-12-08 10:18:25,711] [WARNING] 遇到非有限 loss (NaN/Inf)，跳过该 batch
[2025-12-08 10:18:25,719] [WARNING] 遇到非有限 loss (NaN/Inf)，跳过该 batch
[2025-12-08 10:18:25,727] [WARNING] 遇到非有限 loss (NaN/Inf)，跳过该 batch
[2025-12-08 10:18:25,734] [WARNING] 遇到非有限 loss (NaN/Inf)，跳过该 batch
[2025-12-08 10:18:25,743] [WARNING] 遇到非有限 loss (NaN/Inf)，跳过该 batch
[2025-12-08 10:18:25,750] [WARNING] 遇到非有限 loss (NaN/Inf)，跳过该 batch
[2025-12-08 10:18:25,758] [WARNING] 遇到非有限 loss (NaN/Inf)，跳过该 batch
[2025-12-08 10:18:25,766] [WARNING] 遇到非有限 loss (NaN/Inf)，跳过该 batch
[2025-12-08 10:18:25,775] [WARNING] 遇到非有限 loss (NaN/Inf)，跳过该 batch
[2025-12-08 10:18:25,782] [WARNING] 遇到非有限 loss (NaN/Inf)，跳过该 batch
[2025-12-08 10:18:25,790] [WARNING] 遇到非有限 loss (NaN/Inf)，跳过该 batch
[2025-12-08 10:18:25,798] [WARNING] 遇到非有限 loss (NaN/Inf)，跳过该 batch
[2025-12-08 10:18:25,806] [WARNING] 遇到非有限 loss (NaN/Inf)，跳过该 batch
[2025-12-08 10:18:25,814] [WARNING] 遇到非有限 loss (NaN/Inf)，跳过该 batch
[2025-12-08 10:18:25,822] [WARNING] 遇到非有限 loss (NaN/Inf)，跳过该 batch
[2025-12-08 10:18:25,830] [WARNING] 遇到非有限 loss (NaN/Inf)，跳过该 batch
[2025-12-08 10:18:25,838] [WARNING] 遇到非有限 loss (NaN/Inf)，跳过该 batch
[2025-12-08 10:18:25,847] [WARNING] 遇到非有限 loss (NaN/Inf)，跳过该 batch
[2025-12-08 10:18:25,855] [WARNING] 遇到非有限 loss (NaN/Inf)，跳过该 batch
[2025-12-08 10:18:25,863] [WARNING] 遇到非有限 loss (NaN/Inf)，跳过该 batch
[2025-12-08 10:18:25,871] [WARNING] 遇到非有限 loss (NaN/Inf)，跳过该 batch
[2025-12-08 10:18:25,879] [WARNING] 遇到非有限 loss (NaN/Inf)，跳过该 batch
[2025-12-08 10:18:25,888] [WARNING] 遇到非有限 loss (NaN/Inf)，跳过该 batch
[2025-12-08 10:18:25,896] [WARNING] 遇到非有限 loss (NaN/Inf)，跳过该 batch
[2025-12-08 10:18:25,904] [WARNING] 遇到非有限 loss (NaN/Inf)，跳过该 batch
[2025-12-08 10:18:25,911] [WARNING] 遇到非有限 loss (NaN/Inf)，跳过该 batch
[2025-12-08 10:18:25,919] [WARNING] 遇到非有限 loss (NaN/Inf)，跳过该 batch
[2025-12-08 10:18:25,927] [WARNING] 遇到非有限 loss (NaN/Inf)，跳过该 batch
[2025-12-08 10:18:25,935] [WARNING] 遇到非有限 loss (NaN/Inf)，跳过该 batch
[2025-12-08 10:18:25,943] [WARNING] 遇到非有限 loss (NaN/Inf)，跳过该 batch
[2025-12-08 10:18:25,952] [WARNING] 遇到非有限 loss (NaN/Inf)，跳过该 batch
[2025-12-08 10:18:25,959] [WARNING] 遇到非有限 loss (NaN/Inf)，跳过该 batch
[2025-12-08 10:18:25,968] [WARNING] 遇到非有限 loss (NaN/Inf)，跳过该 batch
[2025-12-08 10:18:25,976] [WARNING] 遇到非有限 loss (NaN/Inf)，跳过该 batch
[2025-12-08 10:18:25,983] [WARNING] 遇到非有限 loss (NaN/Inf)，跳过该 batch
[2025-12-08 10:18:25,991] [WARNING] 遇到非有限 loss (NaN/Inf)，跳过该 batch
[2025-12-08 10:18:25,999] [WARNING] 遇到非有限 loss (NaN/Inf)，跳过该 batch
[2025-12-08 10:18:26,007] [WARNING] 遇到非有限 loss (NaN/Inf)，跳过该 batch
[2025-12-08 10:18:26,015] [WARNING] 遇到非有限 loss (NaN/Inf)，跳过该 batch
[2025-12-08 10:18:26,023] [WARNING] 遇到非有限 loss (NaN/Inf)，跳过该 batch
[2025-12-08 10:18:26,030] [WARNING] 遇到非有限 loss (NaN/Inf)，跳过该 batch
[2025-12-08 10:18:26,038] [WARNING] 遇到非有限 loss (NaN/Inf)，跳过该 batch
[2025-12-08 10:18:26,046] [WARNING] 遇到非有限 loss (NaN/Inf)，跳过该 batch
[2025-12-08 10:18:26,054] [WARNING] 遇到非有限 loss (NaN/Inf)，跳过该 batch
[2025-12-08 10:18:26,063] [WARNING] 遇到非有限 loss (NaN/Inf)，跳过该 batch
[2025-12-08 10:18:26,071] [WARNING] 遇到非有限 loss (NaN/Inf)，跳过该 batch
[2025-12-08 10:18:26,079] [WARNING] 遇到非有限 loss (NaN/Inf)，跳过该 batch
[2025-12-08 10:18:26,087] [WARNING] 遇到非有限 loss (NaN/Inf)，跳过该 batch
[2025-12-08 10:18:26,095] [WARNING] 遇到非有限 loss (NaN/Inf)，跳过该 batch
[2025-12-08 10:18:26,102] [WARNING] 遇到非有限 loss (NaN/Inf)，跳过该 batch
[2025-12-08 10:18:26,110] [WARNING] 遇到非有限 loss (NaN/Inf)，跳过该 batch
[2025-12-08 10:18:26,118] [WARNING] 遇到非有限 loss (NaN/Inf)，跳过该 batch
[2025-12-08 10:18:26,126] [WARNING] 遇到非有限 loss (NaN/Inf)，跳过该 batch
[2025-12-08 10:18:26,134] [WARNING] 遇到非有限 loss (NaN/Inf)，跳过该 batch
[2025-12-08 10:18:26,142] [WARNING] 遇到非有限 loss (NaN/Inf)，跳过该 batch
[2025-12-08 10:18:26,150] [WARNING] 遇到非有限 loss (NaN/Inf)，跳过该 batch
[2025-12-08 10:18:26,158] [WARNING] 遇到非有限 loss (NaN/Inf)，跳过该 batch
[2025-12-08 10:18:26,166] [WARNING] 遇到非有限 loss (NaN/Inf)，跳过该 batch
[2025-12-08 10:18:26,173] [WARNING] 遇到非有限 loss (NaN/Inf)，跳过该 batch
[2025-12-08 10:18:26,181] [WARNING] 遇到非有限 loss (NaN/Inf)，跳过该 batch
[2025-12-08 10:18:26,189] [WARNING] 遇到非有限 loss (NaN/Inf)，跳过该 batch
[2025-12-08 10:18:26,197] [WARNING] 遇到非有限 loss (NaN/Inf)，跳过该 batch
[2025-12-08 10:18:26,205] [WARNING] 遇到非有限 loss (NaN/Inf)，跳过该 batch
[2025-12-08 10:18:26,212] [WARNING] 遇到非有限 loss (NaN/Inf)，跳过该 batch
[2025-12-08 10:18:26,220] [WARNING] 遇到非有限 loss (NaN/Inf)，跳过该 batch
[2025-12-08 10:18:26,228] [WARNING] 遇到非有限 loss (NaN/Inf)，跳过该 batch
[2025-12-08 10:18:26,236] [WARNING] 遇到非有限 loss (NaN/Inf)，跳过该 batch
[2025-12-08 10:18:26,244] [WARNING] 遇到非有限 loss (NaN/Inf)，跳过该 batch
[2025-12-08 10:18:26,252] [WARNING] 遇到非有限 loss (NaN/Inf)，跳过该 batch
[2025-12-08 10:18:26,260] [WARNING] 遇到非有限 loss (NaN/Inf)，跳过该 batch
[2025-12-08 10:18:26,268] [WARNING] 遇到非有限 loss (NaN/Inf)，跳过该 batch
[2025-12-08 10:18:26,275] [WARNING] 遇到非有限 loss (NaN/Inf)，跳过该 batch
[2025-12-08 10:18:26,283] [WARNING] 遇到非有限 loss (NaN/Inf)，跳过该 batch
[2025-12-08 10:18:26,291] [WARNING] 遇到非有限 loss (NaN/Inf)，跳过该 batch
[2025-12-08 10:18:26,299] [WARNING] 遇到非有限 loss (NaN/Inf)，跳过该 batch
[2025-12-08 10:18:26,307] [WARNING] 遇到非有限 loss (NaN/Inf)，跳过该 batch
[2025-12-08 10:18:26,315] [WARNING] 遇到非有限 loss (NaN/Inf)，跳过该 batch
[2025-12-08 10:18:26,323] [WARNING] 遇到非有限 loss (NaN/Inf)，跳过该 batch
[2025-12-08 10:18:26,331] [WARNING] 遇到非有限 loss (NaN/Inf)，跳过该 batch
[2025-12-08 10:18:26,339] [WARNING] 遇到非有限 loss (NaN/Inf)，跳过该 batch
[2025-12-08 10:18:26,347] [WARNING] 遇到非有限 loss (NaN/Inf)，跳过该 batch
[2025-12-08 10:18:26,355] [WARNING] 遇到非有限 loss (NaN/Inf)，跳过该 batch
[2025-12-08 10:18:26,362] [WARNING] 遇到非有限 loss (NaN/Inf)，跳过该 batch
[2025-12-08 10:18:26,370] [WARNING] 遇到非有限 loss (NaN/Inf)，跳过该 batch
[2025-12-08 10:18:26,378] [WARNING] 遇到非有限 loss (NaN/Inf)，跳过该 batch
[2025-12-08 10:18:26,386] [WARNING] 遇到非有限 loss (NaN/Inf)，跳过该 batch
[2025-12-08 10:18:26,394] [WARNING] 遇到非有限 loss (NaN/Inf)，跳过该 batch
[2025-12-08 10:18:26,402] [WARNING] 遇到非有限 loss (NaN/Inf)，跳过该 batch
[2025-12-08 10:18:26,409] [WARNING] 遇到非有限 loss (NaN/Inf)，跳过该 batch
[2025-12-08 10:18:26,417] [WARNING] 遇到非有限 loss (NaN/Inf)，跳过该 batch
[2025-12-08 10:18:26,425] [WARNING] 遇到非有限 loss (NaN/Inf)，跳过该 batch
[2025-12-08 10:18:26,433] [WARNING] 遇到非有限 loss (NaN/Inf)，跳过该 batch
[2025-12-08 10:18:26,441] [WARNING] 遇到非有限 loss (NaN/Inf)，跳过该 batch
[2025-12-08 10:18:26,449] [WARNING] 遇到非有限 loss (NaN/Inf)，跳过该 batch
[2025-12-08 10:18:26,457] [WARNING] 遇到非有限 loss (NaN/Inf)，跳过该 batch
[2025-12-08 10:18:26,465] [WARNING] 遇到非有限 loss (NaN/Inf)，跳过该 batch
[2025-12-08 10:18:26,473] [WARNING] 遇到非有限 loss (NaN/Inf)，跳过该 batch
[2025-12-08 10:18:26,481] [WARNING] 遇到非有限 loss (NaN/Inf)，跳过该 batch
[2025-12-08 10:18:26,488] [WARNING] 遇到非有限 loss (NaN/Inf)，跳过该 batch
[2025-12-08 10:18:26,496] [WARNING] 遇到非有限 loss (NaN/Inf)，跳过该 batch
[2025-12-08 10:18:26,504] [WARNING] 遇到非有限 loss (NaN/Inf)，跳过该 batch
[2025-12-08 10:18:26,513] [WARNING] 遇到非有限 loss (NaN/Inf)，跳过该 batch
[2025-12-08 10:18:26,522] [WARNING] 遇到非有限 loss (NaN/Inf)，跳过该 batch
[2025-12-08 10:18:26,531] [WARNING] 遇到非有限 loss (NaN/Inf)，跳过该 batch
[2025-12-08 10:18:26,541] [WARNING] 遇到非有限 loss (NaN/Inf)，跳过该 batch
[2025-12-08 10:18:26,551] [WARNING] 遇到非有限 loss (NaN/Inf)，跳过该 batch
[2025-12-08 10:18:26,560] [WARNING] 遇到非有限 loss (NaN/Inf)，跳过该 batch
[2025-12-08 10:18:26,568] [WARNING] 遇到非有限 loss (NaN/Inf)，跳过该 batch
[2025-12-08 10:18:26,575] [WARNING] 遇到非有限 loss (NaN/Inf)，跳过该 batch
[2025-12-08 10:18:26,583] [WARNING] 遇到非有限 loss (NaN/Inf)，跳过该 batch
[2025-12-08 10:18:26,591] [WARNING] 遇到非有限 loss (NaN/Inf)，跳过该 batch
[2025-12-08 10:18:26,599] [WARNING] 遇到非有限 loss (NaN/Inf)，跳过该 batch
[2025-12-08 10:18:26,607] [WARNING] 遇到非有限 loss (NaN/Inf)，跳过该 batch
[2025-12-08 10:18:26,615] [WARNING] 遇到非有限 loss (NaN/Inf)，跳过该 batch
[2025-12-08 10:18:26,624] [WARNING] 遇到非有限 loss (NaN/Inf)，跳过该 batch
[2025-12-08 10:18:26,632] [WARNING] 遇到非有限 loss (NaN/Inf)，跳过该 batch
[2025-12-08 10:18:26,640] [WARNING] 遇到非有限 loss (NaN/Inf)，跳过该 batch
[2025-12-08 10:18:26,649] [WARNING] 遇到非有限 loss (NaN/Inf)，跳过该 batch
[2025-12-08 10:18:26,657] [WARNING] 遇到非有限 loss (NaN/Inf)，跳过该 batch
[2025-12-08 10:18:26,664] [WARNING] 遇到非有限 loss (NaN/Inf)，跳过该 batch
[2025-12-08 10:18:26,673] [WARNING] 遇到非有限 loss (NaN/Inf)，跳过该 batch
[2025-12-08 10:18:26,680] [WARNING] 遇到非有限 loss (NaN/Inf)，跳过该 batch
[2025-12-08 10:18:26,688] [WARNING] 遇到非有限 loss (NaN/Inf)，跳过该 batch
[2025-12-08 10:18:26,696] [WARNING] 遇到非有限 loss (NaN/Inf)，跳过该 batch
[2025-12-08 10:18:26,704] [WARNING] 遇到非有限 loss (NaN/Inf)，跳过该 batch
[2025-12-08 10:18:26,712] [WARNING] 遇到非有限 loss (NaN/Inf)，跳过该 batch
[2025-12-08 10:18:26,719] [WARNING] 遇到非有限 loss (NaN/Inf)，跳过该 batch
[2025-12-08 10:18:26,727] [WARNING] 遇到非有限 loss (NaN/Inf)，跳过该 batch
[2025-12-08 10:18:26,735] [WARNING] 遇到非有限 loss (NaN/Inf)，跳过该 batch
[2025-12-08 10:18:26,743] [WARNING] 遇到非有限 loss (NaN/Inf)，跳过该 batch
[2025-12-08 10:18:26,751] [WARNING] 遇到非有限 loss (NaN/Inf)，跳过该 batch
[2025-12-08 10:18:26,759] [WARNING] 遇到非有限 loss (NaN/Inf)，跳过该 batch
[2025-12-08 10:18:26,767] [WARNING] 遇到非有限 loss (NaN/Inf)，跳过该 batch
[2025-12-08 10:18:26,775] [WARNING] 遇到非有限 loss (NaN/Inf)，跳过该 batch
[2025-12-08 10:18:26,783] [WARNING] 遇到非有限 loss (NaN/Inf)，跳过该 batch
[2025-12-08 10:18:26,791] [WARNING] 遇到非有限 loss (NaN/Inf)，跳过该 batch
[2025-12-08 10:18:26,799] [WARNING] 遇到非有限 loss (NaN/Inf)，跳过该 batch
[2025-12-08 10:18:26,806] [WARNING] 遇到非有限 loss (NaN/Inf)，跳过该 batch
[2025-12-08 10:18:26,814] [WARNING] 遇到非有限 loss (NaN/Inf)，跳过该 batch
[2025-12-08 10:18:26,822] [WARNING] 遇到非有限 loss (NaN/Inf)，跳过该 batch
[2025-12-08 10:18:26,831] [WARNING] 遇到非有限 loss (NaN/Inf)，跳过该 batch
[2025-12-08 10:18:26,838] [WARNING] 遇到非有限 loss (NaN/Inf)，跳过该 batch
[2025-12-08 10:18:26,846] [WARNING] 遇到非有限 loss (NaN/Inf)，跳过该 batch
[2025-12-08 10:18:26,854] [WARNING] 遇到非有限 loss (NaN/Inf)，跳过该 batch
[2025-12-08 10:18:26,862] [WARNING] 遇到非有限 loss (NaN/Inf)，跳过该 batch
[2025-12-08 10:18:26,869] [WARNING] 遇到非有限 loss (NaN/Inf)，跳过该 batch
[2025-12-08 10:18:26,877] [WARNING] 遇到非有限 loss (NaN/Inf)，跳过该 batch
[2025-12-08 10:18:26,885] [WARNING] 遇到非有限 loss (NaN/Inf)，跳过该 batch
[2025-12-08 10:18:26,893] [WARNING] 遇到非有限 loss (NaN/Inf)，跳过该 batch
[2025-12-08 10:18:26,901] [WARNING] 遇到非有限 loss (NaN/Inf)，跳过该 batch
[2025-12-08 10:18:26,909] [WARNING] 遇到非有限 loss (NaN/Inf)，跳过该 batch
[2025-12-08 10:18:26,917] [WARNING] 遇到非有限 loss (NaN/Inf)，跳过该 batch
[2025-12-08 10:18:26,925] [WARNING] 遇到非有限 loss (NaN/Inf)，跳过该 batch
[2025-12-08 10:18:26,933] [WARNING] 遇到非有限 loss (NaN/Inf)，跳过该 batch
[2025-12-08 10:18:26,941] [WARNING] 遇到非有限 loss (NaN/Inf)，跳过该 batch
[2025-12-08 10:18:26,949] [WARNING] 遇到非有限 loss (NaN/Inf)，跳过该 batch
[2025-12-08 10:18:26,957] [WARNING] 遇到非有限 loss (NaN/Inf)，跳过该 batch
[2025-12-08 10:18:26,965] [WARNING] 遇到非有限 loss (NaN/Inf)，跳过该 batch
[2025-12-08 10:18:26,973] [WARNING] 遇到非有限 loss (NaN/Inf)，跳过该 batch
[2025-12-08 10:18:26,981] [WARNING] 遇到非有限 loss (NaN/Inf)，跳过该 batch
[2025-12-08 10:18:26,989] [WARNING] 遇到非有限 loss (NaN/Inf)，跳过该 batch
[2025-12-08 10:18:26,997] [WARNING] 遇到非有限 loss (NaN/Inf)，跳过该 batch
[2025-12-08 10:18:27,005] [WARNING] 遇到非有限 loss (NaN/Inf)，跳过该 batch
[2025-12-08 10:18:27,014] [WARNING] 遇到非有限 loss (NaN/Inf)，跳过该 batch
[2025-12-08 10:18:27,022] [WARNING] 遇到非有限 loss (NaN/Inf)，跳过该 batch
[2025-12-08 10:18:27,030] [WARNING] 遇到非有限 loss (NaN/Inf)，跳过该 batch
[2025-12-08 10:18:27,038] [WARNING] 遇到非有限 loss (NaN/Inf)，跳过该 batch
[2025-12-08 10:18:27,046] [WARNING] 遇到非有限 loss (NaN/Inf)，跳过该 batch
[2025-12-08 10:18:27,054] [WARNING] 遇到非有限 loss (NaN/Inf)，跳过该 batch
[2025-12-08 10:18:27,061] [WARNING] 遇到非有限 loss (NaN/Inf)，跳过该 batch
[2025-12-08 10:18:27,070] [WARNING] 遇到非有限 loss (NaN/Inf)，跳过该 batch
[2025-12-08 10:18:27,078] [WARNING] 遇到非有限 loss (NaN/Inf)，跳过该 batch
[2025-12-08 10:18:27,086] [WARNING] 遇到非有限 loss (NaN/Inf)，跳过该 batch
[2025-12-08 10:18:27,094] [WARNING] 遇到非有限 loss (NaN/Inf)，跳过该 batch
[2025-12-08 10:18:27,102] [WARNING] 遇到非有限 loss (NaN/Inf)，跳过该 batch
[2025-12-08 10:18:27,110] [WARNING] 遇到非有限 loss (NaN/Inf)，跳过该 batch
[2025-12-08 10:18:27,118] [WARNING] 遇到非有限 loss (NaN/Inf)，跳过该 batch
[2025-12-08 10:18:27,126] [WARNING] 遇到非有限 loss (NaN/Inf)，跳过该 batch
[2025-12-08 10:18:27,135] [WARNING] 遇到非有限 loss (NaN/Inf)，跳过该 batch
[2025-12-08 10:18:27,142] [WARNING] 遇到非有限 loss (NaN/Inf)，跳过该 batch
[2025-12-08 10:18:27,150] [WARNING] 遇到非有限 loss (NaN/Inf)，跳过该 batch
[2025-12-08 10:18:27,158] [WARNING] 遇到非有限 loss (NaN/Inf)，跳过该 batch
[2025-12-08 10:18:27,166] [WARNING] 遇到非有限 loss (NaN/Inf)，跳过该 batch
[2025-12-08 10:18:27,173] [WARNING] 遇到非有限 loss (NaN/Inf)，跳过该 batch
[2025-12-08 10:18:27,181] [WARNING] 遇到非有限 loss (NaN/Inf)，跳过该 batch
[2025-12-08 10:18:27,189] [WARNING] 遇到非有限 loss (NaN/Inf)，跳过该 batch
[2025-12-08 10:18:27,197] [WARNING] 遇到非有限 loss (NaN/Inf)，跳过该 batch
[2025-12-08 10:18:27,205] [WARNING] 遇到非有限 loss (NaN/Inf)，跳过该 batch
[2025-12-08 10:18:27,213] [WARNING] 遇到非有限 loss (NaN/Inf)，跳过该 batch
[2025-12-08 10:18:27,221] [WARNING] 遇到非有限 loss (NaN/Inf)，跳过该 batch
[2025-12-08 10:18:27,228] [WARNING] 遇到非有限 loss (NaN/Inf)，跳过该 batch
[2025-12-08 10:18:27,236] [WARNING] 遇到非有限 loss (NaN/Inf)，跳过该 batch
[2025-12-08 10:18:27,244] [WARNING] 遇到非有限 loss (NaN/Inf)，跳过该 batch
[2025-12-08 10:18:27,252] [WARNING] 遇到非有限 loss (NaN/Inf)，跳过该 batch
[2025-12-08 10:18:27,259] [WARNING] 遇到非有限 loss (NaN/Inf)，跳过该 batch
[2025-12-08 10:18:27,267] [WARNING] 遇到非有限 loss (NaN/Inf)，跳过该 batch
[2025-12-08 10:18:27,297] [WARNING] 遇到非有限 loss (NaN/Inf)，跳过该 batch
[2025-12-08 10:18:27,306] [WARNING] 遇到非有限 loss (NaN/Inf)，跳过该 batch
[2025-12-08 10:18:27,313] [WARNING] 遇到非有限 loss (NaN/Inf)，跳过该 batch
[2025-12-08 10:18:27,321] [WARNING] 遇到非有限 loss (NaN/Inf)，跳过该 batch
[2025-12-08 10:18:27,329] [WARNING] 遇到非有限 loss (NaN/Inf)，跳过该 batch
[2025-12-08 10:18:27,337] [WARNING] 遇到非有限 loss (NaN/Inf)，跳过该 batch
[2025-12-08 10:18:27,344] [WARNING] 遇到非有限 loss (NaN/Inf)，跳过该 batch
[2025-12-08 10:18:27,352] [WARNING] 遇到非有限 loss (NaN/Inf)，跳过该 batch
[2025-12-08 10:18:27,442] [INFO] 本 epoch（预测分支）平均训练损失: 0.000000
[2025-12-08 10:18:57,877] [INFO] [Eval] F1=0.8900, P=0.9117, R=0.8693, AUC=0.6604, thr=4.740755, point_adjust=True
[2025-12-08 10:18:58,135] [INFO] 已保存可视化图：./logs/smd_forecast/scores_epoch9.png
[2025-12-08 10:18:58,135] [INFO] ========== Epoch 10/50 ==========
[2025-12-08 10:18:58,374] [WARNING] 遇到非有限 loss (NaN/Inf)，跳过该 batch
[2025-12-08 10:18:58,382] [WARNING] 遇到非有限 loss (NaN/Inf)，跳过该 batch
[2025-12-08 10:18:58,390] [WARNING] 遇到非有限 loss (NaN/Inf)，跳过该 batch
[2025-12-08 10:18:58,398] [WARNING] 遇到非有限 loss (NaN/Inf)，跳过该 batch
[2025-12-08 10:18:58,408] [WARNING] 遇到非有限 loss (NaN/Inf)，跳过该 batch
[2025-12-08 10:18:58,416] [WARNING] 遇到非有限 loss (NaN/Inf)，跳过该 batch
[2025-12-08 10:18:58,423] [WARNING] 遇到非有限 loss (NaN/Inf)，跳过该 batch
[2025-12-08 10:18:58,431] [WARNING] 遇到非有限 loss (NaN/Inf)，跳过该 batch
[2025-12-08 10:18:58,440] [WARNING] 遇到非有限 loss (NaN/Inf)，跳过该 batch
[2025-12-08 10:18:58,448] [WARNING] 遇到非有限 loss (NaN/Inf)，跳过该 batch
[2025-12-08 10:18:58,457] [WARNING] 遇到非有限 loss (NaN/Inf)，跳过该 batch
[2025-12-08 10:18:58,465] [WARNING] 遇到非有限 loss (NaN/Inf)，跳过该 batch
[2025-12-08 10:18:58,473] [WARNING] 遇到非有限 loss (NaN/Inf)，跳过该 batch
[2025-12-08 10:18:58,480] [WARNING] 遇到非有限 loss (NaN/Inf)，跳过该 batch
[2025-12-08 10:18:58,489] [WARNING] 遇到非有限 loss (NaN/Inf)，跳过该 batch
[2025-12-08 10:18:58,498] [WARNING] 遇到非有限 loss (NaN/Inf)，跳过该 batch
[2025-12-08 10:18:58,506] [WARNING] 遇到非有限 loss (NaN/Inf)，跳过该 batch
[2025-12-08 10:18:58,514] [WARNING] 遇到非有限 loss (NaN/Inf)，跳过该 batch
[2025-12-08 10:18:58,522] [WARNING] 遇到非有限 loss (NaN/Inf)，跳过该 batch
[2025-12-08 10:18:58,530] [WARNING] 遇到非有限 loss (NaN/Inf)，跳过该 batch
[2025-12-08 10:18:58,537] [WARNING] 遇到非有限 loss (NaN/Inf)，跳过该 batch
[2025-12-08 10:18:58,545] [WARNING] 遇到非有限 loss (NaN/Inf)，跳过该 batch
[2025-12-08 10:18:58,553] [WARNING] 遇到非有限 loss (NaN/Inf)，跳过该 batch
[2025-12-08 10:18:58,561] [WARNING] 遇到非有限 loss (NaN/Inf)，跳过该 batch
[2025-12-08 10:18:58,568] [WARNING] 遇到非有限 loss (NaN/Inf)，跳过该 batch
[2025-12-08 10:18:58,576] [WARNING] 遇到非有限 loss (NaN/Inf)，跳过该 batch
[2025-12-08 10:18:58,584] [WARNING] 遇到非有限 loss (NaN/Inf)，跳过该 batch
[2025-12-08 10:18:58,592] [WARNING] 遇到非有限 loss (NaN/Inf)，跳过该 batch
[2025-12-08 10:18:58,600] [WARNING] 遇到非有限 loss (NaN/Inf)，跳过该 batch
[2025-12-08 10:18:58,608] [WARNING] 遇到非有限 loss (NaN/Inf)，跳过该 batch
[2025-12-08 10:18:58,617] [WARNING] 遇到非有限 loss (NaN/Inf)，跳过该 batch
[2025-12-08 10:18:58,625] [WARNING] 遇到非有限 loss (NaN/Inf)，跳过该 batch
[2025-12-08 10:18:58,633] [WARNING] 遇到非有限 loss (NaN/Inf)，跳过该 batch
[2025-12-08 10:18:58,641] [WARNING] 遇到非有限 loss (NaN/Inf)，跳过该 batch
[2025-12-08 10:18:58,650] [WARNING] 遇到非有限 loss (NaN/Inf)，跳过该 batch
[2025-12-08 10:18:58,658] [WARNING] 遇到非有限 loss (NaN/Inf)，跳过该 batch
[2025-12-08 10:18:58,665] [WARNING] 遇到非有限 loss (NaN/Inf)，跳过该 batch
[2025-12-08 10:18:58,673] [WARNING] 遇到非有限 loss (NaN/Inf)，跳过该 batch
[2025-12-08 10:18:58,681] [WARNING] 遇到非有限 loss (NaN/Inf)，跳过该 batch
[2025-12-08 10:18:58,692] [WARNING] 遇到非有限 loss (NaN/Inf)，跳过该 batch
[2025-12-08 10:18:58,700] [WARNING] 遇到非有限 loss (NaN/Inf)，跳过该 batch
[2025-12-08 10:18:58,708] [WARNING] 遇到非有限 loss (NaN/Inf)，跳过该 batch
[2025-12-08 10:18:58,716] [WARNING] 遇到非有限 loss (NaN/Inf)，跳过该 batch
[2025-12-08 10:18:58,724] [WARNING] 遇到非有限 loss (NaN/Inf)，跳过该 batch
[2025-12-08 10:18:58,733] [WARNING] 遇到非有限 loss (NaN/Inf)，跳过该 batch
[2025-12-08 10:18:58,741] [WARNING] 遇到非有限 loss (NaN/Inf)，跳过该 batch
[2025-12-08 10:18:58,749] [WARNING] 遇到非有限 loss (NaN/Inf)，跳过该 batch
[2025-12-08 10:18:58,757] [WARNING] 遇到非有限 loss (NaN/Inf)，跳过该 batch
[2025-12-08 10:18:58,765] [WARNING] 遇到非有限 loss (NaN/Inf)，跳过该 batch
[2025-12-08 10:18:58,779] [WARNING] 遇到非有限 loss (NaN/Inf)，跳过该 batch
[2025-12-08 10:18:58,788] [WARNING] 遇到非有限 loss (NaN/Inf)，跳过该 batch
[2025-12-08 10:18:58,797] [WARNING] 遇到非有限 loss (NaN/Inf)，跳过该 batch
[2025-12-08 10:18:58,805] [WARNING] 遇到非有限 loss (NaN/Inf)，跳过该 batch
[2025-12-08 10:18:58,813] [WARNING] 遇到非有限 loss (NaN/Inf)，跳过该 batch
[2025-12-08 10:18:58,821] [WARNING] 遇到非有限 loss (NaN/Inf)，跳过该 batch
[2025-12-08 10:18:58,830] [WARNING] 遇到非有限 loss (NaN/Inf)，跳过该 batch
[2025-12-08 10:18:58,838] [WARNING] 遇到非有限 loss (NaN/Inf)，跳过该 batch
[2025-12-08 10:18:58,846] [WARNING] 遇到非有限 loss (NaN/Inf)，跳过该 batch
[2025-12-08 10:18:58,854] [WARNING] 遇到非有限 loss (NaN/Inf)，跳过该 batch
[2025-12-08 10:18:58,863] [WARNING] 遇到非有限 loss (NaN/Inf)，跳过该 batch
[2025-12-08 10:18:58,870] [WARNING] 遇到非有限 loss (NaN/Inf)，跳过该 batch
[2025-12-08 10:18:58,878] [WARNING] 遇到非有限 loss (NaN/Inf)，跳过该 batch
[2025-12-08 10:18:58,886] [WARNING] 遇到非有限 loss (NaN/Inf)，跳过该 batch
[2025-12-08 10:18:58,894] [WARNING] 遇到非有限 loss (NaN/Inf)，跳过该 batch
[2025-12-08 10:18:58,902] [WARNING] 遇到非有限 loss (NaN/Inf)，跳过该 batch
[2025-12-08 10:18:58,910] [WARNING] 遇到非有限 loss (NaN/Inf)，跳过该 batch
[2025-12-08 10:18:58,918] [WARNING] 遇到非有限 loss (NaN/Inf)，跳过该 batch
[2025-12-08 10:18:58,926] [WARNING] 遇到非有限 loss (NaN/Inf)，跳过该 batch
[2025-12-08 10:18:58,934] [WARNING] 遇到非有限 loss (NaN/Inf)，跳过该 batch
[2025-12-08 10:18:58,942] [WARNING] 遇到非有限 loss (NaN/Inf)，跳过该 batch
[2025-12-08 10:18:58,950] [WARNING] 遇到非有限 loss (NaN/Inf)，跳过该 batch
[2025-12-08 10:18:58,957] [WARNING] 遇到非有限 loss (NaN/Inf)，跳过该 batch
[2025-12-08 10:18:58,965] [WARNING] 遇到非有限 loss (NaN/Inf)，跳过该 batch
[2025-12-08 10:18:58,974] [WARNING] 遇到非有限 loss (NaN/Inf)，跳过该 batch
[2025-12-08 10:18:58,982] [WARNING] 遇到非有限 loss (NaN/Inf)，跳过该 batch
[2025-12-08 10:18:58,990] [WARNING] 遇到非有限 loss (NaN/Inf)，跳过该 batch
[2025-12-08 10:18:58,998] [WARNING] 遇到非有限 loss (NaN/Inf)，跳过该 batch
[2025-12-08 10:18:59,006] [WARNING] 遇到非有限 loss (NaN/Inf)，跳过该 batch
[2025-12-08 10:18:59,014] [WARNING] 遇到非有限 loss (NaN/Inf)，跳过该 batch
[2025-12-08 10:18:59,023] [WARNING] 遇到非有限 loss (NaN/Inf)，跳过该 batch
[2025-12-08 10:18:59,031] [WARNING] 遇到非有限 loss (NaN/Inf)，跳过该 batch
[2025-12-08 10:18:59,039] [WARNING] 遇到非有限 loss (NaN/Inf)，跳过该 batch
[2025-12-08 10:18:59,047] [WARNING] 遇到非有限 loss (NaN/Inf)，跳过该 batch
[2025-12-08 10:18:59,055] [WARNING] 遇到非有限 loss (NaN/Inf)，跳过该 batch
[2025-12-08 10:18:59,063] [WARNING] 遇到非有限 loss (NaN/Inf)，跳过该 batch
[2025-12-08 10:18:59,071] [WARNING] 遇到非有限 loss (NaN/Inf)，跳过该 batch
[2025-12-08 10:18:59,079] [WARNING] 遇到非有限 loss (NaN/Inf)，跳过该 batch
[2025-12-08 10:18:59,087] [WARNING] 遇到非有限 loss (NaN/Inf)，跳过该 batch
[2025-12-08 10:18:59,095] [WARNING] 遇到非有限 loss (NaN/Inf)，跳过该 batch
[2025-12-08 10:18:59,103] [WARNING] 遇到非有限 loss (NaN/Inf)，跳过该 batch
[2025-12-08 10:18:59,110] [WARNING] 遇到非有限 loss (NaN/Inf)，跳过该 batch
[2025-12-08 10:18:59,118] [WARNING] 遇到非有限 loss (NaN/Inf)，跳过该 batch
[2025-12-08 10:18:59,128] [WARNING] 遇到非有限 loss (NaN/Inf)，跳过该 batch
[2025-12-08 10:18:59,136] [WARNING] 遇到非有限 loss (NaN/Inf)，跳过该 batch
[2025-12-08 10:18:59,144] [WARNING] 遇到非有限 loss (NaN/Inf)，跳过该 batch
[2025-12-08 10:18:59,153] [WARNING] 遇到非有限 loss (NaN/Inf)，跳过该 batch
[2025-12-08 10:18:59,161] [WARNING] 遇到非有限 loss (NaN/Inf)，跳过该 batch
[2025-12-08 10:18:59,169] [WARNING] 遇到非有限 loss (NaN/Inf)，跳过该 batch
[2025-12-08 10:18:59,177] [WARNING] 遇到非有限 loss (NaN/Inf)，跳过该 batch
[2025-12-08 10:18:59,185] [WARNING] 遇到非有限 loss (NaN/Inf)，跳过该 batch
[2025-12-08 10:18:59,193] [WARNING] 遇到非有限 loss (NaN/Inf)，跳过该 batch
[2025-12-08 10:18:59,201] [WARNING] 遇到非有限 loss (NaN/Inf)，跳过该 batch
[2025-12-08 10:18:59,209] [WARNING] 遇到非有限 loss (NaN/Inf)，跳过该 batch
[2025-12-08 10:18:59,218] [WARNING] 遇到非有限 loss (NaN/Inf)，跳过该 batch
[2025-12-08 10:18:59,226] [WARNING] 遇到非有限 loss (NaN/Inf)，跳过该 batch
[2025-12-08 10:18:59,234] [WARNING] 遇到非有限 loss (NaN/Inf)，跳过该 batch
[2025-12-08 10:18:59,242] [WARNING] 遇到非有限 loss (NaN/Inf)，跳过该 batch
[2025-12-08 10:18:59,250] [WARNING] 遇到非有限 loss (NaN/Inf)，跳过该 batch
[2025-12-08 10:18:59,259] [WARNING] 遇到非有限 loss (NaN/Inf)，跳过该 batch
[2025-12-08 10:18:59,266] [WARNING] 遇到非有限 loss (NaN/Inf)，跳过该 batch
[2025-12-08 10:18:59,275] [WARNING] 遇到非有限 loss (NaN/Inf)，跳过该 batch
[2025-12-08 10:18:59,283] [WARNING] 遇到非有限 loss (NaN/Inf)，跳过该 batch
[2025-12-08 10:18:59,292] [WARNING] 遇到非有限 loss (NaN/Inf)，跳过该 batch
[2025-12-08 10:18:59,300] [WARNING] 遇到非有限 loss (NaN/Inf)，跳过该 batch
[2025-12-08 10:18:59,308] [WARNING] 遇到非有限 loss (NaN/Inf)，跳过该 batch
[2025-12-08 10:18:59,316] [WARNING] 遇到非有限 loss (NaN/Inf)，跳过该 batch
[2025-12-08 10:18:59,324] [WARNING] 遇到非有限 loss (NaN/Inf)，跳过该 batch
[2025-12-08 10:18:59,333] [WARNING] 遇到非有限 loss (NaN/Inf)，跳过该 batch
[2025-12-08 10:18:59,343] [WARNING] 遇到非有限 loss (NaN/Inf)，跳过该 batch
[2025-12-08 10:18:59,352] [WARNING] 遇到非有限 loss (NaN/Inf)，跳过该 batch
[2025-12-08 10:18:59,360] [WARNING] 遇到非有限 loss (NaN/Inf)，跳过该 batch
[2025-12-08 10:18:59,368] [WARNING] 遇到非有限 loss (NaN/Inf)，跳过该 batch
[2025-12-08 10:18:59,376] [WARNING] 遇到非有限 loss (NaN/Inf)，跳过该 batch
[2025-12-08 10:18:59,384] [WARNING] 遇到非有限 loss (NaN/Inf)，跳过该 batch
[2025-12-08 10:18:59,392] [WARNING] 遇到非有限 loss (NaN/Inf)，跳过该 batch
[2025-12-08 10:18:59,401] [WARNING] 遇到非有限 loss (NaN/Inf)，跳过该 batch
[2025-12-08 10:18:59,409] [WARNING] 遇到非有限 loss (NaN/Inf)，跳过该 batch
[2025-12-08 10:18:59,418] [WARNING] 遇到非有限 loss (NaN/Inf)，跳过该 batch
[2025-12-08 10:18:59,426] [WARNING] 遇到非有限 loss (NaN/Inf)，跳过该 batch
[2025-12-08 10:18:59,434] [WARNING] 遇到非有限 loss (NaN/Inf)，跳过该 batch
[2025-12-08 10:18:59,443] [WARNING] 遇到非有限 loss (NaN/Inf)，跳过该 batch
[2025-12-08 10:18:59,450] [WARNING] 遇到非有限 loss (NaN/Inf)，跳过该 batch
[2025-12-08 10:18:59,459] [WARNING] 遇到非有限 loss (NaN/Inf)，跳过该 batch
[2025-12-08 10:18:59,467] [WARNING] 遇到非有限 loss (NaN/Inf)，跳过该 batch
[2025-12-08 10:18:59,475] [WARNING] 遇到非有限 loss (NaN/Inf)，跳过该 batch
[2025-12-08 10:18:59,483] [WARNING] 遇到非有限 loss (NaN/Inf)，跳过该 batch
[2025-12-08 10:18:59,491] [WARNING] 遇到非有限 loss (NaN/Inf)，跳过该 batch
[2025-12-08 10:18:59,499] [WARNING] 遇到非有限 loss (NaN/Inf)，跳过该 batch
[2025-12-08 10:18:59,507] [WARNING] 遇到非有限 loss (NaN/Inf)，跳过该 batch
[2025-12-08 10:18:59,515] [WARNING] 遇到非有限 loss (NaN/Inf)，跳过该 batch
[2025-12-08 10:18:59,525] [WARNING] 遇到非有限 loss (NaN/Inf)，跳过该 batch
[2025-12-08 10:18:59,534] [WARNING] 遇到非有限 loss (NaN/Inf)，跳过该 batch
[2025-12-08 10:18:59,542] [WARNING] 遇到非有限 loss (NaN/Inf)，跳过该 batch
[2025-12-08 10:18:59,550] [WARNING] 遇到非有限 loss (NaN/Inf)，跳过该 batch
[2025-12-08 10:18:59,558] [WARNING] 遇到非有限 loss (NaN/Inf)，跳过该 batch
[2025-12-08 10:18:59,566] [WARNING] 遇到非有限 loss (NaN/Inf)，跳过该 batch
[2025-12-08 10:18:59,574] [WARNING] 遇到非有限 loss (NaN/Inf)，跳过该 batch
[2025-12-08 10:18:59,582] [WARNING] 遇到非有限 loss (NaN/Inf)，跳过该 batch
[2025-12-08 10:18:59,590] [WARNING] 遇到非有限 loss (NaN/Inf)，跳过该 batch
[2025-12-08 10:18:59,598] [WARNING] 遇到非有限 loss (NaN/Inf)，跳过该 batch
[2025-12-08 10:18:59,607] [WARNING] 遇到非有限 loss (NaN/Inf)，跳过该 batch
[2025-12-08 10:18:59,615] [WARNING] 遇到非有限 loss (NaN/Inf)，跳过该 batch
[2025-12-08 10:18:59,623] [WARNING] 遇到非有限 loss (NaN/Inf)，跳过该 batch
[2025-12-08 10:18:59,631] [WARNING] 遇到非有限 loss (NaN/Inf)，跳过该 batch
[2025-12-08 10:18:59,640] [WARNING] 遇到非有限 loss (NaN/Inf)，跳过该 batch
[2025-12-08 10:18:59,648] [WARNING] 遇到非有限 loss (NaN/Inf)，跳过该 batch
[2025-12-08 10:18:59,656] [WARNING] 遇到非有限 loss (NaN/Inf)，跳过该 batch
[2025-12-08 10:18:59,664] [WARNING] 遇到非有限 loss (NaN/Inf)，跳过该 batch
[2025-12-08 10:18:59,672] [WARNING] 遇到非有限 loss (NaN/Inf)，跳过该 batch
[2025-12-08 10:18:59,680] [WARNING] 遇到非有限 loss (NaN/Inf)，跳过该 batch
[2025-12-08 10:18:59,688] [WARNING] 遇到非有限 loss (NaN/Inf)，跳过该 batch
[2025-12-08 10:18:59,696] [WARNING] 遇到非有限 loss (NaN/Inf)，跳过该 batch
[2025-12-08 10:18:59,705] [WARNING] 遇到非有限 loss (NaN/Inf)，跳过该 batch
[2025-12-08 10:18:59,713] [WARNING] 遇到非有限 loss (NaN/Inf)，跳过该 batch
[2025-12-08 10:18:59,721] [WARNING] 遇到非有限 loss (NaN/Inf)，跳过该 batch
[2025-12-08 10:18:59,730] [WARNING] 遇到非有限 loss (NaN/Inf)，跳过该 batch
[2025-12-08 10:18:59,738] [WARNING] 遇到非有限 loss (NaN/Inf)，跳过该 batch
[2025-12-08 10:18:59,746] [WARNING] 遇到非有限 loss (NaN/Inf)，跳过该 batch
[2025-12-08 10:18:59,754] [WARNING] 遇到非有限 loss (NaN/Inf)，跳过该 batch
[2025-12-08 10:18:59,762] [WARNING] 遇到非有限 loss (NaN/Inf)，跳过该 batch
[2025-12-08 10:18:59,770] [WARNING] 遇到非有限 loss (NaN/Inf)，跳过该 batch
[2025-12-08 10:18:59,778] [WARNING] 遇到非有限 loss (NaN/Inf)，跳过该 batch
[2025-12-08 10:18:59,786] [WARNING] 遇到非有限 loss (NaN/Inf)，跳过该 batch
[2025-12-08 10:18:59,794] [WARNING] 遇到非有限 loss (NaN/Inf)，跳过该 batch
[2025-12-08 10:18:59,802] [WARNING] 遇到非有限 loss (NaN/Inf)，跳过该 batch
[2025-12-08 10:18:59,810] [WARNING] 遇到非有限 loss (NaN/Inf)，跳过该 batch
[2025-12-08 10:18:59,819] [WARNING] 遇到非有限 loss (NaN/Inf)，跳过该 batch
[2025-12-08 10:18:59,827] [WARNING] 遇到非有限 loss (NaN/Inf)，跳过该 batch
[2025-12-08 10:18:59,835] [WARNING] 遇到非有限 loss (NaN/Inf)，跳过该 batch
[2025-12-08 10:18:59,843] [WARNING] 遇到非有限 loss (NaN/Inf)，跳过该 batch
[2025-12-08 10:18:59,852] [WARNING] 遇到非有限 loss (NaN/Inf)，跳过该 batch
[2025-12-08 10:18:59,859] [WARNING] 遇到非有限 loss (NaN/Inf)，跳过该 batch
[2025-12-08 10:18:59,868] [WARNING] 遇到非有限 loss (NaN/Inf)，跳过该 batch
[2025-12-08 10:18:59,876] [WARNING] 遇到非有限 loss (NaN/Inf)，跳过该 batch
[2025-12-08 10:18:59,884] [WARNING] 遇到非有限 loss (NaN/Inf)，跳过该 batch
[2025-12-08 10:18:59,891] [WARNING] 遇到非有限 loss (NaN/Inf)，跳过该 batch
[2025-12-08 10:18:59,900] [WARNING] 遇到非有限 loss (NaN/Inf)，跳过该 batch
[2025-12-08 10:18:59,908] [WARNING] 遇到非有限 loss (NaN/Inf)，跳过该 batch
[2025-12-08 10:18:59,918] [WARNING] 遇到非有限 loss (NaN/Inf)，跳过该 batch
[2025-12-08 10:18:59,926] [WARNING] 遇到非有限 loss (NaN/Inf)，跳过该 batch
[2025-12-08 10:18:59,934] [WARNING] 遇到非有限 loss (NaN/Inf)，跳过该 batch
[2025-12-08 10:18:59,943] [WARNING] 遇到非有限 loss (NaN/Inf)，跳过该 batch
[2025-12-08 10:18:59,951] [WARNING] 遇到非有限 loss (NaN/Inf)，跳过该 batch
[2025-12-08 10:18:59,959] [WARNING] 遇到非有限 loss (NaN/Inf)，跳过该 batch
[2025-12-08 10:18:59,967] [WARNING] 遇到非有限 loss (NaN/Inf)，跳过该 batch
[2025-12-08 10:18:59,975] [WARNING] 遇到非有限 loss (NaN/Inf)，跳过该 batch
[2025-12-08 10:18:59,983] [WARNING] 遇到非有限 loss (NaN/Inf)，跳过该 batch
[2025-12-08 10:18:59,991] [WARNING] 遇到非有限 loss (NaN/Inf)，跳过该 batch
[2025-12-08 10:18:59,999] [WARNING] 遇到非有限 loss (NaN/Inf)，跳过该 batch
[2025-12-08 10:19:00,008] [WARNING] 遇到非有限 loss (NaN/Inf)，跳过该 batch
[2025-12-08 10:19:00,017] [WARNING] 遇到非有限 loss (NaN/Inf)，跳过该 batch
[2025-12-08 10:19:00,025] [WARNING] 遇到非有限 loss (NaN/Inf)，跳过该 batch
[2025-12-08 10:19:00,033] [WARNING] 遇到非有限 loss (NaN/Inf)，跳过该 batch
[2025-12-08 10:19:00,041] [WARNING] 遇到非有限 loss (NaN/Inf)，跳过该 batch
[2025-12-08 10:19:00,048] [WARNING] 遇到非有限 loss (NaN/Inf)，跳过该 batch
[2025-12-08 10:19:00,056] [WARNING] 遇到非有限 loss (NaN/Inf)，跳过该 batch
[2025-12-08 10:19:00,064] [WARNING] 遇到非有限 loss (NaN/Inf)，跳过该 batch
[2025-12-08 10:19:00,072] [WARNING] 遇到非有限 loss (NaN/Inf)，跳过该 batch
[2025-12-08 10:19:00,081] [WARNING] 遇到非有限 loss (NaN/Inf)，跳过该 batch
[2025-12-08 10:19:00,089] [WARNING] 遇到非有限 loss (NaN/Inf)，跳过该 batch
[2025-12-08 10:19:00,097] [WARNING] 遇到非有限 loss (NaN/Inf)，跳过该 batch
[2025-12-08 10:19:00,106] [WARNING] 遇到非有限 loss (NaN/Inf)，跳过该 batch
[2025-12-08 10:19:00,113] [WARNING] 遇到非有限 loss (NaN/Inf)，跳过该 batch
[2025-12-08 10:19:00,121] [WARNING] 遇到非有限 loss (NaN/Inf)，跳过该 batch
[2025-12-08 10:19:00,130] [WARNING] 遇到非有限 loss (NaN/Inf)，跳过该 batch
[2025-12-08 10:19:00,137] [WARNING] 遇到非有限 loss (NaN/Inf)，跳过该 batch
[2025-12-08 10:19:00,146] [WARNING] 遇到非有限 loss (NaN/Inf)，跳过该 batch
[2025-12-08 10:19:00,154] [WARNING] 遇到非有限 loss (NaN/Inf)，跳过该 batch
[2025-12-08 10:19:00,162] [WARNING] 遇到非有限 loss (NaN/Inf)，跳过该 batch
[2025-12-08 10:19:00,171] [WARNING] 遇到非有限 loss (NaN/Inf)，跳过该 batch
[2025-12-08 10:19:00,179] [WARNING] 遇到非有限 loss (NaN/Inf)，跳过该 batch
[2025-12-08 10:19:00,187] [WARNING] 遇到非有限 loss (NaN/Inf)，跳过该 batch
[2025-12-08 10:19:00,196] [WARNING] 遇到非有限 loss (NaN/Inf)，跳过该 batch
[2025-12-08 10:19:00,204] [WARNING] 遇到非有限 loss (NaN/Inf)，跳过该 batch
[2025-12-08 10:19:00,212] [WARNING] 遇到非有限 loss (NaN/Inf)，跳过该 batch
[2025-12-08 10:19:00,220] [WARNING] 遇到非有限 loss (NaN/Inf)，跳过该 batch
[2025-12-08 10:19:00,228] [WARNING] 遇到非有限 loss (NaN/Inf)，跳过该 batch
[2025-12-08 10:19:00,236] [WARNING] 遇到非有限 loss (NaN/Inf)，跳过该 batch
[2025-12-08 10:19:00,244] [WARNING] 遇到非有限 loss (NaN/Inf)，跳过该 batch
[2025-12-08 10:19:00,252] [WARNING] 遇到非有限 loss (NaN/Inf)，跳过该 batch
[2025-12-08 10:19:00,260] [WARNING] 遇到非有限 loss (NaN/Inf)，跳过该 batch
[2025-12-08 10:19:00,268] [WARNING] 遇到非有限 loss (NaN/Inf)，跳过该 batch
[2025-12-08 10:19:00,276] [WARNING] 遇到非有限 loss (NaN/Inf)，跳过该 batch
[2025-12-08 10:19:00,285] [WARNING] 遇到非有限 loss (NaN/Inf)，跳过该 batch
[2025-12-08 10:19:00,294] [WARNING] 遇到非有限 loss (NaN/Inf)，跳过该 batch
[2025-12-08 10:19:00,302] [WARNING] 遇到非有限 loss (NaN/Inf)，跳过该 batch
[2025-12-08 10:19:00,310] [WARNING] 遇到非有限 loss (NaN/Inf)，跳过该 batch
[2025-12-08 10:19:00,318] [WARNING] 遇到非有限 loss (NaN/Inf)，跳过该 batch
[2025-12-08 10:19:00,327] [WARNING] 遇到非有限 loss (NaN/Inf)，跳过该 batch
[2025-12-08 10:19:00,334] [WARNING] 遇到非有限 loss (NaN/Inf)，跳过该 batch
[2025-12-08 10:19:00,342] [WARNING] 遇到非有限 loss (NaN/Inf)，跳过该 batch
[2025-12-08 10:19:00,351] [WARNING] 遇到非有限 loss (NaN/Inf)，跳过该 batch
[2025-12-08 10:19:00,359] [WARNING] 遇到非有限 loss (NaN/Inf)，跳过该 batch
[2025-12-08 10:19:00,366] [WARNING] 遇到非有限 loss (NaN/Inf)，跳过该 batch
[2025-12-08 10:19:00,374] [WARNING] 遇到非有限 loss (NaN/Inf)，跳过该 batch
[2025-12-08 10:19:00,383] [WARNING] 遇到非有限 loss (NaN/Inf)，跳过该 batch
[2025-12-08 10:19:00,391] [WARNING] 遇到非有限 loss (NaN/Inf)，跳过该 batch
[2025-12-08 10:19:00,400] [WARNING] 遇到非有限 loss (NaN/Inf)，跳过该 batch
[2025-12-08 10:19:00,408] [WARNING] 遇到非有限 loss (NaN/Inf)，跳过该 batch
[2025-12-08 10:19:00,416] [WARNING] 遇到非有限 loss (NaN/Inf)，跳过该 batch
[2025-12-08 10:19:00,424] [WARNING] 遇到非有限 loss (NaN/Inf)，跳过该 batch
[2025-12-08 10:19:00,432] [WARNING] 遇到非有限 loss (NaN/Inf)，跳过该 batch
[2025-12-08 10:19:00,440] [WARNING] 遇到非有限 loss (NaN/Inf)，跳过该 batch
[2025-12-08 10:19:00,448] [WARNING] 遇到非有限 loss (NaN/Inf)，跳过该 batch
[2025-12-08 10:19:00,456] [WARNING] 遇到非有限 loss (NaN/Inf)，跳过该 batch
[2025-12-08 10:19:00,464] [WARNING] 遇到非有限 loss (NaN/Inf)，跳过该 batch
[2025-12-08 10:19:00,472] [WARNING] 遇到非有限 loss (NaN/Inf)，跳过该 batch
[2025-12-08 10:19:00,481] [WARNING] 遇到非有限 loss (NaN/Inf)，跳过该 batch
[2025-12-08 10:19:00,489] [WARNING] 遇到非有限 loss (NaN/Inf)，跳过该 batch
[2025-12-08 10:19:00,497] [WARNING] 遇到非有限 loss (NaN/Inf)，跳过该 batch
[2025-12-08 10:19:00,505] [WARNING] 遇到非有限 loss (NaN/Inf)，跳过该 batch
[2025-12-08 10:19:00,513] [WARNING] 遇到非有限 loss (NaN/Inf)，跳过该 batch
[2025-12-08 10:19:00,521] [WARNING] 遇到非有限 loss (NaN/Inf)，跳过该 batch
[2025-12-08 10:19:00,529] [WARNING] 遇到非有限 loss (NaN/Inf)，跳过该 batch
[2025-12-08 10:19:00,537] [WARNING] 遇到非有限 loss (NaN/Inf)，跳过该 batch
[2025-12-08 10:19:00,545] [WARNING] 遇到非有限 loss (NaN/Inf)，跳过该 batch
[2025-12-08 10:19:00,553] [WARNING] 遇到非有限 loss (NaN/Inf)，跳过该 batch
[2025-12-08 10:19:00,561] [WARNING] 遇到非有限 loss (NaN/Inf)，跳过该 batch
[2025-12-08 10:19:00,569] [WARNING] 遇到非有限 loss (NaN/Inf)，跳过该 batch
[2025-12-08 10:19:00,578] [WARNING] 遇到非有限 loss (NaN/Inf)，跳过该 batch
[2025-12-08 10:19:00,586] [WARNING] 遇到非有限 loss (NaN/Inf)，跳过该 batch
[2025-12-08 10:19:00,595] [WARNING] 遇到非有限 loss (NaN/Inf)，跳过该 batch
[2025-12-08 10:19:00,602] [WARNING] 遇到非有限 loss (NaN/Inf)，跳过该 batch
[2025-12-08 10:19:00,610] [WARNING] 遇到非有限 loss (NaN/Inf)，跳过该 batch
[2025-12-08 10:19:00,618] [WARNING] 遇到非有限 loss (NaN/Inf)，跳过该 batch
[2025-12-08 10:19:00,627] [WARNING] 遇到非有限 loss (NaN/Inf)，跳过该 batch
[2025-12-08 10:19:00,635] [WARNING] 遇到非有限 loss (NaN/Inf)，跳过该 batch
[2025-12-08 10:19:00,643] [WARNING] 遇到非有限 loss (NaN/Inf)，跳过该 batch
[2025-12-08 10:19:00,651] [WARNING] 遇到非有限 loss (NaN/Inf)，跳过该 batch
[2025-12-08 10:19:00,659] [WARNING] 遇到非有限 loss (NaN/Inf)，跳过该 batch
[2025-12-08 10:19:00,668] [WARNING] 遇到非有限 loss (NaN/Inf)，跳过该 batch
[2025-12-08 10:19:00,677] [WARNING] 遇到非有限 loss (NaN/Inf)，跳过该 batch
[2025-12-08 10:19:00,685] [WARNING] 遇到非有限 loss (NaN/Inf)，跳过该 batch
[2025-12-08 10:19:00,693] [WARNING] 遇到非有限 loss (NaN/Inf)，跳过该 batch
[2025-12-08 10:19:00,701] [WARNING] 遇到非有限 loss (NaN/Inf)，跳过该 batch
[2025-12-08 10:19:00,709] [WARNING] 遇到非有限 loss (NaN/Inf)，跳过该 batch
[2025-12-08 10:19:00,717] [WARNING] 遇到非有限 loss (NaN/Inf)，跳过该 batch
[2025-12-08 10:19:00,726] [WARNING] 遇到非有限 loss (NaN/Inf)，跳过该 batch
[2025-12-08 10:19:00,734] [WARNING] 遇到非有限 loss (NaN/Inf)，跳过该 batch
[2025-12-08 10:19:00,742] [WARNING] 遇到非有限 loss (NaN/Inf)，跳过该 batch
[2025-12-08 10:19:00,750] [WARNING] 遇到非有限 loss (NaN/Inf)，跳过该 batch
[2025-12-08 10:19:00,758] [WARNING] 遇到非有限 loss (NaN/Inf)，跳过该 batch
[2025-12-08 10:19:00,767] [WARNING] 遇到非有限 loss (NaN/Inf)，跳过该 batch
[2025-12-08 10:19:00,776] [WARNING] 遇到非有限 loss (NaN/Inf)，跳过该 batch
[2025-12-08 10:19:00,784] [WARNING] 遇到非有限 loss (NaN/Inf)，跳过该 batch
[2025-12-08 10:19:00,792] [WARNING] 遇到非有限 loss (NaN/Inf)，跳过该 batch
[2025-12-08 10:19:00,800] [WARNING] 遇到非有限 loss (NaN/Inf)，跳过该 batch
[2025-12-08 10:19:00,808] [WARNING] 遇到非有限 loss (NaN/Inf)，跳过该 batch
[2025-12-08 10:19:00,816] [WARNING] 遇到非有限 loss (NaN/Inf)，跳过该 batch
[2025-12-08 10:19:00,824] [WARNING] 遇到非有限 loss (NaN/Inf)，跳过该 batch
[2025-12-08 10:19:00,833] [WARNING] 遇到非有限 loss (NaN/Inf)，跳过该 batch
[2025-12-08 10:19:00,840] [WARNING] 遇到非有限 loss (NaN/Inf)，跳过该 batch
[2025-12-08 10:19:00,848] [WARNING] 遇到非有限 loss (NaN/Inf)，跳过该 batch
[2025-12-08 10:19:00,856] [WARNING] 遇到非有限 loss (NaN/Inf)，跳过该 batch
[2025-12-08 10:19:00,864] [WARNING] 遇到非有限 loss (NaN/Inf)，跳过该 batch
[2025-12-08 10:19:00,872] [WARNING] 遇到非有限 loss (NaN/Inf)，跳过该 batch
[2025-12-08 10:19:00,881] [WARNING] 遇到非有限 loss (NaN/Inf)，跳过该 batch
[2025-12-08 10:19:00,889] [WARNING] 遇到非有限 loss (NaN/Inf)，跳过该 batch
[2025-12-08 10:19:00,897] [WARNING] 遇到非有限 loss (NaN/Inf)，跳过该 batch
[2025-12-08 10:19:00,905] [WARNING] 遇到非有限 loss (NaN/Inf)，跳过该 batch
[2025-12-08 10:19:00,916] [WARNING] 遇到非有限 loss (NaN/Inf)，跳过该 batch
[2025-12-08 10:19:00,927] [WARNING] 遇到非有限 loss (NaN/Inf)，跳过该 batch
[2025-12-08 10:19:00,937] [WARNING] 遇到非有限 loss (NaN/Inf)，跳过该 batch
[2025-12-08 10:19:00,946] [WARNING] 遇到非有限 loss (NaN/Inf)，跳过该 batch
[2025-12-08 10:19:00,955] [WARNING] 遇到非有限 loss (NaN/Inf)，跳过该 batch
[2025-12-08 10:19:00,964] [WARNING] 遇到非有限 loss (NaN/Inf)，跳过该 batch
[2025-12-08 10:19:00,973] [WARNING] 遇到非有限 loss (NaN/Inf)，跳过该 batch
[2025-12-08 10:19:00,981] [WARNING] 遇到非有限 loss (NaN/Inf)，跳过该 batch
[2025-12-08 10:19:00,990] [WARNING] 遇到非有限 loss (NaN/Inf)，跳过该 batch
[2025-12-08 10:19:00,998] [WARNING] 遇到非有限 loss (NaN/Inf)，跳过该 batch
[2025-12-08 10:19:01,007] [WARNING] 遇到非有限 loss (NaN/Inf)，跳过该 batch
[2025-12-08 10:19:01,015] [WARNING] 遇到非有限 loss (NaN/Inf)，跳过该 batch
[2025-12-08 10:19:01,024] [WARNING] 遇到非有限 loss (NaN/Inf)，跳过该 batch
[2025-12-08 10:19:01,033] [WARNING] 遇到非有限 loss (NaN/Inf)，跳过该 batch
[2025-12-08 10:19:01,042] [WARNING] 遇到非有限 loss (NaN/Inf)，跳过该 batch
[2025-12-08 10:19:01,050] [WARNING] 遇到非有限 loss (NaN/Inf)，跳过该 batch
[2025-12-08 10:19:01,059] [WARNING] 遇到非有限 loss (NaN/Inf)，跳过该 batch
[2025-12-08 10:19:01,068] [WARNING] 遇到非有限 loss (NaN/Inf)，跳过该 batch
[2025-12-08 10:19:01,077] [WARNING] 遇到非有限 loss (NaN/Inf)，跳过该 batch
[2025-12-08 10:19:01,085] [WARNING] 遇到非有限 loss (NaN/Inf)，跳过该 batch
[2025-12-08 10:19:01,095] [WARNING] 遇到非有限 loss (NaN/Inf)，跳过该 batch
[2025-12-08 10:19:01,107] [WARNING] 遇到非有限 loss (NaN/Inf)，跳过该 batch
[2025-12-08 10:19:01,116] [WARNING] 遇到非有限 loss (NaN/Inf)，跳过该 batch
[2025-12-08 10:19:01,124] [WARNING] 遇到非有限 loss (NaN/Inf)，跳过该 batch
[2025-12-08 10:19:01,132] [WARNING] 遇到非有限 loss (NaN/Inf)，跳过该 batch
[2025-12-08 10:19:01,140] [WARNING] 遇到非有限 loss (NaN/Inf)，跳过该 batch
[2025-12-08 10:19:01,148] [WARNING] 遇到非有限 loss (NaN/Inf)，跳过该 batch
[2025-12-08 10:19:01,156] [WARNING] 遇到非有限 loss (NaN/Inf)，跳过该 batch
[2025-12-08 10:19:01,164] [WARNING] 遇到非有限 loss (NaN/Inf)，跳过该 batch
[2025-12-08 10:19:01,172] [WARNING] 遇到非有限 loss (NaN/Inf)，跳过该 batch
[2025-12-08 10:19:01,179] [WARNING] 遇到非有限 loss (NaN/Inf)，跳过该 batch
[2025-12-08 10:19:01,187] [WARNING] 遇到非有限 loss (NaN/Inf)，跳过该 batch
[2025-12-08 10:19:01,195] [WARNING] 遇到非有限 loss (NaN/Inf)，跳过该 batch
[2025-12-08 10:19:01,203] [WARNING] 遇到非有限 loss (NaN/Inf)，跳过该 batch
[2025-12-08 10:19:01,211] [WARNING] 遇到非有限 loss (NaN/Inf)，跳过该 batch
[2025-12-08 10:19:01,220] [WARNING] 遇到非有限 loss (NaN/Inf)，跳过该 batch
[2025-12-08 10:19:01,227] [WARNING] 遇到非有限 loss (NaN/Inf)，跳过该 batch
[2025-12-08 10:19:01,235] [WARNING] 遇到非有限 loss (NaN/Inf)，跳过该 batch
[2025-12-08 10:19:01,243] [WARNING] 遇到非有限 loss (NaN/Inf)，跳过该 batch
[2025-12-08 10:19:01,251] [WARNING] 遇到非有限 loss (NaN/Inf)，跳过该 batch
[2025-12-08 10:19:01,260] [WARNING] 遇到非有限 loss (NaN/Inf)，跳过该 batch
[2025-12-08 10:19:01,268] [WARNING] 遇到非有限 loss (NaN/Inf)，跳过该 batch
[2025-12-08 10:19:01,275] [WARNING] 遇到非有限 loss (NaN/Inf)，跳过该 batch
[2025-12-08 10:19:01,283] [WARNING] 遇到非有限 loss (NaN/Inf)，跳过该 batch
[2025-12-08 10:19:01,291] [WARNING] 遇到非有限 loss (NaN/Inf)，跳过该 batch
[2025-12-08 10:19:01,299] [WARNING] 遇到非有限 loss (NaN/Inf)，跳过该 batch
[2025-12-08 10:19:01,307] [WARNING] 遇到非有限 loss (NaN/Inf)，跳过该 batch
[2025-12-08 10:19:01,315] [WARNING] 遇到非有限 loss (NaN/Inf)，跳过该 batch
[2025-12-08 10:19:01,323] [WARNING] 遇到非有限 loss (NaN/Inf)，跳过该 batch
[2025-12-08 10:19:01,330] [WARNING] 遇到非有限 loss (NaN/Inf)，跳过该 batch
[2025-12-08 10:19:01,338] [WARNING] 遇到非有限 loss (NaN/Inf)，跳过该 batch
[2025-12-08 10:19:01,346] [WARNING] 遇到非有限 loss (NaN/Inf)，跳过该 batch
[2025-12-08 10:19:01,354] [WARNING] 遇到非有限 loss (NaN/Inf)，跳过该 batch
[2025-12-08 10:19:01,362] [WARNING] 遇到非有限 loss (NaN/Inf)，跳过该 batch
[2025-12-08 10:19:01,369] [WARNING] 遇到非有限 loss (NaN/Inf)，跳过该 batch
[2025-12-08 10:19:01,377] [WARNING] 遇到非有限 loss (NaN/Inf)，跳过该 batch
[2025-12-08 10:19:01,385] [WARNING] 遇到非有限 loss (NaN/Inf)，跳过该 batch
[2025-12-08 10:19:01,393] [WARNING] 遇到非有限 loss (NaN/Inf)，跳过该 batch
[2025-12-08 10:19:01,401] [WARNING] 遇到非有限 loss (NaN/Inf)，跳过该 batch
[2025-12-08 10:19:01,408] [WARNING] 遇到非有限 loss (NaN/Inf)，跳过该 batch
[2025-12-08 10:19:01,416] [WARNING] 遇到非有限 loss (NaN/Inf)，跳过该 batch
[2025-12-08 10:19:01,425] [WARNING] 遇到非有限 loss (NaN/Inf)，跳过该 batch
[2025-12-08 10:19:01,432] [WARNING] 遇到非有限 loss (NaN/Inf)，跳过该 batch
[2025-12-08 10:19:01,441] [WARNING] 遇到非有限 loss (NaN/Inf)，跳过该 batch
[2025-12-08 10:19:01,448] [WARNING] 遇到非有限 loss (NaN/Inf)，跳过该 batch
[2025-12-08 10:19:01,456] [WARNING] 遇到非有限 loss (NaN/Inf)，跳过该 batch
[2025-12-08 10:19:01,464] [WARNING] 遇到非有限 loss (NaN/Inf)，跳过该 batch
[2025-12-08 10:19:01,472] [WARNING] 遇到非有限 loss (NaN/Inf)，跳过该 batch
[2025-12-08 10:19:01,480] [WARNING] 遇到非有限 loss (NaN/Inf)，跳过该 batch
[2025-12-08 10:19:01,488] [WARNING] 遇到非有限 loss (NaN/Inf)，跳过该 batch
[2025-12-08 10:19:01,496] [WARNING] 遇到非有限 loss (NaN/Inf)，跳过该 batch
[2025-12-08 10:19:01,503] [WARNING] 遇到非有限 loss (NaN/Inf)，跳过该 batch
[2025-12-08 10:19:01,511] [WARNING] 遇到非有限 loss (NaN/Inf)，跳过该 batch
[2025-12-08 10:19:01,519] [WARNING] 遇到非有限 loss (NaN/Inf)，跳过该 batch
[2025-12-08 10:19:01,527] [WARNING] 遇到非有限 loss (NaN/Inf)，跳过该 batch
[2025-12-08 10:19:01,535] [WARNING] 遇到非有限 loss (NaN/Inf)，跳过该 batch
[2025-12-08 10:19:01,543] [WARNING] 遇到非有限 loss (NaN/Inf)，跳过该 batch
[2025-12-08 10:19:01,551] [WARNING] 遇到非有限 loss (NaN/Inf)，跳过该 batch
[2025-12-08 10:19:01,559] [WARNING] 遇到非有限 loss (NaN/Inf)，跳过该 batch
[2025-12-08 10:19:01,567] [WARNING] 遇到非有限 loss (NaN/Inf)，跳过该 batch
[2025-12-08 10:19:01,574] [WARNING] 遇到非有限 loss (NaN/Inf)，跳过该 batch
[2025-12-08 10:19:01,582] [WARNING] 遇到非有限 loss (NaN/Inf)，跳过该 batch
[2025-12-08 10:19:01,590] [WARNING] 遇到非有限 loss (NaN/Inf)，跳过该 batch
[2025-12-08 10:19:01,598] [WARNING] 遇到非有限 loss (NaN/Inf)，跳过该 batch
[2025-12-08 10:19:01,606] [WARNING] 遇到非有限 loss (NaN/Inf)，跳过该 batch
[2025-12-08 10:19:01,614] [WARNING] 遇到非有限 loss (NaN/Inf)，跳过该 batch
[2025-12-08 10:19:01,622] [WARNING] 遇到非有限 loss (NaN/Inf)，跳过该 batch
[2025-12-08 10:19:01,630] [WARNING] 遇到非有限 loss (NaN/Inf)，跳过该 batch
[2025-12-08 10:19:01,637] [WARNING] 遇到非有限 loss (NaN/Inf)，跳过该 batch
[2025-12-08 10:19:01,645] [WARNING] 遇到非有限 loss (NaN/Inf)，跳过该 batch
[2025-12-08 10:19:01,653] [WARNING] 遇到非有限 loss (NaN/Inf)，跳过该 batch
[2025-12-08 10:19:01,661] [WARNING] 遇到非有限 loss (NaN/Inf)，跳过该 batch
[2025-12-08 10:19:01,669] [WARNING] 遇到非有限 loss (NaN/Inf)，跳过该 batch
[2025-12-08 10:19:01,676] [WARNING] 遇到非有限 loss (NaN/Inf)，跳过该 batch
[2025-12-08 10:19:01,684] [WARNING] 遇到非有限 loss (NaN/Inf)，跳过该 batch
[2025-12-08 10:19:01,693] [WARNING] 遇到非有限 loss (NaN/Inf)，跳过该 batch
[2025-12-08 10:19:01,700] [WARNING] 遇到非有限 loss (NaN/Inf)，跳过该 batch
[2025-12-08 10:19:01,708] [WARNING] 遇到非有限 loss (NaN/Inf)，跳过该 batch
[2025-12-08 10:19:01,717] [WARNING] 遇到非有限 loss (NaN/Inf)，跳过该 batch
[2025-12-08 10:19:01,726] [WARNING] 遇到非有限 loss (NaN/Inf)，跳过该 batch
[2025-12-08 10:19:01,733] [WARNING] 遇到非有限 loss (NaN/Inf)，跳过该 batch
[2025-12-08 10:19:01,742] [WARNING] 遇到非有限 loss (NaN/Inf)，跳过该 batch
[2025-12-08 10:19:01,750] [WARNING] 遇到非有限 loss (NaN/Inf)，跳过该 batch
[2025-12-08 10:19:01,758] [WARNING] 遇到非有限 loss (NaN/Inf)，跳过该 batch
[2025-12-08 10:19:01,766] [WARNING] 遇到非有限 loss (NaN/Inf)，跳过该 batch
[2025-12-08 10:19:01,775] [WARNING] 遇到非有限 loss (NaN/Inf)，跳过该 batch
[2025-12-08 10:19:01,783] [WARNING] 遇到非有限 loss (NaN/Inf)，跳过该 batch
[2025-12-08 10:19:01,791] [WARNING] 遇到非有限 loss (NaN/Inf)，跳过该 batch
[2025-12-08 10:19:01,799] [WARNING] 遇到非有限 loss (NaN/Inf)，跳过该 batch
[2025-12-08 10:19:01,806] [WARNING] 遇到非有限 loss (NaN/Inf)，跳过该 batch
[2025-12-08 10:19:01,814] [WARNING] 遇到非有限 loss (NaN/Inf)，跳过该 batch
[2025-12-08 10:19:01,823] [WARNING] 遇到非有限 loss (NaN/Inf)，跳过该 batch
[2025-12-08 10:19:01,831] [WARNING] 遇到非有限 loss (NaN/Inf)，跳过该 batch
[2025-12-08 10:19:01,839] [WARNING] 遇到非有限 loss (NaN/Inf)，跳过该 batch
[2025-12-08 10:19:01,846] [WARNING] 遇到非有限 loss (NaN/Inf)，跳过该 batch
[2025-12-08 10:19:01,855] [WARNING] 遇到非有限 loss (NaN/Inf)，跳过该 batch
[2025-12-08 10:19:01,862] [WARNING] 遇到非有限 loss (NaN/Inf)，跳过该 batch
[2025-12-08 10:19:01,870] [WARNING] 遇到非有限 loss (NaN/Inf)，跳过该 batch
[2025-12-08 10:19:01,878] [WARNING] 遇到非有限 loss (NaN/Inf)，跳过该 batch
[2025-12-08 10:19:01,886] [WARNING] 遇到非有限 loss (NaN/Inf)，跳过该 batch
[2025-12-08 10:19:01,894] [WARNING] 遇到非有限 loss (NaN/Inf)，跳过该 batch
[2025-12-08 10:19:01,902] [WARNING] 遇到非有限 loss (NaN/Inf)，跳过该 batch
[2025-12-08 10:19:01,910] [WARNING] 遇到非有限 loss (NaN/Inf)，跳过该 batch
[2025-12-08 10:19:01,918] [WARNING] 遇到非有限 loss (NaN/Inf)，跳过该 batch
[2025-12-08 10:19:01,926] [WARNING] 遇到非有限 loss (NaN/Inf)，跳过该 batch
[2025-12-08 10:19:01,934] [WARNING] 遇到非有限 loss (NaN/Inf)，跳过该 batch
[2025-12-08 10:19:01,942] [WARNING] 遇到非有限 loss (NaN/Inf)，跳过该 batch
[2025-12-08 10:19:01,950] [WARNING] 遇到非有限 loss (NaN/Inf)，跳过该 batch
[2025-12-08 10:19:01,958] [WARNING] 遇到非有限 loss (NaN/Inf)，跳过该 batch
[2025-12-08 10:19:01,966] [WARNING] 遇到非有限 loss (NaN/Inf)，跳过该 batch
[2025-12-08 10:19:01,974] [WARNING] 遇到非有限 loss (NaN/Inf)，跳过该 batch
[2025-12-08 10:19:01,982] [WARNING] 遇到非有限 loss (NaN/Inf)，跳过该 batch
[2025-12-08 10:19:01,991] [WARNING] 遇到非有限 loss (NaN/Inf)，跳过该 batch
[2025-12-08 10:19:01,999] [WARNING] 遇到非有限 loss (NaN/Inf)，跳过该 batch
[2025-12-08 10:19:02,007] [WARNING] 遇到非有限 loss (NaN/Inf)，跳过该 batch
[2025-12-08 10:19:02,015] [WARNING] 遇到非有限 loss (NaN/Inf)，跳过该 batch
[2025-12-08 10:19:02,023] [WARNING] 遇到非有限 loss (NaN/Inf)，跳过该 batch
[2025-12-08 10:19:02,030] [WARNING] 遇到非有限 loss (NaN/Inf)，跳过该 batch
[2025-12-08 10:19:02,038] [WARNING] 遇到非有限 loss (NaN/Inf)，跳过该 batch
[2025-12-08 10:19:02,046] [WARNING] 遇到非有限 loss (NaN/Inf)，跳过该 batch
[2025-12-08 10:19:02,054] [WARNING] 遇到非有限 loss (NaN/Inf)，跳过该 batch
[2025-12-08 10:19:02,062] [WARNING] 遇到非有限 loss (NaN/Inf)，跳过该 batch
[2025-12-08 10:19:02,070] [WARNING] 遇到非有限 loss (NaN/Inf)，跳过该 batch
[2025-12-08 10:19:02,079] [WARNING] 遇到非有限 loss (NaN/Inf)，跳过该 batch
[2025-12-08 10:19:02,086] [WARNING] 遇到非有限 loss (NaN/Inf)，跳过该 batch
[2025-12-08 10:19:02,094] [WARNING] 遇到非有限 loss (NaN/Inf)，跳过该 batch
[2025-12-08 10:19:02,103] [WARNING] 遇到非有限 loss (NaN/Inf)，跳过该 batch
[2025-12-08 10:19:02,112] [WARNING] 遇到非有限 loss (NaN/Inf)，跳过该 batch
[2025-12-08 10:19:02,119] [WARNING] 遇到非有限 loss (NaN/Inf)，跳过该 batch
[2025-12-08 10:19:02,127] [WARNING] 遇到非有限 loss (NaN/Inf)，跳过该 batch
[2025-12-08 10:19:02,135] [WARNING] 遇到非有限 loss (NaN/Inf)，跳过该 batch
[2025-12-08 10:19:02,143] [WARNING] 遇到非有限 loss (NaN/Inf)，跳过该 batch
[2025-12-08 10:19:02,151] [WARNING] 遇到非有限 loss (NaN/Inf)，跳过该 batch
[2025-12-08 10:19:02,159] [WARNING] 遇到非有限 loss (NaN/Inf)，跳过该 batch
[2025-12-08 10:19:02,167] [WARNING] 遇到非有限 loss (NaN/Inf)，跳过该 batch
[2025-12-08 10:19:02,175] [WARNING] 遇到非有限 loss (NaN/Inf)，跳过该 batch
[2025-12-08 10:19:02,183] [WARNING] 遇到非有限 loss (NaN/Inf)，跳过该 batch
[2025-12-08 10:19:02,191] [WARNING] 遇到非有限 loss (NaN/Inf)，跳过该 batch
[2025-12-08 10:19:02,199] [WARNING] 遇到非有限 loss (NaN/Inf)，跳过该 batch
[2025-12-08 10:19:02,207] [WARNING] 遇到非有限 loss (NaN/Inf)，跳过该 batch
[2025-12-08 10:19:02,215] [WARNING] 遇到非有限 loss (NaN/Inf)，跳过该 batch
[2025-12-08 10:19:02,223] [WARNING] 遇到非有限 loss (NaN/Inf)，跳过该 batch
[2025-12-08 10:19:02,231] [WARNING] 遇到非有限 loss (NaN/Inf)，跳过该 batch
[2025-12-08 10:19:02,239] [WARNING] 遇到非有限 loss (NaN/Inf)，跳过该 batch
[2025-12-08 10:19:02,247] [WARNING] 遇到非有限 loss (NaN/Inf)，跳过该 batch
[2025-12-08 10:19:02,255] [WARNING] 遇到非有限 loss (NaN/Inf)，跳过该 batch
[2025-12-08 10:19:02,264] [WARNING] 遇到非有限 loss (NaN/Inf)，跳过该 batch
[2025-12-08 10:19:02,272] [WARNING] 遇到非有限 loss (NaN/Inf)，跳过该 batch
[2025-12-08 10:19:02,280] [WARNING] 遇到非有限 loss (NaN/Inf)，跳过该 batch
[2025-12-08 10:19:02,288] [WARNING] 遇到非有限 loss (NaN/Inf)，跳过该 batch
[2025-12-08 10:19:02,296] [WARNING] 遇到非有限 loss (NaN/Inf)，跳过该 batch
[2025-12-08 10:19:02,304] [WARNING] 遇到非有限 loss (NaN/Inf)，跳过该 batch
[2025-12-08 10:19:02,312] [WARNING] 遇到非有限 loss (NaN/Inf)，跳过该 batch
[2025-12-08 10:19:02,320] [WARNING] 遇到非有限 loss (NaN/Inf)，跳过该 batch
[2025-12-08 10:19:02,328] [WARNING] 遇到非有限 loss (NaN/Inf)，跳过该 batch
[2025-12-08 10:19:02,336] [WARNING] 遇到非有限 loss (NaN/Inf)，跳过该 batch
[2025-12-08 10:19:02,344] [WARNING] 遇到非有限 loss (NaN/Inf)，跳过该 batch
[2025-12-08 10:19:02,352] [WARNING] 遇到非有限 loss (NaN/Inf)，跳过该 batch
[2025-12-08 10:19:02,360] [WARNING] 遇到非有限 loss (NaN/Inf)，跳过该 batch
[2025-12-08 10:19:02,368] [WARNING] 遇到非有限 loss (NaN/Inf)，跳过该 batch
[2025-12-08 10:19:02,376] [WARNING] 遇到非有限 loss (NaN/Inf)，跳过该 batch
[2025-12-08 10:19:02,385] [WARNING] 遇到非有限 loss (NaN/Inf)，跳过该 batch
[2025-12-08 10:19:02,393] [WARNING] 遇到非有限 loss (NaN/Inf)，跳过该 batch
[2025-12-08 10:19:02,401] [WARNING] 遇到非有限 loss (NaN/Inf)，跳过该 batch
[2025-12-08 10:19:02,409] [WARNING] 遇到非有限 loss (NaN/Inf)，跳过该 batch
[2025-12-08 10:19:02,418] [WARNING] 遇到非有限 loss (NaN/Inf)，跳过该 batch
[2025-12-08 10:19:02,425] [WARNING] 遇到非有限 loss (NaN/Inf)，跳过该 batch
[2025-12-08 10:19:02,433] [WARNING] 遇到非有限 loss (NaN/Inf)，跳过该 batch
[2025-12-08 10:19:02,442] [WARNING] 遇到非有限 loss (NaN/Inf)，跳过该 batch
[2025-12-08 10:19:02,451] [WARNING] 遇到非有限 loss (NaN/Inf)，跳过该 batch
[2025-12-08 10:19:02,459] [WARNING] 遇到非有限 loss (NaN/Inf)，跳过该 batch
[2025-12-08 10:19:02,467] [WARNING] 遇到非有限 loss (NaN/Inf)，跳过该 batch
[2025-12-08 10:19:02,475] [WARNING] 遇到非有限 loss (NaN/Inf)，跳过该 batch
[2025-12-08 10:19:02,483] [WARNING] 遇到非有限 loss (NaN/Inf)，跳过该 batch
[2025-12-08 10:19:02,491] [WARNING] 遇到非有限 loss (NaN/Inf)，跳过该 batch
[2025-12-08 10:19:02,499] [WARNING] 遇到非有限 loss (NaN/Inf)，跳过该 batch
[2025-12-08 10:19:02,507] [WARNING] 遇到非有限 loss (NaN/Inf)，跳过该 batch
[2025-12-08 10:19:02,515] [WARNING] 遇到非有限 loss (NaN/Inf)，跳过该 batch
[2025-12-08 10:19:02,524] [WARNING] 遇到非有限 loss (NaN/Inf)，跳过该 batch
[2025-12-08 10:19:02,532] [WARNING] 遇到非有限 loss (NaN/Inf)，跳过该 batch
[2025-12-08 10:19:02,540] [WARNING] 遇到非有限 loss (NaN/Inf)，跳过该 batch
[2025-12-08 10:19:02,549] [WARNING] 遇到非有限 loss (NaN/Inf)，跳过该 batch
[2025-12-08 10:19:02,557] [WARNING] 遇到非有限 loss (NaN/Inf)，跳过该 batch
[2025-12-08 10:19:02,565] [WARNING] 遇到非有限 loss (NaN/Inf)，跳过该 batch
[2025-12-08 10:19:02,573] [WARNING] 遇到非有限 loss (NaN/Inf)，跳过该 batch
[2025-12-08 10:19:02,582] [WARNING] 遇到非有限 loss (NaN/Inf)，跳过该 batch
[2025-12-08 10:19:02,590] [WARNING] 遇到非有限 loss (NaN/Inf)，跳过该 batch
[2025-12-08 10:19:02,598] [WARNING] 遇到非有限 loss (NaN/Inf)，跳过该 batch
[2025-12-08 10:19:02,606] [WARNING] 遇到非有限 loss (NaN/Inf)，跳过该 batch
[2025-12-08 10:19:02,614] [WARNING] 遇到非有限 loss (NaN/Inf)，跳过该 batch
[2025-12-08 10:19:02,622] [WARNING] 遇到非有限 loss (NaN/Inf)，跳过该 batch
[2025-12-08 10:19:02,632] [WARNING] 遇到非有限 loss (NaN/Inf)，跳过该 batch
[2025-12-08 10:19:02,640] [WARNING] 遇到非有限 loss (NaN/Inf)，跳过该 batch
[2025-12-08 10:19:02,649] [WARNING] 遇到非有限 loss (NaN/Inf)，跳过该 batch
[2025-12-08 10:19:02,657] [WARNING] 遇到非有限 loss (NaN/Inf)，跳过该 batch
[2025-12-08 10:19:02,666] [WARNING] 遇到非有限 loss (NaN/Inf)，跳过该 batch
[2025-12-08 10:19:02,674] [WARNING] 遇到非有限 loss (NaN/Inf)，跳过该 batch
[2025-12-08 10:19:02,682] [WARNING] 遇到非有限 loss (NaN/Inf)，跳过该 batch
[2025-12-08 10:19:02,691] [WARNING] 遇到非有限 loss (NaN/Inf)，跳过该 batch
[2025-12-08 10:19:02,699] [WARNING] 遇到非有限 loss (NaN/Inf)，跳过该 batch
[2025-12-08 10:19:02,707] [WARNING] 遇到非有限 loss (NaN/Inf)，跳过该 batch
[2025-12-08 10:19:02,715] [WARNING] 遇到非有限 loss (NaN/Inf)，跳过该 batch
[2025-12-08 10:19:02,724] [WARNING] 遇到非有限 loss (NaN/Inf)，跳过该 batch
[2025-12-08 10:19:02,732] [WARNING] 遇到非有限 loss (NaN/Inf)，跳过该 batch
[2025-12-08 10:19:02,740] [WARNING] 遇到非有限 loss (NaN/Inf)，跳过该 batch
[2025-12-08 10:19:02,748] [WARNING] 遇到非有限 loss (NaN/Inf)，跳过该 batch
[2025-12-08 10:19:02,756] [WARNING] 遇到非有限 loss (NaN/Inf)，跳过该 batch
[2025-12-08 10:19:02,764] [WARNING] 遇到非有限 loss (NaN/Inf)，跳过该 batch
[2025-12-08 10:19:02,772] [WARNING] 遇到非有限 loss (NaN/Inf)，跳过该 batch
[2025-12-08 10:19:02,780] [WARNING] 遇到非有限 loss (NaN/Inf)，跳过该 batch
[2025-12-08 10:19:02,788] [WARNING] 遇到非有限 loss (NaN/Inf)，跳过该 batch
[2025-12-08 10:19:02,796] [WARNING] 遇到非有限 loss (NaN/Inf)，跳过该 batch
[2025-12-08 10:19:02,804] [WARNING] 遇到非有限 loss (NaN/Inf)，跳过该 batch
[2025-12-08 10:19:02,812] [WARNING] 遇到非有限 loss (NaN/Inf)，跳过该 batch
[2025-12-08 10:19:02,820] [WARNING] 遇到非有限 loss (NaN/Inf)，跳过该 batch
[2025-12-08 10:19:02,828] [WARNING] 遇到非有限 loss (NaN/Inf)，跳过该 batch
[2025-12-08 10:19:02,836] [WARNING] 遇到非有限 loss (NaN/Inf)，跳过该 batch
[2025-12-08 10:19:02,844] [WARNING] 遇到非有限 loss (NaN/Inf)，跳过该 batch
[2025-12-08 10:19:02,852] [WARNING] 遇到非有限 loss (NaN/Inf)，跳过该 batch
[2025-12-08 10:19:02,860] [WARNING] 遇到非有限 loss (NaN/Inf)，跳过该 batch
[2025-12-08 10:19:02,868] [WARNING] 遇到非有限 loss (NaN/Inf)，跳过该 batch
[2025-12-08 10:19:02,876] [WARNING] 遇到非有限 loss (NaN/Inf)，跳过该 batch
[2025-12-08 10:19:02,884] [WARNING] 遇到非有限 loss (NaN/Inf)，跳过该 batch
[2025-12-08 10:19:02,893] [WARNING] 遇到非有限 loss (NaN/Inf)，跳过该 batch
[2025-12-08 10:19:02,902] [WARNING] 遇到非有限 loss (NaN/Inf)，跳过该 batch
[2025-12-08 10:19:02,910] [WARNING] 遇到非有限 loss (NaN/Inf)，跳过该 batch
[2025-12-08 10:19:02,918] [WARNING] 遇到非有限 loss (NaN/Inf)，跳过该 batch
[2025-12-08 10:19:02,927] [WARNING] 遇到非有限 loss (NaN/Inf)，跳过该 batch
[2025-12-08 10:19:02,935] [WARNING] 遇到非有限 loss (NaN/Inf)，跳过该 batch
[2025-12-08 10:19:02,942] [WARNING] 遇到非有限 loss (NaN/Inf)，跳过该 batch
[2025-12-08 10:19:02,951] [WARNING] 遇到非有限 loss (NaN/Inf)，跳过该 batch
[2025-12-08 10:19:02,959] [WARNING] 遇到非有限 loss (NaN/Inf)，跳过该 batch
[2025-12-08 10:19:02,967] [WARNING] 遇到非有限 loss (NaN/Inf)，跳过该 batch
[2025-12-08 10:19:02,975] [WARNING] 遇到非有限 loss (NaN/Inf)，跳过该 batch
[2025-12-08 10:19:02,984] [WARNING] 遇到非有限 loss (NaN/Inf)，跳过该 batch
[2025-12-08 10:19:02,992] [WARNING] 遇到非有限 loss (NaN/Inf)，跳过该 batch
[2025-12-08 10:19:03,001] [WARNING] 遇到非有限 loss (NaN/Inf)，跳过该 batch
[2025-12-08 10:19:03,009] [WARNING] 遇到非有限 loss (NaN/Inf)，跳过该 batch
[2025-12-08 10:19:03,017] [WARNING] 遇到非有限 loss (NaN/Inf)，跳过该 batch
[2025-12-08 10:19:03,025] [WARNING] 遇到非有限 loss (NaN/Inf)，跳过该 batch
[2025-12-08 10:19:03,033] [WARNING] 遇到非有限 loss (NaN/Inf)，跳过该 batch
[2025-12-08 10:19:03,042] [WARNING] 遇到非有限 loss (NaN/Inf)，跳过该 batch
[2025-12-08 10:19:03,049] [WARNING] 遇到非有限 loss (NaN/Inf)，跳过该 batch
[2025-12-08 10:19:03,057] [WARNING] 遇到非有限 loss (NaN/Inf)，跳过该 batch
[2025-12-08 10:19:03,065] [WARNING] 遇到非有限 loss (NaN/Inf)，跳过该 batch
[2025-12-08 10:19:03,074] [WARNING] 遇到非有限 loss (NaN/Inf)，跳过该 batch
[2025-12-08 10:19:03,082] [WARNING] 遇到非有限 loss (NaN/Inf)，跳过该 batch
[2025-12-08 10:19:03,090] [WARNING] 遇到非有限 loss (NaN/Inf)，跳过该 batch
[2025-12-08 10:19:03,098] [WARNING] 遇到非有限 loss (NaN/Inf)，跳过该 batch
[2025-12-08 10:19:03,106] [WARNING] 遇到非有限 loss (NaN/Inf)，跳过该 batch
[2025-12-08 10:19:03,115] [WARNING] 遇到非有限 loss (NaN/Inf)，跳过该 batch
[2025-12-08 10:19:03,123] [WARNING] 遇到非有限 loss (NaN/Inf)，跳过该 batch
[2025-12-08 10:19:03,131] [WARNING] 遇到非有限 loss (NaN/Inf)，跳过该 batch
[2025-12-08 10:19:03,139] [WARNING] 遇到非有限 loss (NaN/Inf)，跳过该 batch
[2025-12-08 10:19:03,147] [WARNING] 遇到非有限 loss (NaN/Inf)，跳过该 batch
[2025-12-08 10:19:03,155] [WARNING] 遇到非有限 loss (NaN/Inf)，跳过该 batch
[2025-12-08 10:19:03,163] [WARNING] 遇到非有限 loss (NaN/Inf)，跳过该 batch
[2025-12-08 10:19:03,171] [WARNING] 遇到非有限 loss (NaN/Inf)，跳过该 batch
[2025-12-08 10:19:03,179] [WARNING] 遇到非有限 loss (NaN/Inf)，跳过该 batch
[2025-12-08 10:19:03,187] [WARNING] 遇到非有限 loss (NaN/Inf)，跳过该 batch
[2025-12-08 10:19:03,195] [WARNING] 遇到非有限 loss (NaN/Inf)，跳过该 batch
[2025-12-08 10:19:03,203] [WARNING] 遇到非有限 loss (NaN/Inf)，跳过该 batch
[2025-12-08 10:19:03,212] [WARNING] 遇到非有限 loss (NaN/Inf)，跳过该 batch
[2025-12-08 10:19:03,220] [WARNING] 遇到非有限 loss (NaN/Inf)，跳过该 batch
[2025-12-08 10:19:03,228] [WARNING] 遇到非有限 loss (NaN/Inf)，跳过该 batch
[2025-12-08 10:19:03,237] [WARNING] 遇到非有限 loss (NaN/Inf)，跳过该 batch
[2025-12-08 10:19:03,246] [WARNING] 遇到非有限 loss (NaN/Inf)，跳过该 batch
[2025-12-08 10:19:03,254] [WARNING] 遇到非有限 loss (NaN/Inf)，跳过该 batch
[2025-12-08 10:19:03,262] [WARNING] 遇到非有限 loss (NaN/Inf)，跳过该 batch
[2025-12-08 10:19:03,270] [WARNING] 遇到非有限 loss (NaN/Inf)，跳过该 batch
[2025-12-08 10:19:03,278] [WARNING] 遇到非有限 loss (NaN/Inf)，跳过该 batch
[2025-12-08 10:19:03,286] [WARNING] 遇到非有限 loss (NaN/Inf)，跳过该 batch
[2025-12-08 10:19:03,294] [WARNING] 遇到非有限 loss (NaN/Inf)，跳过该 batch
[2025-12-08 10:19:03,302] [WARNING] 遇到非有限 loss (NaN/Inf)，跳过该 batch
[2025-12-08 10:19:03,311] [WARNING] 遇到非有限 loss (NaN/Inf)，跳过该 batch
[2025-12-08 10:19:03,319] [WARNING] 遇到非有限 loss (NaN/Inf)，跳过该 batch
[2025-12-08 10:19:03,327] [WARNING] 遇到非有限 loss (NaN/Inf)，跳过该 batch
[2025-12-08 10:19:03,335] [WARNING] 遇到非有限 loss (NaN/Inf)，跳过该 batch
[2025-12-08 10:19:03,343] [WARNING] 遇到非有限 loss (NaN/Inf)，跳过该 batch
[2025-12-08 10:19:03,351] [WARNING] 遇到非有限 loss (NaN/Inf)，跳过该 batch
[2025-12-08 10:19:03,360] [WARNING] 遇到非有限 loss (NaN/Inf)，跳过该 batch
[2025-12-08 10:19:03,367] [WARNING] 遇到非有限 loss (NaN/Inf)，跳过该 batch
[2025-12-08 10:19:03,376] [WARNING] 遇到非有限 loss (NaN/Inf)，跳过该 batch
[2025-12-08 10:19:03,383] [WARNING] 遇到非有限 loss (NaN/Inf)，跳过该 batch
[2025-12-08 10:19:03,392] [WARNING] 遇到非有限 loss (NaN/Inf)，跳过该 batch
[2025-12-08 10:19:03,400] [WARNING] 遇到非有限 loss (NaN/Inf)，跳过该 batch
[2025-12-08 10:19:03,408] [WARNING] 遇到非有限 loss (NaN/Inf)，跳过该 batch
[2025-12-08 10:19:03,416] [WARNING] 遇到非有限 loss (NaN/Inf)，跳过该 batch
[2025-12-08 10:19:03,424] [WARNING] 遇到非有限 loss (NaN/Inf)，跳过该 batch
[2025-12-08 10:19:03,432] [WARNING] 遇到非有限 loss (NaN/Inf)，跳过该 batch
[2025-12-08 10:19:03,440] [WARNING] 遇到非有限 loss (NaN/Inf)，跳过该 batch
[2025-12-08 10:19:03,448] [WARNING] 遇到非有限 loss (NaN/Inf)，跳过该 batch
[2025-12-08 10:19:03,456] [WARNING] 遇到非有限 loss (NaN/Inf)，跳过该 batch
[2025-12-08 10:19:03,464] [WARNING] 遇到非有限 loss (NaN/Inf)，跳过该 batch
[2025-12-08 10:19:03,472] [WARNING] 遇到非有限 loss (NaN/Inf)，跳过该 batch
[2025-12-08 10:19:03,480] [WARNING] 遇到非有限 loss (NaN/Inf)，跳过该 batch
[2025-12-08 10:19:03,488] [WARNING] 遇到非有限 loss (NaN/Inf)，跳过该 batch
[2025-12-08 10:19:03,496] [WARNING] 遇到非有限 loss (NaN/Inf)，跳过该 batch
[2025-12-08 10:19:03,504] [WARNING] 遇到非有限 loss (NaN/Inf)，跳过该 batch
[2025-12-08 10:19:03,512] [WARNING] 遇到非有限 loss (NaN/Inf)，跳过该 batch
[2025-12-08 10:19:03,521] [WARNING] 遇到非有限 loss (NaN/Inf)，跳过该 batch
[2025-12-08 10:19:03,529] [WARNING] 遇到非有限 loss (NaN/Inf)，跳过该 batch
[2025-12-08 10:19:03,538] [WARNING] 遇到非有限 loss (NaN/Inf)，跳过该 batch
[2025-12-08 10:19:03,546] [WARNING] 遇到非有限 loss (NaN/Inf)，跳过该 batch
[2025-12-08 10:19:03,554] [WARNING] 遇到非有限 loss (NaN/Inf)，跳过该 batch
[2025-12-08 10:19:03,562] [WARNING] 遇到非有限 loss (NaN/Inf)，跳过该 batch
[2025-12-08 10:19:03,571] [WARNING] 遇到非有限 loss (NaN/Inf)，跳过该 batch
[2025-12-08 10:19:03,579] [WARNING] 遇到非有限 loss (NaN/Inf)，跳过该 batch
[2025-12-08 10:19:03,587] [WARNING] 遇到非有限 loss (NaN/Inf)，跳过该 batch
[2025-12-08 10:19:03,595] [WARNING] 遇到非有限 loss (NaN/Inf)，跳过该 batch
[2025-12-08 10:19:03,603] [WARNING] 遇到非有限 loss (NaN/Inf)，跳过该 batch
[2025-12-08 10:19:03,611] [WARNING] 遇到非有限 loss (NaN/Inf)，跳过该 batch
[2025-12-08 10:19:03,619] [WARNING] 遇到非有限 loss (NaN/Inf)，跳过该 batch
[2025-12-08 10:19:03,627] [WARNING] 遇到非有限 loss (NaN/Inf)，跳过该 batch
[2025-12-08 10:19:03,636] [WARNING] 遇到非有限 loss (NaN/Inf)，跳过该 batch
[2025-12-08 10:19:03,644] [WARNING] 遇到非有限 loss (NaN/Inf)，跳过该 batch
[2025-12-08 10:19:03,652] [WARNING] 遇到非有限 loss (NaN/Inf)，跳过该 batch
[2025-12-08 10:19:03,660] [WARNING] 遇到非有限 loss (NaN/Inf)，跳过该 batch
[2025-12-08 10:19:03,668] [WARNING] 遇到非有限 loss (NaN/Inf)，跳过该 batch
[2025-12-08 10:19:03,676] [WARNING] 遇到非有限 loss (NaN/Inf)，跳过该 batch
[2025-12-08 10:19:03,684] [WARNING] 遇到非有限 loss (NaN/Inf)，跳过该 batch
[2025-12-08 10:19:03,692] [WARNING] 遇到非有限 loss (NaN/Inf)，跳过该 batch
[2025-12-08 10:19:03,700] [WARNING] 遇到非有限 loss (NaN/Inf)，跳过该 batch
[2025-12-08 10:19:03,708] [WARNING] 遇到非有限 loss (NaN/Inf)，跳过该 batch
[2025-12-08 10:19:03,716] [WARNING] 遇到非有限 loss (NaN/Inf)，跳过该 batch
[2025-12-08 10:19:03,724] [WARNING] 遇到非有限 loss (NaN/Inf)，跳过该 batch
[2025-12-08 10:19:03,732] [WARNING] 遇到非有限 loss (NaN/Inf)，跳过该 batch
[2025-12-08 10:19:03,741] [WARNING] 遇到非有限 loss (NaN/Inf)，跳过该 batch
[2025-12-08 10:19:03,749] [WARNING] 遇到非有限 loss (NaN/Inf)，跳过该 batch
[2025-12-08 10:19:03,757] [WARNING] 遇到非有限 loss (NaN/Inf)，跳过该 batch
[2025-12-08 10:19:03,765] [WARNING] 遇到非有限 loss (NaN/Inf)，跳过该 batch
[2025-12-08 10:19:03,773] [WARNING] 遇到非有限 loss (NaN/Inf)，跳过该 batch
[2025-12-08 10:19:03,781] [WARNING] 遇到非有限 loss (NaN/Inf)，跳过该 batch
[2025-12-08 10:19:03,789] [WARNING] 遇到非有限 loss (NaN/Inf)，跳过该 batch
[2025-12-08 10:19:03,797] [WARNING] 遇到非有限 loss (NaN/Inf)，跳过该 batch
[2025-12-08 10:19:03,804] [WARNING] 遇到非有限 loss (NaN/Inf)，跳过该 batch
[2025-12-08 10:19:03,812] [WARNING] 遇到非有限 loss (NaN/Inf)，跳过该 batch
[2025-12-08 10:19:03,820] [WARNING] 遇到非有限 loss (NaN/Inf)，跳过该 batch
[2025-12-08 10:19:03,828] [WARNING] 遇到非有限 loss (NaN/Inf)，跳过该 batch
[2025-12-08 10:19:03,836] [WARNING] 遇到非有限 loss (NaN/Inf)，跳过该 batch
[2025-12-08 10:19:03,845] [WARNING] 遇到非有限 loss (NaN/Inf)，跳过该 batch
[2025-12-08 10:19:03,853] [WARNING] 遇到非有限 loss (NaN/Inf)，跳过该 batch
[2025-12-08 10:19:03,861] [WARNING] 遇到非有限 loss (NaN/Inf)，跳过该 batch
[2025-12-08 10:19:03,869] [WARNING] 遇到非有限 loss (NaN/Inf)，跳过该 batch
[2025-12-08 10:19:03,877] [WARNING] 遇到非有限 loss (NaN/Inf)，跳过该 batch
[2025-12-08 10:19:03,885] [WARNING] 遇到非有限 loss (NaN/Inf)，跳过该 batch
[2025-12-08 10:19:03,893] [WARNING] 遇到非有限 loss (NaN/Inf)，跳过该 batch
[2025-12-08 10:19:03,901] [WARNING] 遇到非有限 loss (NaN/Inf)，跳过该 batch
[2025-12-08 10:19:03,908] [WARNING] 遇到非有限 loss (NaN/Inf)，跳过该 batch
[2025-12-08 10:19:03,916] [WARNING] 遇到非有限 loss (NaN/Inf)，跳过该 batch
[2025-12-08 10:19:03,924] [WARNING] 遇到非有限 loss (NaN/Inf)，跳过该 batch
[2025-12-08 10:19:03,932] [WARNING] 遇到非有限 loss (NaN/Inf)，跳过该 batch
[2025-12-08 10:19:03,940] [WARNING] 遇到非有限 loss (NaN/Inf)，跳过该 batch
[2025-12-08 10:19:03,948] [WARNING] 遇到非有限 loss (NaN/Inf)，跳过该 batch
[2025-12-08 10:19:03,956] [WARNING] 遇到非有限 loss (NaN/Inf)，跳过该 batch
[2025-12-08 10:19:03,964] [WARNING] 遇到非有限 loss (NaN/Inf)，跳过该 batch
[2025-12-08 10:19:03,972] [WARNING] 遇到非有限 loss (NaN/Inf)，跳过该 batch
[2025-12-08 10:19:03,980] [WARNING] 遇到非有限 loss (NaN/Inf)，跳过该 batch
[2025-12-08 10:19:03,988] [WARNING] 遇到非有限 loss (NaN/Inf)，跳过该 batch
[2025-12-08 10:19:03,996] [WARNING] 遇到非有限 loss (NaN/Inf)，跳过该 batch
[2025-12-08 10:19:04,004] [WARNING] 遇到非有限 loss (NaN/Inf)，跳过该 batch
[2025-12-08 10:19:04,012] [WARNING] 遇到非有限 loss (NaN/Inf)，跳过该 batch
[2025-12-08 10:19:04,020] [WARNING] 遇到非有限 loss (NaN/Inf)，跳过该 batch
[2025-12-08 10:19:04,028] [WARNING] 遇到非有限 loss (NaN/Inf)，跳过该 batch
[2025-12-08 10:19:04,035] [WARNING] 遇到非有限 loss (NaN/Inf)，跳过该 batch
[2025-12-08 10:19:04,043] [WARNING] 遇到非有限 loss (NaN/Inf)，跳过该 batch
[2025-12-08 10:19:04,051] [WARNING] 遇到非有限 loss (NaN/Inf)，跳过该 batch
[2025-12-08 10:19:04,059] [WARNING] 遇到非有限 loss (NaN/Inf)，跳过该 batch
[2025-12-08 10:19:04,067] [WARNING] 遇到非有限 loss (NaN/Inf)，跳过该 batch
[2025-12-08 10:19:04,075] [WARNING] 遇到非有限 loss (NaN/Inf)，跳过该 batch
[2025-12-08 10:19:04,084] [WARNING] 遇到非有限 loss (NaN/Inf)，跳过该 batch
[2025-12-08 10:19:04,092] [WARNING] 遇到非有限 loss (NaN/Inf)，跳过该 batch
[2025-12-08 10:19:04,100] [WARNING] 遇到非有限 loss (NaN/Inf)，跳过该 batch
[2025-12-08 10:19:04,108] [WARNING] 遇到非有限 loss (NaN/Inf)，跳过该 batch
[2025-12-08 10:19:04,116] [WARNING] 遇到非有限 loss (NaN/Inf)，跳过该 batch
[2025-12-08 10:19:04,124] [WARNING] 遇到非有限 loss (NaN/Inf)，跳过该 batch
[2025-12-08 10:19:04,131] [WARNING] 遇到非有限 loss (NaN/Inf)，跳过该 batch
[2025-12-08 10:19:04,140] [WARNING] 遇到非有限 loss (NaN/Inf)，跳过该 batch
[2025-12-08 10:19:04,147] [WARNING] 遇到非有限 loss (NaN/Inf)，跳过该 batch
[2025-12-08 10:19:04,155] [WARNING] 遇到非有限 loss (NaN/Inf)，跳过该 batch
[2025-12-08 10:19:04,163] [WARNING] 遇到非有限 loss (NaN/Inf)，跳过该 batch
[2025-12-08 10:19:04,171] [WARNING] 遇到非有限 loss (NaN/Inf)，跳过该 batch
[2025-12-08 10:19:04,179] [WARNING] 遇到非有限 loss (NaN/Inf)，跳过该 batch
[2025-12-08 10:19:04,187] [WARNING] 遇到非有限 loss (NaN/Inf)，跳过该 batch
[2025-12-08 10:19:04,195] [WARNING] 遇到非有限 loss (NaN/Inf)，跳过该 batch
[2025-12-08 10:19:04,204] [WARNING] 遇到非有限 loss (NaN/Inf)，跳过该 batch
[2025-12-08 10:19:04,212] [WARNING] 遇到非有限 loss (NaN/Inf)，跳过该 batch
[2025-12-08 10:19:04,220] [WARNING] 遇到非有限 loss (NaN/Inf)，跳过该 batch
[2025-12-08 10:19:04,228] [WARNING] 遇到非有限 loss (NaN/Inf)，跳过该 batch
[2025-12-08 10:19:04,236] [WARNING] 遇到非有限 loss (NaN/Inf)，跳过该 batch
[2025-12-08 10:19:04,244] [WARNING] 遇到非有限 loss (NaN/Inf)，跳过该 batch
[2025-12-08 10:19:04,252] [WARNING] 遇到非有限 loss (NaN/Inf)，跳过该 batch
[2025-12-08 10:19:04,260] [WARNING] 遇到非有限 loss (NaN/Inf)，跳过该 batch
[2025-12-08 10:19:04,268] [WARNING] 遇到非有限 loss (NaN/Inf)，跳过该 batch
[2025-12-08 10:19:04,276] [WARNING] 遇到非有限 loss (NaN/Inf)，跳过该 batch
[2025-12-08 10:19:04,284] [WARNING] 遇到非有限 loss (NaN/Inf)，跳过该 batch
[2025-12-08 10:19:04,293] [WARNING] 遇到非有限 loss (NaN/Inf)，跳过该 batch
[2025-12-08 10:19:04,301] [WARNING] 遇到非有限 loss (NaN/Inf)，跳过该 batch
[2025-12-08 10:19:04,309] [WARNING] 遇到非有限 loss (NaN/Inf)，跳过该 batch
[2025-12-08 10:19:04,317] [WARNING] 遇到非有限 loss (NaN/Inf)，跳过该 batch
[2025-12-08 10:19:04,325] [WARNING] 遇到非有限 loss (NaN/Inf)，跳过该 batch
[2025-12-08 10:19:04,333] [WARNING] 遇到非有限 loss (NaN/Inf)，跳过该 batch
[2025-12-08 10:19:04,341] [WARNING] 遇到非有限 loss (NaN/Inf)，跳过该 batch
[2025-12-08 10:19:04,349] [WARNING] 遇到非有限 loss (NaN/Inf)，跳过该 batch
[2025-12-08 10:19:04,358] [WARNING] 遇到非有限 loss (NaN/Inf)，跳过该 batch
[2025-12-08 10:19:04,366] [WARNING] 遇到非有限 loss (NaN/Inf)，跳过该 batch
[2025-12-08 10:19:04,374] [WARNING] 遇到非有限 loss (NaN/Inf)，跳过该 batch
[2025-12-08 10:19:04,382] [WARNING] 遇到非有限 loss (NaN/Inf)，跳过该 batch
[2025-12-08 10:19:04,390] [WARNING] 遇到非有限 loss (NaN/Inf)，跳过该 batch
[2025-12-08 10:19:04,398] [WARNING] 遇到非有限 loss (NaN/Inf)，跳过该 batch
[2025-12-08 10:19:04,406] [WARNING] 遇到非有限 loss (NaN/Inf)，跳过该 batch
[2025-12-08 10:19:04,415] [WARNING] 遇到非有限 loss (NaN/Inf)，跳过该 batch
[2025-12-08 10:19:04,423] [WARNING] 遇到非有限 loss (NaN/Inf)，跳过该 batch
[2025-12-08 10:19:04,431] [WARNING] 遇到非有限 loss (NaN/Inf)，跳过该 batch
[2025-12-08 10:19:04,439] [WARNING] 遇到非有限 loss (NaN/Inf)，跳过该 batch
[2025-12-08 10:19:04,447] [WARNING] 遇到非有限 loss (NaN/Inf)，跳过该 batch
[2025-12-08 10:19:04,455] [WARNING] 遇到非有限 loss (NaN/Inf)，跳过该 batch
[2025-12-08 10:19:04,463] [WARNING] 遇到非有限 loss (NaN/Inf)，跳过该 batch
[2025-12-08 10:19:04,471] [WARNING] 遇到非有限 loss (NaN/Inf)，跳过该 batch
[2025-12-08 10:19:04,480] [WARNING] 遇到非有限 loss (NaN/Inf)，跳过该 batch
[2025-12-08 10:19:04,487] [WARNING] 遇到非有限 loss (NaN/Inf)，跳过该 batch
[2025-12-08 10:19:04,496] [WARNING] 遇到非有限 loss (NaN/Inf)，跳过该 batch
[2025-12-08 10:19:04,503] [WARNING] 遇到非有限 loss (NaN/Inf)，跳过该 batch
[2025-12-08 10:19:04,512] [WARNING] 遇到非有限 loss (NaN/Inf)，跳过该 batch
[2025-12-08 10:19:04,520] [WARNING] 遇到非有限 loss (NaN/Inf)，跳过该 batch
[2025-12-08 10:19:04,528] [WARNING] 遇到非有限 loss (NaN/Inf)，跳过该 batch
[2025-12-08 10:19:04,536] [WARNING] 遇到非有限 loss (NaN/Inf)，跳过该 batch
[2025-12-08 10:19:04,544] [WARNING] 遇到非有限 loss (NaN/Inf)，跳过该 batch
[2025-12-08 10:19:04,551] [WARNING] 遇到非有限 loss (NaN/Inf)，跳过该 batch
[2025-12-08 10:19:04,559] [WARNING] 遇到非有限 loss (NaN/Inf)，跳过该 batch
[2025-12-08 10:19:04,568] [WARNING] 遇到非有限 loss (NaN/Inf)，跳过该 batch
[2025-12-08 10:19:04,576] [WARNING] 遇到非有限 loss (NaN/Inf)，跳过该 batch
[2025-12-08 10:19:04,585] [WARNING] 遇到非有限 loss (NaN/Inf)，跳过该 batch
[2025-12-08 10:19:04,593] [WARNING] 遇到非有限 loss (NaN/Inf)，跳过该 batch
[2025-12-08 10:19:04,601] [WARNING] 遇到非有限 loss (NaN/Inf)，跳过该 batch
[2025-12-08 10:19:04,608] [WARNING] 遇到非有限 loss (NaN/Inf)，跳过该 batch
[2025-12-08 10:19:04,616] [WARNING] 遇到非有限 loss (NaN/Inf)，跳过该 batch
[2025-12-08 10:19:04,624] [WARNING] 遇到非有限 loss (NaN/Inf)，跳过该 batch
[2025-12-08 10:19:04,632] [WARNING] 遇到非有限 loss (NaN/Inf)，跳过该 batch
[2025-12-08 10:19:04,640] [WARNING] 遇到非有限 loss (NaN/Inf)，跳过该 batch
[2025-12-08 10:19:04,648] [WARNING] 遇到非有限 loss (NaN/Inf)，跳过该 batch
[2025-12-08 10:19:04,656] [WARNING] 遇到非有限 loss (NaN/Inf)，跳过该 batch
[2025-12-08 10:19:04,664] [WARNING] 遇到非有限 loss (NaN/Inf)，跳过该 batch
[2025-12-08 10:19:04,673] [WARNING] 遇到非有限 loss (NaN/Inf)，跳过该 batch
[2025-12-08 10:19:04,681] [WARNING] 遇到非有限 loss (NaN/Inf)，跳过该 batch
[2025-12-08 10:19:04,689] [WARNING] 遇到非有限 loss (NaN/Inf)，跳过该 batch
[2025-12-08 10:19:04,697] [WARNING] 遇到非有限 loss (NaN/Inf)，跳过该 batch
[2025-12-08 10:19:04,705] [WARNING] 遇到非有限 loss (NaN/Inf)，跳过该 batch
[2025-12-08 10:19:04,713] [WARNING] 遇到非有限 loss (NaN/Inf)，跳过该 batch
[2025-12-08 10:19:04,721] [WARNING] 遇到非有限 loss (NaN/Inf)，跳过该 batch
[2025-12-08 10:19:04,730] [WARNING] 遇到非有限 loss (NaN/Inf)，跳过该 batch
[2025-12-08 10:19:04,738] [WARNING] 遇到非有限 loss (NaN/Inf)，跳过该 batch
[2025-12-08 10:19:04,746] [WARNING] 遇到非有限 loss (NaN/Inf)，跳过该 batch
[2025-12-08 10:19:04,753] [WARNING] 遇到非有限 loss (NaN/Inf)，跳过该 batch
[2025-12-08 10:19:04,762] [WARNING] 遇到非有限 loss (NaN/Inf)，跳过该 batch
[2025-12-08 10:19:04,770] [WARNING] 遇到非有限 loss (NaN/Inf)，跳过该 batch
[2025-12-08 10:19:04,777] [WARNING] 遇到非有限 loss (NaN/Inf)，跳过该 batch
[2025-12-08 10:19:04,786] [WARNING] 遇到非有限 loss (NaN/Inf)，跳过该 batch
[2025-12-08 10:19:04,794] [WARNING] 遇到非有限 loss (NaN/Inf)，跳过该 batch
[2025-12-08 10:19:04,802] [WARNING] 遇到非有限 loss (NaN/Inf)，跳过该 batch
[2025-12-08 10:19:04,810] [WARNING] 遇到非有限 loss (NaN/Inf)，跳过该 batch
[2025-12-08 10:19:04,817] [WARNING] 遇到非有限 loss (NaN/Inf)，跳过该 batch
[2025-12-08 10:19:04,825] [WARNING] 遇到非有限 loss (NaN/Inf)，跳过该 batch
[2025-12-08 10:19:04,833] [WARNING] 遇到非有限 loss (NaN/Inf)，跳过该 batch
[2025-12-08 10:19:04,841] [WARNING] 遇到非有限 loss (NaN/Inf)，跳过该 batch
[2025-12-08 10:19:04,850] [WARNING] 遇到非有限 loss (NaN/Inf)，跳过该 batch
[2025-12-08 10:19:04,858] [WARNING] 遇到非有限 loss (NaN/Inf)，跳过该 batch
[2025-12-08 10:19:04,866] [WARNING] 遇到非有限 loss (NaN/Inf)，跳过该 batch
[2025-12-08 10:19:04,874] [WARNING] 遇到非有限 loss (NaN/Inf)，跳过该 batch
[2025-12-08 10:19:04,882] [WARNING] 遇到非有限 loss (NaN/Inf)，跳过该 batch
[2025-12-08 10:19:04,890] [WARNING] 遇到非有限 loss (NaN/Inf)，跳过该 batch
[2025-12-08 10:19:04,898] [WARNING] 遇到非有限 loss (NaN/Inf)，跳过该 batch
[2025-12-08 10:19:04,906] [WARNING] 遇到非有限 loss (NaN/Inf)，跳过该 batch
[2025-12-08 10:19:04,914] [WARNING] 遇到非有限 loss (NaN/Inf)，跳过该 batch
[2025-12-08 10:19:04,922] [WARNING] 遇到非有限 loss (NaN/Inf)，跳过该 batch
[2025-12-08 10:19:04,930] [WARNING] 遇到非有限 loss (NaN/Inf)，跳过该 batch
[2025-12-08 10:19:04,938] [WARNING] 遇到非有限 loss (NaN/Inf)，跳过该 batch
[2025-12-08 10:19:04,946] [WARNING] 遇到非有限 loss (NaN/Inf)，跳过该 batch
[2025-12-08 10:19:04,955] [WARNING] 遇到非有限 loss (NaN/Inf)，跳过该 batch
[2025-12-08 10:19:04,963] [WARNING] 遇到非有限 loss (NaN/Inf)，跳过该 batch
[2025-12-08 10:19:04,971] [WARNING] 遇到非有限 loss (NaN/Inf)，跳过该 batch
[2025-12-08 10:19:04,979] [WARNING] 遇到非有限 loss (NaN/Inf)，跳过该 batch
[2025-12-08 10:19:04,987] [WARNING] 遇到非有限 loss (NaN/Inf)，跳过该 batch
[2025-12-08 10:19:04,995] [WARNING] 遇到非有限 loss (NaN/Inf)，跳过该 batch
[2025-12-08 10:19:05,003] [WARNING] 遇到非有限 loss (NaN/Inf)，跳过该 batch
[2025-12-08 10:19:05,011] [WARNING] 遇到非有限 loss (NaN/Inf)，跳过该 batch
[2025-12-08 10:19:05,019] [WARNING] 遇到非有限 loss (NaN/Inf)，跳过该 batch
[2025-12-08 10:19:05,027] [WARNING] 遇到非有限 loss (NaN/Inf)，跳过该 batch
[2025-12-08 10:19:05,035] [WARNING] 遇到非有限 loss (NaN/Inf)，跳过该 batch
[2025-12-08 10:19:05,043] [WARNING] 遇到非有限 loss (NaN/Inf)，跳过该 batch
[2025-12-08 10:19:05,052] [WARNING] 遇到非有限 loss (NaN/Inf)，跳过该 batch
[2025-12-08 10:19:05,061] [WARNING] 遇到非有限 loss (NaN/Inf)，跳过该 batch
[2025-12-08 10:19:05,069] [WARNING] 遇到非有限 loss (NaN/Inf)，跳过该 batch
[2025-12-08 10:19:05,077] [WARNING] 遇到非有限 loss (NaN/Inf)，跳过该 batch
[2025-12-08 10:19:05,084] [WARNING] 遇到非有限 loss (NaN/Inf)，跳过该 batch
[2025-12-08 10:19:05,092] [WARNING] 遇到非有限 loss (NaN/Inf)，跳过该 batch
[2025-12-08 10:19:05,100] [WARNING] 遇到非有限 loss (NaN/Inf)，跳过该 batch
[2025-12-08 10:19:05,108] [WARNING] 遇到非有限 loss (NaN/Inf)，跳过该 batch
[2025-12-08 10:19:05,116] [WARNING] 遇到非有限 loss (NaN/Inf)，跳过该 batch
[2025-12-08 10:19:05,124] [WARNING] 遇到非有限 loss (NaN/Inf)，跳过该 batch
[2025-12-08 10:19:05,132] [WARNING] 遇到非有限 loss (NaN/Inf)，跳过该 batch
[2025-12-08 10:19:05,140] [WARNING] 遇到非有限 loss (NaN/Inf)，跳过该 batch
[2025-12-08 10:19:05,148] [WARNING] 遇到非有限 loss (NaN/Inf)，跳过该 batch
[2025-12-08 10:19:05,157] [WARNING] 遇到非有限 loss (NaN/Inf)，跳过该 batch
[2025-12-08 10:19:05,165] [WARNING] 遇到非有限 loss (NaN/Inf)，跳过该 batch
[2025-12-08 10:19:05,173] [WARNING] 遇到非有限 loss (NaN/Inf)，跳过该 batch
[2025-12-08 10:19:05,181] [WARNING] 遇到非有限 loss (NaN/Inf)，跳过该 batch
[2025-12-08 10:19:05,190] [WARNING] 遇到非有限 loss (NaN/Inf)，跳过该 batch
[2025-12-08 10:19:05,197] [WARNING] 遇到非有限 loss (NaN/Inf)，跳过该 batch
[2025-12-08 10:19:05,205] [WARNING] 遇到非有限 loss (NaN/Inf)，跳过该 batch
[2025-12-08 10:19:05,213] [WARNING] 遇到非有限 loss (NaN/Inf)，跳过该 batch
[2025-12-08 10:19:05,221] [WARNING] 遇到非有限 loss (NaN/Inf)，跳过该 batch
[2025-12-08 10:19:05,229] [WARNING] 遇到非有限 loss (NaN/Inf)，跳过该 batch
[2025-12-08 10:19:05,237] [WARNING] 遇到非有限 loss (NaN/Inf)，跳过该 batch
[2025-12-08 10:19:05,245] [WARNING] 遇到非有限 loss (NaN/Inf)，跳过该 batch
[2025-12-08 10:19:05,253] [WARNING] 遇到非有限 loss (NaN/Inf)，跳过该 batch
[2025-12-08 10:19:05,260] [WARNING] 遇到非有限 loss (NaN/Inf)，跳过该 batch
[2025-12-08 10:19:05,269] [WARNING] 遇到非有限 loss (NaN/Inf)，跳过该 batch
[2025-12-08 10:19:05,277] [WARNING] 遇到非有限 loss (NaN/Inf)，跳过该 batch
[2025-12-08 10:19:05,284] [WARNING] 遇到非有限 loss (NaN/Inf)，跳过该 batch
[2025-12-08 10:19:05,292] [WARNING] 遇到非有限 loss (NaN/Inf)，跳过该 batch
[2025-12-08 10:19:05,301] [WARNING] 遇到非有限 loss (NaN/Inf)，跳过该 batch
[2025-12-08 10:19:05,308] [WARNING] 遇到非有限 loss (NaN/Inf)，跳过该 batch
[2025-12-08 10:19:05,316] [WARNING] 遇到非有限 loss (NaN/Inf)，跳过该 batch
[2025-12-08 10:19:05,324] [WARNING] 遇到非有限 loss (NaN/Inf)，跳过该 batch
[2025-12-08 10:19:05,332] [WARNING] 遇到非有限 loss (NaN/Inf)，跳过该 batch
[2025-12-08 10:19:05,341] [WARNING] 遇到非有限 loss (NaN/Inf)，跳过该 batch
[2025-12-08 10:19:05,349] [WARNING] 遇到非有限 loss (NaN/Inf)，跳过该 batch
[2025-12-08 10:19:05,357] [WARNING] 遇到非有限 loss (NaN/Inf)，跳过该 batch
[2025-12-08 10:19:05,365] [WARNING] 遇到非有限 loss (NaN/Inf)，跳过该 batch
[2025-12-08 10:19:05,373] [WARNING] 遇到非有限 loss (NaN/Inf)，跳过该 batch
[2025-12-08 10:19:05,402] [WARNING] 遇到非有限 loss (NaN/Inf)，跳过该 batch
[2025-12-08 10:19:05,411] [WARNING] 遇到非有限 loss (NaN/Inf)，跳过该 batch
[2025-12-08 10:19:05,418] [WARNING] 遇到非有限 loss (NaN/Inf)，跳过该 batch
[2025-12-08 10:19:05,426] [WARNING] 遇到非有限 loss (NaN/Inf)，跳过该 batch
[2025-12-08 10:19:05,434] [WARNING] 遇到非有限 loss (NaN/Inf)，跳过该 batch
[2025-12-08 10:19:05,442] [WARNING] 遇到非有限 loss (NaN/Inf)，跳过该 batch
[2025-12-08 10:19:05,450] [WARNING] 遇到非有限 loss (NaN/Inf)，跳过该 batch
[2025-12-08 10:19:05,458] [WARNING] 遇到非有限 loss (NaN/Inf)，跳过该 batch
[2025-12-08 10:19:05,541] [INFO] 本 epoch（预测分支）平均训练损失: 0.000000
[2025-12-08 10:19:36,123] [INFO] [Eval] F1=0.8900, P=0.9117, R=0.8693, AUC=0.6604, thr=4.740755, point_adjust=True
[2025-12-08 10:19:36,376] [INFO] 已保存可视化图：./logs/smd_forecast/scores_epoch10.png
[2025-12-08 10:19:36,377] [INFO] ========== Epoch 11/50 ==========
[2025-12-08 10:19:36,622] [WARNING] 遇到非有限 loss (NaN/Inf)，跳过该 batch
[2025-12-08 10:19:36,638] [WARNING] 遇到非有限 loss (NaN/Inf)，跳过该 batch
[2025-12-08 10:19:36,645] [WARNING] 遇到非有限 loss (NaN/Inf)，跳过该 batch
[2025-12-08 10:19:36,654] [WARNING] 遇到非有限 loss (NaN/Inf)，跳过该 batch
[2025-12-08 10:19:36,661] [WARNING] 遇到非有限 loss (NaN/Inf)，跳过该 batch
[2025-12-08 10:19:36,668] [WARNING] 遇到非有限 loss (NaN/Inf)，跳过该 batch
[2025-12-08 10:19:36,675] [WARNING] 遇到非有限 loss (NaN/Inf)，跳过该 batch
[2025-12-08 10:19:36,682] [WARNING] 遇到非有限 loss (NaN/Inf)，跳过该 batch
[2025-12-08 10:19:36,690] [WARNING] 遇到非有限 loss (NaN/Inf)，跳过该 batch
[2025-12-08 10:19:36,698] [WARNING] 遇到非有限 loss (NaN/Inf)，跳过该 batch
[2025-12-08 10:19:36,706] [WARNING] 遇到非有限 loss (NaN/Inf)，跳过该 batch
[2025-12-08 10:19:36,714] [WARNING] 遇到非有限 loss (NaN/Inf)，跳过该 batch
[2025-12-08 10:19:36,722] [WARNING] 遇到非有限 loss (NaN/Inf)，跳过该 batch
[2025-12-08 10:19:36,730] [WARNING] 遇到非有限 loss (NaN/Inf)，跳过该 batch
[2025-12-08 10:19:36,737] [WARNING] 遇到非有限 loss (NaN/Inf)，跳过该 batch
[2025-12-08 10:19:36,745] [WARNING] 遇到非有限 loss (NaN/Inf)，跳过该 batch
[2025-12-08 10:19:36,753] [WARNING] 遇到非有限 loss (NaN/Inf)，跳过该 batch
[2025-12-08 10:19:36,760] [WARNING] 遇到非有限 loss (NaN/Inf)，跳过该 batch
[2025-12-08 10:19:36,768] [WARNING] 遇到非有限 loss (NaN/Inf)，跳过该 batch
[2025-12-08 10:19:36,776] [WARNING] 遇到非有限 loss (NaN/Inf)，跳过该 batch
[2025-12-08 10:19:36,796] [WARNING] 遇到非有限 loss (NaN/Inf)，跳过该 batch
[2025-12-08 10:19:36,804] [WARNING] 遇到非有限 loss (NaN/Inf)，跳过该 batch
[2025-12-08 10:19:36,812] [WARNING] 遇到非有限 loss (NaN/Inf)，跳过该 batch
[2025-12-08 10:19:36,820] [WARNING] 遇到非有限 loss (NaN/Inf)，跳过该 batch
[2025-12-08 10:19:36,828] [WARNING] 遇到非有限 loss (NaN/Inf)，跳过该 batch
[2025-12-08 10:19:36,836] [WARNING] 遇到非有限 loss (NaN/Inf)，跳过该 batch
[2025-12-08 10:19:36,844] [WARNING] 遇到非有限 loss (NaN/Inf)，跳过该 batch
[2025-12-08 10:19:36,851] [WARNING] 遇到非有限 loss (NaN/Inf)，跳过该 batch
[2025-12-08 10:19:36,859] [WARNING] 遇到非有限 loss (NaN/Inf)，跳过该 batch
[2025-12-08 10:19:36,868] [WARNING] 遇到非有限 loss (NaN/Inf)，跳过该 batch
[2025-12-08 10:19:36,876] [WARNING] 遇到非有限 loss (NaN/Inf)，跳过该 batch
[2025-12-08 10:19:36,885] [WARNING] 遇到非有限 loss (NaN/Inf)，跳过该 batch
[2025-12-08 10:19:36,893] [WARNING] 遇到非有限 loss (NaN/Inf)，跳过该 batch
[2025-12-08 10:19:36,901] [WARNING] 遇到非有限 loss (NaN/Inf)，跳过该 batch
[2025-12-08 10:19:36,913] [WARNING] 遇到非有限 loss (NaN/Inf)，跳过该 batch
[2025-12-08 10:19:36,921] [WARNING] 遇到非有限 loss (NaN/Inf)，跳过该 batch
[2025-12-08 10:19:36,937] [WARNING] 遇到非有限 loss (NaN/Inf)，跳过该 batch
[2025-12-08 10:19:36,949] [WARNING] 遇到非有限 loss (NaN/Inf)，跳过该 batch
[2025-12-08 10:19:36,961] [WARNING] 遇到非有限 loss (NaN/Inf)，跳过该 batch
[2025-12-08 10:19:36,976] [WARNING] 遇到非有限 loss (NaN/Inf)，跳过该 batch
[2025-12-08 10:19:36,985] [WARNING] 遇到非有限 loss (NaN/Inf)，跳过该 batch
[2025-12-08 10:19:36,993] [WARNING] 遇到非有限 loss (NaN/Inf)，跳过该 batch
[2025-12-08 10:19:37,012] [WARNING] 遇到非有限 loss (NaN/Inf)，跳过该 batch
[2025-12-08 10:19:37,038] [WARNING] 遇到非有限 loss (NaN/Inf)，跳过该 batch
[2025-12-08 10:19:37,079] [WARNING] 遇到非有限 loss (NaN/Inf)，跳过该 batch
[2025-12-08 10:19:37,092] [WARNING] 遇到非有限 loss (NaN/Inf)，跳过该 batch
[2025-12-08 10:19:37,100] [WARNING] 遇到非有限 loss (NaN/Inf)，跳过该 batch
[2025-12-08 10:19:37,108] [WARNING] 遇到非有限 loss (NaN/Inf)，跳过该 batch
[2025-12-08 10:19:37,115] [WARNING] 遇到非有限 loss (NaN/Inf)，跳过该 batch
[2025-12-08 10:19:37,123] [WARNING] 遇到非有限 loss (NaN/Inf)，跳过该 batch
[2025-12-08 10:19:37,131] [WARNING] 遇到非有限 loss (NaN/Inf)，跳过该 batch
[2025-12-08 10:19:37,139] [WARNING] 遇到非有限 loss (NaN/Inf)，跳过该 batch
[2025-12-08 10:19:37,154] [WARNING] 遇到非有限 loss (NaN/Inf)，跳过该 batch
[2025-12-08 10:19:37,166] [WARNING] 遇到非有限 loss (NaN/Inf)，跳过该 batch
[2025-12-08 10:19:37,174] [WARNING] 遇到非有限 loss (NaN/Inf)，跳过该 batch
[2025-12-08 10:19:37,182] [WARNING] 遇到非有限 loss (NaN/Inf)，跳过该 batch
[2025-12-08 10:19:37,189] [WARNING] 遇到非有限 loss (NaN/Inf)，跳过该 batch
[2025-12-08 10:19:37,198] [WARNING] 遇到非有限 loss (NaN/Inf)，跳过该 batch
[2025-12-08 10:19:37,206] [WARNING] 遇到非有限 loss (NaN/Inf)，跳过该 batch
[2025-12-08 10:19:37,214] [WARNING] 遇到非有限 loss (NaN/Inf)，跳过该 batch
[2025-12-08 10:19:37,222] [WARNING] 遇到非有限 loss (NaN/Inf)，跳过该 batch
[2025-12-08 10:19:37,230] [WARNING] 遇到非有限 loss (NaN/Inf)，跳过该 batch
[2025-12-08 10:19:37,252] [WARNING] 遇到非有限 loss (NaN/Inf)，跳过该 batch
[2025-12-08 10:19:37,287] [WARNING] 遇到非有限 loss (NaN/Inf)，跳过该 batch
[2025-12-08 10:19:37,296] [WARNING] 遇到非有限 loss (NaN/Inf)，跳过该 batch
[2025-12-08 10:19:37,303] [WARNING] 遇到非有限 loss (NaN/Inf)，跳过该 batch
[2025-12-08 10:19:37,311] [WARNING] 遇到非有限 loss (NaN/Inf)，跳过该 batch
[2025-12-08 10:19:37,320] [WARNING] 遇到非有限 loss (NaN/Inf)，跳过该 batch
[2025-12-08 10:19:37,334] [WARNING] 遇到非有限 loss (NaN/Inf)，跳过该 batch
[2025-12-08 10:19:37,354] [WARNING] 遇到非有限 loss (NaN/Inf)，跳过该 batch
[2025-12-08 10:19:37,363] [WARNING] 遇到非有限 loss (NaN/Inf)，跳过该 batch
[2025-12-08 10:19:37,372] [WARNING] 遇到非有限 loss (NaN/Inf)，跳过该 batch
[2025-12-08 10:19:37,380] [WARNING] 遇到非有限 loss (NaN/Inf)，跳过该 batch
[2025-12-08 10:19:37,388] [WARNING] 遇到非有限 loss (NaN/Inf)，跳过该 batch
[2025-12-08 10:19:37,397] [WARNING] 遇到非有限 loss (NaN/Inf)，跳过该 batch
[2025-12-08 10:19:37,405] [WARNING] 遇到非有限 loss (NaN/Inf)，跳过该 batch
[2025-12-08 10:19:37,415] [WARNING] 遇到非有限 loss (NaN/Inf)，跳过该 batch
[2025-12-08 10:19:37,425] [WARNING] 遇到非有限 loss (NaN/Inf)，跳过该 batch
[2025-12-08 10:19:37,434] [WARNING] 遇到非有限 loss (NaN/Inf)，跳过该 batch
[2025-12-08 10:19:37,443] [WARNING] 遇到非有限 loss (NaN/Inf)，跳过该 batch
[2025-12-08 10:19:37,451] [WARNING] 遇到非有限 loss (NaN/Inf)，跳过该 batch
[2025-12-08 10:19:37,460] [WARNING] 遇到非有限 loss (NaN/Inf)，跳过该 batch
[2025-12-08 10:19:37,468] [WARNING] 遇到非有限 loss (NaN/Inf)，跳过该 batch
[2025-12-08 10:19:37,476] [WARNING] 遇到非有限 loss (NaN/Inf)，跳过该 batch
[2025-12-08 10:19:37,487] [WARNING] 遇到非有限 loss (NaN/Inf)，跳过该 batch
[2025-12-08 10:19:37,495] [WARNING] 遇到非有限 loss (NaN/Inf)，跳过该 batch
[2025-12-08 10:19:37,503] [WARNING] 遇到非有限 loss (NaN/Inf)，跳过该 batch
[2025-12-08 10:19:37,512] [WARNING] 遇到非有限 loss (NaN/Inf)，跳过该 batch
[2025-12-08 10:19:37,520] [WARNING] 遇到非有限 loss (NaN/Inf)，跳过该 batch
[2025-12-08 10:19:37,528] [WARNING] 遇到非有限 loss (NaN/Inf)，跳过该 batch
[2025-12-08 10:19:37,536] [WARNING] 遇到非有限 loss (NaN/Inf)，跳过该 batch
[2025-12-08 10:19:37,544] [WARNING] 遇到非有限 loss (NaN/Inf)，跳过该 batch
[2025-12-08 10:19:37,553] [WARNING] 遇到非有限 loss (NaN/Inf)，跳过该 batch
[2025-12-08 10:19:37,562] [WARNING] 遇到非有限 loss (NaN/Inf)，跳过该 batch
[2025-12-08 10:19:37,571] [WARNING] 遇到非有限 loss (NaN/Inf)，跳过该 batch
[2025-12-08 10:19:37,579] [WARNING] 遇到非有限 loss (NaN/Inf)，跳过该 batch
[2025-12-08 10:19:37,587] [WARNING] 遇到非有限 loss (NaN/Inf)，跳过该 batch
[2025-12-08 10:19:37,595] [WARNING] 遇到非有限 loss (NaN/Inf)，跳过该 batch
[2025-12-08 10:19:37,603] [WARNING] 遇到非有限 loss (NaN/Inf)，跳过该 batch
[2025-12-08 10:19:37,611] [WARNING] 遇到非有限 loss (NaN/Inf)，跳过该 batch
[2025-12-08 10:19:37,619] [WARNING] 遇到非有限 loss (NaN/Inf)，跳过该 batch
[2025-12-08 10:19:37,627] [WARNING] 遇到非有限 loss (NaN/Inf)，跳过该 batch
[2025-12-08 10:19:37,635] [WARNING] 遇到非有限 loss (NaN/Inf)，跳过该 batch
[2025-12-08 10:19:37,643] [WARNING] 遇到非有限 loss (NaN/Inf)，跳过该 batch
[2025-12-08 10:19:37,651] [WARNING] 遇到非有限 loss (NaN/Inf)，跳过该 batch
[2025-12-08 10:19:37,660] [WARNING] 遇到非有限 loss (NaN/Inf)，跳过该 batch
[2025-12-08 10:19:37,668] [WARNING] 遇到非有限 loss (NaN/Inf)，跳过该 batch
[2025-12-08 10:19:37,677] [WARNING] 遇到非有限 loss (NaN/Inf)，跳过该 batch
[2025-12-08 10:19:37,685] [WARNING] 遇到非有限 loss (NaN/Inf)，跳过该 batch
[2025-12-08 10:19:37,693] [WARNING] 遇到非有限 loss (NaN/Inf)，跳过该 batch
[2025-12-08 10:19:37,701] [WARNING] 遇到非有限 loss (NaN/Inf)，跳过该 batch
[2025-12-08 10:19:37,708] [WARNING] 遇到非有限 loss (NaN/Inf)，跳过该 batch
[2025-12-08 10:19:37,716] [WARNING] 遇到非有限 loss (NaN/Inf)，跳过该 batch
[2025-12-08 10:19:37,725] [WARNING] 遇到非有限 loss (NaN/Inf)，跳过该 batch
[2025-12-08 10:19:37,733] [WARNING] 遇到非有限 loss (NaN/Inf)，跳过该 batch
[2025-12-08 10:19:37,741] [WARNING] 遇到非有限 loss (NaN/Inf)，跳过该 batch
[2025-12-08 10:19:37,749] [WARNING] 遇到非有限 loss (NaN/Inf)，跳过该 batch
[2025-12-08 10:19:37,757] [WARNING] 遇到非有限 loss (NaN/Inf)，跳过该 batch
[2025-12-08 10:19:37,765] [WARNING] 遇到非有限 loss (NaN/Inf)，跳过该 batch
[2025-12-08 10:19:37,773] [WARNING] 遇到非有限 loss (NaN/Inf)，跳过该 batch
[2025-12-08 10:19:37,781] [WARNING] 遇到非有限 loss (NaN/Inf)，跳过该 batch
[2025-12-08 10:19:37,789] [WARNING] 遇到非有限 loss (NaN/Inf)，跳过该 batch
[2025-12-08 10:19:37,798] [WARNING] 遇到非有限 loss (NaN/Inf)，跳过该 batch
[2025-12-08 10:19:37,806] [WARNING] 遇到非有限 loss (NaN/Inf)，跳过该 batch
[2025-12-08 10:19:37,814] [WARNING] 遇到非有限 loss (NaN/Inf)，跳过该 batch
[2025-12-08 10:19:37,822] [WARNING] 遇到非有限 loss (NaN/Inf)，跳过该 batch
[2025-12-08 10:19:37,831] [WARNING] 遇到非有限 loss (NaN/Inf)，跳过该 batch
[2025-12-08 10:19:37,838] [WARNING] 遇到非有限 loss (NaN/Inf)，跳过该 batch
[2025-12-08 10:19:37,846] [WARNING] 遇到非有限 loss (NaN/Inf)，跳过该 batch
[2025-12-08 10:19:37,854] [WARNING] 遇到非有限 loss (NaN/Inf)，跳过该 batch
[2025-12-08 10:19:37,862] [WARNING] 遇到非有限 loss (NaN/Inf)，跳过该 batch
[2025-12-08 10:19:37,870] [WARNING] 遇到非有限 loss (NaN/Inf)，跳过该 batch
[2025-12-08 10:19:37,878] [WARNING] 遇到非有限 loss (NaN/Inf)，跳过该 batch
[2025-12-08 10:19:37,887] [WARNING] 遇到非有限 loss (NaN/Inf)，跳过该 batch
[2025-12-08 10:19:37,896] [WARNING] 遇到非有限 loss (NaN/Inf)，跳过该 batch
[2025-12-08 10:19:37,904] [WARNING] 遇到非有限 loss (NaN/Inf)，跳过该 batch
[2025-12-08 10:19:37,912] [WARNING] 遇到非有限 loss (NaN/Inf)，跳过该 batch
[2025-12-08 10:19:37,920] [WARNING] 遇到非有限 loss (NaN/Inf)，跳过该 batch
[2025-12-08 10:19:37,928] [WARNING] 遇到非有限 loss (NaN/Inf)，跳过该 batch
[2025-12-08 10:19:37,936] [WARNING] 遇到非有限 loss (NaN/Inf)，跳过该 batch
[2025-12-08 10:19:37,944] [WARNING] 遇到非有限 loss (NaN/Inf)，跳过该 batch
[2025-12-08 10:19:37,952] [WARNING] 遇到非有限 loss (NaN/Inf)，跳过该 batch
[2025-12-08 10:19:37,960] [WARNING] 遇到非有限 loss (NaN/Inf)，跳过该 batch
[2025-12-08 10:19:37,968] [WARNING] 遇到非有限 loss (NaN/Inf)，跳过该 batch
[2025-12-08 10:19:37,975] [WARNING] 遇到非有限 loss (NaN/Inf)，跳过该 batch
[2025-12-08 10:19:37,983] [WARNING] 遇到非有限 loss (NaN/Inf)，跳过该 batch
[2025-12-08 10:19:37,992] [WARNING] 遇到非有限 loss (NaN/Inf)，跳过该 batch
[2025-12-08 10:19:38,000] [WARNING] 遇到非有限 loss (NaN/Inf)，跳过该 batch
[2025-12-08 10:19:38,008] [WARNING] 遇到非有限 loss (NaN/Inf)，跳过该 batch
[2025-12-08 10:19:38,016] [WARNING] 遇到非有限 loss (NaN/Inf)，跳过该 batch
[2025-12-08 10:19:38,024] [WARNING] 遇到非有限 loss (NaN/Inf)，跳过该 batch
[2025-12-08 10:19:38,031] [WARNING] 遇到非有限 loss (NaN/Inf)，跳过该 batch
[2025-12-08 10:19:38,039] [WARNING] 遇到非有限 loss (NaN/Inf)，跳过该 batch
[2025-12-08 10:19:38,048] [WARNING] 遇到非有限 loss (NaN/Inf)，跳过该 batch
[2025-12-08 10:19:38,059] [WARNING] 遇到非有限 loss (NaN/Inf)，跳过该 batch
[2025-12-08 10:19:38,067] [WARNING] 遇到非有限 loss (NaN/Inf)，跳过该 batch
[2025-12-08 10:19:38,075] [WARNING] 遇到非有限 loss (NaN/Inf)，跳过该 batch
[2025-12-08 10:19:38,083] [WARNING] 遇到非有限 loss (NaN/Inf)，跳过该 batch
[2025-12-08 10:19:38,091] [WARNING] 遇到非有限 loss (NaN/Inf)，跳过该 batch
[2025-12-08 10:19:38,099] [WARNING] 遇到非有限 loss (NaN/Inf)，跳过该 batch
[2025-12-08 10:19:38,109] [WARNING] 遇到非有限 loss (NaN/Inf)，跳过该 batch
[2025-12-08 10:19:38,117] [WARNING] 遇到非有限 loss (NaN/Inf)，跳过该 batch
[2025-12-08 10:19:38,125] [WARNING] 遇到非有限 loss (NaN/Inf)，跳过该 batch
[2025-12-08 10:19:38,133] [WARNING] 遇到非有限 loss (NaN/Inf)，跳过该 batch
[2025-12-08 10:19:38,141] [WARNING] 遇到非有限 loss (NaN/Inf)，跳过该 batch
[2025-12-08 10:19:38,150] [WARNING] 遇到非有限 loss (NaN/Inf)，跳过该 batch
[2025-12-08 10:19:38,158] [WARNING] 遇到非有限 loss (NaN/Inf)，跳过该 batch
[2025-12-08 10:19:38,165] [WARNING] 遇到非有限 loss (NaN/Inf)，跳过该 batch
[2025-12-08 10:19:38,173] [WARNING] 遇到非有限 loss (NaN/Inf)，跳过该 batch
[2025-12-08 10:19:38,181] [WARNING] 遇到非有限 loss (NaN/Inf)，跳过该 batch
[2025-12-08 10:19:38,189] [WARNING] 遇到非有限 loss (NaN/Inf)，跳过该 batch
[2025-12-08 10:19:38,198] [WARNING] 遇到非有限 loss (NaN/Inf)，跳过该 batch
[2025-12-08 10:19:38,207] [WARNING] 遇到非有限 loss (NaN/Inf)，跳过该 batch
[2025-12-08 10:19:38,216] [WARNING] 遇到非有限 loss (NaN/Inf)，跳过该 batch
[2025-12-08 10:19:38,224] [WARNING] 遇到非有限 loss (NaN/Inf)，跳过该 batch
[2025-12-08 10:19:38,232] [WARNING] 遇到非有限 loss (NaN/Inf)，跳过该 batch
[2025-12-08 10:19:38,241] [WARNING] 遇到非有限 loss (NaN/Inf)，跳过该 batch
[2025-12-08 10:19:38,253] [WARNING] 遇到非有限 loss (NaN/Inf)，跳过该 batch
[2025-12-08 10:19:38,261] [WARNING] 遇到非有限 loss (NaN/Inf)，跳过该 batch
[2025-12-08 10:19:38,269] [WARNING] 遇到非有限 loss (NaN/Inf)，跳过该 batch
[2025-12-08 10:19:38,278] [WARNING] 遇到非有限 loss (NaN/Inf)，跳过该 batch
[2025-12-08 10:19:38,287] [WARNING] 遇到非有限 loss (NaN/Inf)，跳过该 batch
[2025-12-08 10:19:38,295] [WARNING] 遇到非有限 loss (NaN/Inf)，跳过该 batch
[2025-12-08 10:19:38,303] [WARNING] 遇到非有限 loss (NaN/Inf)，跳过该 batch
[2025-12-08 10:19:38,311] [WARNING] 遇到非有限 loss (NaN/Inf)，跳过该 batch
[2025-12-08 10:19:38,319] [WARNING] 遇到非有限 loss (NaN/Inf)，跳过该 batch
[2025-12-08 10:19:38,327] [WARNING] 遇到非有限 loss (NaN/Inf)，跳过该 batch
[2025-12-08 10:19:38,335] [WARNING] 遇到非有限 loss (NaN/Inf)，跳过该 batch
[2025-12-08 10:19:38,343] [WARNING] 遇到非有限 loss (NaN/Inf)，跳过该 batch
[2025-12-08 10:19:38,352] [WARNING] 遇到非有限 loss (NaN/Inf)，跳过该 batch
[2025-12-08 10:19:38,360] [WARNING] 遇到非有限 loss (NaN/Inf)，跳过该 batch
[2025-12-08 10:19:38,370] [WARNING] 遇到非有限 loss (NaN/Inf)，跳过该 batch
[2025-12-08 10:19:38,378] [WARNING] 遇到非有限 loss (NaN/Inf)，跳过该 batch
[2025-12-08 10:19:38,387] [WARNING] 遇到非有限 loss (NaN/Inf)，跳过该 batch
[2025-12-08 10:19:38,395] [WARNING] 遇到非有限 loss (NaN/Inf)，跳过该 batch
[2025-12-08 10:19:38,402] [WARNING] 遇到非有限 loss (NaN/Inf)，跳过该 batch
[2025-12-08 10:19:38,410] [WARNING] 遇到非有限 loss (NaN/Inf)，跳过该 batch
[2025-12-08 10:19:38,418] [WARNING] 遇到非有限 loss (NaN/Inf)，跳过该 batch
[2025-12-08 10:19:38,428] [WARNING] 遇到非有限 loss (NaN/Inf)，跳过该 batch
[2025-12-08 10:19:38,437] [WARNING] 遇到非有限 loss (NaN/Inf)，跳过该 batch
[2025-12-08 10:19:38,445] [WARNING] 遇到非有限 loss (NaN/Inf)，跳过该 batch
[2025-12-08 10:19:38,453] [WARNING] 遇到非有限 loss (NaN/Inf)，跳过该 batch
[2025-12-08 10:19:38,461] [WARNING] 遇到非有限 loss (NaN/Inf)，跳过该 batch
[2025-12-08 10:19:38,469] [WARNING] 遇到非有限 loss (NaN/Inf)，跳过该 batch
[2025-12-08 10:19:38,478] [WARNING] 遇到非有限 loss (NaN/Inf)，跳过该 batch
[2025-12-08 10:19:38,486] [WARNING] 遇到非有限 loss (NaN/Inf)，跳过该 batch
[2025-12-08 10:19:38,494] [WARNING] 遇到非有限 loss (NaN/Inf)，跳过该 batch
[2025-12-08 10:19:38,502] [WARNING] 遇到非有限 loss (NaN/Inf)，跳过该 batch
[2025-12-08 10:19:38,510] [WARNING] 遇到非有限 loss (NaN/Inf)，跳过该 batch
[2025-12-08 10:19:38,519] [WARNING] 遇到非有限 loss (NaN/Inf)，跳过该 batch
[2025-12-08 10:19:38,527] [WARNING] 遇到非有限 loss (NaN/Inf)，跳过该 batch
[2025-12-08 10:19:38,536] [WARNING] 遇到非有限 loss (NaN/Inf)，跳过该 batch
[2025-12-08 10:19:38,544] [WARNING] 遇到非有限 loss (NaN/Inf)，跳过该 batch
[2025-12-08 10:19:38,552] [WARNING] 遇到非有限 loss (NaN/Inf)，跳过该 batch
[2025-12-08 10:19:38,561] [WARNING] 遇到非有限 loss (NaN/Inf)，跳过该 batch
[2025-12-08 10:19:38,570] [WARNING] 遇到非有限 loss (NaN/Inf)，跳过该 batch
[2025-12-08 10:19:38,578] [WARNING] 遇到非有限 loss (NaN/Inf)，跳过该 batch
[2025-12-08 10:19:38,587] [WARNING] 遇到非有限 loss (NaN/Inf)，跳过该 batch
[2025-12-08 10:19:38,595] [WARNING] 遇到非有限 loss (NaN/Inf)，跳过该 batch
[2025-12-08 10:19:38,604] [WARNING] 遇到非有限 loss (NaN/Inf)，跳过该 batch
[2025-12-08 10:19:38,612] [WARNING] 遇到非有限 loss (NaN/Inf)，跳过该 batch
[2025-12-08 10:19:38,619] [WARNING] 遇到非有限 loss (NaN/Inf)，跳过该 batch
[2025-12-08 10:19:38,627] [WARNING] 遇到非有限 loss (NaN/Inf)，跳过该 batch
[2025-12-08 10:19:38,635] [WARNING] 遇到非有限 loss (NaN/Inf)，跳过该 batch
[2025-12-08 10:19:38,643] [WARNING] 遇到非有限 loss (NaN/Inf)，跳过该 batch
[2025-12-08 10:19:38,651] [WARNING] 遇到非有限 loss (NaN/Inf)，跳过该 batch
[2025-12-08 10:19:38,659] [WARNING] 遇到非有限 loss (NaN/Inf)，跳过该 batch
[2025-12-08 10:19:38,667] [WARNING] 遇到非有限 loss (NaN/Inf)，跳过该 batch
[2025-12-08 10:19:38,675] [WARNING] 遇到非有限 loss (NaN/Inf)，跳过该 batch
[2025-12-08 10:19:38,683] [WARNING] 遇到非有限 loss (NaN/Inf)，跳过该 batch
[2025-12-08 10:19:38,692] [WARNING] 遇到非有限 loss (NaN/Inf)，跳过该 batch
[2025-12-08 10:19:38,700] [WARNING] 遇到非有限 loss (NaN/Inf)，跳过该 batch
[2025-12-08 10:19:38,708] [WARNING] 遇到非有限 loss (NaN/Inf)，跳过该 batch
[2025-12-08 10:19:38,716] [WARNING] 遇到非有限 loss (NaN/Inf)，跳过该 batch
[2025-12-08 10:19:38,724] [WARNING] 遇到非有限 loss (NaN/Inf)，跳过该 batch
[2025-12-08 10:19:38,732] [WARNING] 遇到非有限 loss (NaN/Inf)，跳过该 batch
[2025-12-08 10:19:38,740] [WARNING] 遇到非有限 loss (NaN/Inf)，跳过该 batch
[2025-12-08 10:19:38,748] [WARNING] 遇到非有限 loss (NaN/Inf)，跳过该 batch
[2025-12-08 10:19:38,757] [WARNING] 遇到非有限 loss (NaN/Inf)，跳过该 batch
[2025-12-08 10:19:38,764] [WARNING] 遇到非有限 loss (NaN/Inf)，跳过该 batch
[2025-12-08 10:19:38,772] [WARNING] 遇到非有限 loss (NaN/Inf)，跳过该 batch
[2025-12-08 10:19:38,781] [WARNING] 遇到非有限 loss (NaN/Inf)，跳过该 batch
[2025-12-08 10:19:38,789] [WARNING] 遇到非有限 loss (NaN/Inf)，跳过该 batch
[2025-12-08 10:19:38,796] [WARNING] 遇到非有限 loss (NaN/Inf)，跳过该 batch
[2025-12-08 10:19:38,804] [WARNING] 遇到非有限 loss (NaN/Inf)，跳过该 batch
[2025-12-08 10:19:38,813] [WARNING] 遇到非有限 loss (NaN/Inf)，跳过该 batch
[2025-12-08 10:19:38,822] [WARNING] 遇到非有限 loss (NaN/Inf)，跳过该 batch
[2025-12-08 10:19:38,830] [WARNING] 遇到非有限 loss (NaN/Inf)，跳过该 batch
[2025-12-08 10:19:38,838] [WARNING] 遇到非有限 loss (NaN/Inf)，跳过该 batch
[2025-12-08 10:19:38,846] [WARNING] 遇到非有限 loss (NaN/Inf)，跳过该 batch
[2025-12-08 10:19:38,854] [WARNING] 遇到非有限 loss (NaN/Inf)，跳过该 batch
[2025-12-08 10:19:38,862] [WARNING] 遇到非有限 loss (NaN/Inf)，跳过该 batch
[2025-12-08 10:19:38,870] [WARNING] 遇到非有限 loss (NaN/Inf)，跳过该 batch
[2025-12-08 10:19:38,878] [WARNING] 遇到非有限 loss (NaN/Inf)，跳过该 batch
[2025-12-08 10:19:38,886] [WARNING] 遇到非有限 loss (NaN/Inf)，跳过该 batch
[2025-12-08 10:19:38,895] [WARNING] 遇到非有限 loss (NaN/Inf)，跳过该 batch
[2025-12-08 10:19:38,902] [WARNING] 遇到非有限 loss (NaN/Inf)，跳过该 batch
[2025-12-08 10:19:38,911] [WARNING] 遇到非有限 loss (NaN/Inf)，跳过该 batch
[2025-12-08 10:19:38,919] [WARNING] 遇到非有限 loss (NaN/Inf)，跳过该 batch
[2025-12-08 10:19:38,927] [WARNING] 遇到非有限 loss (NaN/Inf)，跳过该 batch
[2025-12-08 10:19:38,936] [WARNING] 遇到非有限 loss (NaN/Inf)，跳过该 batch
[2025-12-08 10:19:38,944] [WARNING] 遇到非有限 loss (NaN/Inf)，跳过该 batch
[2025-12-08 10:19:38,952] [WARNING] 遇到非有限 loss (NaN/Inf)，跳过该 batch
[2025-12-08 10:19:38,961] [WARNING] 遇到非有限 loss (NaN/Inf)，跳过该 batch
[2025-12-08 10:19:38,971] [WARNING] 遇到非有限 loss (NaN/Inf)，跳过该 batch
[2025-12-08 10:19:38,980] [WARNING] 遇到非有限 loss (NaN/Inf)，跳过该 batch
[2025-12-08 10:19:38,988] [WARNING] 遇到非有限 loss (NaN/Inf)，跳过该 batch
[2025-12-08 10:19:38,996] [WARNING] 遇到非有限 loss (NaN/Inf)，跳过该 batch
[2025-12-08 10:19:39,004] [WARNING] 遇到非有限 loss (NaN/Inf)，跳过该 batch
[2025-12-08 10:19:39,013] [WARNING] 遇到非有限 loss (NaN/Inf)，跳过该 batch
[2025-12-08 10:19:39,021] [WARNING] 遇到非有限 loss (NaN/Inf)，跳过该 batch
[2025-12-08 10:19:39,030] [WARNING] 遇到非有限 loss (NaN/Inf)，跳过该 batch
[2025-12-08 10:19:39,038] [WARNING] 遇到非有限 loss (NaN/Inf)，跳过该 batch
[2025-12-08 10:19:39,047] [WARNING] 遇到非有限 loss (NaN/Inf)，跳过该 batch
[2025-12-08 10:19:39,055] [WARNING] 遇到非有限 loss (NaN/Inf)，跳过该 batch
[2025-12-08 10:19:39,062] [WARNING] 遇到非有限 loss (NaN/Inf)，跳过该 batch
[2025-12-08 10:19:39,070] [WARNING] 遇到非有限 loss (NaN/Inf)，跳过该 batch
[2025-12-08 10:19:39,078] [WARNING] 遇到非有限 loss (NaN/Inf)，跳过该 batch
[2025-12-08 10:19:39,087] [WARNING] 遇到非有限 loss (NaN/Inf)，跳过该 batch
[2025-12-08 10:19:39,095] [WARNING] 遇到非有限 loss (NaN/Inf)，跳过该 batch
[2025-12-08 10:19:39,103] [WARNING] 遇到非有限 loss (NaN/Inf)，跳过该 batch
[2025-12-08 10:19:39,111] [WARNING] 遇到非有限 loss (NaN/Inf)，跳过该 batch
[2025-12-08 10:19:39,118] [WARNING] 遇到非有限 loss (NaN/Inf)，跳过该 batch
[2025-12-08 10:19:39,126] [WARNING] 遇到非有限 loss (NaN/Inf)，跳过该 batch
[2025-12-08 10:19:39,134] [WARNING] 遇到非有限 loss (NaN/Inf)，跳过该 batch
[2025-12-08 10:19:39,142] [WARNING] 遇到非有限 loss (NaN/Inf)，跳过该 batch
[2025-12-08 10:19:39,151] [WARNING] 遇到非有限 loss (NaN/Inf)，跳过该 batch
[2025-12-08 10:19:39,159] [WARNING] 遇到非有限 loss (NaN/Inf)，跳过该 batch
[2025-12-08 10:19:39,167] [WARNING] 遇到非有限 loss (NaN/Inf)，跳过该 batch
[2025-12-08 10:19:39,175] [WARNING] 遇到非有限 loss (NaN/Inf)，跳过该 batch
[2025-12-08 10:19:39,183] [WARNING] 遇到非有限 loss (NaN/Inf)，跳过该 batch
[2025-12-08 10:19:39,191] [WARNING] 遇到非有限 loss (NaN/Inf)，跳过该 batch
[2025-12-08 10:19:39,200] [WARNING] 遇到非有限 loss (NaN/Inf)，跳过该 batch
[2025-12-08 10:19:39,209] [WARNING] 遇到非有限 loss (NaN/Inf)，跳过该 batch
[2025-12-08 10:19:39,216] [WARNING] 遇到非有限 loss (NaN/Inf)，跳过该 batch
[2025-12-08 10:19:39,224] [WARNING] 遇到非有限 loss (NaN/Inf)，跳过该 batch
[2025-12-08 10:19:39,232] [WARNING] 遇到非有限 loss (NaN/Inf)，跳过该 batch
[2025-12-08 10:19:39,241] [WARNING] 遇到非有限 loss (NaN/Inf)，跳过该 batch
[2025-12-08 10:19:39,249] [WARNING] 遇到非有限 loss (NaN/Inf)，跳过该 batch
[2025-12-08 10:19:39,257] [WARNING] 遇到非有限 loss (NaN/Inf)，跳过该 batch
[2025-12-08 10:19:39,265] [WARNING] 遇到非有限 loss (NaN/Inf)，跳过该 batch
[2025-12-08 10:19:39,273] [WARNING] 遇到非有限 loss (NaN/Inf)，跳过该 batch
[2025-12-08 10:19:39,282] [WARNING] 遇到非有限 loss (NaN/Inf)，跳过该 batch
[2025-12-08 10:19:39,290] [WARNING] 遇到非有限 loss (NaN/Inf)，跳过该 batch
[2025-12-08 10:19:39,298] [WARNING] 遇到非有限 loss (NaN/Inf)，跳过该 batch
[2025-12-08 10:19:39,306] [WARNING] 遇到非有限 loss (NaN/Inf)，跳过该 batch
[2025-12-08 10:19:39,315] [WARNING] 遇到非有限 loss (NaN/Inf)，跳过该 batch
[2025-12-08 10:19:39,323] [WARNING] 遇到非有限 loss (NaN/Inf)，跳过该 batch
[2025-12-08 10:19:39,331] [WARNING] 遇到非有限 loss (NaN/Inf)，跳过该 batch
[2025-12-08 10:19:39,339] [WARNING] 遇到非有限 loss (NaN/Inf)，跳过该 batch
[2025-12-08 10:19:39,348] [WARNING] 遇到非有限 loss (NaN/Inf)，跳过该 batch
[2025-12-08 10:19:39,355] [WARNING] 遇到非有限 loss (NaN/Inf)，跳过该 batch
[2025-12-08 10:19:39,363] [WARNING] 遇到非有限 loss (NaN/Inf)，跳过该 batch
[2025-12-08 10:19:39,372] [WARNING] 遇到非有限 loss (NaN/Inf)，跳过该 batch
[2025-12-08 10:19:39,380] [WARNING] 遇到非有限 loss (NaN/Inf)，跳过该 batch
[2025-12-08 10:19:39,388] [WARNING] 遇到非有限 loss (NaN/Inf)，跳过该 batch
[2025-12-08 10:19:39,396] [WARNING] 遇到非有限 loss (NaN/Inf)，跳过该 batch
[2025-12-08 10:19:39,404] [WARNING] 遇到非有限 loss (NaN/Inf)，跳过该 batch
[2025-12-08 10:19:39,412] [WARNING] 遇到非有限 loss (NaN/Inf)，跳过该 batch
[2025-12-08 10:19:39,421] [WARNING] 遇到非有限 loss (NaN/Inf)，跳过该 batch
[2025-12-08 10:19:39,429] [WARNING] 遇到非有限 loss (NaN/Inf)，跳过该 batch
[2025-12-08 10:19:39,438] [WARNING] 遇到非有限 loss (NaN/Inf)，跳过该 batch
[2025-12-08 10:19:39,446] [WARNING] 遇到非有限 loss (NaN/Inf)，跳过该 batch
[2025-12-08 10:19:39,454] [WARNING] 遇到非有限 loss (NaN/Inf)，跳过该 batch
[2025-12-08 10:19:39,462] [WARNING] 遇到非有限 loss (NaN/Inf)，跳过该 batch
[2025-12-08 10:19:39,470] [WARNING] 遇到非有限 loss (NaN/Inf)，跳过该 batch
[2025-12-08 10:19:39,478] [WARNING] 遇到非有限 loss (NaN/Inf)，跳过该 batch
[2025-12-08 10:19:39,486] [WARNING] 遇到非有限 loss (NaN/Inf)，跳过该 batch
[2025-12-08 10:19:39,494] [WARNING] 遇到非有限 loss (NaN/Inf)，跳过该 batch
[2025-12-08 10:19:39,502] [WARNING] 遇到非有限 loss (NaN/Inf)，跳过该 batch
[2025-12-08 10:19:39,510] [WARNING] 遇到非有限 loss (NaN/Inf)，跳过该 batch
[2025-12-08 10:19:39,517] [WARNING] 遇到非有限 loss (NaN/Inf)，跳过该 batch
[2025-12-08 10:19:39,525] [WARNING] 遇到非有限 loss (NaN/Inf)，跳过该 batch
[2025-12-08 10:19:39,534] [WARNING] 遇到非有限 loss (NaN/Inf)，跳过该 batch
[2025-12-08 10:19:39,541] [WARNING] 遇到非有限 loss (NaN/Inf)，跳过该 batch
[2025-12-08 10:19:39,549] [WARNING] 遇到非有限 loss (NaN/Inf)，跳过该 batch
[2025-12-08 10:19:39,558] [WARNING] 遇到非有限 loss (NaN/Inf)，跳过该 batch
[2025-12-08 10:19:39,566] [WARNING] 遇到非有限 loss (NaN/Inf)，跳过该 batch
[2025-12-08 10:19:39,574] [WARNING] 遇到非有限 loss (NaN/Inf)，跳过该 batch
[2025-12-08 10:19:39,581] [WARNING] 遇到非有限 loss (NaN/Inf)，跳过该 batch
[2025-12-08 10:19:39,591] [WARNING] 遇到非有限 loss (NaN/Inf)，跳过该 batch
[2025-12-08 10:19:39,599] [WARNING] 遇到非有限 loss (NaN/Inf)，跳过该 batch
[2025-12-08 10:19:39,608] [WARNING] 遇到非有限 loss (NaN/Inf)，跳过该 batch
[2025-12-08 10:19:39,617] [WARNING] 遇到非有限 loss (NaN/Inf)，跳过该 batch
[2025-12-08 10:19:39,625] [WARNING] 遇到非有限 loss (NaN/Inf)，跳过该 batch
[2025-12-08 10:19:39,633] [WARNING] 遇到非有限 loss (NaN/Inf)，跳过该 batch
[2025-12-08 10:19:39,641] [WARNING] 遇到非有限 loss (NaN/Inf)，跳过该 batch
[2025-12-08 10:19:39,652] [WARNING] 遇到非有限 loss (NaN/Inf)，跳过该 batch
[2025-12-08 10:19:39,664] [WARNING] 遇到非有限 loss (NaN/Inf)，跳过该 batch
[2025-12-08 10:19:39,676] [WARNING] 遇到非有限 loss (NaN/Inf)，跳过该 batch
[2025-12-08 10:19:39,685] [WARNING] 遇到非有限 loss (NaN/Inf)，跳过该 batch
[2025-12-08 10:19:39,693] [WARNING] 遇到非有限 loss (NaN/Inf)，跳过该 batch
[2025-12-08 10:19:39,702] [WARNING] 遇到非有限 loss (NaN/Inf)，跳过该 batch
[2025-12-08 10:19:39,710] [WARNING] 遇到非有限 loss (NaN/Inf)，跳过该 batch
[2025-12-08 10:19:39,719] [WARNING] 遇到非有限 loss (NaN/Inf)，跳过该 batch
[2025-12-08 10:19:39,727] [WARNING] 遇到非有限 loss (NaN/Inf)，跳过该 batch
[2025-12-08 10:19:39,736] [WARNING] 遇到非有限 loss (NaN/Inf)，跳过该 batch
[2025-12-08 10:19:39,746] [WARNING] 遇到非有限 loss (NaN/Inf)，跳过该 batch
[2025-12-08 10:19:39,754] [WARNING] 遇到非有限 loss (NaN/Inf)，跳过该 batch
[2025-12-08 10:19:39,762] [WARNING] 遇到非有限 loss (NaN/Inf)，跳过该 batch
[2025-12-08 10:19:39,770] [WARNING] 遇到非有限 loss (NaN/Inf)，跳过该 batch
[2025-12-08 10:19:39,778] [WARNING] 遇到非有限 loss (NaN/Inf)，跳过该 batch
[2025-12-08 10:19:39,786] [WARNING] 遇到非有限 loss (NaN/Inf)，跳过该 batch
[2025-12-08 10:19:39,793] [WARNING] 遇到非有限 loss (NaN/Inf)，跳过该 batch
[2025-12-08 10:19:39,801] [WARNING] 遇到非有限 loss (NaN/Inf)，跳过该 batch
[2025-12-08 10:19:39,809] [WARNING] 遇到非有限 loss (NaN/Inf)，跳过该 batch
[2025-12-08 10:19:39,816] [WARNING] 遇到非有限 loss (NaN/Inf)，跳过该 batch
[2025-12-08 10:19:39,824] [WARNING] 遇到非有限 loss (NaN/Inf)，跳过该 batch
[2025-12-08 10:19:39,832] [WARNING] 遇到非有限 loss (NaN/Inf)，跳过该 batch
[2025-12-08 10:19:39,840] [WARNING] 遇到非有限 loss (NaN/Inf)，跳过该 batch
[2025-12-08 10:19:39,848] [WARNING] 遇到非有限 loss (NaN/Inf)，跳过该 batch
[2025-12-08 10:19:39,857] [WARNING] 遇到非有限 loss (NaN/Inf)，跳过该 batch
[2025-12-08 10:19:39,865] [WARNING] 遇到非有限 loss (NaN/Inf)，跳过该 batch
[2025-12-08 10:19:39,873] [WARNING] 遇到非有限 loss (NaN/Inf)，跳过该 batch
[2025-12-08 10:19:39,882] [WARNING] 遇到非有限 loss (NaN/Inf)，跳过该 batch
[2025-12-08 10:19:39,890] [WARNING] 遇到非有限 loss (NaN/Inf)，跳过该 batch
[2025-12-08 10:19:39,898] [WARNING] 遇到非有限 loss (NaN/Inf)，跳过该 batch
[2025-12-08 10:19:39,905] [WARNING] 遇到非有限 loss (NaN/Inf)，跳过该 batch
[2025-12-08 10:19:39,913] [WARNING] 遇到非有限 loss (NaN/Inf)，跳过该 batch
[2025-12-08 10:19:39,921] [WARNING] 遇到非有限 loss (NaN/Inf)，跳过该 batch
[2025-12-08 10:19:39,929] [WARNING] 遇到非有限 loss (NaN/Inf)，跳过该 batch
[2025-12-08 10:19:39,937] [WARNING] 遇到非有限 loss (NaN/Inf)，跳过该 batch
[2025-12-08 10:19:39,945] [WARNING] 遇到非有限 loss (NaN/Inf)，跳过该 batch
[2025-12-08 10:19:39,952] [WARNING] 遇到非有限 loss (NaN/Inf)，跳过该 batch
[2025-12-08 10:19:39,960] [WARNING] 遇到非有限 loss (NaN/Inf)，跳过该 batch
[2025-12-08 10:19:39,968] [WARNING] 遇到非有限 loss (NaN/Inf)，跳过该 batch
[2025-12-08 10:19:39,976] [WARNING] 遇到非有限 loss (NaN/Inf)，跳过该 batch
[2025-12-08 10:19:39,985] [WARNING] 遇到非有限 loss (NaN/Inf)，跳过该 batch
[2025-12-08 10:19:39,994] [WARNING] 遇到非有限 loss (NaN/Inf)，跳过该 batch
[2025-12-08 10:19:40,002] [WARNING] 遇到非有限 loss (NaN/Inf)，跳过该 batch
[2025-12-08 10:19:40,011] [WARNING] 遇到非有限 loss (NaN/Inf)，跳过该 batch
[2025-12-08 10:19:40,019] [WARNING] 遇到非有限 loss (NaN/Inf)，跳过该 batch
[2025-12-08 10:19:40,027] [WARNING] 遇到非有限 loss (NaN/Inf)，跳过该 batch
[2025-12-08 10:19:40,035] [WARNING] 遇到非有限 loss (NaN/Inf)，跳过该 batch
[2025-12-08 10:19:40,042] [WARNING] 遇到非有限 loss (NaN/Inf)，跳过该 batch
[2025-12-08 10:19:40,050] [WARNING] 遇到非有限 loss (NaN/Inf)，跳过该 batch
[2025-12-08 10:19:40,058] [WARNING] 遇到非有限 loss (NaN/Inf)，跳过该 batch
[2025-12-08 10:19:40,065] [WARNING] 遇到非有限 loss (NaN/Inf)，跳过该 batch
[2025-12-08 10:19:40,073] [WARNING] 遇到非有限 loss (NaN/Inf)，跳过该 batch
[2025-12-08 10:19:40,081] [WARNING] 遇到非有限 loss (NaN/Inf)，跳过该 batch
[2025-12-08 10:19:40,088] [WARNING] 遇到非有限 loss (NaN/Inf)，跳过该 batch
[2025-12-08 10:19:40,097] [WARNING] 遇到非有限 loss (NaN/Inf)，跳过该 batch
[2025-12-08 10:19:40,107] [WARNING] 遇到非有限 loss (NaN/Inf)，跳过该 batch
[2025-12-08 10:19:40,116] [WARNING] 遇到非有限 loss (NaN/Inf)，跳过该 batch
[2025-12-08 10:19:40,124] [WARNING] 遇到非有限 loss (NaN/Inf)，跳过该 batch
[2025-12-08 10:19:40,133] [WARNING] 遇到非有限 loss (NaN/Inf)，跳过该 batch
[2025-12-08 10:19:40,140] [WARNING] 遇到非有限 loss (NaN/Inf)，跳过该 batch
[2025-12-08 10:19:40,149] [WARNING] 遇到非有限 loss (NaN/Inf)，跳过该 batch
[2025-12-08 10:19:40,157] [WARNING] 遇到非有限 loss (NaN/Inf)，跳过该 batch
[2025-12-08 10:19:40,164] [WARNING] 遇到非有限 loss (NaN/Inf)，跳过该 batch
[2025-12-08 10:19:40,172] [WARNING] 遇到非有限 loss (NaN/Inf)，跳过该 batch
[2025-12-08 10:19:40,179] [WARNING] 遇到非有限 loss (NaN/Inf)，跳过该 batch
[2025-12-08 10:19:40,187] [WARNING] 遇到非有限 loss (NaN/Inf)，跳过该 batch
[2025-12-08 10:19:40,196] [WARNING] 遇到非有限 loss (NaN/Inf)，跳过该 batch
[2025-12-08 10:19:40,205] [WARNING] 遇到非有限 loss (NaN/Inf)，跳过该 batch
[2025-12-08 10:19:40,213] [WARNING] 遇到非有限 loss (NaN/Inf)，跳过该 batch
[2025-12-08 10:19:40,221] [WARNING] 遇到非有限 loss (NaN/Inf)，跳过该 batch
[2025-12-08 10:19:40,229] [WARNING] 遇到非有限 loss (NaN/Inf)，跳过该 batch
[2025-12-08 10:19:40,237] [WARNING] 遇到非有限 loss (NaN/Inf)，跳过该 batch
[2025-12-08 10:19:40,245] [WARNING] 遇到非有限 loss (NaN/Inf)，跳过该 batch
[2025-12-08 10:19:40,253] [WARNING] 遇到非有限 loss (NaN/Inf)，跳过该 batch
[2025-12-08 10:19:40,261] [WARNING] 遇到非有限 loss (NaN/Inf)，跳过该 batch
[2025-12-08 10:19:40,268] [WARNING] 遇到非有限 loss (NaN/Inf)，跳过该 batch
[2025-12-08 10:19:40,276] [WARNING] 遇到非有限 loss (NaN/Inf)，跳过该 batch
[2025-12-08 10:19:40,285] [WARNING] 遇到非有限 loss (NaN/Inf)，跳过该 batch
[2025-12-08 10:19:40,293] [WARNING] 遇到非有限 loss (NaN/Inf)，跳过该 batch
[2025-12-08 10:19:40,301] [WARNING] 遇到非有限 loss (NaN/Inf)，跳过该 batch
[2025-12-08 10:19:40,310] [WARNING] 遇到非有限 loss (NaN/Inf)，跳过该 batch
[2025-12-08 10:19:40,319] [WARNING] 遇到非有限 loss (NaN/Inf)，跳过该 batch
[2025-12-08 10:19:40,327] [WARNING] 遇到非有限 loss (NaN/Inf)，跳过该 batch
[2025-12-08 10:19:40,335] [WARNING] 遇到非有限 loss (NaN/Inf)，跳过该 batch
[2025-12-08 10:19:40,342] [WARNING] 遇到非有限 loss (NaN/Inf)，跳过该 batch
[2025-12-08 10:19:40,349] [WARNING] 遇到非有限 loss (NaN/Inf)，跳过该 batch
[2025-12-08 10:19:40,357] [WARNING] 遇到非有限 loss (NaN/Inf)，跳过该 batch
[2025-12-08 10:19:40,365] [WARNING] 遇到非有限 loss (NaN/Inf)，跳过该 batch
[2025-12-08 10:19:40,373] [WARNING] 遇到非有限 loss (NaN/Inf)，跳过该 batch
[2025-12-08 10:19:40,382] [WARNING] 遇到非有限 loss (NaN/Inf)，跳过该 batch
[2025-12-08 10:19:40,390] [WARNING] 遇到非有限 loss (NaN/Inf)，跳过该 batch
[2025-12-08 10:19:40,398] [WARNING] 遇到非有限 loss (NaN/Inf)，跳过该 batch
[2025-12-08 10:19:40,407] [WARNING] 遇到非有限 loss (NaN/Inf)，跳过该 batch
[2025-12-08 10:19:40,415] [WARNING] 遇到非有限 loss (NaN/Inf)，跳过该 batch
[2025-12-08 10:19:40,423] [WARNING] 遇到非有限 loss (NaN/Inf)，跳过该 batch
[2025-12-08 10:19:40,431] [WARNING] 遇到非有限 loss (NaN/Inf)，跳过该 batch
[2025-12-08 10:19:40,439] [WARNING] 遇到非有限 loss (NaN/Inf)，跳过该 batch
[2025-12-08 10:19:40,447] [WARNING] 遇到非有限 loss (NaN/Inf)，跳过该 batch
[2025-12-08 10:19:40,456] [WARNING] 遇到非有限 loss (NaN/Inf)，跳过该 batch
[2025-12-08 10:19:40,466] [WARNING] 遇到非有限 loss (NaN/Inf)，跳过该 batch
[2025-12-08 10:19:40,474] [WARNING] 遇到非有限 loss (NaN/Inf)，跳过该 batch
[2025-12-08 10:19:40,481] [WARNING] 遇到非有限 loss (NaN/Inf)，跳过该 batch
[2025-12-08 10:19:40,489] [WARNING] 遇到非有限 loss (NaN/Inf)，跳过该 batch
[2025-12-08 10:19:40,497] [WARNING] 遇到非有限 loss (NaN/Inf)，跳过该 batch
[2025-12-08 10:19:40,505] [WARNING] 遇到非有限 loss (NaN/Inf)，跳过该 batch
[2025-12-08 10:19:40,513] [WARNING] 遇到非有限 loss (NaN/Inf)，跳过该 batch
[2025-12-08 10:19:40,521] [WARNING] 遇到非有限 loss (NaN/Inf)，跳过该 batch
[2025-12-08 10:19:40,529] [WARNING] 遇到非有限 loss (NaN/Inf)，跳过该 batch
[2025-12-08 10:19:40,539] [WARNING] 遇到非有限 loss (NaN/Inf)，跳过该 batch
[2025-12-08 10:19:40,547] [WARNING] 遇到非有限 loss (NaN/Inf)，跳过该 batch
[2025-12-08 10:19:40,555] [WARNING] 遇到非有限 loss (NaN/Inf)，跳过该 batch
[2025-12-08 10:19:40,564] [WARNING] 遇到非有限 loss (NaN/Inf)，跳过该 batch
[2025-12-08 10:19:40,572] [WARNING] 遇到非有限 loss (NaN/Inf)，跳过该 batch
[2025-12-08 10:19:40,579] [WARNING] 遇到非有限 loss (NaN/Inf)，跳过该 batch
[2025-12-08 10:19:40,587] [WARNING] 遇到非有限 loss (NaN/Inf)，跳过该 batch
[2025-12-08 10:19:40,594] [WARNING] 遇到非有限 loss (NaN/Inf)，跳过该 batch
[2025-12-08 10:19:40,602] [WARNING] 遇到非有限 loss (NaN/Inf)，跳过该 batch
[2025-12-08 10:19:40,610] [WARNING] 遇到非有限 loss (NaN/Inf)，跳过该 batch
[2025-12-08 10:19:40,617] [WARNING] 遇到非有限 loss (NaN/Inf)，跳过该 batch
[2025-12-08 10:19:40,626] [WARNING] 遇到非有限 loss (NaN/Inf)，跳过该 batch
[2025-12-08 10:19:40,634] [WARNING] 遇到非有限 loss (NaN/Inf)，跳过该 batch
[2025-12-08 10:19:40,643] [WARNING] 遇到非有限 loss (NaN/Inf)，跳过该 batch
[2025-12-08 10:19:40,651] [WARNING] 遇到非有限 loss (NaN/Inf)，跳过该 batch
[2025-12-08 10:19:40,660] [WARNING] 遇到非有限 loss (NaN/Inf)，跳过该 batch
[2025-12-08 10:19:40,668] [WARNING] 遇到非有限 loss (NaN/Inf)，跳过该 batch
[2025-12-08 10:19:40,676] [WARNING] 遇到非有限 loss (NaN/Inf)，跳过该 batch
[2025-12-08 10:19:40,683] [WARNING] 遇到非有限 loss (NaN/Inf)，跳过该 batch
[2025-12-08 10:19:40,691] [WARNING] 遇到非有限 loss (NaN/Inf)，跳过该 batch
[2025-12-08 10:19:40,699] [WARNING] 遇到非有限 loss (NaN/Inf)，跳过该 batch
[2025-12-08 10:19:40,707] [WARNING] 遇到非有限 loss (NaN/Inf)，跳过该 batch
[2025-12-08 10:19:40,716] [WARNING] 遇到非有限 loss (NaN/Inf)，跳过该 batch
[2025-12-08 10:19:40,724] [WARNING] 遇到非有限 loss (NaN/Inf)，跳过该 batch
[2025-12-08 10:19:40,732] [WARNING] 遇到非有限 loss (NaN/Inf)，跳过该 batch
[2025-12-08 10:19:40,740] [WARNING] 遇到非有限 loss (NaN/Inf)，跳过该 batch
[2025-12-08 10:19:40,748] [WARNING] 遇到非有限 loss (NaN/Inf)，跳过该 batch
[2025-12-08 10:19:40,756] [WARNING] 遇到非有限 loss (NaN/Inf)，跳过该 batch
[2025-12-08 10:19:40,764] [WARNING] 遇到非有限 loss (NaN/Inf)，跳过该 batch
[2025-12-08 10:19:40,771] [WARNING] 遇到非有限 loss (NaN/Inf)，跳过该 batch
[2025-12-08 10:19:40,779] [WARNING] 遇到非有限 loss (NaN/Inf)，跳过该 batch
[2025-12-08 10:19:40,787] [WARNING] 遇到非有限 loss (NaN/Inf)，跳过该 batch
[2025-12-08 10:19:40,795] [WARNING] 遇到非有限 loss (NaN/Inf)，跳过该 batch
[2025-12-08 10:19:40,803] [WARNING] 遇到非有限 loss (NaN/Inf)，跳过该 batch
[2025-12-08 10:19:40,812] [WARNING] 遇到非有限 loss (NaN/Inf)，跳过该 batch
[2025-12-08 10:19:40,820] [WARNING] 遇到非有限 loss (NaN/Inf)，跳过该 batch
[2025-12-08 10:19:40,828] [WARNING] 遇到非有限 loss (NaN/Inf)，跳过该 batch
[2025-12-08 10:19:40,836] [WARNING] 遇到非有限 loss (NaN/Inf)，跳过该 batch
[2025-12-08 10:19:40,844] [WARNING] 遇到非有限 loss (NaN/Inf)，跳过该 batch
[2025-12-08 10:19:40,852] [WARNING] 遇到非有限 loss (NaN/Inf)，跳过该 batch
[2025-12-08 10:19:40,860] [WARNING] 遇到非有限 loss (NaN/Inf)，跳过该 batch
[2025-12-08 10:19:40,868] [WARNING] 遇到非有限 loss (NaN/Inf)，跳过该 batch
[2025-12-08 10:19:40,876] [WARNING] 遇到非有限 loss (NaN/Inf)，跳过该 batch
[2025-12-08 10:19:40,885] [WARNING] 遇到非有限 loss (NaN/Inf)，跳过该 batch
[2025-12-08 10:19:40,893] [WARNING] 遇到非有限 loss (NaN/Inf)，跳过该 batch
[2025-12-08 10:19:40,902] [WARNING] 遇到非有限 loss (NaN/Inf)，跳过该 batch
[2025-12-08 10:19:40,910] [WARNING] 遇到非有限 loss (NaN/Inf)，跳过该 batch
[2025-12-08 10:19:40,918] [WARNING] 遇到非有限 loss (NaN/Inf)，跳过该 batch
[2025-12-08 10:19:40,926] [WARNING] 遇到非有限 loss (NaN/Inf)，跳过该 batch
[2025-12-08 10:19:40,934] [WARNING] 遇到非有限 loss (NaN/Inf)，跳过该 batch
[2025-12-08 10:19:40,942] [WARNING] 遇到非有限 loss (NaN/Inf)，跳过该 batch
[2025-12-08 10:19:40,949] [WARNING] 遇到非有限 loss (NaN/Inf)，跳过该 batch
[2025-12-08 10:19:40,957] [WARNING] 遇到非有限 loss (NaN/Inf)，跳过该 batch
[2025-12-08 10:19:40,965] [WARNING] 遇到非有限 loss (NaN/Inf)，跳过该 batch
[2025-12-08 10:19:40,974] [WARNING] 遇到非有限 loss (NaN/Inf)，跳过该 batch
[2025-12-08 10:19:40,983] [WARNING] 遇到非有限 loss (NaN/Inf)，跳过该 batch
[2025-12-08 10:19:40,991] [WARNING] 遇到非有限 loss (NaN/Inf)，跳过该 batch
[2025-12-08 10:19:41,000] [WARNING] 遇到非有限 loss (NaN/Inf)，跳过该 batch
[2025-12-08 10:19:41,008] [WARNING] 遇到非有限 loss (NaN/Inf)，跳过该 batch
[2025-12-08 10:19:41,016] [WARNING] 遇到非有限 loss (NaN/Inf)，跳过该 batch
[2025-12-08 10:19:41,024] [WARNING] 遇到非有限 loss (NaN/Inf)，跳过该 batch
[2025-12-08 10:19:41,031] [WARNING] 遇到非有限 loss (NaN/Inf)，跳过该 batch
[2025-12-08 10:19:41,039] [WARNING] 遇到非有限 loss (NaN/Inf)，跳过该 batch
[2025-12-08 10:19:41,048] [WARNING] 遇到非有限 loss (NaN/Inf)，跳过该 batch
[2025-12-08 10:19:41,057] [WARNING] 遇到非有限 loss (NaN/Inf)，跳过该 batch
[2025-12-08 10:19:41,065] [WARNING] 遇到非有限 loss (NaN/Inf)，跳过该 batch
[2025-12-08 10:19:41,073] [WARNING] 遇到非有限 loss (NaN/Inf)，跳过该 batch
[2025-12-08 10:19:41,081] [WARNING] 遇到非有限 loss (NaN/Inf)，跳过该 batch
[2025-12-08 10:19:41,092] [WARNING] 遇到非有限 loss (NaN/Inf)，跳过该 batch
[2025-12-08 10:19:41,101] [WARNING] 遇到非有限 loss (NaN/Inf)，跳过该 batch
[2025-12-08 10:19:41,109] [WARNING] 遇到非有限 loss (NaN/Inf)，跳过该 batch
[2025-12-08 10:19:41,117] [WARNING] 遇到非有限 loss (NaN/Inf)，跳过该 batch
[2025-12-08 10:19:41,126] [WARNING] 遇到非有限 loss (NaN/Inf)，跳过该 batch
[2025-12-08 10:19:41,135] [WARNING] 遇到非有限 loss (NaN/Inf)，跳过该 batch
[2025-12-08 10:19:41,147] [WARNING] 遇到非有限 loss (NaN/Inf)，跳过该 batch
[2025-12-08 10:19:41,156] [WARNING] 遇到非有限 loss (NaN/Inf)，跳过该 batch
[2025-12-08 10:19:41,163] [WARNING] 遇到非有限 loss (NaN/Inf)，跳过该 batch
[2025-12-08 10:19:41,171] [WARNING] 遇到非有限 loss (NaN/Inf)，跳过该 batch
[2025-12-08 10:19:41,180] [WARNING] 遇到非有限 loss (NaN/Inf)，跳过该 batch
[2025-12-08 10:19:41,187] [WARNING] 遇到非有限 loss (NaN/Inf)，跳过该 batch
[2025-12-08 10:19:41,195] [WARNING] 遇到非有限 loss (NaN/Inf)，跳过该 batch
[2025-12-08 10:19:41,203] [WARNING] 遇到非有限 loss (NaN/Inf)，跳过该 batch
[2025-12-08 10:19:41,211] [WARNING] 遇到非有限 loss (NaN/Inf)，跳过该 batch
[2025-12-08 10:19:41,218] [WARNING] 遇到非有限 loss (NaN/Inf)，跳过该 batch
[2025-12-08 10:19:41,226] [WARNING] 遇到非有限 loss (NaN/Inf)，跳过该 batch
[2025-12-08 10:19:41,234] [WARNING] 遇到非有限 loss (NaN/Inf)，跳过该 batch
[2025-12-08 10:19:41,241] [WARNING] 遇到非有限 loss (NaN/Inf)，跳过该 batch
[2025-12-08 10:19:41,249] [WARNING] 遇到非有限 loss (NaN/Inf)，跳过该 batch
[2025-12-08 10:19:41,257] [WARNING] 遇到非有限 loss (NaN/Inf)，跳过该 batch
[2025-12-08 10:19:41,265] [WARNING] 遇到非有限 loss (NaN/Inf)，跳过该 batch
[2025-12-08 10:19:41,272] [WARNING] 遇到非有限 loss (NaN/Inf)，跳过该 batch
[2025-12-08 10:19:41,280] [WARNING] 遇到非有限 loss (NaN/Inf)，跳过该 batch
[2025-12-08 10:19:41,288] [WARNING] 遇到非有限 loss (NaN/Inf)，跳过该 batch
[2025-12-08 10:19:41,296] [WARNING] 遇到非有限 loss (NaN/Inf)，跳过该 batch
[2025-12-08 10:19:41,304] [WARNING] 遇到非有限 loss (NaN/Inf)，跳过该 batch
[2025-12-08 10:19:41,312] [WARNING] 遇到非有限 loss (NaN/Inf)，跳过该 batch
[2025-12-08 10:19:41,319] [WARNING] 遇到非有限 loss (NaN/Inf)，跳过该 batch
[2025-12-08 10:19:41,327] [WARNING] 遇到非有限 loss (NaN/Inf)，跳过该 batch
[2025-12-08 10:19:41,335] [WARNING] 遇到非有限 loss (NaN/Inf)，跳过该 batch
[2025-12-08 10:19:41,342] [WARNING] 遇到非有限 loss (NaN/Inf)，跳过该 batch
[2025-12-08 10:19:41,350] [WARNING] 遇到非有限 loss (NaN/Inf)，跳过该 batch
[2025-12-08 10:19:41,358] [WARNING] 遇到非有限 loss (NaN/Inf)，跳过该 batch
[2025-12-08 10:19:41,366] [WARNING] 遇到非有限 loss (NaN/Inf)，跳过该 batch
[2025-12-08 10:19:41,373] [WARNING] 遇到非有限 loss (NaN/Inf)，跳过该 batch
[2025-12-08 10:19:41,381] [WARNING] 遇到非有限 loss (NaN/Inf)，跳过该 batch
[2025-12-08 10:19:41,388] [WARNING] 遇到非有限 loss (NaN/Inf)，跳过该 batch
[2025-12-08 10:19:41,396] [WARNING] 遇到非有限 loss (NaN/Inf)，跳过该 batch
[2025-12-08 10:19:41,404] [WARNING] 遇到非有限 loss (NaN/Inf)，跳过该 batch
[2025-12-08 10:19:41,412] [WARNING] 遇到非有限 loss (NaN/Inf)，跳过该 batch
[2025-12-08 10:19:41,420] [WARNING] 遇到非有限 loss (NaN/Inf)，跳过该 batch
[2025-12-08 10:19:41,427] [WARNING] 遇到非有限 loss (NaN/Inf)，跳过该 batch
[2025-12-08 10:19:41,435] [WARNING] 遇到非有限 loss (NaN/Inf)，跳过该 batch
[2025-12-08 10:19:41,444] [WARNING] 遇到非有限 loss (NaN/Inf)，跳过该 batch
[2025-12-08 10:19:41,452] [WARNING] 遇到非有限 loss (NaN/Inf)，跳过该 batch
[2025-12-08 10:19:41,461] [WARNING] 遇到非有限 loss (NaN/Inf)，跳过该 batch
[2025-12-08 10:19:41,469] [WARNING] 遇到非有限 loss (NaN/Inf)，跳过该 batch
[2025-12-08 10:19:41,477] [WARNING] 遇到非有限 loss (NaN/Inf)，跳过该 batch
[2025-12-08 10:19:41,484] [WARNING] 遇到非有限 loss (NaN/Inf)，跳过该 batch
[2025-12-08 10:19:41,492] [WARNING] 遇到非有限 loss (NaN/Inf)，跳过该 batch
[2025-12-08 10:19:41,500] [WARNING] 遇到非有限 loss (NaN/Inf)，跳过该 batch
[2025-12-08 10:19:41,508] [WARNING] 遇到非有限 loss (NaN/Inf)，跳过该 batch
[2025-12-08 10:19:41,515] [WARNING] 遇到非有限 loss (NaN/Inf)，跳过该 batch
[2025-12-08 10:19:41,523] [WARNING] 遇到非有限 loss (NaN/Inf)，跳过该 batch
[2025-12-08 10:19:41,531] [WARNING] 遇到非有限 loss (NaN/Inf)，跳过该 batch
[2025-12-08 10:19:41,538] [WARNING] 遇到非有限 loss (NaN/Inf)，跳过该 batch
[2025-12-08 10:19:41,546] [WARNING] 遇到非有限 loss (NaN/Inf)，跳过该 batch
[2025-12-08 10:19:41,553] [WARNING] 遇到非有限 loss (NaN/Inf)，跳过该 batch
[2025-12-08 10:19:41,561] [WARNING] 遇到非有限 loss (NaN/Inf)，跳过该 batch
[2025-12-08 10:19:41,569] [WARNING] 遇到非有限 loss (NaN/Inf)，跳过该 batch
[2025-12-08 10:19:41,577] [WARNING] 遇到非有限 loss (NaN/Inf)，跳过该 batch
[2025-12-08 10:19:41,584] [WARNING] 遇到非有限 loss (NaN/Inf)，跳过该 batch
[2025-12-08 10:19:41,592] [WARNING] 遇到非有限 loss (NaN/Inf)，跳过该 batch
[2025-12-08 10:19:41,599] [WARNING] 遇到非有限 loss (NaN/Inf)，跳过该 batch
[2025-12-08 10:19:41,607] [WARNING] 遇到非有限 loss (NaN/Inf)，跳过该 batch
[2025-12-08 10:19:41,615] [WARNING] 遇到非有限 loss (NaN/Inf)，跳过该 batch
[2025-12-08 10:19:41,623] [WARNING] 遇到非有限 loss (NaN/Inf)，跳过该 batch
[2025-12-08 10:19:41,631] [WARNING] 遇到非有限 loss (NaN/Inf)，跳过该 batch
[2025-12-08 10:19:41,639] [WARNING] 遇到非有限 loss (NaN/Inf)，跳过该 batch
[2025-12-08 10:19:41,646] [WARNING] 遇到非有限 loss (NaN/Inf)，跳过该 batch
[2025-12-08 10:19:41,654] [WARNING] 遇到非有限 loss (NaN/Inf)，跳过该 batch
[2025-12-08 10:19:41,662] [WARNING] 遇到非有限 loss (NaN/Inf)，跳过该 batch
[2025-12-08 10:19:41,669] [WARNING] 遇到非有限 loss (NaN/Inf)，跳过该 batch
[2025-12-08 10:19:41,677] [WARNING] 遇到非有限 loss (NaN/Inf)，跳过该 batch
[2025-12-08 10:19:41,685] [WARNING] 遇到非有限 loss (NaN/Inf)，跳过该 batch
[2025-12-08 10:19:41,692] [WARNING] 遇到非有限 loss (NaN/Inf)，跳过该 batch
[2025-12-08 10:19:41,700] [WARNING] 遇到非有限 loss (NaN/Inf)，跳过该 batch
[2025-12-08 10:19:41,708] [WARNING] 遇到非有限 loss (NaN/Inf)，跳过该 batch
[2025-12-08 10:19:41,718] [WARNING] 遇到非有限 loss (NaN/Inf)，跳过该 batch
[2025-12-08 10:19:41,726] [WARNING] 遇到非有限 loss (NaN/Inf)，跳过该 batch
[2025-12-08 10:19:41,733] [WARNING] 遇到非有限 loss (NaN/Inf)，跳过该 batch
[2025-12-08 10:19:41,741] [WARNING] 遇到非有限 loss (NaN/Inf)，跳过该 batch
[2025-12-08 10:19:41,749] [WARNING] 遇到非有限 loss (NaN/Inf)，跳过该 batch
[2025-12-08 10:19:41,756] [WARNING] 遇到非有限 loss (NaN/Inf)，跳过该 batch
[2025-12-08 10:19:41,764] [WARNING] 遇到非有限 loss (NaN/Inf)，跳过该 batch
[2025-12-08 10:19:41,772] [WARNING] 遇到非有限 loss (NaN/Inf)，跳过该 batch
[2025-12-08 10:19:41,780] [WARNING] 遇到非有限 loss (NaN/Inf)，跳过该 batch
[2025-12-08 10:19:41,789] [WARNING] 遇到非有限 loss (NaN/Inf)，跳过该 batch
[2025-12-08 10:19:41,796] [WARNING] 遇到非有限 loss (NaN/Inf)，跳过该 batch
[2025-12-08 10:19:41,804] [WARNING] 遇到非有限 loss (NaN/Inf)，跳过该 batch
[2025-12-08 10:19:41,812] [WARNING] 遇到非有限 loss (NaN/Inf)，跳过该 batch
[2025-12-08 10:19:41,819] [WARNING] 遇到非有限 loss (NaN/Inf)，跳过该 batch
[2025-12-08 10:19:41,827] [WARNING] 遇到非有限 loss (NaN/Inf)，跳过该 batch
[2025-12-08 10:19:41,835] [WARNING] 遇到非有限 loss (NaN/Inf)，跳过该 batch
[2025-12-08 10:19:41,843] [WARNING] 遇到非有限 loss (NaN/Inf)，跳过该 batch
[2025-12-08 10:19:41,850] [WARNING] 遇到非有限 loss (NaN/Inf)，跳过该 batch
[2025-12-08 10:19:41,858] [WARNING] 遇到非有限 loss (NaN/Inf)，跳过该 batch
[2025-12-08 10:19:41,866] [WARNING] 遇到非有限 loss (NaN/Inf)，跳过该 batch
[2025-12-08 10:19:41,873] [WARNING] 遇到非有限 loss (NaN/Inf)，跳过该 batch
[2025-12-08 10:19:41,881] [WARNING] 遇到非有限 loss (NaN/Inf)，跳过该 batch
[2025-12-08 10:19:41,889] [WARNING] 遇到非有限 loss (NaN/Inf)，跳过该 batch
[2025-12-08 10:19:41,897] [WARNING] 遇到非有限 loss (NaN/Inf)，跳过该 batch
[2025-12-08 10:19:41,904] [WARNING] 遇到非有限 loss (NaN/Inf)，跳过该 batch
[2025-12-08 10:19:41,912] [WARNING] 遇到非有限 loss (NaN/Inf)，跳过该 batch
[2025-12-08 10:19:41,920] [WARNING] 遇到非有限 loss (NaN/Inf)，跳过该 batch
[2025-12-08 10:19:41,928] [WARNING] 遇到非有限 loss (NaN/Inf)，跳过该 batch
[2025-12-08 10:19:41,935] [WARNING] 遇到非有限 loss (NaN/Inf)，跳过该 batch
[2025-12-08 10:19:41,943] [WARNING] 遇到非有限 loss (NaN/Inf)，跳过该 batch
[2025-12-08 10:19:41,951] [WARNING] 遇到非有限 loss (NaN/Inf)，跳过该 batch
[2025-12-08 10:19:41,959] [WARNING] 遇到非有限 loss (NaN/Inf)，跳过该 batch
[2025-12-08 10:19:41,967] [WARNING] 遇到非有限 loss (NaN/Inf)，跳过该 batch
[2025-12-08 10:19:41,975] [WARNING] 遇到非有限 loss (NaN/Inf)，跳过该 batch
[2025-12-08 10:19:41,983] [WARNING] 遇到非有限 loss (NaN/Inf)，跳过该 batch
[2025-12-08 10:19:41,991] [WARNING] 遇到非有限 loss (NaN/Inf)，跳过该 batch
[2025-12-08 10:19:41,999] [WARNING] 遇到非有限 loss (NaN/Inf)，跳过该 batch
[2025-12-08 10:19:42,006] [WARNING] 遇到非有限 loss (NaN/Inf)，跳过该 batch
[2025-12-08 10:19:42,014] [WARNING] 遇到非有限 loss (NaN/Inf)，跳过该 batch
[2025-12-08 10:19:42,021] [WARNING] 遇到非有限 loss (NaN/Inf)，跳过该 batch
[2025-12-08 10:19:42,029] [WARNING] 遇到非有限 loss (NaN/Inf)，跳过该 batch
[2025-12-08 10:19:42,037] [WARNING] 遇到非有限 loss (NaN/Inf)，跳过该 batch
[2025-12-08 10:19:42,044] [WARNING] 遇到非有限 loss (NaN/Inf)，跳过该 batch
[2025-12-08 10:19:42,052] [WARNING] 遇到非有限 loss (NaN/Inf)，跳过该 batch
[2025-12-08 10:19:42,059] [WARNING] 遇到非有限 loss (NaN/Inf)，跳过该 batch
[2025-12-08 10:19:42,067] [WARNING] 遇到非有限 loss (NaN/Inf)，跳过该 batch
[2025-12-08 10:19:42,075] [WARNING] 遇到非有限 loss (NaN/Inf)，跳过该 batch
[2025-12-08 10:19:42,083] [WARNING] 遇到非有限 loss (NaN/Inf)，跳过该 batch
[2025-12-08 10:19:42,092] [WARNING] 遇到非有限 loss (NaN/Inf)，跳过该 batch
[2025-12-08 10:19:42,099] [WARNING] 遇到非有限 loss (NaN/Inf)，跳过该 batch
[2025-12-08 10:19:42,107] [WARNING] 遇到非有限 loss (NaN/Inf)，跳过该 batch
[2025-12-08 10:19:42,115] [WARNING] 遇到非有限 loss (NaN/Inf)，跳过该 batch
[2025-12-08 10:19:42,122] [WARNING] 遇到非有限 loss (NaN/Inf)，跳过该 batch
[2025-12-08 10:19:42,130] [WARNING] 遇到非有限 loss (NaN/Inf)，跳过该 batch
[2025-12-08 10:19:42,137] [WARNING] 遇到非有限 loss (NaN/Inf)，跳过该 batch
[2025-12-08 10:19:42,145] [WARNING] 遇到非有限 loss (NaN/Inf)，跳过该 batch
[2025-12-08 10:19:42,153] [WARNING] 遇到非有限 loss (NaN/Inf)，跳过该 batch
[2025-12-08 10:19:42,160] [WARNING] 遇到非有限 loss (NaN/Inf)，跳过该 batch
[2025-12-08 10:19:42,168] [WARNING] 遇到非有限 loss (NaN/Inf)，跳过该 batch
[2025-12-08 10:19:42,176] [WARNING] 遇到非有限 loss (NaN/Inf)，跳过该 batch
[2025-12-08 10:19:42,185] [WARNING] 遇到非有限 loss (NaN/Inf)，跳过该 batch
[2025-12-08 10:19:42,193] [WARNING] 遇到非有限 loss (NaN/Inf)，跳过该 batch
[2025-12-08 10:19:42,200] [WARNING] 遇到非有限 loss (NaN/Inf)，跳过该 batch
[2025-12-08 10:19:42,208] [WARNING] 遇到非有限 loss (NaN/Inf)，跳过该 batch
[2025-12-08 10:19:42,215] [WARNING] 遇到非有限 loss (NaN/Inf)，跳过该 batch
[2025-12-08 10:19:42,223] [WARNING] 遇到非有限 loss (NaN/Inf)，跳过该 batch
[2025-12-08 10:19:42,231] [WARNING] 遇到非有限 loss (NaN/Inf)，跳过该 batch
[2025-12-08 10:19:42,239] [WARNING] 遇到非有限 loss (NaN/Inf)，跳过该 batch
[2025-12-08 10:19:42,247] [WARNING] 遇到非有限 loss (NaN/Inf)，跳过该 batch
[2025-12-08 10:19:42,255] [WARNING] 遇到非有限 loss (NaN/Inf)，跳过该 batch
[2025-12-08 10:19:42,263] [WARNING] 遇到非有限 loss (NaN/Inf)，跳过该 batch
[2025-12-08 10:19:42,272] [WARNING] 遇到非有限 loss (NaN/Inf)，跳过该 batch
[2025-12-08 10:19:42,280] [WARNING] 遇到非有限 loss (NaN/Inf)，跳过该 batch
[2025-12-08 10:19:42,288] [WARNING] 遇到非有限 loss (NaN/Inf)，跳过该 batch
[2025-12-08 10:19:42,296] [WARNING] 遇到非有限 loss (NaN/Inf)，跳过该 batch
[2025-12-08 10:19:42,303] [WARNING] 遇到非有限 loss (NaN/Inf)，跳过该 batch
[2025-12-08 10:19:42,311] [WARNING] 遇到非有限 loss (NaN/Inf)，跳过该 batch
[2025-12-08 10:19:42,319] [WARNING] 遇到非有限 loss (NaN/Inf)，跳过该 batch
[2025-12-08 10:19:42,326] [WARNING] 遇到非有限 loss (NaN/Inf)，跳过该 batch
[2025-12-08 10:19:42,334] [WARNING] 遇到非有限 loss (NaN/Inf)，跳过该 batch
[2025-12-08 10:19:42,341] [WARNING] 遇到非有限 loss (NaN/Inf)，跳过该 batch
[2025-12-08 10:19:42,349] [WARNING] 遇到非有限 loss (NaN/Inf)，跳过该 batch
[2025-12-08 10:19:42,357] [WARNING] 遇到非有限 loss (NaN/Inf)，跳过该 batch
[2025-12-08 10:19:42,365] [WARNING] 遇到非有限 loss (NaN/Inf)，跳过该 batch
[2025-12-08 10:19:42,373] [WARNING] 遇到非有限 loss (NaN/Inf)，跳过该 batch
[2025-12-08 10:19:42,381] [WARNING] 遇到非有限 loss (NaN/Inf)，跳过该 batch
[2025-12-08 10:19:42,388] [WARNING] 遇到非有限 loss (NaN/Inf)，跳过该 batch
[2025-12-08 10:19:42,396] [WARNING] 遇到非有限 loss (NaN/Inf)，跳过该 batch
[2025-12-08 10:19:42,403] [WARNING] 遇到非有限 loss (NaN/Inf)，跳过该 batch
[2025-12-08 10:19:42,411] [WARNING] 遇到非有限 loss (NaN/Inf)，跳过该 batch
[2025-12-08 10:19:42,418] [WARNING] 遇到非有限 loss (NaN/Inf)，跳过该 batch
[2025-12-08 10:19:42,426] [WARNING] 遇到非有限 loss (NaN/Inf)，跳过该 batch
[2025-12-08 10:19:42,434] [WARNING] 遇到非有限 loss (NaN/Inf)，跳过该 batch
[2025-12-08 10:19:42,441] [WARNING] 遇到非有限 loss (NaN/Inf)，跳过该 batch
[2025-12-08 10:19:42,449] [WARNING] 遇到非有限 loss (NaN/Inf)，跳过该 batch
[2025-12-08 10:19:42,457] [WARNING] 遇到非有限 loss (NaN/Inf)，跳过该 batch
[2025-12-08 10:19:42,465] [WARNING] 遇到非有限 loss (NaN/Inf)，跳过该 batch
[2025-12-08 10:19:42,473] [WARNING] 遇到非有限 loss (NaN/Inf)，跳过该 batch
[2025-12-08 10:19:42,480] [WARNING] 遇到非有限 loss (NaN/Inf)，跳过该 batch
[2025-12-08 10:19:42,488] [WARNING] 遇到非有限 loss (NaN/Inf)，跳过该 batch
[2025-12-08 10:19:42,496] [WARNING] 遇到非有限 loss (NaN/Inf)，跳过该 batch
[2025-12-08 10:19:42,503] [WARNING] 遇到非有限 loss (NaN/Inf)，跳过该 batch
[2025-12-08 10:19:42,511] [WARNING] 遇到非有限 loss (NaN/Inf)，跳过该 batch
[2025-12-08 10:19:42,519] [WARNING] 遇到非有限 loss (NaN/Inf)，跳过该 batch
[2025-12-08 10:19:42,526] [WARNING] 遇到非有限 loss (NaN/Inf)，跳过该 batch
[2025-12-08 10:19:42,534] [WARNING] 遇到非有限 loss (NaN/Inf)，跳过该 batch
[2025-12-08 10:19:42,541] [WARNING] 遇到非有限 loss (NaN/Inf)，跳过该 batch
[2025-12-08 10:19:42,549] [WARNING] 遇到非有限 loss (NaN/Inf)，跳过该 batch
[2025-12-08 10:19:42,557] [WARNING] 遇到非有限 loss (NaN/Inf)，跳过该 batch
[2025-12-08 10:19:42,565] [WARNING] 遇到非有限 loss (NaN/Inf)，跳过该 batch
[2025-12-08 10:19:42,573] [WARNING] 遇到非有限 loss (NaN/Inf)，跳过该 batch
[2025-12-08 10:19:42,580] [WARNING] 遇到非有限 loss (NaN/Inf)，跳过该 batch
[2025-12-08 10:19:42,588] [WARNING] 遇到非有限 loss (NaN/Inf)，跳过该 batch
[2025-12-08 10:19:42,595] [WARNING] 遇到非有限 loss (NaN/Inf)，跳过该 batch
[2025-12-08 10:19:42,603] [WARNING] 遇到非有限 loss (NaN/Inf)，跳过该 batch
[2025-12-08 10:19:42,611] [WARNING] 遇到非有限 loss (NaN/Inf)，跳过该 batch
[2025-12-08 10:19:42,618] [WARNING] 遇到非有限 loss (NaN/Inf)，跳过该 batch
[2025-12-08 10:19:42,626] [WARNING] 遇到非有限 loss (NaN/Inf)，跳过该 batch
[2025-12-08 10:19:42,634] [WARNING] 遇到非有限 loss (NaN/Inf)，跳过该 batch
[2025-12-08 10:19:42,641] [WARNING] 遇到非有限 loss (NaN/Inf)，跳过该 batch
[2025-12-08 10:19:42,649] [WARNING] 遇到非有限 loss (NaN/Inf)，跳过该 batch
[2025-12-08 10:19:42,657] [WARNING] 遇到非有限 loss (NaN/Inf)，跳过该 batch
[2025-12-08 10:19:42,665] [WARNING] 遇到非有限 loss (NaN/Inf)，跳过该 batch
[2025-12-08 10:19:42,673] [WARNING] 遇到非有限 loss (NaN/Inf)，跳过该 batch
[2025-12-08 10:19:42,680] [WARNING] 遇到非有限 loss (NaN/Inf)，跳过该 batch
[2025-12-08 10:19:42,688] [WARNING] 遇到非有限 loss (NaN/Inf)，跳过该 batch
[2025-12-08 10:19:42,696] [WARNING] 遇到非有限 loss (NaN/Inf)，跳过该 batch
[2025-12-08 10:19:42,703] [WARNING] 遇到非有限 loss (NaN/Inf)，跳过该 batch
[2025-12-08 10:19:42,711] [WARNING] 遇到非有限 loss (NaN/Inf)，跳过该 batch
[2025-12-08 10:19:42,718] [WARNING] 遇到非有限 loss (NaN/Inf)，跳过该 batch
[2025-12-08 10:19:42,726] [WARNING] 遇到非有限 loss (NaN/Inf)，跳过该 batch
[2025-12-08 10:19:42,734] [WARNING] 遇到非有限 loss (NaN/Inf)，跳过该 batch
[2025-12-08 10:19:42,741] [WARNING] 遇到非有限 loss (NaN/Inf)，跳过该 batch
[2025-12-08 10:19:42,749] [WARNING] 遇到非有限 loss (NaN/Inf)，跳过该 batch
[2025-12-08 10:19:42,757] [WARNING] 遇到非有限 loss (NaN/Inf)，跳过该 batch
[2025-12-08 10:19:42,764] [WARNING] 遇到非有限 loss (NaN/Inf)，跳过该 batch
[2025-12-08 10:19:42,773] [WARNING] 遇到非有限 loss (NaN/Inf)，跳过该 batch
[2025-12-08 10:19:42,781] [WARNING] 遇到非有限 loss (NaN/Inf)，跳过该 batch
[2025-12-08 10:19:42,788] [WARNING] 遇到非有限 loss (NaN/Inf)，跳过该 batch
[2025-12-08 10:19:42,796] [WARNING] 遇到非有限 loss (NaN/Inf)，跳过该 batch
[2025-12-08 10:19:42,803] [WARNING] 遇到非有限 loss (NaN/Inf)，跳过该 batch
[2025-12-08 10:19:42,811] [WARNING] 遇到非有限 loss (NaN/Inf)，跳过该 batch
[2025-12-08 10:19:42,819] [WARNING] 遇到非有限 loss (NaN/Inf)，跳过该 batch
[2025-12-08 10:19:42,826] [WARNING] 遇到非有限 loss (NaN/Inf)，跳过该 batch
[2025-12-08 10:19:42,834] [WARNING] 遇到非有限 loss (NaN/Inf)，跳过该 batch
[2025-12-08 10:19:42,841] [WARNING] 遇到非有限 loss (NaN/Inf)，跳过该 batch
[2025-12-08 10:19:42,849] [WARNING] 遇到非有限 loss (NaN/Inf)，跳过该 batch
[2025-12-08 10:19:42,857] [WARNING] 遇到非有限 loss (NaN/Inf)，跳过该 batch
[2025-12-08 10:19:42,864] [WARNING] 遇到非有限 loss (NaN/Inf)，跳过该 batch
[2025-12-08 10:19:42,873] [WARNING] 遇到非有限 loss (NaN/Inf)，跳过该 batch
[2025-12-08 10:19:42,883] [WARNING] 遇到非有限 loss (NaN/Inf)，跳过该 batch
[2025-12-08 10:19:42,890] [WARNING] 遇到非有限 loss (NaN/Inf)，跳过该 batch
[2025-12-08 10:19:42,898] [WARNING] 遇到非有限 loss (NaN/Inf)，跳过该 batch
[2025-12-08 10:19:42,906] [WARNING] 遇到非有限 loss (NaN/Inf)，跳过该 batch
[2025-12-08 10:19:42,913] [WARNING] 遇到非有限 loss (NaN/Inf)，跳过该 batch
[2025-12-08 10:19:42,921] [WARNING] 遇到非有限 loss (NaN/Inf)，跳过该 batch
[2025-12-08 10:19:42,929] [WARNING] 遇到非有限 loss (NaN/Inf)，跳过该 batch
[2025-12-08 10:19:42,937] [WARNING] 遇到非有限 loss (NaN/Inf)，跳过该 batch
[2025-12-08 10:19:42,945] [WARNING] 遇到非有限 loss (NaN/Inf)，跳过该 batch
[2025-12-08 10:19:42,952] [WARNING] 遇到非有限 loss (NaN/Inf)，跳过该 batch
[2025-12-08 10:19:42,960] [WARNING] 遇到非有限 loss (NaN/Inf)，跳过该 batch
[2025-12-08 10:19:42,967] [WARNING] 遇到非有限 loss (NaN/Inf)，跳过该 batch
[2025-12-08 10:19:42,975] [WARNING] 遇到非有限 loss (NaN/Inf)，跳过该 batch
[2025-12-08 10:19:42,983] [WARNING] 遇到非有限 loss (NaN/Inf)，跳过该 batch
[2025-12-08 10:19:42,991] [WARNING] 遇到非有限 loss (NaN/Inf)，跳过该 batch
[2025-12-08 10:19:42,999] [WARNING] 遇到非有限 loss (NaN/Inf)，跳过该 batch
[2025-12-08 10:19:43,007] [WARNING] 遇到非有限 loss (NaN/Inf)，跳过该 batch
[2025-12-08 10:19:43,014] [WARNING] 遇到非有限 loss (NaN/Inf)，跳过该 batch
[2025-12-08 10:19:43,022] [WARNING] 遇到非有限 loss (NaN/Inf)，跳过该 batch
[2025-12-08 10:19:43,029] [WARNING] 遇到非有限 loss (NaN/Inf)，跳过该 batch
[2025-12-08 10:19:43,037] [WARNING] 遇到非有限 loss (NaN/Inf)，跳过该 batch
[2025-12-08 10:19:43,045] [WARNING] 遇到非有限 loss (NaN/Inf)，跳过该 batch
[2025-12-08 10:19:43,052] [WARNING] 遇到非有限 loss (NaN/Inf)，跳过该 batch
[2025-12-08 10:19:43,060] [WARNING] 遇到非有限 loss (NaN/Inf)，跳过该 batch
[2025-12-08 10:19:43,068] [WARNING] 遇到非有限 loss (NaN/Inf)，跳过该 batch
[2025-12-08 10:19:43,076] [WARNING] 遇到非有限 loss (NaN/Inf)，跳过该 batch
[2025-12-08 10:19:43,084] [WARNING] 遇到非有限 loss (NaN/Inf)，跳过该 batch
[2025-12-08 10:19:43,092] [WARNING] 遇到非有限 loss (NaN/Inf)，跳过该 batch
[2025-12-08 10:19:43,100] [WARNING] 遇到非有限 loss (NaN/Inf)，跳过该 batch
[2025-12-08 10:19:43,108] [WARNING] 遇到非有限 loss (NaN/Inf)，跳过该 batch
[2025-12-08 10:19:43,115] [WARNING] 遇到非有限 loss (NaN/Inf)，跳过该 batch
[2025-12-08 10:19:43,123] [WARNING] 遇到非有限 loss (NaN/Inf)，跳过该 batch
[2025-12-08 10:19:43,131] [WARNING] 遇到非有限 loss (NaN/Inf)，跳过该 batch
[2025-12-08 10:19:43,138] [WARNING] 遇到非有限 loss (NaN/Inf)，跳过该 batch
[2025-12-08 10:19:43,146] [WARNING] 遇到非有限 loss (NaN/Inf)，跳过该 batch
[2025-12-08 10:19:43,153] [WARNING] 遇到非有限 loss (NaN/Inf)，跳过该 batch
[2025-12-08 10:19:43,161] [WARNING] 遇到非有限 loss (NaN/Inf)，跳过该 batch
[2025-12-08 10:19:43,169] [WARNING] 遇到非有限 loss (NaN/Inf)，跳过该 batch
[2025-12-08 10:19:43,176] [WARNING] 遇到非有限 loss (NaN/Inf)，跳过该 batch
[2025-12-08 10:19:43,184] [WARNING] 遇到非有限 loss (NaN/Inf)，跳过该 batch
[2025-12-08 10:19:43,192] [WARNING] 遇到非有限 loss (NaN/Inf)，跳过该 batch
[2025-12-08 10:19:43,200] [WARNING] 遇到非有限 loss (NaN/Inf)，跳过该 batch
[2025-12-08 10:19:43,208] [WARNING] 遇到非有限 loss (NaN/Inf)，跳过该 batch
[2025-12-08 10:19:43,216] [WARNING] 遇到非有限 loss (NaN/Inf)，跳过该 batch
[2025-12-08 10:19:43,223] [WARNING] 遇到非有限 loss (NaN/Inf)，跳过该 batch
[2025-12-08 10:19:43,231] [WARNING] 遇到非有限 loss (NaN/Inf)，跳过该 batch
[2025-12-08 10:19:43,239] [WARNING] 遇到非有限 loss (NaN/Inf)，跳过该 batch
[2025-12-08 10:19:43,246] [WARNING] 遇到非有限 loss (NaN/Inf)，跳过该 batch
[2025-12-08 10:19:43,254] [WARNING] 遇到非有限 loss (NaN/Inf)，跳过该 batch
[2025-12-08 10:19:43,262] [WARNING] 遇到非有限 loss (NaN/Inf)，跳过该 batch
[2025-12-08 10:19:43,269] [WARNING] 遇到非有限 loss (NaN/Inf)，跳过该 batch
[2025-12-08 10:19:43,278] [WARNING] 遇到非有限 loss (NaN/Inf)，跳过该 batch
[2025-12-08 10:19:43,285] [WARNING] 遇到非有限 loss (NaN/Inf)，跳过该 batch
[2025-12-08 10:19:43,294] [WARNING] 遇到非有限 loss (NaN/Inf)，跳过该 batch
[2025-12-08 10:19:43,302] [WARNING] 遇到非有限 loss (NaN/Inf)，跳过该 batch
[2025-12-08 10:19:43,310] [WARNING] 遇到非有限 loss (NaN/Inf)，跳过该 batch
[2025-12-08 10:19:43,317] [WARNING] 遇到非有限 loss (NaN/Inf)，跳过该 batch
[2025-12-08 10:19:43,325] [WARNING] 遇到非有限 loss (NaN/Inf)，跳过该 batch
[2025-12-08 10:19:43,333] [WARNING] 遇到非有限 loss (NaN/Inf)，跳过该 batch
[2025-12-08 10:19:43,340] [WARNING] 遇到非有限 loss (NaN/Inf)，跳过该 batch
[2025-12-08 10:19:43,348] [WARNING] 遇到非有限 loss (NaN/Inf)，跳过该 batch
[2025-12-08 10:19:43,356] [WARNING] 遇到非有限 loss (NaN/Inf)，跳过该 batch
[2025-12-08 10:19:43,363] [WARNING] 遇到非有限 loss (NaN/Inf)，跳过该 batch
[2025-12-08 10:19:43,372] [WARNING] 遇到非有限 loss (NaN/Inf)，跳过该 batch
[2025-12-08 10:19:43,379] [WARNING] 遇到非有限 loss (NaN/Inf)，跳过该 batch
[2025-12-08 10:19:43,387] [WARNING] 遇到非有限 loss (NaN/Inf)，跳过该 batch
[2025-12-08 10:19:43,395] [WARNING] 遇到非有限 loss (NaN/Inf)，跳过该 batch
[2025-12-08 10:19:43,403] [WARNING] 遇到非有限 loss (NaN/Inf)，跳过该 batch
[2025-12-08 10:19:43,411] [WARNING] 遇到非有限 loss (NaN/Inf)，跳过该 batch
[2025-12-08 10:19:43,418] [WARNING] 遇到非有限 loss (NaN/Inf)，跳过该 batch
[2025-12-08 10:19:43,426] [WARNING] 遇到非有限 loss (NaN/Inf)，跳过该 batch
[2025-12-08 10:19:43,434] [WARNING] 遇到非有限 loss (NaN/Inf)，跳过该 batch
[2025-12-08 10:19:43,441] [WARNING] 遇到非有限 loss (NaN/Inf)，跳过该 batch
[2025-12-08 10:19:43,449] [WARNING] 遇到非有限 loss (NaN/Inf)，跳过该 batch
[2025-12-08 10:19:43,457] [WARNING] 遇到非有限 loss (NaN/Inf)，跳过该 batch
[2025-12-08 10:19:43,464] [WARNING] 遇到非有限 loss (NaN/Inf)，跳过该 batch
[2025-12-08 10:19:43,472] [WARNING] 遇到非有限 loss (NaN/Inf)，跳过该 batch
[2025-12-08 10:19:43,480] [WARNING] 遇到非有限 loss (NaN/Inf)，跳过该 batch
[2025-12-08 10:19:43,488] [WARNING] 遇到非有限 loss (NaN/Inf)，跳过该 batch
[2025-12-08 10:19:43,496] [WARNING] 遇到非有限 loss (NaN/Inf)，跳过该 batch
[2025-12-08 10:19:43,504] [WARNING] 遇到非有限 loss (NaN/Inf)，跳过该 batch
[2025-12-08 10:19:43,512] [WARNING] 遇到非有限 loss (NaN/Inf)，跳过该 batch
[2025-12-08 10:19:43,519] [WARNING] 遇到非有限 loss (NaN/Inf)，跳过该 batch
[2025-12-08 10:19:43,527] [WARNING] 遇到非有限 loss (NaN/Inf)，跳过该 batch
[2025-12-08 10:19:43,535] [WARNING] 遇到非有限 loss (NaN/Inf)，跳过该 batch
[2025-12-08 10:19:43,542] [WARNING] 遇到非有限 loss (NaN/Inf)，跳过该 batch
[2025-12-08 10:19:43,550] [WARNING] 遇到非有限 loss (NaN/Inf)，跳过该 batch
[2025-12-08 10:19:43,558] [WARNING] 遇到非有限 loss (NaN/Inf)，跳过该 batch
[2025-12-08 10:19:43,566] [WARNING] 遇到非有限 loss (NaN/Inf)，跳过该 batch
[2025-12-08 10:19:43,574] [WARNING] 遇到非有限 loss (NaN/Inf)，跳过该 batch
[2025-12-08 10:19:43,582] [WARNING] 遇到非有限 loss (NaN/Inf)，跳过该 batch
[2025-12-08 10:19:43,589] [WARNING] 遇到非有限 loss (NaN/Inf)，跳过该 batch
[2025-12-08 10:19:43,597] [WARNING] 遇到非有限 loss (NaN/Inf)，跳过该 batch
[2025-12-08 10:19:43,605] [WARNING] 遇到非有限 loss (NaN/Inf)，跳过该 batch
[2025-12-08 10:19:43,612] [WARNING] 遇到非有限 loss (NaN/Inf)，跳过该 batch
[2025-12-08 10:19:43,620] [WARNING] 遇到非有限 loss (NaN/Inf)，跳过该 batch
[2025-12-08 10:19:43,627] [WARNING] 遇到非有限 loss (NaN/Inf)，跳过该 batch
[2025-12-08 10:19:43,635] [WARNING] 遇到非有限 loss (NaN/Inf)，跳过该 batch
[2025-12-08 10:19:43,643] [WARNING] 遇到非有限 loss (NaN/Inf)，跳过该 batch
[2025-12-08 10:19:43,650] [WARNING] 遇到非有限 loss (NaN/Inf)，跳过该 batch
[2025-12-08 10:19:43,658] [WARNING] 遇到非有限 loss (NaN/Inf)，跳过该 batch
[2025-12-08 10:19:43,666] [WARNING] 遇到非有限 loss (NaN/Inf)，跳过该 batch
[2025-12-08 10:19:43,673] [WARNING] 遇到非有限 loss (NaN/Inf)，跳过该 batch
[2025-12-08 10:19:43,681] [WARNING] 遇到非有限 loss (NaN/Inf)，跳过该 batch
[2025-12-08 10:19:43,689] [WARNING] 遇到非有限 loss (NaN/Inf)，跳过该 batch
[2025-12-08 10:19:43,696] [WARNING] 遇到非有限 loss (NaN/Inf)，跳过该 batch
[2025-12-08 10:19:43,704] [WARNING] 遇到非有限 loss (NaN/Inf)，跳过该 batch
[2025-12-08 10:19:43,711] [WARNING] 遇到非有限 loss (NaN/Inf)，跳过该 batch
[2025-12-08 10:19:43,719] [WARNING] 遇到非有限 loss (NaN/Inf)，跳过该 batch
[2025-12-08 10:19:43,752] [WARNING] 遇到非有限 loss (NaN/Inf)，跳过该 batch
[2025-12-08 10:19:43,761] [WARNING] 遇到非有限 loss (NaN/Inf)，跳过该 batch
[2025-12-08 10:19:43,768] [WARNING] 遇到非有限 loss (NaN/Inf)，跳过该 batch
[2025-12-08 10:19:43,776] [WARNING] 遇到非有限 loss (NaN/Inf)，跳过该 batch
[2025-12-08 10:19:43,784] [WARNING] 遇到非有限 loss (NaN/Inf)，跳过该 batch
[2025-12-08 10:19:43,791] [WARNING] 遇到非有限 loss (NaN/Inf)，跳过该 batch
[2025-12-08 10:19:43,799] [WARNING] 遇到非有限 loss (NaN/Inf)，跳过该 batch
[2025-12-08 10:19:43,806] [WARNING] 遇到非有限 loss (NaN/Inf)，跳过该 batch
[2025-12-08 10:19:43,903] [INFO] 本 epoch（预测分支）平均训练损失: 0.000000
[2025-12-08 10:20:13,558] [INFO] [Eval] F1=0.8900, P=0.9117, R=0.8693, AUC=0.6604, thr=4.740755, point_adjust=True
[2025-12-08 10:20:13,558] [INFO] 早停触发：连续 8 个 epoch F1 未提升，在第 11 个 epoch 停止训练。
[2025-12-08 10:20:13,558] [INFO] 训练结束，最佳 F1=0.8901, 最佳指标={'precision': 0.9291316526597632, 'recall': 0.8542364151418308, 'f1': 0.8901113595588118, 'auc': 0.6617088586356575, 'threshold': 10.233388805389405, 'use_point_adjust': True}
