[2025-12-08 10:04:10,961] [INFO] 日志已写入：./logs/smd_forecast/MambaTSAD_20251208_100410.log
[2025-12-08 10:04:10,962] [INFO] 参数配置：Namespace(dataset='smd', processed_root='./dataset/MSL', log_dir='./logs/smd_forecast', win_size=100, task='forecast', pred_len=10, train_stride=1, test_stride=1, batch_size=64, epochs=50, lr=0.001, weight_decay=0.0001, seed=42, no_amp=False, max_grad_norm=1.0, patience=8, no_point_adjust=False)
[2025-12-08 10:04:11,065] [INFO] SMD 多机数据集 构建完成：entities=['C-1', 'C-2', 'D-14', 'D-15', 'D-16', 'F-4', 'F-5', 'F-7', 'F-8', 'M-1', 'M-2', 'M-3', 'M-4', 'M-5', 'M-6', 'M-7', 'P-10', 'P-11', 'P-14', 'P-15', 'S-2', 'T-12', 'T-13', 'T-4', 'T-5', 'T-8', 'T-9'], input_dim=55, len(train)=55644, len(test)=71056
[2025-12-08 10:04:11,412] [INFO] 任务类型：预测分支（forecast），context_len=90, pred_len=10
[2025-12-08 10:04:11,969] [INFO] 模型结构：
MambaTSADForecast(
  (enc_embedding): InvertedTimeEmbedding(
    (proj): Linear(in_features=90, out_features=128, bias=True)
    (dropout): Dropout(p=0.1, inplace=False)
  )
  (encoder_layers): ModuleList(
    (0-2): 3 x BiMambaBlock1D(
      (norm): LayerNorm((128,), eps=1e-05, elementwise_affine=True)
      (mamba_fwd): Mamba(
        (in_proj): Linear(in_features=128, out_features=512, bias=False)
        (conv1d): Conv1d(256, 256, kernel_size=(4,), stride=(1,), padding=(3,), groups=256)
        (act): SiLU()
        (x_proj): Linear(in_features=256, out_features=40, bias=False)
        (dt_proj): Linear(in_features=8, out_features=256, bias=True)
        (out_proj): Linear(in_features=256, out_features=128, bias=False)
      )
      (mamba_bwd): Mamba(
        (in_proj): Linear(in_features=128, out_features=512, bias=False)
        (conv1d): Conv1d(256, 256, kernel_size=(4,), stride=(1,), padding=(3,), groups=256)
        (act): SiLU()
        (x_proj): Linear(in_features=256, out_features=40, bias=False)
        (dt_proj): Linear(in_features=8, out_features=256, bias=True)
        (out_proj): Linear(in_features=256, out_features=128, bias=False)
      )
      (ffn): Sequential(
        (0): LayerNorm((128,), eps=1e-05, elementwise_affine=True)
        (1): Linear(in_features=128, out_features=512, bias=True)
        (2): GELU(approximate='none')
        (3): Dropout(p=0.1, inplace=False)
        (4): Linear(in_features=512, out_features=128, bias=True)
      )
      (dropout): Dropout(p=0.1, inplace=False)
    )
  )
  (enc_norm): LayerNorm((128,), eps=1e-05, elementwise_affine=True)
  (projector): Linear(in_features=128, out_features=10, bias=True)
)
[2025-12-08 10:04:11,970] [INFO] ========== Epoch 1/50 ==========
[2025-12-08 10:04:39,398] [INFO] 本 epoch（预测分支）平均训练损失: 0.563182
[2025-12-08 10:05:09,656] [INFO] [Eval] F1=0.8891, P=0.9269, R=0.8542, AUC=0.6551, thr=10.232331, point_adjust=True
[2025-12-08 10:05:09,682] [INFO] 发现更优模型，已保存至 ./logs/smd_forecast/best_model.pt
[2025-12-08 10:05:09,946] [INFO] 已保存可视化图：./logs/smd_forecast/scores_epoch1.png
[2025-12-08 10:05:09,946] [INFO] ========== Epoch 2/50 ==========
[2025-12-08 10:05:27,758] [WARNING] 遇到非有限 loss (NaN/Inf)，跳过该 batch
[2025-12-08 10:05:27,780] [WARNING] 遇到非有限 loss (NaN/Inf)，跳过该 batch
[2025-12-08 10:05:27,827] [WARNING] 遇到非有限 loss (NaN/Inf)，跳过该 batch
[2025-12-08 10:05:27,839] [WARNING] 遇到非有限 loss (NaN/Inf)，跳过该 batch
[2025-12-08 10:05:27,851] [WARNING] 遇到非有限 loss (NaN/Inf)，跳过该 batch
[2025-12-08 10:05:27,859] [WARNING] 遇到非有限 loss (NaN/Inf)，跳过该 batch
[2025-12-08 10:05:27,867] [WARNING] 遇到非有限 loss (NaN/Inf)，跳过该 batch
[2025-12-08 10:05:27,875] [WARNING] 遇到非有限 loss (NaN/Inf)，跳过该 batch
[2025-12-08 10:05:27,883] [WARNING] 遇到非有限 loss (NaN/Inf)，跳过该 batch
[2025-12-08 10:05:27,890] [WARNING] 遇到非有限 loss (NaN/Inf)，跳过该 batch
[2025-12-08 10:05:27,898] [WARNING] 遇到非有限 loss (NaN/Inf)，跳过该 batch
[2025-12-08 10:05:27,906] [WARNING] 遇到非有限 loss (NaN/Inf)，跳过该 batch
[2025-12-08 10:05:27,913] [WARNING] 遇到非有限 loss (NaN/Inf)，跳过该 batch
[2025-12-08 10:05:27,921] [WARNING] 遇到非有限 loss (NaN/Inf)，跳过该 batch
[2025-12-08 10:05:27,929] [WARNING] 遇到非有限 loss (NaN/Inf)，跳过该 batch
[2025-12-08 10:05:27,936] [WARNING] 遇到非有限 loss (NaN/Inf)，跳过该 batch
[2025-12-08 10:05:27,944] [WARNING] 遇到非有限 loss (NaN/Inf)，跳过该 batch
[2025-12-08 10:05:27,952] [WARNING] 遇到非有限 loss (NaN/Inf)，跳过该 batch
[2025-12-08 10:05:27,960] [WARNING] 遇到非有限 loss (NaN/Inf)，跳过该 batch
[2025-12-08 10:05:27,968] [WARNING] 遇到非有限 loss (NaN/Inf)，跳过该 batch
[2025-12-08 10:05:27,976] [WARNING] 遇到非有限 loss (NaN/Inf)，跳过该 batch
[2025-12-08 10:05:27,984] [WARNING] 遇到非有限 loss (NaN/Inf)，跳过该 batch
[2025-12-08 10:05:27,991] [WARNING] 遇到非有限 loss (NaN/Inf)，跳过该 batch
[2025-12-08 10:05:27,999] [WARNING] 遇到非有限 loss (NaN/Inf)，跳过该 batch
[2025-12-08 10:05:28,038] [WARNING] 遇到非有限 loss (NaN/Inf)，跳过该 batch
[2025-12-08 10:05:28,046] [WARNING] 遇到非有限 loss (NaN/Inf)，跳过该 batch
[2025-12-08 10:05:28,054] [WARNING] 遇到非有限 loss (NaN/Inf)，跳过该 batch
[2025-12-08 10:05:28,062] [WARNING] 遇到非有限 loss (NaN/Inf)，跳过该 batch
[2025-12-08 10:05:28,070] [WARNING] 遇到非有限 loss (NaN/Inf)，跳过该 batch
[2025-12-08 10:05:28,078] [WARNING] 遇到非有限 loss (NaN/Inf)，跳过该 batch
[2025-12-08 10:05:28,086] [WARNING] 遇到非有限 loss (NaN/Inf)，跳过该 batch
[2025-12-08 10:05:28,093] [WARNING] 遇到非有限 loss (NaN/Inf)，跳过该 batch
[2025-12-08 10:05:28,102] [WARNING] 遇到非有限 loss (NaN/Inf)，跳过该 batch
[2025-12-08 10:05:28,109] [WARNING] 遇到非有限 loss (NaN/Inf)，跳过该 batch
[2025-12-08 10:05:28,117] [WARNING] 遇到非有限 loss (NaN/Inf)，跳过该 batch
[2025-12-08 10:05:28,125] [WARNING] 遇到非有限 loss (NaN/Inf)，跳过该 batch
[2025-12-08 10:05:28,133] [WARNING] 遇到非有限 loss (NaN/Inf)，跳过该 batch
[2025-12-08 10:05:28,140] [WARNING] 遇到非有限 loss (NaN/Inf)，跳过该 batch
[2025-12-08 10:05:28,148] [WARNING] 遇到非有限 loss (NaN/Inf)，跳过该 batch
[2025-12-08 10:05:28,156] [WARNING] 遇到非有限 loss (NaN/Inf)，跳过该 batch
[2025-12-08 10:05:28,163] [WARNING] 遇到非有限 loss (NaN/Inf)，跳过该 batch
[2025-12-08 10:05:28,171] [WARNING] 遇到非有限 loss (NaN/Inf)，跳过该 batch
[2025-12-08 10:05:28,179] [WARNING] 遇到非有限 loss (NaN/Inf)，跳过该 batch
[2025-12-08 10:05:28,186] [WARNING] 遇到非有限 loss (NaN/Inf)，跳过该 batch
[2025-12-08 10:05:28,194] [WARNING] 遇到非有限 loss (NaN/Inf)，跳过该 batch
[2025-12-08 10:05:28,202] [WARNING] 遇到非有限 loss (NaN/Inf)，跳过该 batch
[2025-12-08 10:05:28,209] [WARNING] 遇到非有限 loss (NaN/Inf)，跳过该 batch
[2025-12-08 10:05:28,217] [WARNING] 遇到非有限 loss (NaN/Inf)，跳过该 batch
[2025-12-08 10:05:28,225] [WARNING] 遇到非有限 loss (NaN/Inf)，跳过该 batch
[2025-12-08 10:05:28,233] [WARNING] 遇到非有限 loss (NaN/Inf)，跳过该 batch
[2025-12-08 10:05:28,241] [WARNING] 遇到非有限 loss (NaN/Inf)，跳过该 batch
[2025-12-08 10:05:28,248] [WARNING] 遇到非有限 loss (NaN/Inf)，跳过该 batch
[2025-12-08 10:05:28,256] [WARNING] 遇到非有限 loss (NaN/Inf)，跳过该 batch
[2025-12-08 10:05:28,264] [WARNING] 遇到非有限 loss (NaN/Inf)，跳过该 batch
[2025-12-08 10:05:28,271] [WARNING] 遇到非有限 loss (NaN/Inf)，跳过该 batch
[2025-12-08 10:05:28,279] [WARNING] 遇到非有限 loss (NaN/Inf)，跳过该 batch
[2025-12-08 10:05:28,287] [WARNING] 遇到非有限 loss (NaN/Inf)，跳过该 batch
[2025-12-08 10:05:28,294] [WARNING] 遇到非有限 loss (NaN/Inf)，跳过该 batch
[2025-12-08 10:05:28,302] [WARNING] 遇到非有限 loss (NaN/Inf)，跳过该 batch
[2025-12-08 10:05:28,310] [WARNING] 遇到非有限 loss (NaN/Inf)，跳过该 batch
[2025-12-08 10:05:28,317] [WARNING] 遇到非有限 loss (NaN/Inf)，跳过该 batch
[2025-12-08 10:05:28,325] [WARNING] 遇到非有限 loss (NaN/Inf)，跳过该 batch
[2025-12-08 10:05:28,332] [WARNING] 遇到非有限 loss (NaN/Inf)，跳过该 batch
[2025-12-08 10:05:28,340] [WARNING] 遇到非有限 loss (NaN/Inf)，跳过该 batch
[2025-12-08 10:05:28,347] [WARNING] 遇到非有限 loss (NaN/Inf)，跳过该 batch
[2025-12-08 10:05:28,355] [WARNING] 遇到非有限 loss (NaN/Inf)，跳过该 batch
[2025-12-08 10:05:28,362] [WARNING] 遇到非有限 loss (NaN/Inf)，跳过该 batch
[2025-12-08 10:05:28,370] [WARNING] 遇到非有限 loss (NaN/Inf)，跳过该 batch
[2025-12-08 10:05:28,378] [WARNING] 遇到非有限 loss (NaN/Inf)，跳过该 batch
[2025-12-08 10:05:28,386] [WARNING] 遇到非有限 loss (NaN/Inf)，跳过该 batch
[2025-12-08 10:05:28,393] [WARNING] 遇到非有限 loss (NaN/Inf)，跳过该 batch
[2025-12-08 10:05:28,401] [WARNING] 遇到非有限 loss (NaN/Inf)，跳过该 batch
[2025-12-08 10:05:28,409] [WARNING] 遇到非有限 loss (NaN/Inf)，跳过该 batch
[2025-12-08 10:05:28,416] [WARNING] 遇到非有限 loss (NaN/Inf)，跳过该 batch
[2025-12-08 10:05:28,424] [WARNING] 遇到非有限 loss (NaN/Inf)，跳过该 batch
[2025-12-08 10:05:28,431] [WARNING] 遇到非有限 loss (NaN/Inf)，跳过该 batch
[2025-12-08 10:05:28,439] [WARNING] 遇到非有限 loss (NaN/Inf)，跳过该 batch
[2025-12-08 10:05:28,446] [WARNING] 遇到非有限 loss (NaN/Inf)，跳过该 batch
[2025-12-08 10:05:28,454] [WARNING] 遇到非有限 loss (NaN/Inf)，跳过该 batch
[2025-12-08 10:05:28,462] [WARNING] 遇到非有限 loss (NaN/Inf)，跳过该 batch
[2025-12-08 10:05:28,469] [WARNING] 遇到非有限 loss (NaN/Inf)，跳过该 batch
[2025-12-08 10:05:28,477] [WARNING] 遇到非有限 loss (NaN/Inf)，跳过该 batch
[2025-12-08 10:05:28,484] [WARNING] 遇到非有限 loss (NaN/Inf)，跳过该 batch
[2025-12-08 10:05:28,492] [WARNING] 遇到非有限 loss (NaN/Inf)，跳过该 batch
[2025-12-08 10:05:28,500] [WARNING] 遇到非有限 loss (NaN/Inf)，跳过该 batch
[2025-12-08 10:05:28,507] [WARNING] 遇到非有限 loss (NaN/Inf)，跳过该 batch
[2025-12-08 10:05:28,514] [WARNING] 遇到非有限 loss (NaN/Inf)，跳过该 batch
[2025-12-08 10:05:28,522] [WARNING] 遇到非有限 loss (NaN/Inf)，跳过该 batch
[2025-12-08 10:05:28,530] [WARNING] 遇到非有限 loss (NaN/Inf)，跳过该 batch
[2025-12-08 10:05:28,537] [WARNING] 遇到非有限 loss (NaN/Inf)，跳过该 batch
[2025-12-08 10:05:28,545] [WARNING] 遇到非有限 loss (NaN/Inf)，跳过该 batch
[2025-12-08 10:05:28,552] [WARNING] 遇到非有限 loss (NaN/Inf)，跳过该 batch
[2025-12-08 10:05:28,560] [WARNING] 遇到非有限 loss (NaN/Inf)，跳过该 batch
[2025-12-08 10:05:28,567] [WARNING] 遇到非有限 loss (NaN/Inf)，跳过该 batch
[2025-12-08 10:05:28,575] [WARNING] 遇到非有限 loss (NaN/Inf)，跳过该 batch
[2025-12-08 10:05:28,583] [WARNING] 遇到非有限 loss (NaN/Inf)，跳过该 batch
[2025-12-08 10:05:28,590] [WARNING] 遇到非有限 loss (NaN/Inf)，跳过该 batch
[2025-12-08 10:05:28,598] [WARNING] 遇到非有限 loss (NaN/Inf)，跳过该 batch
[2025-12-08 10:05:28,605] [WARNING] 遇到非有限 loss (NaN/Inf)，跳过该 batch
[2025-12-08 10:05:28,613] [WARNING] 遇到非有限 loss (NaN/Inf)，跳过该 batch
[2025-12-08 10:05:28,621] [WARNING] 遇到非有限 loss (NaN/Inf)，跳过该 batch
[2025-12-08 10:05:28,629] [WARNING] 遇到非有限 loss (NaN/Inf)，跳过该 batch
[2025-12-08 10:05:28,636] [WARNING] 遇到非有限 loss (NaN/Inf)，跳过该 batch
[2025-12-08 10:05:28,644] [WARNING] 遇到非有限 loss (NaN/Inf)，跳过该 batch
[2025-12-08 10:05:28,651] [WARNING] 遇到非有限 loss (NaN/Inf)，跳过该 batch
[2025-12-08 10:05:28,659] [WARNING] 遇到非有限 loss (NaN/Inf)，跳过该 batch
[2025-12-08 10:05:28,667] [WARNING] 遇到非有限 loss (NaN/Inf)，跳过该 batch
[2025-12-08 10:05:28,674] [WARNING] 遇到非有限 loss (NaN/Inf)，跳过该 batch
[2025-12-08 10:05:28,682] [WARNING] 遇到非有限 loss (NaN/Inf)，跳过该 batch
[2025-12-08 10:05:28,689] [WARNING] 遇到非有限 loss (NaN/Inf)，跳过该 batch
[2025-12-08 10:05:28,697] [WARNING] 遇到非有限 loss (NaN/Inf)，跳过该 batch
[2025-12-08 10:05:28,705] [WARNING] 遇到非有限 loss (NaN/Inf)，跳过该 batch
[2025-12-08 10:05:28,712] [WARNING] 遇到非有限 loss (NaN/Inf)，跳过该 batch
[2025-12-08 10:05:28,720] [WARNING] 遇到非有限 loss (NaN/Inf)，跳过该 batch
[2025-12-08 10:05:28,728] [WARNING] 遇到非有限 loss (NaN/Inf)，跳过该 batch
[2025-12-08 10:05:28,736] [WARNING] 遇到非有限 loss (NaN/Inf)，跳过该 batch
[2025-12-08 10:05:28,743] [WARNING] 遇到非有限 loss (NaN/Inf)，跳过该 batch
[2025-12-08 10:05:28,751] [WARNING] 遇到非有限 loss (NaN/Inf)，跳过该 batch
[2025-12-08 10:05:28,758] [WARNING] 遇到非有限 loss (NaN/Inf)，跳过该 batch
[2025-12-08 10:05:28,766] [WARNING] 遇到非有限 loss (NaN/Inf)，跳过该 batch
[2025-12-08 10:05:28,774] [WARNING] 遇到非有限 loss (NaN/Inf)，跳过该 batch
[2025-12-08 10:05:28,781] [WARNING] 遇到非有限 loss (NaN/Inf)，跳过该 batch
[2025-12-08 10:05:28,789] [WARNING] 遇到非有限 loss (NaN/Inf)，跳过该 batch
[2025-12-08 10:05:28,796] [WARNING] 遇到非有限 loss (NaN/Inf)，跳过该 batch
[2025-12-08 10:05:28,804] [WARNING] 遇到非有限 loss (NaN/Inf)，跳过该 batch
[2025-12-08 10:05:28,812] [WARNING] 遇到非有限 loss (NaN/Inf)，跳过该 batch
[2025-12-08 10:05:28,819] [WARNING] 遇到非有限 loss (NaN/Inf)，跳过该 batch
[2025-12-08 10:05:28,827] [WARNING] 遇到非有限 loss (NaN/Inf)，跳过该 batch
[2025-12-08 10:05:28,834] [WARNING] 遇到非有限 loss (NaN/Inf)，跳过该 batch
[2025-12-08 10:05:28,842] [WARNING] 遇到非有限 loss (NaN/Inf)，跳过该 batch
[2025-12-08 10:05:28,849] [WARNING] 遇到非有限 loss (NaN/Inf)，跳过该 batch
[2025-12-08 10:05:28,857] [WARNING] 遇到非有限 loss (NaN/Inf)，跳过该 batch
[2025-12-08 10:05:28,865] [WARNING] 遇到非有限 loss (NaN/Inf)，跳过该 batch
[2025-12-08 10:05:28,872] [WARNING] 遇到非有限 loss (NaN/Inf)，跳过该 batch
[2025-12-08 10:05:28,880] [WARNING] 遇到非有限 loss (NaN/Inf)，跳过该 batch
[2025-12-08 10:05:28,887] [WARNING] 遇到非有限 loss (NaN/Inf)，跳过该 batch
[2025-12-08 10:05:28,895] [WARNING] 遇到非有限 loss (NaN/Inf)，跳过该 batch
[2025-12-08 10:05:28,902] [WARNING] 遇到非有限 loss (NaN/Inf)，跳过该 batch
[2025-12-08 10:05:28,910] [WARNING] 遇到非有限 loss (NaN/Inf)，跳过该 batch
[2025-12-08 10:05:28,917] [WARNING] 遇到非有限 loss (NaN/Inf)，跳过该 batch
[2025-12-08 10:05:28,925] [WARNING] 遇到非有限 loss (NaN/Inf)，跳过该 batch
[2025-12-08 10:05:28,932] [WARNING] 遇到非有限 loss (NaN/Inf)，跳过该 batch
[2025-12-08 10:05:28,940] [WARNING] 遇到非有限 loss (NaN/Inf)，跳过该 batch
[2025-12-08 10:05:28,948] [WARNING] 遇到非有限 loss (NaN/Inf)，跳过该 batch
[2025-12-08 10:05:28,955] [WARNING] 遇到非有限 loss (NaN/Inf)，跳过该 batch
[2025-12-08 10:05:28,963] [WARNING] 遇到非有限 loss (NaN/Inf)，跳过该 batch
[2025-12-08 10:05:28,971] [WARNING] 遇到非有限 loss (NaN/Inf)，跳过该 batch
[2025-12-08 10:05:28,978] [WARNING] 遇到非有限 loss (NaN/Inf)，跳过该 batch
[2025-12-08 10:05:28,986] [WARNING] 遇到非有限 loss (NaN/Inf)，跳过该 batch
[2025-12-08 10:05:28,994] [WARNING] 遇到非有限 loss (NaN/Inf)，跳过该 batch
[2025-12-08 10:05:29,001] [WARNING] 遇到非有限 loss (NaN/Inf)，跳过该 batch
[2025-12-08 10:05:29,009] [WARNING] 遇到非有限 loss (NaN/Inf)，跳过该 batch
[2025-12-08 10:05:29,017] [WARNING] 遇到非有限 loss (NaN/Inf)，跳过该 batch
[2025-12-08 10:05:29,024] [WARNING] 遇到非有限 loss (NaN/Inf)，跳过该 batch
[2025-12-08 10:05:29,032] [WARNING] 遇到非有限 loss (NaN/Inf)，跳过该 batch
[2025-12-08 10:05:29,040] [WARNING] 遇到非有限 loss (NaN/Inf)，跳过该 batch
[2025-12-08 10:05:29,047] [WARNING] 遇到非有限 loss (NaN/Inf)，跳过该 batch
[2025-12-08 10:05:29,055] [WARNING] 遇到非有限 loss (NaN/Inf)，跳过该 batch
[2025-12-08 10:05:29,062] [WARNING] 遇到非有限 loss (NaN/Inf)，跳过该 batch
[2025-12-08 10:05:29,070] [WARNING] 遇到非有限 loss (NaN/Inf)，跳过该 batch
[2025-12-08 10:05:29,078] [WARNING] 遇到非有限 loss (NaN/Inf)，跳过该 batch
[2025-12-08 10:05:29,085] [WARNING] 遇到非有限 loss (NaN/Inf)，跳过该 batch
[2025-12-08 10:05:29,093] [WARNING] 遇到非有限 loss (NaN/Inf)，跳过该 batch
[2025-12-08 10:05:29,100] [WARNING] 遇到非有限 loss (NaN/Inf)，跳过该 batch
[2025-12-08 10:05:29,108] [WARNING] 遇到非有限 loss (NaN/Inf)，跳过该 batch
[2025-12-08 10:05:29,115] [WARNING] 遇到非有限 loss (NaN/Inf)，跳过该 batch
[2025-12-08 10:05:29,123] [WARNING] 遇到非有限 loss (NaN/Inf)，跳过该 batch
[2025-12-08 10:05:29,130] [WARNING] 遇到非有限 loss (NaN/Inf)，跳过该 batch
[2025-12-08 10:05:29,138] [WARNING] 遇到非有限 loss (NaN/Inf)，跳过该 batch
[2025-12-08 10:05:29,145] [WARNING] 遇到非有限 loss (NaN/Inf)，跳过该 batch
[2025-12-08 10:05:29,153] [WARNING] 遇到非有限 loss (NaN/Inf)，跳过该 batch
[2025-12-08 10:05:29,160] [WARNING] 遇到非有限 loss (NaN/Inf)，跳过该 batch
[2025-12-08 10:05:29,168] [WARNING] 遇到非有限 loss (NaN/Inf)，跳过该 batch
[2025-12-08 10:05:29,175] [WARNING] 遇到非有限 loss (NaN/Inf)，跳过该 batch
[2025-12-08 10:05:29,183] [WARNING] 遇到非有限 loss (NaN/Inf)，跳过该 batch
[2025-12-08 10:05:29,190] [WARNING] 遇到非有限 loss (NaN/Inf)，跳过该 batch
[2025-12-08 10:05:29,198] [WARNING] 遇到非有限 loss (NaN/Inf)，跳过该 batch
[2025-12-08 10:05:29,205] [WARNING] 遇到非有限 loss (NaN/Inf)，跳过该 batch
[2025-12-08 10:05:29,213] [WARNING] 遇到非有限 loss (NaN/Inf)，跳过该 batch
[2025-12-08 10:05:29,220] [WARNING] 遇到非有限 loss (NaN/Inf)，跳过该 batch
[2025-12-08 10:05:29,228] [WARNING] 遇到非有限 loss (NaN/Inf)，跳过该 batch
[2025-12-08 10:05:29,235] [WARNING] 遇到非有限 loss (NaN/Inf)，跳过该 batch
[2025-12-08 10:05:29,243] [WARNING] 遇到非有限 loss (NaN/Inf)，跳过该 batch
[2025-12-08 10:05:29,250] [WARNING] 遇到非有限 loss (NaN/Inf)，跳过该 batch
[2025-12-08 10:05:29,258] [WARNING] 遇到非有限 loss (NaN/Inf)，跳过该 batch
[2025-12-08 10:05:29,265] [WARNING] 遇到非有限 loss (NaN/Inf)，跳过该 batch
[2025-12-08 10:05:29,273] [WARNING] 遇到非有限 loss (NaN/Inf)，跳过该 batch
[2025-12-08 10:05:29,280] [WARNING] 遇到非有限 loss (NaN/Inf)，跳过该 batch
[2025-12-08 10:05:29,288] [WARNING] 遇到非有限 loss (NaN/Inf)，跳过该 batch
[2025-12-08 10:05:29,295] [WARNING] 遇到非有限 loss (NaN/Inf)，跳过该 batch
[2025-12-08 10:05:29,303] [WARNING] 遇到非有限 loss (NaN/Inf)，跳过该 batch
[2025-12-08 10:05:29,310] [WARNING] 遇到非有限 loss (NaN/Inf)，跳过该 batch
[2025-12-08 10:05:29,331] [WARNING] 遇到非有限 loss (NaN/Inf)，跳过该 batch
[2025-12-08 10:05:29,340] [WARNING] 遇到非有限 loss (NaN/Inf)，跳过该 batch
[2025-12-08 10:05:29,348] [WARNING] 遇到非有限 loss (NaN/Inf)，跳过该 batch
[2025-12-08 10:05:29,356] [WARNING] 遇到非有限 loss (NaN/Inf)，跳过该 batch
[2025-12-08 10:05:29,364] [WARNING] 遇到非有限 loss (NaN/Inf)，跳过该 batch
[2025-12-08 10:05:29,372] [WARNING] 遇到非有限 loss (NaN/Inf)，跳过该 batch
[2025-12-08 10:05:29,380] [WARNING] 遇到非有限 loss (NaN/Inf)，跳过该 batch
[2025-12-08 10:05:29,388] [WARNING] 遇到非有限 loss (NaN/Inf)，跳过该 batch
[2025-12-08 10:05:29,462] [INFO] 本 epoch（预测分支）平均训练损失: 0.570981
[2025-12-08 10:05:59,924] [INFO] [Eval] F1=0.8885, P=0.9256, R=0.8542, AUC=0.6618, thr=10.229253, point_adjust=True
[2025-12-08 10:06:00,178] [INFO] 已保存可视化图：./logs/smd_forecast/scores_epoch2.png
[2025-12-08 10:06:00,178] [INFO] ========== Epoch 3/50 ==========
[2025-12-08 10:06:00,388] [WARNING] 遇到非有限 loss (NaN/Inf)，跳过该 batch
[2025-12-08 10:06:00,397] [WARNING] 遇到非有限 loss (NaN/Inf)，跳过该 batch
[2025-12-08 10:06:00,406] [WARNING] 遇到非有限 loss (NaN/Inf)，跳过该 batch
[2025-12-08 10:06:00,417] [WARNING] 遇到非有限 loss (NaN/Inf)，跳过该 batch
[2025-12-08 10:06:00,423] [WARNING] 遇到非有限 loss (NaN/Inf)，跳过该 batch
[2025-12-08 10:06:00,430] [WARNING] 遇到非有限 loss (NaN/Inf)，跳过该 batch
[2025-12-08 10:06:00,437] [WARNING] 遇到非有限 loss (NaN/Inf)，跳过该 batch
[2025-12-08 10:06:00,447] [WARNING] 遇到非有限 loss (NaN/Inf)，跳过该 batch
[2025-12-08 10:06:00,454] [WARNING] 遇到非有限 loss (NaN/Inf)，跳过该 batch
[2025-12-08 10:06:00,462] [WARNING] 遇到非有限 loss (NaN/Inf)，跳过该 batch
[2025-12-08 10:06:00,470] [WARNING] 遇到非有限 loss (NaN/Inf)，跳过该 batch
[2025-12-08 10:06:00,478] [WARNING] 遇到非有限 loss (NaN/Inf)，跳过该 batch
[2025-12-08 10:06:00,487] [WARNING] 遇到非有限 loss (NaN/Inf)，跳过该 batch
[2025-12-08 10:06:00,495] [WARNING] 遇到非有限 loss (NaN/Inf)，跳过该 batch
[2025-12-08 10:06:00,503] [WARNING] 遇到非有限 loss (NaN/Inf)，跳过该 batch
[2025-12-08 10:06:00,511] [WARNING] 遇到非有限 loss (NaN/Inf)，跳过该 batch
[2025-12-08 10:06:00,519] [WARNING] 遇到非有限 loss (NaN/Inf)，跳过该 batch
[2025-12-08 10:06:00,527] [WARNING] 遇到非有限 loss (NaN/Inf)，跳过该 batch
[2025-12-08 10:06:00,535] [WARNING] 遇到非有限 loss (NaN/Inf)，跳过该 batch
[2025-12-08 10:06:00,544] [WARNING] 遇到非有限 loss (NaN/Inf)，跳过该 batch
[2025-12-08 10:06:00,552] [WARNING] 遇到非有限 loss (NaN/Inf)，跳过该 batch
[2025-12-08 10:06:00,559] [WARNING] 遇到非有限 loss (NaN/Inf)，跳过该 batch
[2025-12-08 10:06:00,567] [WARNING] 遇到非有限 loss (NaN/Inf)，跳过该 batch
[2025-12-08 10:06:00,575] [WARNING] 遇到非有限 loss (NaN/Inf)，跳过该 batch
[2025-12-08 10:06:00,584] [WARNING] 遇到非有限 loss (NaN/Inf)，跳过该 batch
[2025-12-08 10:06:00,592] [WARNING] 遇到非有限 loss (NaN/Inf)，跳过该 batch
[2025-12-08 10:06:00,600] [WARNING] 遇到非有限 loss (NaN/Inf)，跳过该 batch
[2025-12-08 10:06:00,608] [WARNING] 遇到非有限 loss (NaN/Inf)，跳过该 batch
[2025-12-08 10:06:00,617] [WARNING] 遇到非有限 loss (NaN/Inf)，跳过该 batch
[2025-12-08 10:06:00,625] [WARNING] 遇到非有限 loss (NaN/Inf)，跳过该 batch
[2025-12-08 10:06:00,632] [WARNING] 遇到非有限 loss (NaN/Inf)，跳过该 batch
[2025-12-08 10:06:00,641] [WARNING] 遇到非有限 loss (NaN/Inf)，跳过该 batch
[2025-12-08 10:06:00,649] [WARNING] 遇到非有限 loss (NaN/Inf)，跳过该 batch
[2025-12-08 10:06:00,657] [WARNING] 遇到非有限 loss (NaN/Inf)，跳过该 batch
[2025-12-08 10:06:00,665] [WARNING] 遇到非有限 loss (NaN/Inf)，跳过该 batch
[2025-12-08 10:06:00,673] [WARNING] 遇到非有限 loss (NaN/Inf)，跳过该 batch
[2025-12-08 10:06:00,682] [WARNING] 遇到非有限 loss (NaN/Inf)，跳过该 batch
[2025-12-08 10:06:00,689] [WARNING] 遇到非有限 loss (NaN/Inf)，跳过该 batch
[2025-12-08 10:06:00,698] [WARNING] 遇到非有限 loss (NaN/Inf)，跳过该 batch
[2025-12-08 10:06:00,706] [WARNING] 遇到非有限 loss (NaN/Inf)，跳过该 batch
[2025-12-08 10:06:00,715] [WARNING] 遇到非有限 loss (NaN/Inf)，跳过该 batch
[2025-12-08 10:06:00,723] [WARNING] 遇到非有限 loss (NaN/Inf)，跳过该 batch
[2025-12-08 10:06:00,732] [WARNING] 遇到非有限 loss (NaN/Inf)，跳过该 batch
[2025-12-08 10:06:00,740] [WARNING] 遇到非有限 loss (NaN/Inf)，跳过该 batch
[2025-12-08 10:06:00,748] [WARNING] 遇到非有限 loss (NaN/Inf)，跳过该 batch
[2025-12-08 10:06:00,756] [WARNING] 遇到非有限 loss (NaN/Inf)，跳过该 batch
[2025-12-08 10:06:00,764] [WARNING] 遇到非有限 loss (NaN/Inf)，跳过该 batch
[2025-12-08 10:06:00,773] [WARNING] 遇到非有限 loss (NaN/Inf)，跳过该 batch
[2025-12-08 10:06:00,780] [WARNING] 遇到非有限 loss (NaN/Inf)，跳过该 batch
[2025-12-08 10:06:00,789] [WARNING] 遇到非有限 loss (NaN/Inf)，跳过该 batch
[2025-12-08 10:06:00,797] [WARNING] 遇到非有限 loss (NaN/Inf)，跳过该 batch
[2025-12-08 10:06:00,805] [WARNING] 遇到非有限 loss (NaN/Inf)，跳过该 batch
[2025-12-08 10:06:00,813] [WARNING] 遇到非有限 loss (NaN/Inf)，跳过该 batch
[2025-12-08 10:06:00,821] [WARNING] 遇到非有限 loss (NaN/Inf)，跳过该 batch
[2025-12-08 10:06:00,830] [WARNING] 遇到非有限 loss (NaN/Inf)，跳过该 batch
[2025-12-08 10:06:00,838] [WARNING] 遇到非有限 loss (NaN/Inf)，跳过该 batch
[2025-12-08 10:06:00,846] [WARNING] 遇到非有限 loss (NaN/Inf)，跳过该 batch
[2025-12-08 10:06:00,854] [WARNING] 遇到非有限 loss (NaN/Inf)，跳过该 batch
[2025-12-08 10:06:00,862] [WARNING] 遇到非有限 loss (NaN/Inf)，跳过该 batch
[2025-12-08 10:06:00,870] [WARNING] 遇到非有限 loss (NaN/Inf)，跳过该 batch
[2025-12-08 10:06:00,879] [WARNING] 遇到非有限 loss (NaN/Inf)，跳过该 batch
[2025-12-08 10:06:00,887] [WARNING] 遇到非有限 loss (NaN/Inf)，跳过该 batch
[2025-12-08 10:06:00,895] [WARNING] 遇到非有限 loss (NaN/Inf)，跳过该 batch
[2025-12-08 10:06:00,904] [WARNING] 遇到非有限 loss (NaN/Inf)，跳过该 batch
[2025-12-08 10:06:00,911] [WARNING] 遇到非有限 loss (NaN/Inf)，跳过该 batch
[2025-12-08 10:06:00,919] [WARNING] 遇到非有限 loss (NaN/Inf)，跳过该 batch
[2025-12-08 10:06:00,927] [WARNING] 遇到非有限 loss (NaN/Inf)，跳过该 batch
[2025-12-08 10:06:00,936] [WARNING] 遇到非有限 loss (NaN/Inf)，跳过该 batch
[2025-12-08 10:06:00,944] [WARNING] 遇到非有限 loss (NaN/Inf)，跳过该 batch
[2025-12-08 10:06:00,951] [WARNING] 遇到非有限 loss (NaN/Inf)，跳过该 batch
[2025-12-08 10:06:00,959] [WARNING] 遇到非有限 loss (NaN/Inf)，跳过该 batch
[2025-12-08 10:06:00,968] [WARNING] 遇到非有限 loss (NaN/Inf)，跳过该 batch
[2025-12-08 10:06:00,976] [WARNING] 遇到非有限 loss (NaN/Inf)，跳过该 batch
[2025-12-08 10:06:00,984] [WARNING] 遇到非有限 loss (NaN/Inf)，跳过该 batch
[2025-12-08 10:06:00,991] [WARNING] 遇到非有限 loss (NaN/Inf)，跳过该 batch
[2025-12-08 10:06:01,000] [WARNING] 遇到非有限 loss (NaN/Inf)，跳过该 batch
[2025-12-08 10:06:01,008] [WARNING] 遇到非有限 loss (NaN/Inf)，跳过该 batch
[2025-12-08 10:06:01,016] [WARNING] 遇到非有限 loss (NaN/Inf)，跳过该 batch
[2025-12-08 10:06:01,024] [WARNING] 遇到非有限 loss (NaN/Inf)，跳过该 batch
[2025-12-08 10:06:01,032] [WARNING] 遇到非有限 loss (NaN/Inf)，跳过该 batch
[2025-12-08 10:06:01,040] [WARNING] 遇到非有限 loss (NaN/Inf)，跳过该 batch
[2025-12-08 10:06:01,048] [WARNING] 遇到非有限 loss (NaN/Inf)，跳过该 batch
[2025-12-08 10:06:01,056] [WARNING] 遇到非有限 loss (NaN/Inf)，跳过该 batch
[2025-12-08 10:06:01,065] [WARNING] 遇到非有限 loss (NaN/Inf)，跳过该 batch
[2025-12-08 10:06:01,072] [WARNING] 遇到非有限 loss (NaN/Inf)，跳过该 batch
[2025-12-08 10:06:01,081] [WARNING] 遇到非有限 loss (NaN/Inf)，跳过该 batch
[2025-12-08 10:06:01,089] [WARNING] 遇到非有限 loss (NaN/Inf)，跳过该 batch
[2025-12-08 10:06:01,097] [WARNING] 遇到非有限 loss (NaN/Inf)，跳过该 batch
[2025-12-08 10:06:01,105] [WARNING] 遇到非有限 loss (NaN/Inf)，跳过该 batch
[2025-12-08 10:06:01,113] [WARNING] 遇到非有限 loss (NaN/Inf)，跳过该 batch
[2025-12-08 10:06:01,121] [WARNING] 遇到非有限 loss (NaN/Inf)，跳过该 batch
[2025-12-08 10:06:01,129] [WARNING] 遇到非有限 loss (NaN/Inf)，跳过该 batch
[2025-12-08 10:06:01,138] [WARNING] 遇到非有限 loss (NaN/Inf)，跳过该 batch
[2025-12-08 10:06:01,146] [WARNING] 遇到非有限 loss (NaN/Inf)，跳过该 batch
[2025-12-08 10:06:01,154] [WARNING] 遇到非有限 loss (NaN/Inf)，跳过该 batch
[2025-12-08 10:06:01,162] [WARNING] 遇到非有限 loss (NaN/Inf)，跳过该 batch
[2025-12-08 10:06:01,170] [WARNING] 遇到非有限 loss (NaN/Inf)，跳过该 batch
[2025-12-08 10:06:01,179] [WARNING] 遇到非有限 loss (NaN/Inf)，跳过该 batch
[2025-12-08 10:06:01,186] [WARNING] 遇到非有限 loss (NaN/Inf)，跳过该 batch
[2025-12-08 10:06:01,195] [WARNING] 遇到非有限 loss (NaN/Inf)，跳过该 batch
[2025-12-08 10:06:01,203] [WARNING] 遇到非有限 loss (NaN/Inf)，跳过该 batch
[2025-12-08 10:06:01,210] [WARNING] 遇到非有限 loss (NaN/Inf)，跳过该 batch
[2025-12-08 10:06:01,219] [WARNING] 遇到非有限 loss (NaN/Inf)，跳过该 batch
[2025-12-08 10:06:01,227] [WARNING] 遇到非有限 loss (NaN/Inf)，跳过该 batch
[2025-12-08 10:06:01,235] [WARNING] 遇到非有限 loss (NaN/Inf)，跳过该 batch
[2025-12-08 10:06:01,243] [WARNING] 遇到非有限 loss (NaN/Inf)，跳过该 batch
[2025-12-08 10:06:01,251] [WARNING] 遇到非有限 loss (NaN/Inf)，跳过该 batch
[2025-12-08 10:06:01,259] [WARNING] 遇到非有限 loss (NaN/Inf)，跳过该 batch
[2025-12-08 10:06:01,267] [WARNING] 遇到非有限 loss (NaN/Inf)，跳过该 batch
[2025-12-08 10:06:01,275] [WARNING] 遇到非有限 loss (NaN/Inf)，跳过该 batch
[2025-12-08 10:06:01,283] [WARNING] 遇到非有限 loss (NaN/Inf)，跳过该 batch
[2025-12-08 10:06:01,292] [WARNING] 遇到非有限 loss (NaN/Inf)，跳过该 batch
[2025-12-08 10:06:01,300] [WARNING] 遇到非有限 loss (NaN/Inf)，跳过该 batch
[2025-12-08 10:06:01,308] [WARNING] 遇到非有限 loss (NaN/Inf)，跳过该 batch
[2025-12-08 10:06:01,316] [WARNING] 遇到非有限 loss (NaN/Inf)，跳过该 batch
[2025-12-08 10:06:01,324] [WARNING] 遇到非有限 loss (NaN/Inf)，跳过该 batch
[2025-12-08 10:06:01,332] [WARNING] 遇到非有限 loss (NaN/Inf)，跳过该 batch
[2025-12-08 10:06:01,340] [WARNING] 遇到非有限 loss (NaN/Inf)，跳过该 batch
[2025-12-08 10:06:01,349] [WARNING] 遇到非有限 loss (NaN/Inf)，跳过该 batch
[2025-12-08 10:06:01,357] [WARNING] 遇到非有限 loss (NaN/Inf)，跳过该 batch
[2025-12-08 10:06:01,365] [WARNING] 遇到非有限 loss (NaN/Inf)，跳过该 batch
[2025-12-08 10:06:01,373] [WARNING] 遇到非有限 loss (NaN/Inf)，跳过该 batch
[2025-12-08 10:06:01,381] [WARNING] 遇到非有限 loss (NaN/Inf)，跳过该 batch
[2025-12-08 10:06:01,390] [WARNING] 遇到非有限 loss (NaN/Inf)，跳过该 batch
[2025-12-08 10:06:01,398] [WARNING] 遇到非有限 loss (NaN/Inf)，跳过该 batch
[2025-12-08 10:06:01,406] [WARNING] 遇到非有限 loss (NaN/Inf)，跳过该 batch
[2025-12-08 10:06:01,414] [WARNING] 遇到非有限 loss (NaN/Inf)，跳过该 batch
[2025-12-08 10:06:01,422] [WARNING] 遇到非有限 loss (NaN/Inf)，跳过该 batch
[2025-12-08 10:06:01,430] [WARNING] 遇到非有限 loss (NaN/Inf)，跳过该 batch
[2025-12-08 10:06:01,438] [WARNING] 遇到非有限 loss (NaN/Inf)，跳过该 batch
[2025-12-08 10:06:01,446] [WARNING] 遇到非有限 loss (NaN/Inf)，跳过该 batch
[2025-12-08 10:06:01,454] [WARNING] 遇到非有限 loss (NaN/Inf)，跳过该 batch
[2025-12-08 10:06:01,462] [WARNING] 遇到非有限 loss (NaN/Inf)，跳过该 batch
[2025-12-08 10:06:01,470] [WARNING] 遇到非有限 loss (NaN/Inf)，跳过该 batch
[2025-12-08 10:06:01,478] [WARNING] 遇到非有限 loss (NaN/Inf)，跳过该 batch
[2025-12-08 10:06:01,487] [WARNING] 遇到非有限 loss (NaN/Inf)，跳过该 batch
[2025-12-08 10:06:01,494] [WARNING] 遇到非有限 loss (NaN/Inf)，跳过该 batch
[2025-12-08 10:06:01,502] [WARNING] 遇到非有限 loss (NaN/Inf)，跳过该 batch
[2025-12-08 10:06:01,510] [WARNING] 遇到非有限 loss (NaN/Inf)，跳过该 batch
[2025-12-08 10:06:01,518] [WARNING] 遇到非有限 loss (NaN/Inf)，跳过该 batch
[2025-12-08 10:06:01,527] [WARNING] 遇到非有限 loss (NaN/Inf)，跳过该 batch
[2025-12-08 10:06:01,534] [WARNING] 遇到非有限 loss (NaN/Inf)，跳过该 batch
[2025-12-08 10:06:01,542] [WARNING] 遇到非有限 loss (NaN/Inf)，跳过该 batch
[2025-12-08 10:06:01,551] [WARNING] 遇到非有限 loss (NaN/Inf)，跳过该 batch
[2025-12-08 10:06:01,559] [WARNING] 遇到非有限 loss (NaN/Inf)，跳过该 batch
[2025-12-08 10:06:01,567] [WARNING] 遇到非有限 loss (NaN/Inf)，跳过该 batch
[2025-12-08 10:06:01,574] [WARNING] 遇到非有限 loss (NaN/Inf)，跳过该 batch
[2025-12-08 10:06:01,583] [WARNING] 遇到非有限 loss (NaN/Inf)，跳过该 batch
[2025-12-08 10:06:01,591] [WARNING] 遇到非有限 loss (NaN/Inf)，跳过该 batch
[2025-12-08 10:06:01,599] [WARNING] 遇到非有限 loss (NaN/Inf)，跳过该 batch
[2025-12-08 10:06:01,606] [WARNING] 遇到非有限 loss (NaN/Inf)，跳过该 batch
[2025-12-08 10:06:01,614] [WARNING] 遇到非有限 loss (NaN/Inf)，跳过该 batch
[2025-12-08 10:06:01,622] [WARNING] 遇到非有限 loss (NaN/Inf)，跳过该 batch
[2025-12-08 10:06:01,631] [WARNING] 遇到非有限 loss (NaN/Inf)，跳过该 batch
[2025-12-08 10:06:01,639] [WARNING] 遇到非有限 loss (NaN/Inf)，跳过该 batch
[2025-12-08 10:06:01,647] [WARNING] 遇到非有限 loss (NaN/Inf)，跳过该 batch
[2025-12-08 10:06:01,656] [WARNING] 遇到非有限 loss (NaN/Inf)，跳过该 batch
[2025-12-08 10:06:01,663] [WARNING] 遇到非有限 loss (NaN/Inf)，跳过该 batch
[2025-12-08 10:06:01,671] [WARNING] 遇到非有限 loss (NaN/Inf)，跳过该 batch
[2025-12-08 10:06:01,679] [WARNING] 遇到非有限 loss (NaN/Inf)，跳过该 batch
[2025-12-08 10:06:01,687] [WARNING] 遇到非有限 loss (NaN/Inf)，跳过该 batch
[2025-12-08 10:06:01,696] [WARNING] 遇到非有限 loss (NaN/Inf)，跳过该 batch
[2025-12-08 10:06:01,703] [WARNING] 遇到非有限 loss (NaN/Inf)，跳过该 batch
[2025-12-08 10:06:01,711] [WARNING] 遇到非有限 loss (NaN/Inf)，跳过该 batch
[2025-12-08 10:06:01,719] [WARNING] 遇到非有限 loss (NaN/Inf)，跳过该 batch
[2025-12-08 10:06:01,728] [WARNING] 遇到非有限 loss (NaN/Inf)，跳过该 batch
[2025-12-08 10:06:01,735] [WARNING] 遇到非有限 loss (NaN/Inf)，跳过该 batch
[2025-12-08 10:06:01,744] [WARNING] 遇到非有限 loss (NaN/Inf)，跳过该 batch
[2025-12-08 10:06:01,752] [WARNING] 遇到非有限 loss (NaN/Inf)，跳过该 batch
[2025-12-08 10:06:01,760] [WARNING] 遇到非有限 loss (NaN/Inf)，跳过该 batch
[2025-12-08 10:06:01,768] [WARNING] 遇到非有限 loss (NaN/Inf)，跳过该 batch
[2025-12-08 10:06:01,776] [WARNING] 遇到非有限 loss (NaN/Inf)，跳过该 batch
[2025-12-08 10:06:01,785] [WARNING] 遇到非有限 loss (NaN/Inf)，跳过该 batch
[2025-12-08 10:06:01,792] [WARNING] 遇到非有限 loss (NaN/Inf)，跳过该 batch
[2025-12-08 10:06:01,801] [WARNING] 遇到非有限 loss (NaN/Inf)，跳过该 batch
[2025-12-08 10:06:01,809] [WARNING] 遇到非有限 loss (NaN/Inf)，跳过该 batch
[2025-12-08 10:06:01,817] [WARNING] 遇到非有限 loss (NaN/Inf)，跳过该 batch
[2025-12-08 10:06:01,825] [WARNING] 遇到非有限 loss (NaN/Inf)，跳过该 batch
[2025-12-08 10:06:01,833] [WARNING] 遇到非有限 loss (NaN/Inf)，跳过该 batch
[2025-12-08 10:06:01,842] [WARNING] 遇到非有限 loss (NaN/Inf)，跳过该 batch
[2025-12-08 10:06:01,850] [WARNING] 遇到非有限 loss (NaN/Inf)，跳过该 batch
[2025-12-08 10:06:01,858] [WARNING] 遇到非有限 loss (NaN/Inf)，跳过该 batch
[2025-12-08 10:06:01,866] [WARNING] 遇到非有限 loss (NaN/Inf)，跳过该 batch
[2025-12-08 10:06:01,875] [WARNING] 遇到非有限 loss (NaN/Inf)，跳过该 batch
[2025-12-08 10:06:01,882] [WARNING] 遇到非有限 loss (NaN/Inf)，跳过该 batch
[2025-12-08 10:06:01,891] [WARNING] 遇到非有限 loss (NaN/Inf)，跳过该 batch
[2025-12-08 10:06:01,899] [WARNING] 遇到非有限 loss (NaN/Inf)，跳过该 batch
[2025-12-08 10:06:01,907] [WARNING] 遇到非有限 loss (NaN/Inf)，跳过该 batch
[2025-12-08 10:06:01,915] [WARNING] 遇到非有限 loss (NaN/Inf)，跳过该 batch
[2025-12-08 10:06:01,923] [WARNING] 遇到非有限 loss (NaN/Inf)，跳过该 batch
[2025-12-08 10:06:01,931] [WARNING] 遇到非有限 loss (NaN/Inf)，跳过该 batch
[2025-12-08 10:06:01,943] [WARNING] 遇到非有限 loss (NaN/Inf)，跳过该 batch
[2025-12-08 10:06:01,951] [WARNING] 遇到非有限 loss (NaN/Inf)，跳过该 batch
[2025-12-08 10:06:01,959] [WARNING] 遇到非有限 loss (NaN/Inf)，跳过该 batch
[2025-12-08 10:06:01,971] [WARNING] 遇到非有限 loss (NaN/Inf)，跳过该 batch
[2025-12-08 10:06:01,979] [WARNING] 遇到非有限 loss (NaN/Inf)，跳过该 batch
[2025-12-08 10:06:01,988] [WARNING] 遇到非有限 loss (NaN/Inf)，跳过该 batch
[2025-12-08 10:06:01,996] [WARNING] 遇到非有限 loss (NaN/Inf)，跳过该 batch
[2025-12-08 10:06:02,004] [WARNING] 遇到非有限 loss (NaN/Inf)，跳过该 batch
[2025-12-08 10:06:02,012] [WARNING] 遇到非有限 loss (NaN/Inf)，跳过该 batch
[2025-12-08 10:06:02,020] [WARNING] 遇到非有限 loss (NaN/Inf)，跳过该 batch
[2025-12-08 10:06:02,029] [WARNING] 遇到非有限 loss (NaN/Inf)，跳过该 batch
[2025-12-08 10:06:02,037] [WARNING] 遇到非有限 loss (NaN/Inf)，跳过该 batch
[2025-12-08 10:06:02,045] [WARNING] 遇到非有限 loss (NaN/Inf)，跳过该 batch
[2025-12-08 10:06:02,054] [WARNING] 遇到非有限 loss (NaN/Inf)，跳过该 batch
[2025-12-08 10:06:02,062] [WARNING] 遇到非有限 loss (NaN/Inf)，跳过该 batch
[2025-12-08 10:06:02,071] [WARNING] 遇到非有限 loss (NaN/Inf)，跳过该 batch
[2025-12-08 10:06:02,079] [WARNING] 遇到非有限 loss (NaN/Inf)，跳过该 batch
[2025-12-08 10:06:02,088] [WARNING] 遇到非有限 loss (NaN/Inf)，跳过该 batch
[2025-12-08 10:06:02,096] [WARNING] 遇到非有限 loss (NaN/Inf)，跳过该 batch
[2025-12-08 10:06:02,104] [WARNING] 遇到非有限 loss (NaN/Inf)，跳过该 batch
[2025-12-08 10:06:02,113] [WARNING] 遇到非有限 loss (NaN/Inf)，跳过该 batch
[2025-12-08 10:06:02,121] [WARNING] 遇到非有限 loss (NaN/Inf)，跳过该 batch
[2025-12-08 10:06:02,130] [WARNING] 遇到非有限 loss (NaN/Inf)，跳过该 batch
[2025-12-08 10:06:02,138] [WARNING] 遇到非有限 loss (NaN/Inf)，跳过该 batch
[2025-12-08 10:06:02,146] [WARNING] 遇到非有限 loss (NaN/Inf)，跳过该 batch
[2025-12-08 10:06:02,154] [WARNING] 遇到非有限 loss (NaN/Inf)，跳过该 batch
[2025-12-08 10:06:02,163] [WARNING] 遇到非有限 loss (NaN/Inf)，跳过该 batch
[2025-12-08 10:06:02,170] [WARNING] 遇到非有限 loss (NaN/Inf)，跳过该 batch
[2025-12-08 10:06:02,178] [WARNING] 遇到非有限 loss (NaN/Inf)，跳过该 batch
[2025-12-08 10:06:02,187] [WARNING] 遇到非有限 loss (NaN/Inf)，跳过该 batch
[2025-12-08 10:06:02,195] [WARNING] 遇到非有限 loss (NaN/Inf)，跳过该 batch
[2025-12-08 10:06:02,203] [WARNING] 遇到非有限 loss (NaN/Inf)，跳过该 batch
[2025-12-08 10:06:02,211] [WARNING] 遇到非有限 loss (NaN/Inf)，跳过该 batch
[2025-12-08 10:06:02,219] [WARNING] 遇到非有限 loss (NaN/Inf)，跳过该 batch
[2025-12-08 10:06:02,227] [WARNING] 遇到非有限 loss (NaN/Inf)，跳过该 batch
[2025-12-08 10:06:02,235] [WARNING] 遇到非有限 loss (NaN/Inf)，跳过该 batch
[2025-12-08 10:06:02,243] [WARNING] 遇到非有限 loss (NaN/Inf)，跳过该 batch
[2025-12-08 10:06:02,252] [WARNING] 遇到非有限 loss (NaN/Inf)，跳过该 batch
[2025-12-08 10:06:02,259] [WARNING] 遇到非有限 loss (NaN/Inf)，跳过该 batch
[2025-12-08 10:06:02,267] [WARNING] 遇到非有限 loss (NaN/Inf)，跳过该 batch
[2025-12-08 10:06:02,275] [WARNING] 遇到非有限 loss (NaN/Inf)，跳过该 batch
[2025-12-08 10:06:02,283] [WARNING] 遇到非有限 loss (NaN/Inf)，跳过该 batch
[2025-12-08 10:06:02,292] [WARNING] 遇到非有限 loss (NaN/Inf)，跳过该 batch
[2025-12-08 10:06:02,299] [WARNING] 遇到非有限 loss (NaN/Inf)，跳过该 batch
[2025-12-08 10:06:02,307] [WARNING] 遇到非有限 loss (NaN/Inf)，跳过该 batch
[2025-12-08 10:06:02,315] [WARNING] 遇到非有限 loss (NaN/Inf)，跳过该 batch
[2025-12-08 10:06:02,324] [WARNING] 遇到非有限 loss (NaN/Inf)，跳过该 batch
[2025-12-08 10:06:02,332] [WARNING] 遇到非有限 loss (NaN/Inf)，跳过该 batch
[2025-12-08 10:06:02,340] [WARNING] 遇到非有限 loss (NaN/Inf)，跳过该 batch
[2025-12-08 10:06:02,348] [WARNING] 遇到非有限 loss (NaN/Inf)，跳过该 batch
[2025-12-08 10:06:02,356] [WARNING] 遇到非有限 loss (NaN/Inf)，跳过该 batch
[2025-12-08 10:06:02,364] [WARNING] 遇到非有限 loss (NaN/Inf)，跳过该 batch
[2025-12-08 10:06:02,372] [WARNING] 遇到非有限 loss (NaN/Inf)，跳过该 batch
[2025-12-08 10:06:02,380] [WARNING] 遇到非有限 loss (NaN/Inf)，跳过该 batch
[2025-12-08 10:06:02,389] [WARNING] 遇到非有限 loss (NaN/Inf)，跳过该 batch
[2025-12-08 10:06:02,397] [WARNING] 遇到非有限 loss (NaN/Inf)，跳过该 batch
[2025-12-08 10:06:02,406] [WARNING] 遇到非有限 loss (NaN/Inf)，跳过该 batch
[2025-12-08 10:06:02,414] [WARNING] 遇到非有限 loss (NaN/Inf)，跳过该 batch
[2025-12-08 10:06:02,422] [WARNING] 遇到非有限 loss (NaN/Inf)，跳过该 batch
[2025-12-08 10:06:02,430] [WARNING] 遇到非有限 loss (NaN/Inf)，跳过该 batch
[2025-12-08 10:06:02,438] [WARNING] 遇到非有限 loss (NaN/Inf)，跳过该 batch
[2025-12-08 10:06:02,447] [WARNING] 遇到非有限 loss (NaN/Inf)，跳过该 batch
[2025-12-08 10:06:02,454] [WARNING] 遇到非有限 loss (NaN/Inf)，跳过该 batch
[2025-12-08 10:06:02,463] [WARNING] 遇到非有限 loss (NaN/Inf)，跳过该 batch
[2025-12-08 10:06:02,471] [WARNING] 遇到非有限 loss (NaN/Inf)，跳过该 batch
[2025-12-08 10:06:02,479] [WARNING] 遇到非有限 loss (NaN/Inf)，跳过该 batch
[2025-12-08 10:06:02,487] [WARNING] 遇到非有限 loss (NaN/Inf)，跳过该 batch
[2025-12-08 10:06:02,494] [WARNING] 遇到非有限 loss (NaN/Inf)，跳过该 batch
[2025-12-08 10:06:02,503] [WARNING] 遇到非有限 loss (NaN/Inf)，跳过该 batch
[2025-12-08 10:06:02,511] [WARNING] 遇到非有限 loss (NaN/Inf)，跳过该 batch
[2025-12-08 10:06:02,519] [WARNING] 遇到非有限 loss (NaN/Inf)，跳过该 batch
[2025-12-08 10:06:02,527] [WARNING] 遇到非有限 loss (NaN/Inf)，跳过该 batch
[2025-12-08 10:06:02,535] [WARNING] 遇到非有限 loss (NaN/Inf)，跳过该 batch
[2025-12-08 10:06:02,543] [WARNING] 遇到非有限 loss (NaN/Inf)，跳过该 batch
[2025-12-08 10:06:02,552] [WARNING] 遇到非有限 loss (NaN/Inf)，跳过该 batch
[2025-12-08 10:06:02,559] [WARNING] 遇到非有限 loss (NaN/Inf)，跳过该 batch
[2025-12-08 10:06:02,567] [WARNING] 遇到非有限 loss (NaN/Inf)，跳过该 batch
[2025-12-08 10:06:02,576] [WARNING] 遇到非有限 loss (NaN/Inf)，跳过该 batch
[2025-12-08 10:06:02,584] [WARNING] 遇到非有限 loss (NaN/Inf)，跳过该 batch
[2025-12-08 10:06:02,592] [WARNING] 遇到非有限 loss (NaN/Inf)，跳过该 batch
[2025-12-08 10:06:02,600] [WARNING] 遇到非有限 loss (NaN/Inf)，跳过该 batch
[2025-12-08 10:06:02,608] [WARNING] 遇到非有限 loss (NaN/Inf)，跳过该 batch
[2025-12-08 10:06:02,616] [WARNING] 遇到非有限 loss (NaN/Inf)，跳过该 batch
[2025-12-08 10:06:02,624] [WARNING] 遇到非有限 loss (NaN/Inf)，跳过该 batch
[2025-12-08 10:06:02,632] [WARNING] 遇到非有限 loss (NaN/Inf)，跳过该 batch
[2025-12-08 10:06:02,640] [WARNING] 遇到非有限 loss (NaN/Inf)，跳过该 batch
[2025-12-08 10:06:02,648] [WARNING] 遇到非有限 loss (NaN/Inf)，跳过该 batch
[2025-12-08 10:06:02,656] [WARNING] 遇到非有限 loss (NaN/Inf)，跳过该 batch
[2025-12-08 10:06:02,665] [WARNING] 遇到非有限 loss (NaN/Inf)，跳过该 batch
[2025-12-08 10:06:02,672] [WARNING] 遇到非有限 loss (NaN/Inf)，跳过该 batch
[2025-12-08 10:06:02,681] [WARNING] 遇到非有限 loss (NaN/Inf)，跳过该 batch
[2025-12-08 10:06:02,689] [WARNING] 遇到非有限 loss (NaN/Inf)，跳过该 batch
[2025-12-08 10:06:02,697] [WARNING] 遇到非有限 loss (NaN/Inf)，跳过该 batch
[2025-12-08 10:06:02,706] [WARNING] 遇到非有限 loss (NaN/Inf)，跳过该 batch
[2025-12-08 10:06:02,714] [WARNING] 遇到非有限 loss (NaN/Inf)，跳过该 batch
[2025-12-08 10:06:02,723] [WARNING] 遇到非有限 loss (NaN/Inf)，跳过该 batch
[2025-12-08 10:06:02,731] [WARNING] 遇到非有限 loss (NaN/Inf)，跳过该 batch
[2025-12-08 10:06:02,740] [WARNING] 遇到非有限 loss (NaN/Inf)，跳过该 batch
[2025-12-08 10:06:02,748] [WARNING] 遇到非有限 loss (NaN/Inf)，跳过该 batch
[2025-12-08 10:06:02,756] [WARNING] 遇到非有限 loss (NaN/Inf)，跳过该 batch
[2025-12-08 10:06:02,765] [WARNING] 遇到非有限 loss (NaN/Inf)，跳过该 batch
[2025-12-08 10:06:02,773] [WARNING] 遇到非有限 loss (NaN/Inf)，跳过该 batch
[2025-12-08 10:06:02,782] [WARNING] 遇到非有限 loss (NaN/Inf)，跳过该 batch
[2025-12-08 10:06:02,790] [WARNING] 遇到非有限 loss (NaN/Inf)，跳过该 batch
[2025-12-08 10:06:02,799] [WARNING] 遇到非有限 loss (NaN/Inf)，跳过该 batch
[2025-12-08 10:06:02,807] [WARNING] 遇到非有限 loss (NaN/Inf)，跳过该 batch
[2025-12-08 10:06:02,815] [WARNING] 遇到非有限 loss (NaN/Inf)，跳过该 batch
[2025-12-08 10:06:02,824] [WARNING] 遇到非有限 loss (NaN/Inf)，跳过该 batch
[2025-12-08 10:06:02,832] [WARNING] 遇到非有限 loss (NaN/Inf)，跳过该 batch
[2025-12-08 10:06:02,841] [WARNING] 遇到非有限 loss (NaN/Inf)，跳过该 batch
[2025-12-08 10:06:02,849] [WARNING] 遇到非有限 loss (NaN/Inf)，跳过该 batch
[2025-12-08 10:06:02,857] [WARNING] 遇到非有限 loss (NaN/Inf)，跳过该 batch
[2025-12-08 10:06:02,866] [WARNING] 遇到非有限 loss (NaN/Inf)，跳过该 batch
[2025-12-08 10:06:02,874] [WARNING] 遇到非有限 loss (NaN/Inf)，跳过该 batch
[2025-12-08 10:06:02,882] [WARNING] 遇到非有限 loss (NaN/Inf)，跳过该 batch
[2025-12-08 10:06:02,890] [WARNING] 遇到非有限 loss (NaN/Inf)，跳过该 batch
[2025-12-08 10:06:02,898] [WARNING] 遇到非有限 loss (NaN/Inf)，跳过该 batch
[2025-12-08 10:06:02,906] [WARNING] 遇到非有限 loss (NaN/Inf)，跳过该 batch
[2025-12-08 10:06:02,915] [WARNING] 遇到非有限 loss (NaN/Inf)，跳过该 batch
[2025-12-08 10:06:02,922] [WARNING] 遇到非有限 loss (NaN/Inf)，跳过该 batch
[2025-12-08 10:06:02,930] [WARNING] 遇到非有限 loss (NaN/Inf)，跳过该 batch
[2025-12-08 10:06:02,938] [WARNING] 遇到非有限 loss (NaN/Inf)，跳过该 batch
[2025-12-08 10:06:02,947] [WARNING] 遇到非有限 loss (NaN/Inf)，跳过该 batch
[2025-12-08 10:06:02,955] [WARNING] 遇到非有限 loss (NaN/Inf)，跳过该 batch
[2025-12-08 10:06:02,964] [WARNING] 遇到非有限 loss (NaN/Inf)，跳过该 batch
[2025-12-08 10:06:02,974] [WARNING] 遇到非有限 loss (NaN/Inf)，跳过该 batch
[2025-12-08 10:06:02,982] [WARNING] 遇到非有限 loss (NaN/Inf)，跳过该 batch
[2025-12-08 10:06:02,991] [WARNING] 遇到非有限 loss (NaN/Inf)，跳过该 batch
[2025-12-08 10:06:02,999] [WARNING] 遇到非有限 loss (NaN/Inf)，跳过该 batch
[2025-12-08 10:06:03,007] [WARNING] 遇到非有限 loss (NaN/Inf)，跳过该 batch
[2025-12-08 10:06:03,016] [WARNING] 遇到非有限 loss (NaN/Inf)，跳过该 batch
[2025-12-08 10:06:03,025] [WARNING] 遇到非有限 loss (NaN/Inf)，跳过该 batch
[2025-12-08 10:06:03,033] [WARNING] 遇到非有限 loss (NaN/Inf)，跳过该 batch
[2025-12-08 10:06:03,041] [WARNING] 遇到非有限 loss (NaN/Inf)，跳过该 batch
[2025-12-08 10:06:03,050] [WARNING] 遇到非有限 loss (NaN/Inf)，跳过该 batch
[2025-12-08 10:06:03,058] [WARNING] 遇到非有限 loss (NaN/Inf)，跳过该 batch
[2025-12-08 10:06:03,067] [WARNING] 遇到非有限 loss (NaN/Inf)，跳过该 batch
[2025-12-08 10:06:03,075] [WARNING] 遇到非有限 loss (NaN/Inf)，跳过该 batch
[2025-12-08 10:06:03,084] [WARNING] 遇到非有限 loss (NaN/Inf)，跳过该 batch
[2025-12-08 10:06:03,093] [WARNING] 遇到非有限 loss (NaN/Inf)，跳过该 batch
[2025-12-08 10:06:03,101] [WARNING] 遇到非有限 loss (NaN/Inf)，跳过该 batch
[2025-12-08 10:06:03,110] [WARNING] 遇到非有限 loss (NaN/Inf)，跳过该 batch
[2025-12-08 10:06:03,118] [WARNING] 遇到非有限 loss (NaN/Inf)，跳过该 batch
[2025-12-08 10:06:03,126] [WARNING] 遇到非有限 loss (NaN/Inf)，跳过该 batch
[2025-12-08 10:06:03,135] [WARNING] 遇到非有限 loss (NaN/Inf)，跳过该 batch
[2025-12-08 10:06:03,143] [WARNING] 遇到非有限 loss (NaN/Inf)，跳过该 batch
[2025-12-08 10:06:03,152] [WARNING] 遇到非有限 loss (NaN/Inf)，跳过该 batch
[2025-12-08 10:06:03,160] [WARNING] 遇到非有限 loss (NaN/Inf)，跳过该 batch
[2025-12-08 10:06:03,169] [WARNING] 遇到非有限 loss (NaN/Inf)，跳过该 batch
[2025-12-08 10:06:03,177] [WARNING] 遇到非有限 loss (NaN/Inf)，跳过该 batch
[2025-12-08 10:06:03,186] [WARNING] 遇到非有限 loss (NaN/Inf)，跳过该 batch
[2025-12-08 10:06:03,194] [WARNING] 遇到非有限 loss (NaN/Inf)，跳过该 batch
[2025-12-08 10:06:03,203] [WARNING] 遇到非有限 loss (NaN/Inf)，跳过该 batch
[2025-12-08 10:06:03,211] [WARNING] 遇到非有限 loss (NaN/Inf)，跳过该 batch
[2025-12-08 10:06:03,220] [WARNING] 遇到非有限 loss (NaN/Inf)，跳过该 batch
[2025-12-08 10:06:03,228] [WARNING] 遇到非有限 loss (NaN/Inf)，跳过该 batch
[2025-12-08 10:06:03,237] [WARNING] 遇到非有限 loss (NaN/Inf)，跳过该 batch
[2025-12-08 10:06:03,245] [WARNING] 遇到非有限 loss (NaN/Inf)，跳过该 batch
[2025-12-08 10:06:03,253] [WARNING] 遇到非有限 loss (NaN/Inf)，跳过该 batch
[2025-12-08 10:06:03,262] [WARNING] 遇到非有限 loss (NaN/Inf)，跳过该 batch
[2025-12-08 10:06:03,271] [WARNING] 遇到非有限 loss (NaN/Inf)，跳过该 batch
[2025-12-08 10:06:03,279] [WARNING] 遇到非有限 loss (NaN/Inf)，跳过该 batch
[2025-12-08 10:06:03,287] [WARNING] 遇到非有限 loss (NaN/Inf)，跳过该 batch
[2025-12-08 10:06:03,296] [WARNING] 遇到非有限 loss (NaN/Inf)，跳过该 batch
[2025-12-08 10:06:03,304] [WARNING] 遇到非有限 loss (NaN/Inf)，跳过该 batch
[2025-12-08 10:06:03,313] [WARNING] 遇到非有限 loss (NaN/Inf)，跳过该 batch
[2025-12-08 10:06:03,321] [WARNING] 遇到非有限 loss (NaN/Inf)，跳过该 batch
[2025-12-08 10:06:03,329] [WARNING] 遇到非有限 loss (NaN/Inf)，跳过该 batch
[2025-12-08 10:06:03,338] [WARNING] 遇到非有限 loss (NaN/Inf)，跳过该 batch
[2025-12-08 10:06:03,346] [WARNING] 遇到非有限 loss (NaN/Inf)，跳过该 batch
[2025-12-08 10:06:03,354] [WARNING] 遇到非有限 loss (NaN/Inf)，跳过该 batch
[2025-12-08 10:06:03,363] [WARNING] 遇到非有限 loss (NaN/Inf)，跳过该 batch
[2025-12-08 10:06:03,371] [WARNING] 遇到非有限 loss (NaN/Inf)，跳过该 batch
[2025-12-08 10:06:03,380] [WARNING] 遇到非有限 loss (NaN/Inf)，跳过该 batch
[2025-12-08 10:06:03,388] [WARNING] 遇到非有限 loss (NaN/Inf)，跳过该 batch
[2025-12-08 10:06:03,397] [WARNING] 遇到非有限 loss (NaN/Inf)，跳过该 batch
[2025-12-08 10:06:03,405] [WARNING] 遇到非有限 loss (NaN/Inf)，跳过该 batch
[2025-12-08 10:06:03,413] [WARNING] 遇到非有限 loss (NaN/Inf)，跳过该 batch
[2025-12-08 10:06:03,422] [WARNING] 遇到非有限 loss (NaN/Inf)，跳过该 batch
[2025-12-08 10:06:03,431] [WARNING] 遇到非有限 loss (NaN/Inf)，跳过该 batch
[2025-12-08 10:06:03,439] [WARNING] 遇到非有限 loss (NaN/Inf)，跳过该 batch
[2025-12-08 10:06:03,447] [WARNING] 遇到非有限 loss (NaN/Inf)，跳过该 batch
[2025-12-08 10:06:03,456] [WARNING] 遇到非有限 loss (NaN/Inf)，跳过该 batch
[2025-12-08 10:06:03,464] [WARNING] 遇到非有限 loss (NaN/Inf)，跳过该 batch
[2025-12-08 10:06:03,472] [WARNING] 遇到非有限 loss (NaN/Inf)，跳过该 batch
[2025-12-08 10:06:03,480] [WARNING] 遇到非有限 loss (NaN/Inf)，跳过该 batch
[2025-12-08 10:06:03,488] [WARNING] 遇到非有限 loss (NaN/Inf)，跳过该 batch
[2025-12-08 10:06:03,496] [WARNING] 遇到非有限 loss (NaN/Inf)，跳过该 batch
[2025-12-08 10:06:03,504] [WARNING] 遇到非有限 loss (NaN/Inf)，跳过该 batch
[2025-12-08 10:06:03,512] [WARNING] 遇到非有限 loss (NaN/Inf)，跳过该 batch
[2025-12-08 10:06:03,521] [WARNING] 遇到非有限 loss (NaN/Inf)，跳过该 batch
[2025-12-08 10:06:03,529] [WARNING] 遇到非有限 loss (NaN/Inf)，跳过该 batch
[2025-12-08 10:06:03,538] [WARNING] 遇到非有限 loss (NaN/Inf)，跳过该 batch
[2025-12-08 10:06:03,546] [WARNING] 遇到非有限 loss (NaN/Inf)，跳过该 batch
[2025-12-08 10:06:03,554] [WARNING] 遇到非有限 loss (NaN/Inf)，跳过该 batch
[2025-12-08 10:06:03,562] [WARNING] 遇到非有限 loss (NaN/Inf)，跳过该 batch
[2025-12-08 10:06:03,570] [WARNING] 遇到非有限 loss (NaN/Inf)，跳过该 batch
[2025-12-08 10:06:03,578] [WARNING] 遇到非有限 loss (NaN/Inf)，跳过该 batch
[2025-12-08 10:06:03,586] [WARNING] 遇到非有限 loss (NaN/Inf)，跳过该 batch
[2025-12-08 10:06:03,594] [WARNING] 遇到非有限 loss (NaN/Inf)，跳过该 batch
[2025-12-08 10:06:03,603] [WARNING] 遇到非有限 loss (NaN/Inf)，跳过该 batch
[2025-12-08 10:06:03,610] [WARNING] 遇到非有限 loss (NaN/Inf)，跳过该 batch
[2025-12-08 10:06:03,619] [WARNING] 遇到非有限 loss (NaN/Inf)，跳过该 batch
[2025-12-08 10:06:03,627] [WARNING] 遇到非有限 loss (NaN/Inf)，跳过该 batch
[2025-12-08 10:06:03,635] [WARNING] 遇到非有限 loss (NaN/Inf)，跳过该 batch
[2025-12-08 10:06:03,643] [WARNING] 遇到非有限 loss (NaN/Inf)，跳过该 batch
[2025-12-08 10:06:03,653] [WARNING] 遇到非有限 loss (NaN/Inf)，跳过该 batch
[2025-12-08 10:06:03,661] [WARNING] 遇到非有限 loss (NaN/Inf)，跳过该 batch
[2025-12-08 10:06:03,670] [WARNING] 遇到非有限 loss (NaN/Inf)，跳过该 batch
[2025-12-08 10:06:03,678] [WARNING] 遇到非有限 loss (NaN/Inf)，跳过该 batch
[2025-12-08 10:06:03,686] [WARNING] 遇到非有限 loss (NaN/Inf)，跳过该 batch
[2025-12-08 10:06:03,695] [WARNING] 遇到非有限 loss (NaN/Inf)，跳过该 batch
[2025-12-08 10:06:03,703] [WARNING] 遇到非有限 loss (NaN/Inf)，跳过该 batch
[2025-12-08 10:06:03,711] [WARNING] 遇到非有限 loss (NaN/Inf)，跳过该 batch
[2025-12-08 10:06:03,719] [WARNING] 遇到非有限 loss (NaN/Inf)，跳过该 batch
[2025-12-08 10:06:03,727] [WARNING] 遇到非有限 loss (NaN/Inf)，跳过该 batch
[2025-12-08 10:06:03,735] [WARNING] 遇到非有限 loss (NaN/Inf)，跳过该 batch
[2025-12-08 10:06:03,743] [WARNING] 遇到非有限 loss (NaN/Inf)，跳过该 batch
[2025-12-08 10:06:03,751] [WARNING] 遇到非有限 loss (NaN/Inf)，跳过该 batch
[2025-12-08 10:06:03,759] [WARNING] 遇到非有限 loss (NaN/Inf)，跳过该 batch
[2025-12-08 10:06:03,767] [WARNING] 遇到非有限 loss (NaN/Inf)，跳过该 batch
[2025-12-08 10:06:03,775] [WARNING] 遇到非有限 loss (NaN/Inf)，跳过该 batch
[2025-12-08 10:06:03,783] [WARNING] 遇到非有限 loss (NaN/Inf)，跳过该 batch
[2025-12-08 10:06:03,791] [WARNING] 遇到非有限 loss (NaN/Inf)，跳过该 batch
[2025-12-08 10:06:03,799] [WARNING] 遇到非有限 loss (NaN/Inf)，跳过该 batch
[2025-12-08 10:06:03,807] [WARNING] 遇到非有限 loss (NaN/Inf)，跳过该 batch
[2025-12-08 10:06:03,815] [WARNING] 遇到非有限 loss (NaN/Inf)，跳过该 batch
[2025-12-08 10:06:03,824] [WARNING] 遇到非有限 loss (NaN/Inf)，跳过该 batch
[2025-12-08 10:06:03,832] [WARNING] 遇到非有限 loss (NaN/Inf)，跳过该 batch
[2025-12-08 10:06:03,841] [WARNING] 遇到非有限 loss (NaN/Inf)，跳过该 batch
[2025-12-08 10:06:03,849] [WARNING] 遇到非有限 loss (NaN/Inf)，跳过该 batch
[2025-12-08 10:06:03,857] [WARNING] 遇到非有限 loss (NaN/Inf)，跳过该 batch
[2025-12-08 10:06:03,865] [WARNING] 遇到非有限 loss (NaN/Inf)，跳过该 batch
[2025-12-08 10:06:03,873] [WARNING] 遇到非有限 loss (NaN/Inf)，跳过该 batch
[2025-12-08 10:06:03,881] [WARNING] 遇到非有限 loss (NaN/Inf)，跳过该 batch
[2025-12-08 10:06:03,890] [WARNING] 遇到非有限 loss (NaN/Inf)，跳过该 batch
[2025-12-08 10:06:03,898] [WARNING] 遇到非有限 loss (NaN/Inf)，跳过该 batch
[2025-12-08 10:06:03,906] [WARNING] 遇到非有限 loss (NaN/Inf)，跳过该 batch
[2025-12-08 10:06:03,914] [WARNING] 遇到非有限 loss (NaN/Inf)，跳过该 batch
[2025-12-08 10:06:03,923] [WARNING] 遇到非有限 loss (NaN/Inf)，跳过该 batch
[2025-12-08 10:06:03,931] [WARNING] 遇到非有限 loss (NaN/Inf)，跳过该 batch
[2025-12-08 10:06:03,939] [WARNING] 遇到非有限 loss (NaN/Inf)，跳过该 batch
[2025-12-08 10:06:03,947] [WARNING] 遇到非有限 loss (NaN/Inf)，跳过该 batch
[2025-12-08 10:06:03,955] [WARNING] 遇到非有限 loss (NaN/Inf)，跳过该 batch
[2025-12-08 10:06:03,963] [WARNING] 遇到非有限 loss (NaN/Inf)，跳过该 batch
[2025-12-08 10:06:03,971] [WARNING] 遇到非有限 loss (NaN/Inf)，跳过该 batch
[2025-12-08 10:06:03,980] [WARNING] 遇到非有限 loss (NaN/Inf)，跳过该 batch
[2025-12-08 10:06:03,988] [WARNING] 遇到非有限 loss (NaN/Inf)，跳过该 batch
[2025-12-08 10:06:03,996] [WARNING] 遇到非有限 loss (NaN/Inf)，跳过该 batch
[2025-12-08 10:06:04,004] [WARNING] 遇到非有限 loss (NaN/Inf)，跳过该 batch
[2025-12-08 10:06:04,015] [WARNING] 遇到非有限 loss (NaN/Inf)，跳过该 batch
[2025-12-08 10:06:04,024] [WARNING] 遇到非有限 loss (NaN/Inf)，跳过该 batch
[2025-12-08 10:06:04,032] [WARNING] 遇到非有限 loss (NaN/Inf)，跳过该 batch
[2025-12-08 10:06:04,041] [WARNING] 遇到非有限 loss (NaN/Inf)，跳过该 batch
[2025-12-08 10:06:04,049] [WARNING] 遇到非有限 loss (NaN/Inf)，跳过该 batch
[2025-12-08 10:06:04,058] [WARNING] 遇到非有限 loss (NaN/Inf)，跳过该 batch
[2025-12-08 10:06:04,067] [WARNING] 遇到非有限 loss (NaN/Inf)，跳过该 batch
[2025-12-08 10:06:04,075] [WARNING] 遇到非有限 loss (NaN/Inf)，跳过该 batch
[2025-12-08 10:06:04,083] [WARNING] 遇到非有限 loss (NaN/Inf)，跳过该 batch
[2025-12-08 10:06:04,091] [WARNING] 遇到非有限 loss (NaN/Inf)，跳过该 batch
[2025-12-08 10:06:04,100] [WARNING] 遇到非有限 loss (NaN/Inf)，跳过该 batch
[2025-12-08 10:06:04,108] [WARNING] 遇到非有限 loss (NaN/Inf)，跳过该 batch
[2025-12-08 10:06:04,117] [WARNING] 遇到非有限 loss (NaN/Inf)，跳过该 batch
[2025-12-08 10:06:04,125] [WARNING] 遇到非有限 loss (NaN/Inf)，跳过该 batch
[2025-12-08 10:06:04,134] [WARNING] 遇到非有限 loss (NaN/Inf)，跳过该 batch
[2025-12-08 10:06:04,142] [WARNING] 遇到非有限 loss (NaN/Inf)，跳过该 batch
[2025-12-08 10:06:04,151] [WARNING] 遇到非有限 loss (NaN/Inf)，跳过该 batch
[2025-12-08 10:06:04,159] [WARNING] 遇到非有限 loss (NaN/Inf)，跳过该 batch
[2025-12-08 10:06:04,168] [WARNING] 遇到非有限 loss (NaN/Inf)，跳过该 batch
[2025-12-08 10:06:04,176] [WARNING] 遇到非有限 loss (NaN/Inf)，跳过该 batch
[2025-12-08 10:06:04,184] [WARNING] 遇到非有限 loss (NaN/Inf)，跳过该 batch
[2025-12-08 10:06:04,193] [WARNING] 遇到非有限 loss (NaN/Inf)，跳过该 batch
[2025-12-08 10:06:04,201] [WARNING] 遇到非有限 loss (NaN/Inf)，跳过该 batch
[2025-12-08 10:06:04,209] [WARNING] 遇到非有限 loss (NaN/Inf)，跳过该 batch
[2025-12-08 10:06:04,217] [WARNING] 遇到非有限 loss (NaN/Inf)，跳过该 batch
[2025-12-08 10:06:04,226] [WARNING] 遇到非有限 loss (NaN/Inf)，跳过该 batch
[2025-12-08 10:06:04,234] [WARNING] 遇到非有限 loss (NaN/Inf)，跳过该 batch
[2025-12-08 10:06:04,242] [WARNING] 遇到非有限 loss (NaN/Inf)，跳过该 batch
[2025-12-08 10:06:04,251] [WARNING] 遇到非有限 loss (NaN/Inf)，跳过该 batch
[2025-12-08 10:06:04,259] [WARNING] 遇到非有限 loss (NaN/Inf)，跳过该 batch
[2025-12-08 10:06:04,268] [WARNING] 遇到非有限 loss (NaN/Inf)，跳过该 batch
[2025-12-08 10:06:04,276] [WARNING] 遇到非有限 loss (NaN/Inf)，跳过该 batch
[2025-12-08 10:06:04,285] [WARNING] 遇到非有限 loss (NaN/Inf)，跳过该 batch
[2025-12-08 10:06:04,293] [WARNING] 遇到非有限 loss (NaN/Inf)，跳过该 batch
[2025-12-08 10:06:04,301] [WARNING] 遇到非有限 loss (NaN/Inf)，跳过该 batch
[2025-12-08 10:06:04,309] [WARNING] 遇到非有限 loss (NaN/Inf)，跳过该 batch
[2025-12-08 10:06:04,318] [WARNING] 遇到非有限 loss (NaN/Inf)，跳过该 batch
[2025-12-08 10:06:04,327] [WARNING] 遇到非有限 loss (NaN/Inf)，跳过该 batch
[2025-12-08 10:06:04,335] [WARNING] 遇到非有限 loss (NaN/Inf)，跳过该 batch
[2025-12-08 10:06:04,343] [WARNING] 遇到非有限 loss (NaN/Inf)，跳过该 batch
[2025-12-08 10:06:04,352] [WARNING] 遇到非有限 loss (NaN/Inf)，跳过该 batch
[2025-12-08 10:06:04,360] [WARNING] 遇到非有限 loss (NaN/Inf)，跳过该 batch
[2025-12-08 10:06:04,369] [WARNING] 遇到非有限 loss (NaN/Inf)，跳过该 batch
[2025-12-08 10:06:04,376] [WARNING] 遇到非有限 loss (NaN/Inf)，跳过该 batch
[2025-12-08 10:06:04,385] [WARNING] 遇到非有限 loss (NaN/Inf)，跳过该 batch
[2025-12-08 10:06:04,393] [WARNING] 遇到非有限 loss (NaN/Inf)，跳过该 batch
[2025-12-08 10:06:04,402] [WARNING] 遇到非有限 loss (NaN/Inf)，跳过该 batch
[2025-12-08 10:06:04,410] [WARNING] 遇到非有限 loss (NaN/Inf)，跳过该 batch
[2025-12-08 10:06:04,418] [WARNING] 遇到非有限 loss (NaN/Inf)，跳过该 batch
[2025-12-08 10:06:04,427] [WARNING] 遇到非有限 loss (NaN/Inf)，跳过该 batch
[2025-12-08 10:06:04,435] [WARNING] 遇到非有限 loss (NaN/Inf)，跳过该 batch
[2025-12-08 10:06:04,443] [WARNING] 遇到非有限 loss (NaN/Inf)，跳过该 batch
[2025-12-08 10:06:04,452] [WARNING] 遇到非有限 loss (NaN/Inf)，跳过该 batch
[2025-12-08 10:06:04,460] [WARNING] 遇到非有限 loss (NaN/Inf)，跳过该 batch
[2025-12-08 10:06:04,469] [WARNING] 遇到非有限 loss (NaN/Inf)，跳过该 batch
[2025-12-08 10:06:04,476] [WARNING] 遇到非有限 loss (NaN/Inf)，跳过该 batch
[2025-12-08 10:06:04,487] [WARNING] 遇到非有限 loss (NaN/Inf)，跳过该 batch
[2025-12-08 10:06:04,495] [WARNING] 遇到非有限 loss (NaN/Inf)，跳过该 batch
[2025-12-08 10:06:04,504] [WARNING] 遇到非有限 loss (NaN/Inf)，跳过该 batch
[2025-12-08 10:06:04,511] [WARNING] 遇到非有限 loss (NaN/Inf)，跳过该 batch
[2025-12-08 10:06:04,520] [WARNING] 遇到非有限 loss (NaN/Inf)，跳过该 batch
[2025-12-08 10:06:04,529] [WARNING] 遇到非有限 loss (NaN/Inf)，跳过该 batch
[2025-12-08 10:06:04,538] [WARNING] 遇到非有限 loss (NaN/Inf)，跳过该 batch
[2025-12-08 10:06:04,546] [WARNING] 遇到非有限 loss (NaN/Inf)，跳过该 batch
[2025-12-08 10:06:04,554] [WARNING] 遇到非有限 loss (NaN/Inf)，跳过该 batch
[2025-12-08 10:06:04,562] [WARNING] 遇到非有限 loss (NaN/Inf)，跳过该 batch
[2025-12-08 10:06:04,571] [WARNING] 遇到非有限 loss (NaN/Inf)，跳过该 batch
[2025-12-08 10:06:04,579] [WARNING] 遇到非有限 loss (NaN/Inf)，跳过该 batch
[2025-12-08 10:06:04,587] [WARNING] 遇到非有限 loss (NaN/Inf)，跳过该 batch
[2025-12-08 10:06:04,595] [WARNING] 遇到非有限 loss (NaN/Inf)，跳过该 batch
[2025-12-08 10:06:04,603] [WARNING] 遇到非有限 loss (NaN/Inf)，跳过该 batch
[2025-12-08 10:06:04,612] [WARNING] 遇到非有限 loss (NaN/Inf)，跳过该 batch
[2025-12-08 10:06:04,620] [WARNING] 遇到非有限 loss (NaN/Inf)，跳过该 batch
[2025-12-08 10:06:04,628] [WARNING] 遇到非有限 loss (NaN/Inf)，跳过该 batch
[2025-12-08 10:06:04,637] [WARNING] 遇到非有限 loss (NaN/Inf)，跳过该 batch
[2025-12-08 10:06:04,647] [WARNING] 遇到非有限 loss (NaN/Inf)，跳过该 batch
[2025-12-08 10:06:04,656] [WARNING] 遇到非有限 loss (NaN/Inf)，跳过该 batch
[2025-12-08 10:06:04,664] [WARNING] 遇到非有限 loss (NaN/Inf)，跳过该 batch
[2025-12-08 10:06:04,673] [WARNING] 遇到非有限 loss (NaN/Inf)，跳过该 batch
[2025-12-08 10:06:04,680] [WARNING] 遇到非有限 loss (NaN/Inf)，跳过该 batch
[2025-12-08 10:06:04,689] [WARNING] 遇到非有限 loss (NaN/Inf)，跳过该 batch
[2025-12-08 10:06:04,697] [WARNING] 遇到非有限 loss (NaN/Inf)，跳过该 batch
[2025-12-08 10:06:04,705] [WARNING] 遇到非有限 loss (NaN/Inf)，跳过该 batch
[2025-12-08 10:06:04,713] [WARNING] 遇到非有限 loss (NaN/Inf)，跳过该 batch
[2025-12-08 10:06:04,722] [WARNING] 遇到非有限 loss (NaN/Inf)，跳过该 batch
[2025-12-08 10:06:04,731] [WARNING] 遇到非有限 loss (NaN/Inf)，跳过该 batch
[2025-12-08 10:06:04,739] [WARNING] 遇到非有限 loss (NaN/Inf)，跳过该 batch
[2025-12-08 10:06:04,748] [WARNING] 遇到非有限 loss (NaN/Inf)，跳过该 batch
[2025-12-08 10:06:04,756] [WARNING] 遇到非有限 loss (NaN/Inf)，跳过该 batch
[2025-12-08 10:06:04,765] [WARNING] 遇到非有限 loss (NaN/Inf)，跳过该 batch
[2025-12-08 10:06:04,773] [WARNING] 遇到非有限 loss (NaN/Inf)，跳过该 batch
[2025-12-08 10:06:04,781] [WARNING] 遇到非有限 loss (NaN/Inf)，跳过该 batch
[2025-12-08 10:06:04,789] [WARNING] 遇到非有限 loss (NaN/Inf)，跳过该 batch
[2025-12-08 10:06:04,798] [WARNING] 遇到非有限 loss (NaN/Inf)，跳过该 batch
[2025-12-08 10:06:04,807] [WARNING] 遇到非有限 loss (NaN/Inf)，跳过该 batch
[2025-12-08 10:06:04,815] [WARNING] 遇到非有限 loss (NaN/Inf)，跳过该 batch
[2025-12-08 10:06:04,823] [WARNING] 遇到非有限 loss (NaN/Inf)，跳过该 batch
[2025-12-08 10:06:04,832] [WARNING] 遇到非有限 loss (NaN/Inf)，跳过该 batch
[2025-12-08 10:06:04,841] [WARNING] 遇到非有限 loss (NaN/Inf)，跳过该 batch
[2025-12-08 10:06:04,849] [WARNING] 遇到非有限 loss (NaN/Inf)，跳过该 batch
[2025-12-08 10:06:04,858] [WARNING] 遇到非有限 loss (NaN/Inf)，跳过该 batch
[2025-12-08 10:06:04,867] [WARNING] 遇到非有限 loss (NaN/Inf)，跳过该 batch
[2025-12-08 10:06:04,875] [WARNING] 遇到非有限 loss (NaN/Inf)，跳过该 batch
[2025-12-08 10:06:04,883] [WARNING] 遇到非有限 loss (NaN/Inf)，跳过该 batch
[2025-12-08 10:06:04,892] [WARNING] 遇到非有限 loss (NaN/Inf)，跳过该 batch
[2025-12-08 10:06:04,900] [WARNING] 遇到非有限 loss (NaN/Inf)，跳过该 batch
[2025-12-08 10:06:04,909] [WARNING] 遇到非有限 loss (NaN/Inf)，跳过该 batch
[2025-12-08 10:06:04,917] [WARNING] 遇到非有限 loss (NaN/Inf)，跳过该 batch
[2025-12-08 10:06:04,926] [WARNING] 遇到非有限 loss (NaN/Inf)，跳过该 batch
[2025-12-08 10:06:04,934] [WARNING] 遇到非有限 loss (NaN/Inf)，跳过该 batch
[2025-12-08 10:06:04,942] [WARNING] 遇到非有限 loss (NaN/Inf)，跳过该 batch
[2025-12-08 10:06:04,951] [WARNING] 遇到非有限 loss (NaN/Inf)，跳过该 batch
[2025-12-08 10:06:04,959] [WARNING] 遇到非有限 loss (NaN/Inf)，跳过该 batch
[2025-12-08 10:06:04,968] [WARNING] 遇到非有限 loss (NaN/Inf)，跳过该 batch
[2025-12-08 10:06:04,976] [WARNING] 遇到非有限 loss (NaN/Inf)，跳过该 batch
[2025-12-08 10:06:04,984] [WARNING] 遇到非有限 loss (NaN/Inf)，跳过该 batch
[2025-12-08 10:06:04,993] [WARNING] 遇到非有限 loss (NaN/Inf)，跳过该 batch
[2025-12-08 10:06:05,001] [WARNING] 遇到非有限 loss (NaN/Inf)，跳过该 batch
[2025-12-08 10:06:05,009] [WARNING] 遇到非有限 loss (NaN/Inf)，跳过该 batch
[2025-12-08 10:06:05,018] [WARNING] 遇到非有限 loss (NaN/Inf)，跳过该 batch
[2025-12-08 10:06:05,026] [WARNING] 遇到非有限 loss (NaN/Inf)，跳过该 batch
[2025-12-08 10:06:05,035] [WARNING] 遇到非有限 loss (NaN/Inf)，跳过该 batch
[2025-12-08 10:06:05,043] [WARNING] 遇到非有限 loss (NaN/Inf)，跳过该 batch
[2025-12-08 10:06:05,052] [WARNING] 遇到非有限 loss (NaN/Inf)，跳过该 batch
[2025-12-08 10:06:05,060] [WARNING] 遇到非有限 loss (NaN/Inf)，跳过该 batch
[2025-12-08 10:06:05,069] [WARNING] 遇到非有限 loss (NaN/Inf)，跳过该 batch
[2025-12-08 10:06:05,077] [WARNING] 遇到非有限 loss (NaN/Inf)，跳过该 batch
[2025-12-08 10:06:05,085] [WARNING] 遇到非有限 loss (NaN/Inf)，跳过该 batch
[2025-12-08 10:06:05,093] [WARNING] 遇到非有限 loss (NaN/Inf)，跳过该 batch
[2025-12-08 10:06:05,102] [WARNING] 遇到非有限 loss (NaN/Inf)，跳过该 batch
[2025-12-08 10:06:05,110] [WARNING] 遇到非有限 loss (NaN/Inf)，跳过该 batch
[2025-12-08 10:06:05,119] [WARNING] 遇到非有限 loss (NaN/Inf)，跳过该 batch
[2025-12-08 10:06:05,127] [WARNING] 遇到非有限 loss (NaN/Inf)，跳过该 batch
[2025-12-08 10:06:05,135] [WARNING] 遇到非有限 loss (NaN/Inf)，跳过该 batch
[2025-12-08 10:06:05,144] [WARNING] 遇到非有限 loss (NaN/Inf)，跳过该 batch
[2025-12-08 10:06:05,152] [WARNING] 遇到非有限 loss (NaN/Inf)，跳过该 batch
[2025-12-08 10:06:05,161] [WARNING] 遇到非有限 loss (NaN/Inf)，跳过该 batch
[2025-12-08 10:06:05,169] [WARNING] 遇到非有限 loss (NaN/Inf)，跳过该 batch
[2025-12-08 10:06:05,178] [WARNING] 遇到非有限 loss (NaN/Inf)，跳过该 batch
[2025-12-08 10:06:05,186] [WARNING] 遇到非有限 loss (NaN/Inf)，跳过该 batch
[2025-12-08 10:06:05,194] [WARNING] 遇到非有限 loss (NaN/Inf)，跳过该 batch
[2025-12-08 10:06:05,203] [WARNING] 遇到非有限 loss (NaN/Inf)，跳过该 batch
[2025-12-08 10:06:05,210] [WARNING] 遇到非有限 loss (NaN/Inf)，跳过该 batch
[2025-12-08 10:06:05,219] [WARNING] 遇到非有限 loss (NaN/Inf)，跳过该 batch
[2025-12-08 10:06:05,227] [WARNING] 遇到非有限 loss (NaN/Inf)，跳过该 batch
[2025-12-08 10:06:05,236] [WARNING] 遇到非有限 loss (NaN/Inf)，跳过该 batch
[2025-12-08 10:06:05,245] [WARNING] 遇到非有限 loss (NaN/Inf)，跳过该 batch
[2025-12-08 10:06:05,253] [WARNING] 遇到非有限 loss (NaN/Inf)，跳过该 batch
[2025-12-08 10:06:05,262] [WARNING] 遇到非有限 loss (NaN/Inf)，跳过该 batch
[2025-12-08 10:06:05,271] [WARNING] 遇到非有限 loss (NaN/Inf)，跳过该 batch
[2025-12-08 10:06:05,279] [WARNING] 遇到非有限 loss (NaN/Inf)，跳过该 batch
[2025-12-08 10:06:05,287] [WARNING] 遇到非有限 loss (NaN/Inf)，跳过该 batch
[2025-12-08 10:06:05,295] [WARNING] 遇到非有限 loss (NaN/Inf)，跳过该 batch
[2025-12-08 10:06:05,303] [WARNING] 遇到非有限 loss (NaN/Inf)，跳过该 batch
[2025-12-08 10:06:05,312] [WARNING] 遇到非有限 loss (NaN/Inf)，跳过该 batch
[2025-12-08 10:06:05,320] [WARNING] 遇到非有限 loss (NaN/Inf)，跳过该 batch
[2025-12-08 10:06:05,328] [WARNING] 遇到非有限 loss (NaN/Inf)，跳过该 batch
[2025-12-08 10:06:05,337] [WARNING] 遇到非有限 loss (NaN/Inf)，跳过该 batch
[2025-12-08 10:06:05,345] [WARNING] 遇到非有限 loss (NaN/Inf)，跳过该 batch
[2025-12-08 10:06:05,353] [WARNING] 遇到非有限 loss (NaN/Inf)，跳过该 batch
[2025-12-08 10:06:05,362] [WARNING] 遇到非有限 loss (NaN/Inf)，跳过该 batch
[2025-12-08 10:06:05,370] [WARNING] 遇到非有限 loss (NaN/Inf)，跳过该 batch
[2025-12-08 10:06:05,379] [WARNING] 遇到非有限 loss (NaN/Inf)，跳过该 batch
[2025-12-08 10:06:05,386] [WARNING] 遇到非有限 loss (NaN/Inf)，跳过该 batch
[2025-12-08 10:06:05,395] [WARNING] 遇到非有限 loss (NaN/Inf)，跳过该 batch
[2025-12-08 10:06:05,403] [WARNING] 遇到非有限 loss (NaN/Inf)，跳过该 batch
[2025-12-08 10:06:05,412] [WARNING] 遇到非有限 loss (NaN/Inf)，跳过该 batch
[2025-12-08 10:06:05,420] [WARNING] 遇到非有限 loss (NaN/Inf)，跳过该 batch
[2025-12-08 10:06:05,428] [WARNING] 遇到非有限 loss (NaN/Inf)，跳过该 batch
[2025-12-08 10:06:05,436] [WARNING] 遇到非有限 loss (NaN/Inf)，跳过该 batch
[2025-12-08 10:06:05,445] [WARNING] 遇到非有限 loss (NaN/Inf)，跳过该 batch
[2025-12-08 10:06:05,453] [WARNING] 遇到非有限 loss (NaN/Inf)，跳过该 batch
[2025-12-08 10:06:05,462] [WARNING] 遇到非有限 loss (NaN/Inf)，跳过该 batch
[2025-12-08 10:06:05,470] [WARNING] 遇到非有限 loss (NaN/Inf)，跳过该 batch
[2025-12-08 10:06:05,479] [WARNING] 遇到非有限 loss (NaN/Inf)，跳过该 batch
[2025-12-08 10:06:05,487] [WARNING] 遇到非有限 loss (NaN/Inf)，跳过该 batch
[2025-12-08 10:06:05,495] [WARNING] 遇到非有限 loss (NaN/Inf)，跳过该 batch
[2025-12-08 10:06:05,503] [WARNING] 遇到非有限 loss (NaN/Inf)，跳过该 batch
[2025-12-08 10:06:05,512] [WARNING] 遇到非有限 loss (NaN/Inf)，跳过该 batch
[2025-12-08 10:06:05,520] [WARNING] 遇到非有限 loss (NaN/Inf)，跳过该 batch
[2025-12-08 10:06:05,528] [WARNING] 遇到非有限 loss (NaN/Inf)，跳过该 batch
[2025-12-08 10:06:05,537] [WARNING] 遇到非有限 loss (NaN/Inf)，跳过该 batch
[2025-12-08 10:06:05,545] [WARNING] 遇到非有限 loss (NaN/Inf)，跳过该 batch
[2025-12-08 10:06:05,553] [WARNING] 遇到非有限 loss (NaN/Inf)，跳过该 batch
[2025-12-08 10:06:05,562] [WARNING] 遇到非有限 loss (NaN/Inf)，跳过该 batch
[2025-12-08 10:06:05,571] [WARNING] 遇到非有限 loss (NaN/Inf)，跳过该 batch
[2025-12-08 10:06:05,579] [WARNING] 遇到非有限 loss (NaN/Inf)，跳过该 batch
[2025-12-08 10:06:05,588] [WARNING] 遇到非有限 loss (NaN/Inf)，跳过该 batch
[2025-12-08 10:06:05,596] [WARNING] 遇到非有限 loss (NaN/Inf)，跳过该 batch
[2025-12-08 10:06:05,605] [WARNING] 遇到非有限 loss (NaN/Inf)，跳过该 batch
[2025-12-08 10:06:05,613] [WARNING] 遇到非有限 loss (NaN/Inf)，跳过该 batch
[2025-12-08 10:06:05,621] [WARNING] 遇到非有限 loss (NaN/Inf)，跳过该 batch
[2025-12-08 10:06:05,630] [WARNING] 遇到非有限 loss (NaN/Inf)，跳过该 batch
[2025-12-08 10:06:05,640] [WARNING] 遇到非有限 loss (NaN/Inf)，跳过该 batch
[2025-12-08 10:06:05,649] [WARNING] 遇到非有限 loss (NaN/Inf)，跳过该 batch
[2025-12-08 10:06:05,657] [WARNING] 遇到非有限 loss (NaN/Inf)，跳过该 batch
[2025-12-08 10:06:05,666] [WARNING] 遇到非有限 loss (NaN/Inf)，跳过该 batch
[2025-12-08 10:06:05,674] [WARNING] 遇到非有限 loss (NaN/Inf)，跳过该 batch
[2025-12-08 10:06:05,683] [WARNING] 遇到非有限 loss (NaN/Inf)，跳过该 batch
[2025-12-08 10:06:05,691] [WARNING] 遇到非有限 loss (NaN/Inf)，跳过该 batch
[2025-12-08 10:06:05,699] [WARNING] 遇到非有限 loss (NaN/Inf)，跳过该 batch
[2025-12-08 10:06:05,707] [WARNING] 遇到非有限 loss (NaN/Inf)，跳过该 batch
[2025-12-08 10:06:05,716] [WARNING] 遇到非有限 loss (NaN/Inf)，跳过该 batch
[2025-12-08 10:06:05,724] [WARNING] 遇到非有限 loss (NaN/Inf)，跳过该 batch
[2025-12-08 10:06:05,732] [WARNING] 遇到非有限 loss (NaN/Inf)，跳过该 batch
[2025-12-08 10:06:05,740] [WARNING] 遇到非有限 loss (NaN/Inf)，跳过该 batch
[2025-12-08 10:06:05,749] [WARNING] 遇到非有限 loss (NaN/Inf)，跳过该 batch
[2025-12-08 10:06:05,757] [WARNING] 遇到非有限 loss (NaN/Inf)，跳过该 batch
[2025-12-08 10:06:05,765] [WARNING] 遇到非有限 loss (NaN/Inf)，跳过该 batch
[2025-12-08 10:06:05,774] [WARNING] 遇到非有限 loss (NaN/Inf)，跳过该 batch
[2025-12-08 10:06:05,782] [WARNING] 遇到非有限 loss (NaN/Inf)，跳过该 batch
[2025-12-08 10:06:05,790] [WARNING] 遇到非有限 loss (NaN/Inf)，跳过该 batch
[2025-12-08 10:06:05,798] [WARNING] 遇到非有限 loss (NaN/Inf)，跳过该 batch
[2025-12-08 10:06:05,807] [WARNING] 遇到非有限 loss (NaN/Inf)，跳过该 batch
[2025-12-08 10:06:05,815] [WARNING] 遇到非有限 loss (NaN/Inf)，跳过该 batch
[2025-12-08 10:06:05,823] [WARNING] 遇到非有限 loss (NaN/Inf)，跳过该 batch
[2025-12-08 10:06:05,832] [WARNING] 遇到非有限 loss (NaN/Inf)，跳过该 batch
[2025-12-08 10:06:05,842] [WARNING] 遇到非有限 loss (NaN/Inf)，跳过该 batch
[2025-12-08 10:06:05,850] [WARNING] 遇到非有限 loss (NaN/Inf)，跳过该 batch
[2025-12-08 10:06:05,859] [WARNING] 遇到非有限 loss (NaN/Inf)，跳过该 batch
[2025-12-08 10:06:05,867] [WARNING] 遇到非有限 loss (NaN/Inf)，跳过该 batch
[2025-12-08 10:06:05,876] [WARNING] 遇到非有限 loss (NaN/Inf)，跳过该 batch
[2025-12-08 10:06:05,885] [WARNING] 遇到非有限 loss (NaN/Inf)，跳过该 batch
[2025-12-08 10:06:05,893] [WARNING] 遇到非有限 loss (NaN/Inf)，跳过该 batch
[2025-12-08 10:06:05,901] [WARNING] 遇到非有限 loss (NaN/Inf)，跳过该 batch
[2025-12-08 10:06:05,910] [WARNING] 遇到非有限 loss (NaN/Inf)，跳过该 batch
[2025-12-08 10:06:05,918] [WARNING] 遇到非有限 loss (NaN/Inf)，跳过该 batch
[2025-12-08 10:06:05,926] [WARNING] 遇到非有限 loss (NaN/Inf)，跳过该 batch
[2025-12-08 10:06:05,934] [WARNING] 遇到非有限 loss (NaN/Inf)，跳过该 batch
[2025-12-08 10:06:05,943] [WARNING] 遇到非有限 loss (NaN/Inf)，跳过该 batch
[2025-12-08 10:06:05,952] [WARNING] 遇到非有限 loss (NaN/Inf)，跳过该 batch
[2025-12-08 10:06:05,960] [WARNING] 遇到非有限 loss (NaN/Inf)，跳过该 batch
[2025-12-08 10:06:05,968] [WARNING] 遇到非有限 loss (NaN/Inf)，跳过该 batch
[2025-12-08 10:06:05,976] [WARNING] 遇到非有限 loss (NaN/Inf)，跳过该 batch
[2025-12-08 10:06:05,985] [WARNING] 遇到非有限 loss (NaN/Inf)，跳过该 batch
[2025-12-08 10:06:05,993] [WARNING] 遇到非有限 loss (NaN/Inf)，跳过该 batch
[2025-12-08 10:06:06,002] [WARNING] 遇到非有限 loss (NaN/Inf)，跳过该 batch
[2025-12-08 10:06:06,010] [WARNING] 遇到非有限 loss (NaN/Inf)，跳过该 batch
[2025-12-08 10:06:06,018] [WARNING] 遇到非有限 loss (NaN/Inf)，跳过该 batch
[2025-12-08 10:06:06,026] [WARNING] 遇到非有限 loss (NaN/Inf)，跳过该 batch
[2025-12-08 10:06:06,034] [WARNING] 遇到非有限 loss (NaN/Inf)，跳过该 batch
[2025-12-08 10:06:06,043] [WARNING] 遇到非有限 loss (NaN/Inf)，跳过该 batch
[2025-12-08 10:06:06,051] [WARNING] 遇到非有限 loss (NaN/Inf)，跳过该 batch
[2025-12-08 10:06:06,058] [WARNING] 遇到非有限 loss (NaN/Inf)，跳过该 batch
[2025-12-08 10:06:06,067] [WARNING] 遇到非有限 loss (NaN/Inf)，跳过该 batch
[2025-12-08 10:06:06,075] [WARNING] 遇到非有限 loss (NaN/Inf)，跳过该 batch
[2025-12-08 10:06:06,084] [WARNING] 遇到非有限 loss (NaN/Inf)，跳过该 batch
[2025-12-08 10:06:06,092] [WARNING] 遇到非有限 loss (NaN/Inf)，跳过该 batch
[2025-12-08 10:06:06,100] [WARNING] 遇到非有限 loss (NaN/Inf)，跳过该 batch
[2025-12-08 10:06:06,108] [WARNING] 遇到非有限 loss (NaN/Inf)，跳过该 batch
[2025-12-08 10:06:06,116] [WARNING] 遇到非有限 loss (NaN/Inf)，跳过该 batch
[2025-12-08 10:06:06,124] [WARNING] 遇到非有限 loss (NaN/Inf)，跳过该 batch
[2025-12-08 10:06:06,132] [WARNING] 遇到非有限 loss (NaN/Inf)，跳过该 batch
[2025-12-08 10:06:06,140] [WARNING] 遇到非有限 loss (NaN/Inf)，跳过该 batch
[2025-12-08 10:06:06,148] [WARNING] 遇到非有限 loss (NaN/Inf)，跳过该 batch
[2025-12-08 10:06:06,156] [WARNING] 遇到非有限 loss (NaN/Inf)，跳过该 batch
[2025-12-08 10:06:06,164] [WARNING] 遇到非有限 loss (NaN/Inf)，跳过该 batch
[2025-12-08 10:06:06,172] [WARNING] 遇到非有限 loss (NaN/Inf)，跳过该 batch
[2025-12-08 10:06:06,180] [WARNING] 遇到非有限 loss (NaN/Inf)，跳过该 batch
[2025-12-08 10:06:06,188] [WARNING] 遇到非有限 loss (NaN/Inf)，跳过该 batch
[2025-12-08 10:06:06,196] [WARNING] 遇到非有限 loss (NaN/Inf)，跳过该 batch
[2025-12-08 10:06:06,204] [WARNING] 遇到非有限 loss (NaN/Inf)，跳过该 batch
[2025-12-08 10:06:06,212] [WARNING] 遇到非有限 loss (NaN/Inf)，跳过该 batch
[2025-12-08 10:06:06,220] [WARNING] 遇到非有限 loss (NaN/Inf)，跳过该 batch
[2025-12-08 10:06:06,228] [WARNING] 遇到非有限 loss (NaN/Inf)，跳过该 batch
[2025-12-08 10:06:06,235] [WARNING] 遇到非有限 loss (NaN/Inf)，跳过该 batch
[2025-12-08 10:06:06,243] [WARNING] 遇到非有限 loss (NaN/Inf)，跳过该 batch
[2025-12-08 10:06:06,251] [WARNING] 遇到非有限 loss (NaN/Inf)，跳过该 batch
[2025-12-08 10:06:06,259] [WARNING] 遇到非有限 loss (NaN/Inf)，跳过该 batch
[2025-12-08 10:06:06,268] [WARNING] 遇到非有限 loss (NaN/Inf)，跳过该 batch
[2025-12-08 10:06:06,276] [WARNING] 遇到非有限 loss (NaN/Inf)，跳过该 batch
[2025-12-08 10:06:06,284] [WARNING] 遇到非有限 loss (NaN/Inf)，跳过该 batch
[2025-12-08 10:06:06,292] [WARNING] 遇到非有限 loss (NaN/Inf)，跳过该 batch
[2025-12-08 10:06:06,300] [WARNING] 遇到非有限 loss (NaN/Inf)，跳过该 batch
[2025-12-08 10:06:06,308] [WARNING] 遇到非有限 loss (NaN/Inf)，跳过该 batch
[2025-12-08 10:06:06,316] [WARNING] 遇到非有限 loss (NaN/Inf)，跳过该 batch
[2025-12-08 10:06:06,324] [WARNING] 遇到非有限 loss (NaN/Inf)，跳过该 batch
[2025-12-08 10:06:06,332] [WARNING] 遇到非有限 loss (NaN/Inf)，跳过该 batch
[2025-12-08 10:06:06,339] [WARNING] 遇到非有限 loss (NaN/Inf)，跳过该 batch
[2025-12-08 10:06:06,347] [WARNING] 遇到非有限 loss (NaN/Inf)，跳过该 batch
[2025-12-08 10:06:06,355] [WARNING] 遇到非有限 loss (NaN/Inf)，跳过该 batch
[2025-12-08 10:06:06,363] [WARNING] 遇到非有限 loss (NaN/Inf)，跳过该 batch
[2025-12-08 10:06:06,371] [WARNING] 遇到非有限 loss (NaN/Inf)，跳过该 batch
[2025-12-08 10:06:06,379] [WARNING] 遇到非有限 loss (NaN/Inf)，跳过该 batch
[2025-12-08 10:06:06,388] [WARNING] 遇到非有限 loss (NaN/Inf)，跳过该 batch
[2025-12-08 10:06:06,396] [WARNING] 遇到非有限 loss (NaN/Inf)，跳过该 batch
[2025-12-08 10:06:06,404] [WARNING] 遇到非有限 loss (NaN/Inf)，跳过该 batch
[2025-12-08 10:06:06,411] [WARNING] 遇到非有限 loss (NaN/Inf)，跳过该 batch
[2025-12-08 10:06:06,420] [WARNING] 遇到非有限 loss (NaN/Inf)，跳过该 batch
[2025-12-08 10:06:06,428] [WARNING] 遇到非有限 loss (NaN/Inf)，跳过该 batch
[2025-12-08 10:06:06,436] [WARNING] 遇到非有限 loss (NaN/Inf)，跳过该 batch
[2025-12-08 10:06:06,443] [WARNING] 遇到非有限 loss (NaN/Inf)，跳过该 batch
[2025-12-08 10:06:06,452] [WARNING] 遇到非有限 loss (NaN/Inf)，跳过该 batch
[2025-12-08 10:06:06,460] [WARNING] 遇到非有限 loss (NaN/Inf)，跳过该 batch
[2025-12-08 10:06:06,468] [WARNING] 遇到非有限 loss (NaN/Inf)，跳过该 batch
[2025-12-08 10:06:06,476] [WARNING] 遇到非有限 loss (NaN/Inf)，跳过该 batch
[2025-12-08 10:06:06,484] [WARNING] 遇到非有限 loss (NaN/Inf)，跳过该 batch
[2025-12-08 10:06:06,492] [WARNING] 遇到非有限 loss (NaN/Inf)，跳过该 batch
[2025-12-08 10:06:06,500] [WARNING] 遇到非有限 loss (NaN/Inf)，跳过该 batch
[2025-12-08 10:06:06,507] [WARNING] 遇到非有限 loss (NaN/Inf)，跳过该 batch
[2025-12-08 10:06:06,515] [WARNING] 遇到非有限 loss (NaN/Inf)，跳过该 batch
[2025-12-08 10:06:06,524] [WARNING] 遇到非有限 loss (NaN/Inf)，跳过该 batch
[2025-12-08 10:06:06,532] [WARNING] 遇到非有限 loss (NaN/Inf)，跳过该 batch
[2025-12-08 10:06:06,539] [WARNING] 遇到非有限 loss (NaN/Inf)，跳过该 batch
[2025-12-08 10:06:06,548] [WARNING] 遇到非有限 loss (NaN/Inf)，跳过该 batch
[2025-12-08 10:06:06,556] [WARNING] 遇到非有限 loss (NaN/Inf)，跳过该 batch
[2025-12-08 10:06:06,564] [WARNING] 遇到非有限 loss (NaN/Inf)，跳过该 batch
[2025-12-08 10:06:06,572] [WARNING] 遇到非有限 loss (NaN/Inf)，跳过该 batch
[2025-12-08 10:06:06,580] [WARNING] 遇到非有限 loss (NaN/Inf)，跳过该 batch
[2025-12-08 10:06:06,588] [WARNING] 遇到非有限 loss (NaN/Inf)，跳过该 batch
[2025-12-08 10:06:06,596] [WARNING] 遇到非有限 loss (NaN/Inf)，跳过该 batch
[2025-12-08 10:06:06,603] [WARNING] 遇到非有限 loss (NaN/Inf)，跳过该 batch
[2025-12-08 10:06:06,611] [WARNING] 遇到非有限 loss (NaN/Inf)，跳过该 batch
[2025-12-08 10:06:06,620] [WARNING] 遇到非有限 loss (NaN/Inf)，跳过该 batch
[2025-12-08 10:06:06,628] [WARNING] 遇到非有限 loss (NaN/Inf)，跳过该 batch
[2025-12-08 10:06:06,635] [WARNING] 遇到非有限 loss (NaN/Inf)，跳过该 batch
[2025-12-08 10:06:06,643] [WARNING] 遇到非有限 loss (NaN/Inf)，跳过该 batch
[2025-12-08 10:06:06,652] [WARNING] 遇到非有限 loss (NaN/Inf)，跳过该 batch
[2025-12-08 10:06:06,660] [WARNING] 遇到非有限 loss (NaN/Inf)，跳过该 batch
[2025-12-08 10:06:06,667] [WARNING] 遇到非有限 loss (NaN/Inf)，跳过该 batch
[2025-12-08 10:06:06,675] [WARNING] 遇到非有限 loss (NaN/Inf)，跳过该 batch
[2025-12-08 10:06:06,684] [WARNING] 遇到非有限 loss (NaN/Inf)，跳过该 batch
[2025-12-08 10:06:06,692] [WARNING] 遇到非有限 loss (NaN/Inf)，跳过该 batch
[2025-12-08 10:06:06,699] [WARNING] 遇到非有限 loss (NaN/Inf)，跳过该 batch
[2025-12-08 10:06:06,708] [WARNING] 遇到非有限 loss (NaN/Inf)，跳过该 batch
[2025-12-08 10:06:06,716] [WARNING] 遇到非有限 loss (NaN/Inf)，跳过该 batch
[2025-12-08 10:06:06,724] [WARNING] 遇到非有限 loss (NaN/Inf)，跳过该 batch
[2025-12-08 10:06:06,731] [WARNING] 遇到非有限 loss (NaN/Inf)，跳过该 batch
[2025-12-08 10:06:06,739] [WARNING] 遇到非有限 loss (NaN/Inf)，跳过该 batch
[2025-12-08 10:06:06,747] [WARNING] 遇到非有限 loss (NaN/Inf)，跳过该 batch
[2025-12-08 10:06:06,755] [WARNING] 遇到非有限 loss (NaN/Inf)，跳过该 batch
[2025-12-08 10:06:06,763] [WARNING] 遇到非有限 loss (NaN/Inf)，跳过该 batch
[2025-12-08 10:06:06,771] [WARNING] 遇到非有限 loss (NaN/Inf)，跳过该 batch
[2025-12-08 10:06:06,779] [WARNING] 遇到非有限 loss (NaN/Inf)，跳过该 batch
[2025-12-08 10:06:06,787] [WARNING] 遇到非有限 loss (NaN/Inf)，跳过该 batch
[2025-12-08 10:06:06,796] [WARNING] 遇到非有限 loss (NaN/Inf)，跳过该 batch
[2025-12-08 10:06:06,804] [WARNING] 遇到非有限 loss (NaN/Inf)，跳过该 batch
[2025-12-08 10:06:06,812] [WARNING] 遇到非有限 loss (NaN/Inf)，跳过该 batch
[2025-12-08 10:06:06,820] [WARNING] 遇到非有限 loss (NaN/Inf)，跳过该 batch
[2025-12-08 10:06:06,828] [WARNING] 遇到非有限 loss (NaN/Inf)，跳过该 batch
[2025-12-08 10:06:06,836] [WARNING] 遇到非有限 loss (NaN/Inf)，跳过该 batch
[2025-12-08 10:06:06,844] [WARNING] 遇到非有限 loss (NaN/Inf)，跳过该 batch
[2025-12-08 10:06:06,851] [WARNING] 遇到非有限 loss (NaN/Inf)，跳过该 batch
[2025-12-08 10:06:06,859] [WARNING] 遇到非有限 loss (NaN/Inf)，跳过该 batch
[2025-12-08 10:06:06,867] [WARNING] 遇到非有限 loss (NaN/Inf)，跳过该 batch
[2025-12-08 10:06:06,876] [WARNING] 遇到非有限 loss (NaN/Inf)，跳过该 batch
[2025-12-08 10:06:06,884] [WARNING] 遇到非有限 loss (NaN/Inf)，跳过该 batch
[2025-12-08 10:06:06,891] [WARNING] 遇到非有限 loss (NaN/Inf)，跳过该 batch
[2025-12-08 10:06:06,900] [WARNING] 遇到非有限 loss (NaN/Inf)，跳过该 batch
[2025-12-08 10:06:06,908] [WARNING] 遇到非有限 loss (NaN/Inf)，跳过该 batch
[2025-12-08 10:06:06,916] [WARNING] 遇到非有限 loss (NaN/Inf)，跳过该 batch
[2025-12-08 10:06:06,924] [WARNING] 遇到非有限 loss (NaN/Inf)，跳过该 batch
[2025-12-08 10:06:06,932] [WARNING] 遇到非有限 loss (NaN/Inf)，跳过该 batch
[2025-12-08 10:06:06,940] [WARNING] 遇到非有限 loss (NaN/Inf)，跳过该 batch
[2025-12-08 10:06:06,948] [WARNING] 遇到非有限 loss (NaN/Inf)，跳过该 batch
[2025-12-08 10:06:06,956] [WARNING] 遇到非有限 loss (NaN/Inf)，跳过该 batch
[2025-12-08 10:06:06,964] [WARNING] 遇到非有限 loss (NaN/Inf)，跳过该 batch
[2025-12-08 10:06:06,972] [WARNING] 遇到非有限 loss (NaN/Inf)，跳过该 batch
[2025-12-08 10:06:06,980] [WARNING] 遇到非有限 loss (NaN/Inf)，跳过该 batch
[2025-12-08 10:06:06,988] [WARNING] 遇到非有限 loss (NaN/Inf)，跳过该 batch
[2025-12-08 10:06:06,996] [WARNING] 遇到非有限 loss (NaN/Inf)，跳过该 batch
[2025-12-08 10:06:07,004] [WARNING] 遇到非有限 loss (NaN/Inf)，跳过该 batch
[2025-12-08 10:06:07,011] [WARNING] 遇到非有限 loss (NaN/Inf)，跳过该 batch
[2025-12-08 10:06:07,019] [WARNING] 遇到非有限 loss (NaN/Inf)，跳过该 batch
[2025-12-08 10:06:07,027] [WARNING] 遇到非有限 loss (NaN/Inf)，跳过该 batch
[2025-12-08 10:06:07,037] [WARNING] 遇到非有限 loss (NaN/Inf)，跳过该 batch
[2025-12-08 10:06:07,045] [WARNING] 遇到非有限 loss (NaN/Inf)，跳过该 batch
[2025-12-08 10:06:07,053] [WARNING] 遇到非有限 loss (NaN/Inf)，跳过该 batch
[2025-12-08 10:06:07,061] [WARNING] 遇到非有限 loss (NaN/Inf)，跳过该 batch
[2025-12-08 10:06:07,069] [WARNING] 遇到非有限 loss (NaN/Inf)，跳过该 batch
[2025-12-08 10:06:07,078] [WARNING] 遇到非有限 loss (NaN/Inf)，跳过该 batch
[2025-12-08 10:06:07,085] [WARNING] 遇到非有限 loss (NaN/Inf)，跳过该 batch
[2025-12-08 10:06:07,095] [WARNING] 遇到非有限 loss (NaN/Inf)，跳过该 batch
[2025-12-08 10:06:07,103] [WARNING] 遇到非有限 loss (NaN/Inf)，跳过该 batch
[2025-12-08 10:06:07,111] [WARNING] 遇到非有限 loss (NaN/Inf)，跳过该 batch
[2025-12-08 10:06:07,119] [WARNING] 遇到非有限 loss (NaN/Inf)，跳过该 batch
[2025-12-08 10:06:07,127] [WARNING] 遇到非有限 loss (NaN/Inf)，跳过该 batch
[2025-12-08 10:06:07,135] [WARNING] 遇到非有限 loss (NaN/Inf)，跳过该 batch
[2025-12-08 10:06:07,143] [WARNING] 遇到非有限 loss (NaN/Inf)，跳过该 batch
[2025-12-08 10:06:07,151] [WARNING] 遇到非有限 loss (NaN/Inf)，跳过该 batch
[2025-12-08 10:06:07,159] [WARNING] 遇到非有限 loss (NaN/Inf)，跳过该 batch
[2025-12-08 10:06:07,167] [WARNING] 遇到非有限 loss (NaN/Inf)，跳过该 batch
[2025-12-08 10:06:07,175] [WARNING] 遇到非有限 loss (NaN/Inf)，跳过该 batch
[2025-12-08 10:06:07,183] [WARNING] 遇到非有限 loss (NaN/Inf)，跳过该 batch
[2025-12-08 10:06:07,191] [WARNING] 遇到非有限 loss (NaN/Inf)，跳过该 batch
[2025-12-08 10:06:07,199] [WARNING] 遇到非有限 loss (NaN/Inf)，跳过该 batch
[2025-12-08 10:06:07,207] [WARNING] 遇到非有限 loss (NaN/Inf)，跳过该 batch
[2025-12-08 10:06:07,216] [WARNING] 遇到非有限 loss (NaN/Inf)，跳过该 batch
[2025-12-08 10:06:07,224] [WARNING] 遇到非有限 loss (NaN/Inf)，跳过该 batch
[2025-12-08 10:06:07,232] [WARNING] 遇到非有限 loss (NaN/Inf)，跳过该 batch
[2025-12-08 10:06:07,240] [WARNING] 遇到非有限 loss (NaN/Inf)，跳过该 batch
[2025-12-08 10:06:07,247] [WARNING] 遇到非有限 loss (NaN/Inf)，跳过该 batch
[2025-12-08 10:06:07,255] [WARNING] 遇到非有限 loss (NaN/Inf)，跳过该 batch
[2025-12-08 10:06:07,263] [WARNING] 遇到非有限 loss (NaN/Inf)，跳过该 batch
[2025-12-08 10:06:07,271] [WARNING] 遇到非有限 loss (NaN/Inf)，跳过该 batch
[2025-12-08 10:06:07,281] [WARNING] 遇到非有限 loss (NaN/Inf)，跳过该 batch
[2025-12-08 10:06:07,290] [WARNING] 遇到非有限 loss (NaN/Inf)，跳过该 batch
[2025-12-08 10:06:07,298] [WARNING] 遇到非有限 loss (NaN/Inf)，跳过该 batch
[2025-12-08 10:06:07,306] [WARNING] 遇到非有限 loss (NaN/Inf)，跳过该 batch
[2025-12-08 10:06:07,314] [WARNING] 遇到非有限 loss (NaN/Inf)，跳过该 batch
[2025-12-08 10:06:07,322] [WARNING] 遇到非有限 loss (NaN/Inf)，跳过该 batch
[2025-12-08 10:06:07,330] [WARNING] 遇到非有限 loss (NaN/Inf)，跳过该 batch
[2025-12-08 10:06:07,339] [WARNING] 遇到非有限 loss (NaN/Inf)，跳过该 batch
[2025-12-08 10:06:07,347] [WARNING] 遇到非有限 loss (NaN/Inf)，跳过该 batch
[2025-12-08 10:06:07,355] [WARNING] 遇到非有限 loss (NaN/Inf)，跳过该 batch
[2025-12-08 10:06:07,363] [WARNING] 遇到非有限 loss (NaN/Inf)，跳过该 batch
[2025-12-08 10:06:07,371] [WARNING] 遇到非有限 loss (NaN/Inf)，跳过该 batch
[2025-12-08 10:06:07,379] [WARNING] 遇到非有限 loss (NaN/Inf)，跳过该 batch
[2025-12-08 10:06:07,387] [WARNING] 遇到非有限 loss (NaN/Inf)，跳过该 batch
[2025-12-08 10:06:07,395] [WARNING] 遇到非有限 loss (NaN/Inf)，跳过该 batch
[2025-12-08 10:06:07,403] [WARNING] 遇到非有限 loss (NaN/Inf)，跳过该 batch
[2025-12-08 10:06:07,411] [WARNING] 遇到非有限 loss (NaN/Inf)，跳过该 batch
[2025-12-08 10:06:07,419] [WARNING] 遇到非有限 loss (NaN/Inf)，跳过该 batch
[2025-12-08 10:06:07,427] [WARNING] 遇到非有限 loss (NaN/Inf)，跳过该 batch
[2025-12-08 10:06:07,435] [WARNING] 遇到非有限 loss (NaN/Inf)，跳过该 batch
[2025-12-08 10:06:07,443] [WARNING] 遇到非有限 loss (NaN/Inf)，跳过该 batch
[2025-12-08 10:06:07,451] [WARNING] 遇到非有限 loss (NaN/Inf)，跳过该 batch
[2025-12-08 10:06:07,459] [WARNING] 遇到非有限 loss (NaN/Inf)，跳过该 batch
[2025-12-08 10:06:07,467] [WARNING] 遇到非有限 loss (NaN/Inf)，跳过该 batch
[2025-12-08 10:06:07,475] [WARNING] 遇到非有限 loss (NaN/Inf)，跳过该 batch
[2025-12-08 10:06:07,505] [WARNING] 遇到非有限 loss (NaN/Inf)，跳过该 batch
[2025-12-08 10:06:07,514] [WARNING] 遇到非有限 loss (NaN/Inf)，跳过该 batch
[2025-12-08 10:06:07,521] [WARNING] 遇到非有限 loss (NaN/Inf)，跳过该 batch
[2025-12-08 10:06:07,529] [WARNING] 遇到非有限 loss (NaN/Inf)，跳过该 batch
[2025-12-08 10:06:07,537] [WARNING] 遇到非有限 loss (NaN/Inf)，跳过该 batch
[2025-12-08 10:06:07,544] [WARNING] 遇到非有限 loss (NaN/Inf)，跳过该 batch
[2025-12-08 10:06:07,552] [WARNING] 遇到非有限 loss (NaN/Inf)，跳过该 batch
[2025-12-08 10:06:07,560] [WARNING] 遇到非有限 loss (NaN/Inf)，跳过该 batch
[2025-12-08 10:06:07,637] [INFO] 本 epoch（预测分支）平均训练损失: 0.000000
[2025-12-08 10:06:37,402] [INFO] [Eval] F1=0.8885, P=0.9256, R=0.8542, AUC=0.6618, thr=10.229253, point_adjust=True
[2025-12-08 10:06:37,658] [INFO] 已保存可视化图：./logs/smd_forecast/scores_epoch3.png
[2025-12-08 10:06:37,659] [INFO] ========== Epoch 4/50 ==========
[2025-12-08 10:06:37,859] [WARNING] 遇到非有限 loss (NaN/Inf)，跳过该 batch
[2025-12-08 10:06:37,872] [WARNING] 遇到非有限 loss (NaN/Inf)，跳过该 batch
[2025-12-08 10:06:37,885] [WARNING] 遇到非有限 loss (NaN/Inf)，跳过该 batch
[2025-12-08 10:06:37,898] [WARNING] 遇到非有限 loss (NaN/Inf)，跳过该 batch
[2025-12-08 10:06:37,913] [WARNING] 遇到非有限 loss (NaN/Inf)，跳过该 batch
[2025-12-08 10:06:37,921] [WARNING] 遇到非有限 loss (NaN/Inf)，跳过该 batch
[2025-12-08 10:06:37,929] [WARNING] 遇到非有限 loss (NaN/Inf)，跳过该 batch
[2025-12-08 10:06:37,938] [WARNING] 遇到非有限 loss (NaN/Inf)，跳过该 batch
[2025-12-08 10:06:37,945] [WARNING] 遇到非有限 loss (NaN/Inf)，跳过该 batch
[2025-12-08 10:06:37,953] [WARNING] 遇到非有限 loss (NaN/Inf)，跳过该 batch
[2025-12-08 10:06:37,961] [WARNING] 遇到非有限 loss (NaN/Inf)，跳过该 batch
[2025-12-08 10:06:37,971] [WARNING] 遇到非有限 loss (NaN/Inf)，跳过该 batch
[2025-12-08 10:06:37,980] [WARNING] 遇到非有限 loss (NaN/Inf)，跳过该 batch
[2025-12-08 10:06:37,989] [WARNING] 遇到非有限 loss (NaN/Inf)，跳过该 batch
[2025-12-08 10:06:37,997] [WARNING] 遇到非有限 loss (NaN/Inf)，跳过该 batch
[2025-12-08 10:06:38,006] [WARNING] 遇到非有限 loss (NaN/Inf)，跳过该 batch
[2025-12-08 10:06:38,014] [WARNING] 遇到非有限 loss (NaN/Inf)，跳过该 batch
[2025-12-08 10:06:38,023] [WARNING] 遇到非有限 loss (NaN/Inf)，跳过该 batch
[2025-12-08 10:06:38,032] [WARNING] 遇到非有限 loss (NaN/Inf)，跳过该 batch
[2025-12-08 10:06:38,043] [WARNING] 遇到非有限 loss (NaN/Inf)，跳过该 batch
[2025-12-08 10:06:38,051] [WARNING] 遇到非有限 loss (NaN/Inf)，跳过该 batch
[2025-12-08 10:06:38,060] [WARNING] 遇到非有限 loss (NaN/Inf)，跳过该 batch
[2025-12-08 10:06:38,069] [WARNING] 遇到非有限 loss (NaN/Inf)，跳过该 batch
[2025-12-08 10:06:38,078] [WARNING] 遇到非有限 loss (NaN/Inf)，跳过该 batch
[2025-12-08 10:06:38,086] [WARNING] 遇到非有限 loss (NaN/Inf)，跳过该 batch
[2025-12-08 10:06:38,095] [WARNING] 遇到非有限 loss (NaN/Inf)，跳过该 batch
[2025-12-08 10:06:38,104] [WARNING] 遇到非有限 loss (NaN/Inf)，跳过该 batch
[2025-12-08 10:06:38,125] [WARNING] 遇到非有限 loss (NaN/Inf)，跳过该 batch
[2025-12-08 10:06:38,134] [WARNING] 遇到非有限 loss (NaN/Inf)，跳过该 batch
[2025-12-08 10:06:38,142] [WARNING] 遇到非有限 loss (NaN/Inf)，跳过该 batch
[2025-12-08 10:06:38,151] [WARNING] 遇到非有限 loss (NaN/Inf)，跳过该 batch
[2025-12-08 10:06:38,159] [WARNING] 遇到非有限 loss (NaN/Inf)，跳过该 batch
[2025-12-08 10:06:38,167] [WARNING] 遇到非有限 loss (NaN/Inf)，跳过该 batch
[2025-12-08 10:06:38,175] [WARNING] 遇到非有限 loss (NaN/Inf)，跳过该 batch
[2025-12-08 10:06:38,184] [WARNING] 遇到非有限 loss (NaN/Inf)，跳过该 batch
[2025-12-08 10:06:38,192] [WARNING] 遇到非有限 loss (NaN/Inf)，跳过该 batch
[2025-12-08 10:06:38,200] [WARNING] 遇到非有限 loss (NaN/Inf)，跳过该 batch
[2025-12-08 10:06:38,210] [WARNING] 遇到非有限 loss (NaN/Inf)，跳过该 batch
[2025-12-08 10:06:38,227] [WARNING] 遇到非有限 loss (NaN/Inf)，跳过该 batch
[2025-12-08 10:06:38,237] [WARNING] 遇到非有限 loss (NaN/Inf)，跳过该 batch
[2025-12-08 10:06:38,246] [WARNING] 遇到非有限 loss (NaN/Inf)，跳过该 batch
[2025-12-08 10:06:38,255] [WARNING] 遇到非有限 loss (NaN/Inf)，跳过该 batch
[2025-12-08 10:06:38,263] [WARNING] 遇到非有限 loss (NaN/Inf)，跳过该 batch
[2025-12-08 10:06:38,271] [WARNING] 遇到非有限 loss (NaN/Inf)，跳过该 batch
[2025-12-08 10:06:38,278] [WARNING] 遇到非有限 loss (NaN/Inf)，跳过该 batch
[2025-12-08 10:06:38,286] [WARNING] 遇到非有限 loss (NaN/Inf)，跳过该 batch
[2025-12-08 10:06:38,294] [WARNING] 遇到非有限 loss (NaN/Inf)，跳过该 batch
[2025-12-08 10:06:38,310] [WARNING] 遇到非有限 loss (NaN/Inf)，跳过该 batch
[2025-12-08 10:06:38,319] [WARNING] 遇到非有限 loss (NaN/Inf)，跳过该 batch
[2025-12-08 10:06:38,327] [WARNING] 遇到非有限 loss (NaN/Inf)，跳过该 batch
[2025-12-08 10:06:38,335] [WARNING] 遇到非有限 loss (NaN/Inf)，跳过该 batch
[2025-12-08 10:06:38,343] [WARNING] 遇到非有限 loss (NaN/Inf)，跳过该 batch
[2025-12-08 10:06:38,350] [WARNING] 遇到非有限 loss (NaN/Inf)，跳过该 batch
[2025-12-08 10:06:38,360] [WARNING] 遇到非有限 loss (NaN/Inf)，跳过该 batch
[2025-12-08 10:06:38,369] [WARNING] 遇到非有限 loss (NaN/Inf)，跳过该 batch
[2025-12-08 10:06:38,377] [WARNING] 遇到非有限 loss (NaN/Inf)，跳过该 batch
[2025-12-08 10:06:38,385] [WARNING] 遇到非有限 loss (NaN/Inf)，跳过该 batch
[2025-12-08 10:06:38,393] [WARNING] 遇到非有限 loss (NaN/Inf)，跳过该 batch
[2025-12-08 10:06:38,409] [WARNING] 遇到非有限 loss (NaN/Inf)，跳过该 batch
[2025-12-08 10:06:38,421] [WARNING] 遇到非有限 loss (NaN/Inf)，跳过该 batch
[2025-12-08 10:06:38,429] [WARNING] 遇到非有限 loss (NaN/Inf)，跳过该 batch
[2025-12-08 10:06:38,437] [WARNING] 遇到非有限 loss (NaN/Inf)，跳过该 batch
[2025-12-08 10:06:38,445] [WARNING] 遇到非有限 loss (NaN/Inf)，跳过该 batch
[2025-12-08 10:06:38,457] [WARNING] 遇到非有限 loss (NaN/Inf)，跳过该 batch
[2025-12-08 10:06:38,464] [WARNING] 遇到非有限 loss (NaN/Inf)，跳过该 batch
[2025-12-08 10:06:38,474] [WARNING] 遇到非有限 loss (NaN/Inf)，跳过该 batch
[2025-12-08 10:06:38,481] [WARNING] 遇到非有限 loss (NaN/Inf)，跳过该 batch
[2025-12-08 10:06:38,497] [WARNING] 遇到非有限 loss (NaN/Inf)，跳过该 batch
[2025-12-08 10:06:38,506] [WARNING] 遇到非有限 loss (NaN/Inf)，跳过该 batch
[2025-12-08 10:06:38,514] [WARNING] 遇到非有限 loss (NaN/Inf)，跳过该 batch
[2025-12-08 10:06:38,523] [WARNING] 遇到非有限 loss (NaN/Inf)，跳过该 batch
[2025-12-08 10:06:38,535] [WARNING] 遇到非有限 loss (NaN/Inf)，跳过该 batch
[2025-12-08 10:06:38,543] [WARNING] 遇到非有限 loss (NaN/Inf)，跳过该 batch
[2025-12-08 10:06:38,564] [WARNING] 遇到非有限 loss (NaN/Inf)，跳过该 batch
[2025-12-08 10:06:38,581] [WARNING] 遇到非有限 loss (NaN/Inf)，跳过该 batch
[2025-12-08 10:06:38,593] [WARNING] 遇到非有限 loss (NaN/Inf)，跳过该 batch
[2025-12-08 10:06:38,600] [WARNING] 遇到非有限 loss (NaN/Inf)，跳过该 batch
[2025-12-08 10:06:38,608] [WARNING] 遇到非有限 loss (NaN/Inf)，跳过该 batch
[2025-12-08 10:06:38,616] [WARNING] 遇到非有限 loss (NaN/Inf)，跳过该 batch
[2025-12-08 10:06:38,627] [WARNING] 遇到非有限 loss (NaN/Inf)，跳过该 batch
[2025-12-08 10:06:38,635] [WARNING] 遇到非有限 loss (NaN/Inf)，跳过该 batch
[2025-12-08 10:06:38,644] [WARNING] 遇到非有限 loss (NaN/Inf)，跳过该 batch
[2025-12-08 10:06:38,666] [WARNING] 遇到非有限 loss (NaN/Inf)，跳过该 batch
[2025-12-08 10:06:38,680] [WARNING] 遇到非有限 loss (NaN/Inf)，跳过该 batch
[2025-12-08 10:06:38,688] [WARNING] 遇到非有限 loss (NaN/Inf)，跳过该 batch
[2025-12-08 10:06:38,696] [WARNING] 遇到非有限 loss (NaN/Inf)，跳过该 batch
[2025-12-08 10:06:38,704] [WARNING] 遇到非有限 loss (NaN/Inf)，跳过该 batch
[2025-12-08 10:06:38,711] [WARNING] 遇到非有限 loss (NaN/Inf)，跳过该 batch
[2025-12-08 10:06:38,719] [WARNING] 遇到非有限 loss (NaN/Inf)，跳过该 batch
[2025-12-08 10:06:38,727] [WARNING] 遇到非有限 loss (NaN/Inf)，跳过该 batch
[2025-12-08 10:06:38,734] [WARNING] 遇到非有限 loss (NaN/Inf)，跳过该 batch
[2025-12-08 10:06:38,743] [WARNING] 遇到非有限 loss (NaN/Inf)，跳过该 batch
[2025-12-08 10:06:38,762] [WARNING] 遇到非有限 loss (NaN/Inf)，跳过该 batch
[2025-12-08 10:06:38,770] [WARNING] 遇到非有限 loss (NaN/Inf)，跳过该 batch
[2025-12-08 10:06:38,779] [WARNING] 遇到非有限 loss (NaN/Inf)，跳过该 batch
[2025-12-08 10:06:38,788] [WARNING] 遇到非有限 loss (NaN/Inf)，跳过该 batch
[2025-12-08 10:06:38,796] [WARNING] 遇到非有限 loss (NaN/Inf)，跳过该 batch
[2025-12-08 10:06:38,804] [WARNING] 遇到非有限 loss (NaN/Inf)，跳过该 batch
[2025-12-08 10:06:38,812] [WARNING] 遇到非有限 loss (NaN/Inf)，跳过该 batch
[2025-12-08 10:06:38,821] [WARNING] 遇到非有限 loss (NaN/Inf)，跳过该 batch
[2025-12-08 10:06:38,829] [WARNING] 遇到非有限 loss (NaN/Inf)，跳过该 batch
[2025-12-08 10:06:38,836] [WARNING] 遇到非有限 loss (NaN/Inf)，跳过该 batch
[2025-12-08 10:06:38,844] [WARNING] 遇到非有限 loss (NaN/Inf)，跳过该 batch
[2025-12-08 10:06:38,852] [WARNING] 遇到非有限 loss (NaN/Inf)，跳过该 batch
[2025-12-08 10:06:38,861] [WARNING] 遇到非有限 loss (NaN/Inf)，跳过该 batch
[2025-12-08 10:06:38,869] [WARNING] 遇到非有限 loss (NaN/Inf)，跳过该 batch
[2025-12-08 10:06:38,878] [WARNING] 遇到非有限 loss (NaN/Inf)，跳过该 batch
[2025-12-08 10:06:38,887] [WARNING] 遇到非有限 loss (NaN/Inf)，跳过该 batch
[2025-12-08 10:06:38,895] [WARNING] 遇到非有限 loss (NaN/Inf)，跳过该 batch
[2025-12-08 10:06:38,904] [WARNING] 遇到非有限 loss (NaN/Inf)，跳过该 batch
[2025-12-08 10:06:38,911] [WARNING] 遇到非有限 loss (NaN/Inf)，跳过该 batch
[2025-12-08 10:06:38,920] [WARNING] 遇到非有限 loss (NaN/Inf)，跳过该 batch
[2025-12-08 10:06:38,943] [WARNING] 遇到非有限 loss (NaN/Inf)，跳过该 batch
[2025-12-08 10:06:38,971] [WARNING] 遇到非有限 loss (NaN/Inf)，跳过该 batch
[2025-12-08 10:06:38,981] [WARNING] 遇到非有限 loss (NaN/Inf)，跳过该 batch
[2025-12-08 10:06:38,990] [WARNING] 遇到非有限 loss (NaN/Inf)，跳过该 batch
[2025-12-08 10:06:38,998] [WARNING] 遇到非有限 loss (NaN/Inf)，跳过该 batch
[2025-12-08 10:06:39,006] [WARNING] 遇到非有限 loss (NaN/Inf)，跳过该 batch
[2025-12-08 10:06:39,016] [WARNING] 遇到非有限 loss (NaN/Inf)，跳过该 batch
[2025-12-08 10:06:39,043] [WARNING] 遇到非有限 loss (NaN/Inf)，跳过该 batch
[2025-12-08 10:06:39,051] [WARNING] 遇到非有限 loss (NaN/Inf)，跳过该 batch
[2025-12-08 10:06:39,060] [WARNING] 遇到非有限 loss (NaN/Inf)，跳过该 batch
[2025-12-08 10:06:39,069] [WARNING] 遇到非有限 loss (NaN/Inf)，跳过该 batch
[2025-12-08 10:06:39,076] [WARNING] 遇到非有限 loss (NaN/Inf)，跳过该 batch
[2025-12-08 10:06:39,085] [WARNING] 遇到非有限 loss (NaN/Inf)，跳过该 batch
[2025-12-08 10:06:39,093] [WARNING] 遇到非有限 loss (NaN/Inf)，跳过该 batch
[2025-12-08 10:06:39,101] [WARNING] 遇到非有限 loss (NaN/Inf)，跳过该 batch
[2025-12-08 10:06:39,124] [WARNING] 遇到非有限 loss (NaN/Inf)，跳过该 batch
[2025-12-08 10:06:39,132] [WARNING] 遇到非有限 loss (NaN/Inf)，跳过该 batch
[2025-12-08 10:06:39,140] [WARNING] 遇到非有限 loss (NaN/Inf)，跳过该 batch
[2025-12-08 10:06:39,148] [WARNING] 遇到非有限 loss (NaN/Inf)，跳过该 batch
[2025-12-08 10:06:39,156] [WARNING] 遇到非有限 loss (NaN/Inf)，跳过该 batch
[2025-12-08 10:06:39,163] [WARNING] 遇到非有限 loss (NaN/Inf)，跳过该 batch
[2025-12-08 10:06:39,171] [WARNING] 遇到非有限 loss (NaN/Inf)，跳过该 batch
[2025-12-08 10:06:39,179] [WARNING] 遇到非有限 loss (NaN/Inf)，跳过该 batch
[2025-12-08 10:06:39,187] [WARNING] 遇到非有限 loss (NaN/Inf)，跳过该 batch
[2025-12-08 10:06:39,197] [WARNING] 遇到非有限 loss (NaN/Inf)，跳过该 batch
[2025-12-08 10:06:39,205] [WARNING] 遇到非有限 loss (NaN/Inf)，跳过该 batch
[2025-12-08 10:06:39,213] [WARNING] 遇到非有限 loss (NaN/Inf)，跳过该 batch
[2025-12-08 10:06:39,222] [WARNING] 遇到非有限 loss (NaN/Inf)，跳过该 batch
[2025-12-08 10:06:39,230] [WARNING] 遇到非有限 loss (NaN/Inf)，跳过该 batch
[2025-12-08 10:06:39,238] [WARNING] 遇到非有限 loss (NaN/Inf)，跳过该 batch
[2025-12-08 10:06:39,246] [WARNING] 遇到非有限 loss (NaN/Inf)，跳过该 batch
[2025-12-08 10:06:39,255] [WARNING] 遇到非有限 loss (NaN/Inf)，跳过该 batch
[2025-12-08 10:06:39,263] [WARNING] 遇到非有限 loss (NaN/Inf)，跳过该 batch
[2025-12-08 10:06:39,271] [WARNING] 遇到非有限 loss (NaN/Inf)，跳过该 batch
[2025-12-08 10:06:39,279] [WARNING] 遇到非有限 loss (NaN/Inf)，跳过该 batch
[2025-12-08 10:06:39,288] [WARNING] 遇到非有限 loss (NaN/Inf)，跳过该 batch
[2025-12-08 10:06:39,296] [WARNING] 遇到非有限 loss (NaN/Inf)，跳过该 batch
[2025-12-08 10:06:39,304] [WARNING] 遇到非有限 loss (NaN/Inf)，跳过该 batch
[2025-12-08 10:06:39,312] [WARNING] 遇到非有限 loss (NaN/Inf)，跳过该 batch
[2025-12-08 10:06:39,319] [WARNING] 遇到非有限 loss (NaN/Inf)，跳过该 batch
[2025-12-08 10:06:39,327] [WARNING] 遇到非有限 loss (NaN/Inf)，跳过该 batch
[2025-12-08 10:06:39,334] [WARNING] 遇到非有限 loss (NaN/Inf)，跳过该 batch
[2025-12-08 10:06:39,342] [WARNING] 遇到非有限 loss (NaN/Inf)，跳过该 batch
[2025-12-08 10:06:39,350] [WARNING] 遇到非有限 loss (NaN/Inf)，跳过该 batch
[2025-12-08 10:06:39,358] [WARNING] 遇到非有限 loss (NaN/Inf)，跳过该 batch
[2025-12-08 10:06:39,366] [WARNING] 遇到非有限 loss (NaN/Inf)，跳过该 batch
[2025-12-08 10:06:39,373] [WARNING] 遇到非有限 loss (NaN/Inf)，跳过该 batch
[2025-12-08 10:06:39,387] [WARNING] 遇到非有限 loss (NaN/Inf)，跳过该 batch
[2025-12-08 10:06:39,396] [WARNING] 遇到非有限 loss (NaN/Inf)，跳过该 batch
[2025-12-08 10:06:39,406] [WARNING] 遇到非有限 loss (NaN/Inf)，跳过该 batch
[2025-12-08 10:06:39,413] [WARNING] 遇到非有限 loss (NaN/Inf)，跳过该 batch
[2025-12-08 10:06:39,421] [WARNING] 遇到非有限 loss (NaN/Inf)，跳过该 batch
[2025-12-08 10:06:39,430] [WARNING] 遇到非有限 loss (NaN/Inf)，跳过该 batch
[2025-12-08 10:06:39,437] [WARNING] 遇到非有限 loss (NaN/Inf)，跳过该 batch
[2025-12-08 10:06:39,445] [WARNING] 遇到非有限 loss (NaN/Inf)，跳过该 batch
[2025-12-08 10:06:39,453] [WARNING] 遇到非有限 loss (NaN/Inf)，跳过该 batch
[2025-12-08 10:06:39,469] [WARNING] 遇到非有限 loss (NaN/Inf)，跳过该 batch
[2025-12-08 10:06:39,478] [WARNING] 遇到非有限 loss (NaN/Inf)，跳过该 batch
[2025-12-08 10:06:39,486] [WARNING] 遇到非有限 loss (NaN/Inf)，跳过该 batch
[2025-12-08 10:06:39,494] [WARNING] 遇到非有限 loss (NaN/Inf)，跳过该 batch
[2025-12-08 10:06:39,502] [WARNING] 遇到非有限 loss (NaN/Inf)，跳过该 batch
[2025-12-08 10:06:39,512] [WARNING] 遇到非有限 loss (NaN/Inf)，跳过该 batch
[2025-12-08 10:06:39,519] [WARNING] 遇到非有限 loss (NaN/Inf)，跳过该 batch
[2025-12-08 10:06:39,527] [WARNING] 遇到非有限 loss (NaN/Inf)，跳过该 batch
[2025-12-08 10:06:39,534] [WARNING] 遇到非有限 loss (NaN/Inf)，跳过该 batch
[2025-12-08 10:06:39,542] [WARNING] 遇到非有限 loss (NaN/Inf)，跳过该 batch
[2025-12-08 10:06:39,549] [WARNING] 遇到非有限 loss (NaN/Inf)，跳过该 batch
[2025-12-08 10:06:39,557] [WARNING] 遇到非有限 loss (NaN/Inf)，跳过该 batch
[2025-12-08 10:06:39,565] [WARNING] 遇到非有限 loss (NaN/Inf)，跳过该 batch
[2025-12-08 10:06:39,573] [WARNING] 遇到非有限 loss (NaN/Inf)，跳过该 batch
[2025-12-08 10:06:39,580] [WARNING] 遇到非有限 loss (NaN/Inf)，跳过该 batch
[2025-12-08 10:06:39,588] [WARNING] 遇到非有限 loss (NaN/Inf)，跳过该 batch
[2025-12-08 10:06:39,596] [WARNING] 遇到非有限 loss (NaN/Inf)，跳过该 batch
[2025-12-08 10:06:39,604] [WARNING] 遇到非有限 loss (NaN/Inf)，跳过该 batch
[2025-12-08 10:06:39,613] [WARNING] 遇到非有限 loss (NaN/Inf)，跳过该 batch
[2025-12-08 10:06:39,621] [WARNING] 遇到非有限 loss (NaN/Inf)，跳过该 batch
[2025-12-08 10:06:39,629] [WARNING] 遇到非有限 loss (NaN/Inf)，跳过该 batch
[2025-12-08 10:06:39,638] [WARNING] 遇到非有限 loss (NaN/Inf)，跳过该 batch
[2025-12-08 10:06:39,648] [WARNING] 遇到非有限 loss (NaN/Inf)，跳过该 batch
[2025-12-08 10:06:39,656] [WARNING] 遇到非有限 loss (NaN/Inf)，跳过该 batch
[2025-12-08 10:06:39,664] [WARNING] 遇到非有限 loss (NaN/Inf)，跳过该 batch
[2025-12-08 10:06:39,672] [WARNING] 遇到非有限 loss (NaN/Inf)，跳过该 batch
[2025-12-08 10:06:39,680] [WARNING] 遇到非有限 loss (NaN/Inf)，跳过该 batch
[2025-12-08 10:06:39,688] [WARNING] 遇到非有限 loss (NaN/Inf)，跳过该 batch
[2025-12-08 10:06:39,708] [WARNING] 遇到非有限 loss (NaN/Inf)，跳过该 batch
[2025-12-08 10:06:39,720] [WARNING] 遇到非有限 loss (NaN/Inf)，跳过该 batch
[2025-12-08 10:06:39,729] [WARNING] 遇到非有限 loss (NaN/Inf)，跳过该 batch
[2025-12-08 10:06:39,737] [WARNING] 遇到非有限 loss (NaN/Inf)，跳过该 batch
[2025-12-08 10:06:39,745] [WARNING] 遇到非有限 loss (NaN/Inf)，跳过该 batch
[2025-12-08 10:06:39,753] [WARNING] 遇到非有限 loss (NaN/Inf)，跳过该 batch
[2025-12-08 10:06:39,773] [WARNING] 遇到非有限 loss (NaN/Inf)，跳过该 batch
[2025-12-08 10:06:39,785] [WARNING] 遇到非有限 loss (NaN/Inf)，跳过该 batch
[2025-12-08 10:06:39,793] [WARNING] 遇到非有限 loss (NaN/Inf)，跳过该 batch
[2025-12-08 10:06:39,801] [WARNING] 遇到非有限 loss (NaN/Inf)，跳过该 batch
[2025-12-08 10:06:39,808] [WARNING] 遇到非有限 loss (NaN/Inf)，跳过该 batch
[2025-12-08 10:06:39,816] [WARNING] 遇到非有限 loss (NaN/Inf)，跳过该 batch
[2025-12-08 10:06:39,861] [WARNING] 遇到非有限 loss (NaN/Inf)，跳过该 batch
[2025-12-08 10:06:39,881] [WARNING] 遇到非有限 loss (NaN/Inf)，跳过该 batch
[2025-12-08 10:06:39,889] [WARNING] 遇到非有限 loss (NaN/Inf)，跳过该 batch
[2025-12-08 10:06:39,897] [WARNING] 遇到非有限 loss (NaN/Inf)，跳过该 batch
[2025-12-08 10:06:39,909] [WARNING] 遇到非有限 loss (NaN/Inf)，跳过该 batch
[2025-12-08 10:06:39,918] [WARNING] 遇到非有限 loss (NaN/Inf)，跳过该 batch
[2025-12-08 10:06:39,927] [WARNING] 遇到非有限 loss (NaN/Inf)，跳过该 batch
[2025-12-08 10:06:39,936] [WARNING] 遇到非有限 loss (NaN/Inf)，跳过该 batch
[2025-12-08 10:06:39,945] [WARNING] 遇到非有限 loss (NaN/Inf)，跳过该 batch
[2025-12-08 10:06:39,954] [WARNING] 遇到非有限 loss (NaN/Inf)，跳过该 batch
[2025-12-08 10:06:39,962] [WARNING] 遇到非有限 loss (NaN/Inf)，跳过该 batch
[2025-12-08 10:06:39,970] [WARNING] 遇到非有限 loss (NaN/Inf)，跳过该 batch
[2025-12-08 10:06:39,979] [WARNING] 遇到非有限 loss (NaN/Inf)，跳过该 batch
[2025-12-08 10:06:39,987] [WARNING] 遇到非有限 loss (NaN/Inf)，跳过该 batch
[2025-12-08 10:06:39,995] [WARNING] 遇到非有限 loss (NaN/Inf)，跳过该 batch
[2025-12-08 10:06:40,004] [WARNING] 遇到非有限 loss (NaN/Inf)，跳过该 batch
[2025-12-08 10:06:40,023] [WARNING] 遇到非有限 loss (NaN/Inf)，跳过该 batch
[2025-12-08 10:06:40,031] [WARNING] 遇到非有限 loss (NaN/Inf)，跳过该 batch
[2025-12-08 10:06:40,039] [WARNING] 遇到非有限 loss (NaN/Inf)，跳过该 batch
[2025-12-08 10:06:40,047] [WARNING] 遇到非有限 loss (NaN/Inf)，跳过该 batch
[2025-12-08 10:06:40,056] [WARNING] 遇到非有限 loss (NaN/Inf)，跳过该 batch
[2025-12-08 10:06:40,063] [WARNING] 遇到非有限 loss (NaN/Inf)，跳过该 batch
[2025-12-08 10:06:40,071] [WARNING] 遇到非有限 loss (NaN/Inf)，跳过该 batch
[2025-12-08 10:06:40,079] [WARNING] 遇到非有限 loss (NaN/Inf)，跳过该 batch
[2025-12-08 10:06:40,108] [WARNING] 遇到非有限 loss (NaN/Inf)，跳过该 batch
[2025-12-08 10:06:40,130] [WARNING] 遇到非有限 loss (NaN/Inf)，跳过该 batch
[2025-12-08 10:06:40,140] [WARNING] 遇到非有限 loss (NaN/Inf)，跳过该 batch
[2025-12-08 10:06:40,149] [WARNING] 遇到非有限 loss (NaN/Inf)，跳过该 batch
[2025-12-08 10:06:40,158] [WARNING] 遇到非有限 loss (NaN/Inf)，跳过该 batch
[2025-12-08 10:06:40,169] [WARNING] 遇到非有限 loss (NaN/Inf)，跳过该 batch
[2025-12-08 10:06:40,188] [WARNING] 遇到非有限 loss (NaN/Inf)，跳过该 batch
[2025-12-08 10:06:40,209] [WARNING] 遇到非有限 loss (NaN/Inf)，跳过该 batch
[2025-12-08 10:06:40,224] [WARNING] 遇到非有限 loss (NaN/Inf)，跳过该 batch
[2025-12-08 10:06:40,232] [WARNING] 遇到非有限 loss (NaN/Inf)，跳过该 batch
[2025-12-08 10:06:40,241] [WARNING] 遇到非有限 loss (NaN/Inf)，跳过该 batch
[2025-12-08 10:06:40,277] [WARNING] 遇到非有限 loss (NaN/Inf)，跳过该 batch
[2025-12-08 10:06:40,287] [WARNING] 遇到非有限 loss (NaN/Inf)，跳过该 batch
[2025-12-08 10:06:40,295] [WARNING] 遇到非有限 loss (NaN/Inf)，跳过该 batch
[2025-12-08 10:06:40,304] [WARNING] 遇到非有限 loss (NaN/Inf)，跳过该 batch
[2025-12-08 10:06:40,312] [WARNING] 遇到非有限 loss (NaN/Inf)，跳过该 batch
[2025-12-08 10:06:40,320] [WARNING] 遇到非有限 loss (NaN/Inf)，跳过该 batch
[2025-12-08 10:06:40,339] [WARNING] 遇到非有限 loss (NaN/Inf)，跳过该 batch
[2025-12-08 10:06:40,348] [WARNING] 遇到非有限 loss (NaN/Inf)，跳过该 batch
[2025-12-08 10:06:40,357] [WARNING] 遇到非有限 loss (NaN/Inf)，跳过该 batch
[2025-12-08 10:06:40,365] [WARNING] 遇到非有限 loss (NaN/Inf)，跳过该 batch
[2025-12-08 10:06:40,374] [WARNING] 遇到非有限 loss (NaN/Inf)，跳过该 batch
[2025-12-08 10:06:40,382] [WARNING] 遇到非有限 loss (NaN/Inf)，跳过该 batch
[2025-12-08 10:06:40,390] [WARNING] 遇到非有限 loss (NaN/Inf)，跳过该 batch
[2025-12-08 10:06:40,400] [WARNING] 遇到非有限 loss (NaN/Inf)，跳过该 batch
[2025-12-08 10:06:40,409] [WARNING] 遇到非有限 loss (NaN/Inf)，跳过该 batch
[2025-12-08 10:06:40,417] [WARNING] 遇到非有限 loss (NaN/Inf)，跳过该 batch
[2025-12-08 10:06:40,426] [WARNING] 遇到非有限 loss (NaN/Inf)，跳过该 batch
[2025-12-08 10:06:40,434] [WARNING] 遇到非有限 loss (NaN/Inf)，跳过该 batch
[2025-12-08 10:06:40,442] [WARNING] 遇到非有限 loss (NaN/Inf)，跳过该 batch
[2025-12-08 10:06:40,449] [WARNING] 遇到非有限 loss (NaN/Inf)，跳过该 batch
[2025-12-08 10:06:40,457] [WARNING] 遇到非有限 loss (NaN/Inf)，跳过该 batch
[2025-12-08 10:06:40,465] [WARNING] 遇到非有限 loss (NaN/Inf)，跳过该 batch
[2025-12-08 10:06:40,474] [WARNING] 遇到非有限 loss (NaN/Inf)，跳过该 batch
[2025-12-08 10:06:40,484] [WARNING] 遇到非有限 loss (NaN/Inf)，跳过该 batch
[2025-12-08 10:06:40,492] [WARNING] 遇到非有限 loss (NaN/Inf)，跳过该 batch
[2025-12-08 10:06:40,500] [WARNING] 遇到非有限 loss (NaN/Inf)，跳过该 batch
[2025-12-08 10:06:40,509] [WARNING] 遇到非有限 loss (NaN/Inf)，跳过该 batch
[2025-12-08 10:06:40,517] [WARNING] 遇到非有限 loss (NaN/Inf)，跳过该 batch
[2025-12-08 10:06:40,525] [WARNING] 遇到非有限 loss (NaN/Inf)，跳过该 batch
[2025-12-08 10:06:40,532] [WARNING] 遇到非有限 loss (NaN/Inf)，跳过该 batch
[2025-12-08 10:06:40,540] [WARNING] 遇到非有限 loss (NaN/Inf)，跳过该 batch
[2025-12-08 10:06:40,564] [WARNING] 遇到非有限 loss (NaN/Inf)，跳过该 batch
[2025-12-08 10:06:40,572] [WARNING] 遇到非有限 loss (NaN/Inf)，跳过该 batch
[2025-12-08 10:06:40,581] [WARNING] 遇到非有限 loss (NaN/Inf)，跳过该 batch
[2025-12-08 10:06:40,589] [WARNING] 遇到非有限 loss (NaN/Inf)，跳过该 batch
[2025-12-08 10:06:40,598] [WARNING] 遇到非有限 loss (NaN/Inf)，跳过该 batch
[2025-12-08 10:06:40,606] [WARNING] 遇到非有限 loss (NaN/Inf)，跳过该 batch
[2025-12-08 10:06:40,616] [WARNING] 遇到非有限 loss (NaN/Inf)，跳过该 batch
[2025-12-08 10:06:40,624] [WARNING] 遇到非有限 loss (NaN/Inf)，跳过该 batch
[2025-12-08 10:06:40,655] [WARNING] 遇到非有限 loss (NaN/Inf)，跳过该 batch
[2025-12-08 10:06:40,666] [WARNING] 遇到非有限 loss (NaN/Inf)，跳过该 batch
[2025-12-08 10:06:40,674] [WARNING] 遇到非有限 loss (NaN/Inf)，跳过该 batch
[2025-12-08 10:06:40,683] [WARNING] 遇到非有限 loss (NaN/Inf)，跳过该 batch
[2025-12-08 10:06:40,691] [WARNING] 遇到非有限 loss (NaN/Inf)，跳过该 batch
[2025-12-08 10:06:40,700] [WARNING] 遇到非有限 loss (NaN/Inf)，跳过该 batch
[2025-12-08 10:06:40,708] [WARNING] 遇到非有限 loss (NaN/Inf)，跳过该 batch
[2025-12-08 10:06:40,716] [WARNING] 遇到非有限 loss (NaN/Inf)，跳过该 batch
[2025-12-08 10:06:40,724] [WARNING] 遇到非有限 loss (NaN/Inf)，跳过该 batch
[2025-12-08 10:06:40,750] [WARNING] 遇到非有限 loss (NaN/Inf)，跳过该 batch
[2025-12-08 10:06:40,772] [WARNING] 遇到非有限 loss (NaN/Inf)，跳过该 batch
[2025-12-08 10:06:40,813] [WARNING] 遇到非有限 loss (NaN/Inf)，跳过该 batch
[2025-12-08 10:06:40,830] [WARNING] 遇到非有限 loss (NaN/Inf)，跳过该 batch
[2025-12-08 10:06:40,840] [WARNING] 遇到非有限 loss (NaN/Inf)，跳过该 batch
[2025-12-08 10:06:40,848] [WARNING] 遇到非有限 loss (NaN/Inf)，跳过该 batch
[2025-12-08 10:06:40,856] [WARNING] 遇到非有限 loss (NaN/Inf)，跳过该 batch
[2025-12-08 10:06:40,883] [WARNING] 遇到非有限 loss (NaN/Inf)，跳过该 batch
[2025-12-08 10:06:40,891] [WARNING] 遇到非有限 loss (NaN/Inf)，跳过该 batch
[2025-12-08 10:06:40,900] [WARNING] 遇到非有限 loss (NaN/Inf)，跳过该 batch
[2025-12-08 10:06:40,909] [WARNING] 遇到非有限 loss (NaN/Inf)，跳过该 batch
[2025-12-08 10:06:40,920] [WARNING] 遇到非有限 loss (NaN/Inf)，跳过该 batch
[2025-12-08 10:06:40,929] [WARNING] 遇到非有限 loss (NaN/Inf)，跳过该 batch
[2025-12-08 10:06:40,939] [WARNING] 遇到非有限 loss (NaN/Inf)，跳过该 batch
[2025-12-08 10:06:40,949] [WARNING] 遇到非有限 loss (NaN/Inf)，跳过该 batch
[2025-12-08 10:06:40,957] [WARNING] 遇到非有限 loss (NaN/Inf)，跳过该 batch
[2025-12-08 10:06:40,984] [WARNING] 遇到非有限 loss (NaN/Inf)，跳过该 batch
[2025-12-08 10:06:40,994] [WARNING] 遇到非有限 loss (NaN/Inf)，跳过该 batch
[2025-12-08 10:06:41,002] [WARNING] 遇到非有限 loss (NaN/Inf)，跳过该 batch
[2025-12-08 10:06:41,010] [WARNING] 遇到非有限 loss (NaN/Inf)，跳过该 batch
[2025-12-08 10:06:41,017] [WARNING] 遇到非有限 loss (NaN/Inf)，跳过该 batch
[2025-12-08 10:06:41,048] [WARNING] 遇到非有限 loss (NaN/Inf)，跳过该 batch
[2025-12-08 10:06:41,058] [WARNING] 遇到非有限 loss (NaN/Inf)，跳过该 batch
[2025-12-08 10:06:41,068] [WARNING] 遇到非有限 loss (NaN/Inf)，跳过该 batch
[2025-12-08 10:06:41,076] [WARNING] 遇到非有限 loss (NaN/Inf)，跳过该 batch
[2025-12-08 10:06:41,084] [WARNING] 遇到非有限 loss (NaN/Inf)，跳过该 batch
[2025-12-08 10:06:41,092] [WARNING] 遇到非有限 loss (NaN/Inf)，跳过该 batch
[2025-12-08 10:06:41,100] [WARNING] 遇到非有限 loss (NaN/Inf)，跳过该 batch
[2025-12-08 10:06:41,109] [WARNING] 遇到非有限 loss (NaN/Inf)，跳过该 batch
[2025-12-08 10:06:41,117] [WARNING] 遇到非有限 loss (NaN/Inf)，跳过该 batch
[2025-12-08 10:06:41,126] [WARNING] 遇到非有限 loss (NaN/Inf)，跳过该 batch
[2025-12-08 10:06:41,135] [WARNING] 遇到非有限 loss (NaN/Inf)，跳过该 batch
[2025-12-08 10:06:41,142] [WARNING] 遇到非有限 loss (NaN/Inf)，跳过该 batch
[2025-12-08 10:06:41,150] [WARNING] 遇到非有限 loss (NaN/Inf)，跳过该 batch
[2025-12-08 10:06:41,159] [WARNING] 遇到非有限 loss (NaN/Inf)，跳过该 batch
[2025-12-08 10:06:41,167] [WARNING] 遇到非有限 loss (NaN/Inf)，跳过该 batch
[2025-12-08 10:06:41,175] [WARNING] 遇到非有限 loss (NaN/Inf)，跳过该 batch
[2025-12-08 10:06:41,183] [WARNING] 遇到非有限 loss (NaN/Inf)，跳过该 batch
[2025-12-08 10:06:41,191] [WARNING] 遇到非有限 loss (NaN/Inf)，跳过该 batch
[2025-12-08 10:06:41,199] [WARNING] 遇到非有限 loss (NaN/Inf)，跳过该 batch
[2025-12-08 10:06:41,208] [WARNING] 遇到非有限 loss (NaN/Inf)，跳过该 batch
[2025-12-08 10:06:41,216] [WARNING] 遇到非有限 loss (NaN/Inf)，跳过该 batch
[2025-12-08 10:06:41,226] [WARNING] 遇到非有限 loss (NaN/Inf)，跳过该 batch
[2025-12-08 10:06:41,235] [WARNING] 遇到非有限 loss (NaN/Inf)，跳过该 batch
[2025-12-08 10:06:41,244] [WARNING] 遇到非有限 loss (NaN/Inf)，跳过该 batch
[2025-12-08 10:06:41,253] [WARNING] 遇到非有限 loss (NaN/Inf)，跳过该 batch
[2025-12-08 10:06:41,260] [WARNING] 遇到非有限 loss (NaN/Inf)，跳过该 batch
[2025-12-08 10:06:41,268] [WARNING] 遇到非有限 loss (NaN/Inf)，跳过该 batch
[2025-12-08 10:06:41,277] [WARNING] 遇到非有限 loss (NaN/Inf)，跳过该 batch
[2025-12-08 10:06:41,286] [WARNING] 遇到非有限 loss (NaN/Inf)，跳过该 batch
[2025-12-08 10:06:41,294] [WARNING] 遇到非有限 loss (NaN/Inf)，跳过该 batch
[2025-12-08 10:06:41,302] [WARNING] 遇到非有限 loss (NaN/Inf)，跳过该 batch
[2025-12-08 10:06:41,312] [WARNING] 遇到非有限 loss (NaN/Inf)，跳过该 batch
[2025-12-08 10:06:41,321] [WARNING] 遇到非有限 loss (NaN/Inf)，跳过该 batch
[2025-12-08 10:06:41,330] [WARNING] 遇到非有限 loss (NaN/Inf)，跳过该 batch
[2025-12-08 10:06:41,339] [WARNING] 遇到非有限 loss (NaN/Inf)，跳过该 batch
[2025-12-08 10:06:41,349] [WARNING] 遇到非有限 loss (NaN/Inf)，跳过该 batch
[2025-12-08 10:06:41,356] [WARNING] 遇到非有限 loss (NaN/Inf)，跳过该 batch
[2025-12-08 10:06:41,364] [WARNING] 遇到非有限 loss (NaN/Inf)，跳过该 batch
[2025-12-08 10:06:41,373] [WARNING] 遇到非有限 loss (NaN/Inf)，跳过该 batch
[2025-12-08 10:06:41,381] [WARNING] 遇到非有限 loss (NaN/Inf)，跳过该 batch
[2025-12-08 10:06:41,390] [WARNING] 遇到非有限 loss (NaN/Inf)，跳过该 batch
[2025-12-08 10:06:41,409] [WARNING] 遇到非有限 loss (NaN/Inf)，跳过该 batch
[2025-12-08 10:06:41,428] [WARNING] 遇到非有限 loss (NaN/Inf)，跳过该 batch
[2025-12-08 10:06:41,439] [WARNING] 遇到非有限 loss (NaN/Inf)，跳过该 batch
[2025-12-08 10:06:41,449] [WARNING] 遇到非有限 loss (NaN/Inf)，跳过该 batch
[2025-12-08 10:06:41,458] [WARNING] 遇到非有限 loss (NaN/Inf)，跳过该 batch
[2025-12-08 10:06:41,476] [WARNING] 遇到非有限 loss (NaN/Inf)，跳过该 batch
[2025-12-08 10:06:41,485] [WARNING] 遇到非有限 loss (NaN/Inf)，跳过该 batch
[2025-12-08 10:06:41,497] [WARNING] 遇到非有限 loss (NaN/Inf)，跳过该 batch
[2025-12-08 10:06:41,507] [WARNING] 遇到非有限 loss (NaN/Inf)，跳过该 batch
[2025-12-08 10:06:41,515] [WARNING] 遇到非有限 loss (NaN/Inf)，跳过该 batch
[2025-12-08 10:06:41,529] [WARNING] 遇到非有限 loss (NaN/Inf)，跳过该 batch
[2025-12-08 10:06:41,538] [WARNING] 遇到非有限 loss (NaN/Inf)，跳过该 batch
[2025-12-08 10:06:41,546] [WARNING] 遇到非有限 loss (NaN/Inf)，跳过该 batch
[2025-12-08 10:06:41,555] [WARNING] 遇到非有限 loss (NaN/Inf)，跳过该 batch
[2025-12-08 10:06:41,565] [WARNING] 遇到非有限 loss (NaN/Inf)，跳过该 batch
[2025-12-08 10:06:41,573] [WARNING] 遇到非有限 loss (NaN/Inf)，跳过该 batch
[2025-12-08 10:06:41,582] [WARNING] 遇到非有限 loss (NaN/Inf)，跳过该 batch
[2025-12-08 10:06:41,590] [WARNING] 遇到非有限 loss (NaN/Inf)，跳过该 batch
[2025-12-08 10:06:41,608] [WARNING] 遇到非有限 loss (NaN/Inf)，跳过该 batch
[2025-12-08 10:06:41,635] [WARNING] 遇到非有限 loss (NaN/Inf)，跳过该 batch
[2025-12-08 10:06:41,644] [WARNING] 遇到非有限 loss (NaN/Inf)，跳过该 batch
[2025-12-08 10:06:41,652] [WARNING] 遇到非有限 loss (NaN/Inf)，跳过该 batch
[2025-12-08 10:06:41,660] [WARNING] 遇到非有限 loss (NaN/Inf)，跳过该 batch
[2025-12-08 10:06:41,668] [WARNING] 遇到非有限 loss (NaN/Inf)，跳过该 batch
[2025-12-08 10:06:41,681] [WARNING] 遇到非有限 loss (NaN/Inf)，跳过该 batch
[2025-12-08 10:06:41,691] [WARNING] 遇到非有限 loss (NaN/Inf)，跳过该 batch
[2025-12-08 10:06:41,702] [WARNING] 遇到非有限 loss (NaN/Inf)，跳过该 batch
[2025-12-08 10:06:41,711] [WARNING] 遇到非有限 loss (NaN/Inf)，跳过该 batch
[2025-12-08 10:06:41,719] [WARNING] 遇到非有限 loss (NaN/Inf)，跳过该 batch
[2025-12-08 10:06:41,726] [WARNING] 遇到非有限 loss (NaN/Inf)，跳过该 batch
[2025-12-08 10:06:41,734] [WARNING] 遇到非有限 loss (NaN/Inf)，跳过该 batch
[2025-12-08 10:06:41,742] [WARNING] 遇到非有限 loss (NaN/Inf)，跳过该 batch
[2025-12-08 10:06:41,750] [WARNING] 遇到非有限 loss (NaN/Inf)，跳过该 batch
[2025-12-08 10:06:41,759] [WARNING] 遇到非有限 loss (NaN/Inf)，跳过该 batch
[2025-12-08 10:06:41,769] [WARNING] 遇到非有限 loss (NaN/Inf)，跳过该 batch
[2025-12-08 10:06:41,778] [WARNING] 遇到非有限 loss (NaN/Inf)，跳过该 batch
[2025-12-08 10:06:41,786] [WARNING] 遇到非有限 loss (NaN/Inf)，跳过该 batch
[2025-12-08 10:06:41,794] [WARNING] 遇到非有限 loss (NaN/Inf)，跳过该 batch
[2025-12-08 10:06:41,802] [WARNING] 遇到非有限 loss (NaN/Inf)，跳过该 batch
[2025-12-08 10:06:41,810] [WARNING] 遇到非有限 loss (NaN/Inf)，跳过该 batch
[2025-12-08 10:06:41,819] [WARNING] 遇到非有限 loss (NaN/Inf)，跳过该 batch
[2025-12-08 10:06:41,829] [WARNING] 遇到非有限 loss (NaN/Inf)，跳过该 batch
[2025-12-08 10:06:41,838] [WARNING] 遇到非有限 loss (NaN/Inf)，跳过该 batch
[2025-12-08 10:06:41,849] [WARNING] 遇到非有限 loss (NaN/Inf)，跳过该 batch
[2025-12-08 10:06:41,858] [WARNING] 遇到非有限 loss (NaN/Inf)，跳过该 batch
[2025-12-08 10:06:41,869] [WARNING] 遇到非有限 loss (NaN/Inf)，跳过该 batch
[2025-12-08 10:06:41,879] [WARNING] 遇到非有限 loss (NaN/Inf)，跳过该 batch
[2025-12-08 10:06:41,889] [WARNING] 遇到非有限 loss (NaN/Inf)，跳过该 batch
[2025-12-08 10:06:41,897] [WARNING] 遇到非有限 loss (NaN/Inf)，跳过该 batch
[2025-12-08 10:06:41,907] [WARNING] 遇到非有限 loss (NaN/Inf)，跳过该 batch
[2025-12-08 10:06:41,914] [WARNING] 遇到非有限 loss (NaN/Inf)，跳过该 batch
[2025-12-08 10:06:41,922] [WARNING] 遇到非有限 loss (NaN/Inf)，跳过该 batch
[2025-12-08 10:06:41,930] [WARNING] 遇到非有限 loss (NaN/Inf)，跳过该 batch
[2025-12-08 10:06:41,938] [WARNING] 遇到非有限 loss (NaN/Inf)，跳过该 batch
[2025-12-08 10:06:41,946] [WARNING] 遇到非有限 loss (NaN/Inf)，跳过该 batch
[2025-12-08 10:06:41,955] [WARNING] 遇到非有限 loss (NaN/Inf)，跳过该 batch
[2025-12-08 10:06:41,963] [WARNING] 遇到非有限 loss (NaN/Inf)，跳过该 batch
[2025-12-08 10:06:41,972] [WARNING] 遇到非有限 loss (NaN/Inf)，跳过该 batch
[2025-12-08 10:06:41,981] [WARNING] 遇到非有限 loss (NaN/Inf)，跳过该 batch
[2025-12-08 10:06:41,988] [WARNING] 遇到非有限 loss (NaN/Inf)，跳过该 batch
[2025-12-08 10:06:41,996] [WARNING] 遇到非有限 loss (NaN/Inf)，跳过该 batch
[2025-12-08 10:06:42,004] [WARNING] 遇到非有限 loss (NaN/Inf)，跳过该 batch
[2025-12-08 10:06:42,012] [WARNING] 遇到非有限 loss (NaN/Inf)，跳过该 batch
[2025-12-08 10:06:42,019] [WARNING] 遇到非有限 loss (NaN/Inf)，跳过该 batch
[2025-12-08 10:06:42,029] [WARNING] 遇到非有限 loss (NaN/Inf)，跳过该 batch
[2025-12-08 10:06:42,039] [WARNING] 遇到非有限 loss (NaN/Inf)，跳过该 batch
[2025-12-08 10:06:42,047] [WARNING] 遇到非有限 loss (NaN/Inf)，跳过该 batch
[2025-12-08 10:06:42,055] [WARNING] 遇到非有限 loss (NaN/Inf)，跳过该 batch
[2025-12-08 10:06:42,062] [WARNING] 遇到非有限 loss (NaN/Inf)，跳过该 batch
[2025-12-08 10:06:42,070] [WARNING] 遇到非有限 loss (NaN/Inf)，跳过该 batch
[2025-12-08 10:06:42,078] [WARNING] 遇到非有限 loss (NaN/Inf)，跳过该 batch
[2025-12-08 10:06:42,086] [WARNING] 遇到非有限 loss (NaN/Inf)，跳过该 batch
[2025-12-08 10:06:42,095] [WARNING] 遇到非有限 loss (NaN/Inf)，跳过该 batch
[2025-12-08 10:06:42,103] [WARNING] 遇到非有限 loss (NaN/Inf)，跳过该 batch
[2025-12-08 10:06:42,114] [WARNING] 遇到非有限 loss (NaN/Inf)，跳过该 batch
[2025-12-08 10:06:42,123] [WARNING] 遇到非有限 loss (NaN/Inf)，跳过该 batch
[2025-12-08 10:06:42,131] [WARNING] 遇到非有限 loss (NaN/Inf)，跳过该 batch
[2025-12-08 10:06:42,143] [WARNING] 遇到非有限 loss (NaN/Inf)，跳过该 batch
[2025-12-08 10:06:42,151] [WARNING] 遇到非有限 loss (NaN/Inf)，跳过该 batch
[2025-12-08 10:06:42,160] [WARNING] 遇到非有限 loss (NaN/Inf)，跳过该 batch
[2025-12-08 10:06:42,169] [WARNING] 遇到非有限 loss (NaN/Inf)，跳过该 batch
[2025-12-08 10:06:42,177] [WARNING] 遇到非有限 loss (NaN/Inf)，跳过该 batch
[2025-12-08 10:06:42,186] [WARNING] 遇到非有限 loss (NaN/Inf)，跳过该 batch
[2025-12-08 10:06:42,198] [WARNING] 遇到非有限 loss (NaN/Inf)，跳过该 batch
[2025-12-08 10:06:42,207] [WARNING] 遇到非有限 loss (NaN/Inf)，跳过该 batch
[2025-12-08 10:06:42,216] [WARNING] 遇到非有限 loss (NaN/Inf)，跳过该 batch
[2025-12-08 10:06:42,224] [WARNING] 遇到非有限 loss (NaN/Inf)，跳过该 batch
[2025-12-08 10:06:42,232] [WARNING] 遇到非有限 loss (NaN/Inf)，跳过该 batch
[2025-12-08 10:06:42,241] [WARNING] 遇到非有限 loss (NaN/Inf)，跳过该 batch
[2025-12-08 10:06:42,251] [WARNING] 遇到非有限 loss (NaN/Inf)，跳过该 batch
[2025-12-08 10:06:42,259] [WARNING] 遇到非有限 loss (NaN/Inf)，跳过该 batch
[2025-12-08 10:06:42,266] [WARNING] 遇到非有限 loss (NaN/Inf)，跳过该 batch
[2025-12-08 10:06:42,275] [WARNING] 遇到非有限 loss (NaN/Inf)，跳过该 batch
[2025-12-08 10:06:42,285] [WARNING] 遇到非有限 loss (NaN/Inf)，跳过该 batch
[2025-12-08 10:06:42,294] [WARNING] 遇到非有限 loss (NaN/Inf)，跳过该 batch
[2025-12-08 10:06:42,303] [WARNING] 遇到非有限 loss (NaN/Inf)，跳过该 batch
[2025-12-08 10:06:42,312] [WARNING] 遇到非有限 loss (NaN/Inf)，跳过该 batch
[2025-12-08 10:06:42,319] [WARNING] 遇到非有限 loss (NaN/Inf)，跳过该 batch
[2025-12-08 10:06:42,327] [WARNING] 遇到非有限 loss (NaN/Inf)，跳过该 batch
[2025-12-08 10:06:42,336] [WARNING] 遇到非有限 loss (NaN/Inf)，跳过该 batch
[2025-12-08 10:06:42,343] [WARNING] 遇到非有限 loss (NaN/Inf)，跳过该 batch
[2025-12-08 10:06:42,351] [WARNING] 遇到非有限 loss (NaN/Inf)，跳过该 batch
[2025-12-08 10:06:42,360] [WARNING] 遇到非有限 loss (NaN/Inf)，跳过该 batch
[2025-12-08 10:06:42,368] [WARNING] 遇到非有限 loss (NaN/Inf)，跳过该 batch
[2025-12-08 10:06:42,376] [WARNING] 遇到非有限 loss (NaN/Inf)，跳过该 batch
[2025-12-08 10:06:42,384] [WARNING] 遇到非有限 loss (NaN/Inf)，跳过该 batch
[2025-12-08 10:06:42,392] [WARNING] 遇到非有限 loss (NaN/Inf)，跳过该 batch
[2025-12-08 10:06:42,400] [WARNING] 遇到非有限 loss (NaN/Inf)，跳过该 batch
[2025-12-08 10:06:42,409] [WARNING] 遇到非有限 loss (NaN/Inf)，跳过该 batch
[2025-12-08 10:06:42,420] [WARNING] 遇到非有限 loss (NaN/Inf)，跳过该 batch
[2025-12-08 10:06:42,429] [WARNING] 遇到非有限 loss (NaN/Inf)，跳过该 batch
[2025-12-08 10:06:42,439] [WARNING] 遇到非有限 loss (NaN/Inf)，跳过该 batch
[2025-12-08 10:06:42,449] [WARNING] 遇到非有限 loss (NaN/Inf)，跳过该 batch
[2025-12-08 10:06:42,457] [WARNING] 遇到非有限 loss (NaN/Inf)，跳过该 batch
[2025-12-08 10:06:42,466] [WARNING] 遇到非有限 loss (NaN/Inf)，跳过该 batch
[2025-12-08 10:06:42,475] [WARNING] 遇到非有限 loss (NaN/Inf)，跳过该 batch
[2025-12-08 10:06:42,484] [WARNING] 遇到非有限 loss (NaN/Inf)，跳过该 batch
[2025-12-08 10:06:42,492] [WARNING] 遇到非有限 loss (NaN/Inf)，跳过该 batch
[2025-12-08 10:06:42,502] [WARNING] 遇到非有限 loss (NaN/Inf)，跳过该 batch
[2025-12-08 10:06:42,511] [WARNING] 遇到非有限 loss (NaN/Inf)，跳过该 batch
[2025-12-08 10:06:42,521] [WARNING] 遇到非有限 loss (NaN/Inf)，跳过该 batch
[2025-12-08 10:06:42,531] [WARNING] 遇到非有限 loss (NaN/Inf)，跳过该 batch
[2025-12-08 10:06:42,540] [WARNING] 遇到非有限 loss (NaN/Inf)，跳过该 batch
[2025-12-08 10:06:42,548] [WARNING] 遇到非有限 loss (NaN/Inf)，跳过该 batch
[2025-12-08 10:06:42,556] [WARNING] 遇到非有限 loss (NaN/Inf)，跳过该 batch
[2025-12-08 10:06:42,565] [WARNING] 遇到非有限 loss (NaN/Inf)，跳过该 batch
[2025-12-08 10:06:42,573] [WARNING] 遇到非有限 loss (NaN/Inf)，跳过该 batch
[2025-12-08 10:06:42,581] [WARNING] 遇到非有限 loss (NaN/Inf)，跳过该 batch
[2025-12-08 10:06:42,590] [WARNING] 遇到非有限 loss (NaN/Inf)，跳过该 batch
[2025-12-08 10:06:42,598] [WARNING] 遇到非有限 loss (NaN/Inf)，跳过该 batch
[2025-12-08 10:06:42,606] [WARNING] 遇到非有限 loss (NaN/Inf)，跳过该 batch
[2025-12-08 10:06:42,615] [WARNING] 遇到非有限 loss (NaN/Inf)，跳过该 batch
[2025-12-08 10:06:42,624] [WARNING] 遇到非有限 loss (NaN/Inf)，跳过该 batch
[2025-12-08 10:06:42,633] [WARNING] 遇到非有限 loss (NaN/Inf)，跳过该 batch
[2025-12-08 10:06:42,641] [WARNING] 遇到非有限 loss (NaN/Inf)，跳过该 batch
[2025-12-08 10:06:42,651] [WARNING] 遇到非有限 loss (NaN/Inf)，跳过该 batch
[2025-12-08 10:06:42,659] [WARNING] 遇到非有限 loss (NaN/Inf)，跳过该 batch
[2025-12-08 10:06:42,669] [WARNING] 遇到非有限 loss (NaN/Inf)，跳过该 batch
[2025-12-08 10:06:42,678] [WARNING] 遇到非有限 loss (NaN/Inf)，跳过该 batch
[2025-12-08 10:06:42,688] [WARNING] 遇到非有限 loss (NaN/Inf)，跳过该 batch
[2025-12-08 10:06:42,696] [WARNING] 遇到非有限 loss (NaN/Inf)，跳过该 batch
[2025-12-08 10:06:42,706] [WARNING] 遇到非有限 loss (NaN/Inf)，跳过该 batch
[2025-12-08 10:06:42,717] [WARNING] 遇到非有限 loss (NaN/Inf)，跳过该 batch
[2025-12-08 10:06:42,725] [WARNING] 遇到非有限 loss (NaN/Inf)，跳过该 batch
[2025-12-08 10:06:42,734] [WARNING] 遇到非有限 loss (NaN/Inf)，跳过该 batch
[2025-12-08 10:06:42,741] [WARNING] 遇到非有限 loss (NaN/Inf)，跳过该 batch
[2025-12-08 10:06:42,749] [WARNING] 遇到非有限 loss (NaN/Inf)，跳过该 batch
[2025-12-08 10:06:42,757] [WARNING] 遇到非有限 loss (NaN/Inf)，跳过该 batch
[2025-12-08 10:06:42,768] [WARNING] 遇到非有限 loss (NaN/Inf)，跳过该 batch
[2025-12-08 10:06:42,778] [WARNING] 遇到非有限 loss (NaN/Inf)，跳过该 batch
[2025-12-08 10:06:42,787] [WARNING] 遇到非有限 loss (NaN/Inf)，跳过该 batch
[2025-12-08 10:06:42,796] [WARNING] 遇到非有限 loss (NaN/Inf)，跳过该 batch
[2025-12-08 10:06:42,805] [WARNING] 遇到非有限 loss (NaN/Inf)，跳过该 batch
[2025-12-08 10:06:42,813] [WARNING] 遇到非有限 loss (NaN/Inf)，跳过该 batch
[2025-12-08 10:06:42,823] [WARNING] 遇到非有限 loss (NaN/Inf)，跳过该 batch
[2025-12-08 10:06:42,833] [WARNING] 遇到非有限 loss (NaN/Inf)，跳过该 batch
[2025-12-08 10:06:42,842] [WARNING] 遇到非有限 loss (NaN/Inf)，跳过该 batch
[2025-12-08 10:06:42,850] [WARNING] 遇到非有限 loss (NaN/Inf)，跳过该 batch
[2025-12-08 10:06:42,858] [WARNING] 遇到非有限 loss (NaN/Inf)，跳过该 batch
[2025-12-08 10:06:42,867] [WARNING] 遇到非有限 loss (NaN/Inf)，跳过该 batch
[2025-12-08 10:06:42,874] [WARNING] 遇到非有限 loss (NaN/Inf)，跳过该 batch
[2025-12-08 10:06:42,883] [WARNING] 遇到非有限 loss (NaN/Inf)，跳过该 batch
[2025-12-08 10:06:42,893] [WARNING] 遇到非有限 loss (NaN/Inf)，跳过该 batch
[2025-12-08 10:06:42,902] [WARNING] 遇到非有限 loss (NaN/Inf)，跳过该 batch
[2025-12-08 10:06:42,910] [WARNING] 遇到非有限 loss (NaN/Inf)，跳过该 batch
[2025-12-08 10:06:42,918] [WARNING] 遇到非有限 loss (NaN/Inf)，跳过该 batch
[2025-12-08 10:06:42,926] [WARNING] 遇到非有限 loss (NaN/Inf)，跳过该 batch
[2025-12-08 10:06:42,934] [WARNING] 遇到非有限 loss (NaN/Inf)，跳过该 batch
[2025-12-08 10:06:42,944] [WARNING] 遇到非有限 loss (NaN/Inf)，跳过该 batch
[2025-12-08 10:06:42,960] [WARNING] 遇到非有限 loss (NaN/Inf)，跳过该 batch
[2025-12-08 10:06:42,971] [WARNING] 遇到非有限 loss (NaN/Inf)，跳过该 batch
[2025-12-08 10:06:42,980] [WARNING] 遇到非有限 loss (NaN/Inf)，跳过该 batch
[2025-12-08 10:06:42,989] [WARNING] 遇到非有限 loss (NaN/Inf)，跳过该 batch
[2025-12-08 10:06:42,997] [WARNING] 遇到非有限 loss (NaN/Inf)，跳过该 batch
[2025-12-08 10:06:43,011] [WARNING] 遇到非有限 loss (NaN/Inf)，跳过该 batch
[2025-12-08 10:06:43,020] [WARNING] 遇到非有限 loss (NaN/Inf)，跳过该 batch
[2025-12-08 10:06:43,028] [WARNING] 遇到非有限 loss (NaN/Inf)，跳过该 batch
[2025-12-08 10:06:43,036] [WARNING] 遇到非有限 loss (NaN/Inf)，跳过该 batch
[2025-12-08 10:06:43,043] [WARNING] 遇到非有限 loss (NaN/Inf)，跳过该 batch
[2025-12-08 10:06:43,052] [WARNING] 遇到非有限 loss (NaN/Inf)，跳过该 batch
[2025-12-08 10:06:43,060] [WARNING] 遇到非有限 loss (NaN/Inf)，跳过该 batch
[2025-12-08 10:06:43,068] [WARNING] 遇到非有限 loss (NaN/Inf)，跳过该 batch
[2025-12-08 10:06:43,076] [WARNING] 遇到非有限 loss (NaN/Inf)，跳过该 batch
[2025-12-08 10:06:43,084] [WARNING] 遇到非有限 loss (NaN/Inf)，跳过该 batch
[2025-12-08 10:06:43,092] [WARNING] 遇到非有限 loss (NaN/Inf)，跳过该 batch
[2025-12-08 10:06:43,100] [WARNING] 遇到非有限 loss (NaN/Inf)，跳过该 batch
[2025-12-08 10:06:43,110] [WARNING] 遇到非有限 loss (NaN/Inf)，跳过该 batch
[2025-12-08 10:06:43,118] [WARNING] 遇到非有限 loss (NaN/Inf)，跳过该 batch
[2025-12-08 10:06:43,126] [WARNING] 遇到非有限 loss (NaN/Inf)，跳过该 batch
[2025-12-08 10:06:43,134] [WARNING] 遇到非有限 loss (NaN/Inf)，跳过该 batch
[2025-12-08 10:06:43,142] [WARNING] 遇到非有限 loss (NaN/Inf)，跳过该 batch
[2025-12-08 10:06:43,150] [WARNING] 遇到非有限 loss (NaN/Inf)，跳过该 batch
[2025-12-08 10:06:43,160] [WARNING] 遇到非有限 loss (NaN/Inf)，跳过该 batch
[2025-12-08 10:06:43,167] [WARNING] 遇到非有限 loss (NaN/Inf)，跳过该 batch
[2025-12-08 10:06:43,175] [WARNING] 遇到非有限 loss (NaN/Inf)，跳过该 batch
[2025-12-08 10:06:43,185] [WARNING] 遇到非有限 loss (NaN/Inf)，跳过该 batch
[2025-12-08 10:06:43,194] [WARNING] 遇到非有限 loss (NaN/Inf)，跳过该 batch
[2025-12-08 10:06:43,202] [WARNING] 遇到非有限 loss (NaN/Inf)，跳过该 batch
[2025-12-08 10:06:43,212] [WARNING] 遇到非有限 loss (NaN/Inf)，跳过该 batch
[2025-12-08 10:06:43,219] [WARNING] 遇到非有限 loss (NaN/Inf)，跳过该 batch
[2025-12-08 10:06:43,227] [WARNING] 遇到非有限 loss (NaN/Inf)，跳过该 batch
[2025-12-08 10:06:43,236] [WARNING] 遇到非有限 loss (NaN/Inf)，跳过该 batch
[2025-12-08 10:06:43,243] [WARNING] 遇到非有限 loss (NaN/Inf)，跳过该 batch
[2025-12-08 10:06:43,252] [WARNING] 遇到非有限 loss (NaN/Inf)，跳过该 batch
[2025-12-08 10:06:43,260] [WARNING] 遇到非有限 loss (NaN/Inf)，跳过该 batch
[2025-12-08 10:06:43,268] [WARNING] 遇到非有限 loss (NaN/Inf)，跳过该 batch
[2025-12-08 10:06:43,276] [WARNING] 遇到非有限 loss (NaN/Inf)，跳过该 batch
[2025-12-08 10:06:43,285] [WARNING] 遇到非有限 loss (NaN/Inf)，跳过该 batch
[2025-12-08 10:06:43,293] [WARNING] 遇到非有限 loss (NaN/Inf)，跳过该 batch
[2025-12-08 10:06:43,301] [WARNING] 遇到非有限 loss (NaN/Inf)，跳过该 batch
[2025-12-08 10:06:43,311] [WARNING] 遇到非有限 loss (NaN/Inf)，跳过该 batch
[2025-12-08 10:06:43,319] [WARNING] 遇到非有限 loss (NaN/Inf)，跳过该 batch
[2025-12-08 10:06:43,330] [WARNING] 遇到非有限 loss (NaN/Inf)，跳过该 batch
[2025-12-08 10:06:43,339] [WARNING] 遇到非有限 loss (NaN/Inf)，跳过该 batch
[2025-12-08 10:06:43,347] [WARNING] 遇到非有限 loss (NaN/Inf)，跳过该 batch
[2025-12-08 10:06:43,355] [WARNING] 遇到非有限 loss (NaN/Inf)，跳过该 batch
[2025-12-08 10:06:43,363] [WARNING] 遇到非有限 loss (NaN/Inf)，跳过该 batch
[2025-12-08 10:06:43,371] [WARNING] 遇到非有限 loss (NaN/Inf)，跳过该 batch
[2025-12-08 10:06:43,380] [WARNING] 遇到非有限 loss (NaN/Inf)，跳过该 batch
[2025-12-08 10:06:43,388] [WARNING] 遇到非有限 loss (NaN/Inf)，跳过该 batch
[2025-12-08 10:06:43,396] [WARNING] 遇到非有限 loss (NaN/Inf)，跳过该 batch
[2025-12-08 10:06:43,404] [WARNING] 遇到非有限 loss (NaN/Inf)，跳过该 batch
[2025-12-08 10:06:43,412] [WARNING] 遇到非有限 loss (NaN/Inf)，跳过该 batch
[2025-12-08 10:06:43,421] [WARNING] 遇到非有限 loss (NaN/Inf)，跳过该 batch
[2025-12-08 10:06:43,429] [WARNING] 遇到非有限 loss (NaN/Inf)，跳过该 batch
[2025-12-08 10:06:43,436] [WARNING] 遇到非有限 loss (NaN/Inf)，跳过该 batch
[2025-12-08 10:06:43,445] [WARNING] 遇到非有限 loss (NaN/Inf)，跳过该 batch
[2025-12-08 10:06:43,453] [WARNING] 遇到非有限 loss (NaN/Inf)，跳过该 batch
[2025-12-08 10:06:43,461] [WARNING] 遇到非有限 loss (NaN/Inf)，跳过该 batch
[2025-12-08 10:06:43,470] [WARNING] 遇到非有限 loss (NaN/Inf)，跳过该 batch
[2025-12-08 10:06:43,478] [WARNING] 遇到非有限 loss (NaN/Inf)，跳过该 batch
[2025-12-08 10:06:43,488] [WARNING] 遇到非有限 loss (NaN/Inf)，跳过该 batch
[2025-12-08 10:06:43,496] [WARNING] 遇到非有限 loss (NaN/Inf)，跳过该 batch
[2025-12-08 10:06:43,506] [WARNING] 遇到非有限 loss (NaN/Inf)，跳过该 batch
[2025-12-08 10:06:43,516] [WARNING] 遇到非有限 loss (NaN/Inf)，跳过该 batch
[2025-12-08 10:06:43,525] [WARNING] 遇到非有限 loss (NaN/Inf)，跳过该 batch
[2025-12-08 10:06:43,534] [WARNING] 遇到非有限 loss (NaN/Inf)，跳过该 batch
[2025-12-08 10:06:43,542] [WARNING] 遇到非有限 loss (NaN/Inf)，跳过该 batch
[2025-12-08 10:06:43,551] [WARNING] 遇到非有限 loss (NaN/Inf)，跳过该 batch
[2025-12-08 10:06:43,560] [WARNING] 遇到非有限 loss (NaN/Inf)，跳过该 batch
[2025-12-08 10:06:43,569] [WARNING] 遇到非有限 loss (NaN/Inf)，跳过该 batch
[2025-12-08 10:06:43,577] [WARNING] 遇到非有限 loss (NaN/Inf)，跳过该 batch
[2025-12-08 10:06:43,586] [WARNING] 遇到非有限 loss (NaN/Inf)，跳过该 batch
[2025-12-08 10:06:43,594] [WARNING] 遇到非有限 loss (NaN/Inf)，跳过该 batch
[2025-12-08 10:06:43,603] [WARNING] 遇到非有限 loss (NaN/Inf)，跳过该 batch
[2025-12-08 10:06:43,612] [WARNING] 遇到非有限 loss (NaN/Inf)，跳过该 batch
[2025-12-08 10:06:43,621] [WARNING] 遇到非有限 loss (NaN/Inf)，跳过该 batch
[2025-12-08 10:06:43,629] [WARNING] 遇到非有限 loss (NaN/Inf)，跳过该 batch
[2025-12-08 10:06:43,638] [WARNING] 遇到非有限 loss (NaN/Inf)，跳过该 batch
[2025-12-08 10:06:43,647] [WARNING] 遇到非有限 loss (NaN/Inf)，跳过该 batch
[2025-12-08 10:06:43,655] [WARNING] 遇到非有限 loss (NaN/Inf)，跳过该 batch
[2025-12-08 10:06:43,663] [WARNING] 遇到非有限 loss (NaN/Inf)，跳过该 batch
[2025-12-08 10:06:43,671] [WARNING] 遇到非有限 loss (NaN/Inf)，跳过该 batch
[2025-12-08 10:06:43,679] [WARNING] 遇到非有限 loss (NaN/Inf)，跳过该 batch
[2025-12-08 10:06:43,688] [WARNING] 遇到非有限 loss (NaN/Inf)，跳过该 batch
[2025-12-08 10:06:43,696] [WARNING] 遇到非有限 loss (NaN/Inf)，跳过该 batch
[2025-12-08 10:06:43,705] [WARNING] 遇到非有限 loss (NaN/Inf)，跳过该 batch
[2025-12-08 10:06:43,713] [WARNING] 遇到非有限 loss (NaN/Inf)，跳过该 batch
[2025-12-08 10:06:43,722] [WARNING] 遇到非有限 loss (NaN/Inf)，跳过该 batch
[2025-12-08 10:06:43,730] [WARNING] 遇到非有限 loss (NaN/Inf)，跳过该 batch
[2025-12-08 10:06:43,739] [WARNING] 遇到非有限 loss (NaN/Inf)，跳过该 batch
[2025-12-08 10:06:43,750] [WARNING] 遇到非有限 loss (NaN/Inf)，跳过该 batch
[2025-12-08 10:06:43,759] [WARNING] 遇到非有限 loss (NaN/Inf)，跳过该 batch
[2025-12-08 10:06:43,769] [WARNING] 遇到非有限 loss (NaN/Inf)，跳过该 batch
[2025-12-08 10:06:43,779] [WARNING] 遇到非有限 loss (NaN/Inf)，跳过该 batch
[2025-12-08 10:06:43,788] [WARNING] 遇到非有限 loss (NaN/Inf)，跳过该 batch
[2025-12-08 10:06:43,796] [WARNING] 遇到非有限 loss (NaN/Inf)，跳过该 batch
[2025-12-08 10:06:43,805] [WARNING] 遇到非有限 loss (NaN/Inf)，跳过该 batch
[2025-12-08 10:06:43,814] [WARNING] 遇到非有限 loss (NaN/Inf)，跳过该 batch
[2025-12-08 10:06:43,822] [WARNING] 遇到非有限 loss (NaN/Inf)，跳过该 batch
[2025-12-08 10:06:43,831] [WARNING] 遇到非有限 loss (NaN/Inf)，跳过该 batch
[2025-12-08 10:06:43,840] [WARNING] 遇到非有限 loss (NaN/Inf)，跳过该 batch
[2025-12-08 10:06:43,849] [WARNING] 遇到非有限 loss (NaN/Inf)，跳过该 batch
[2025-12-08 10:06:43,857] [WARNING] 遇到非有限 loss (NaN/Inf)，跳过该 batch
[2025-12-08 10:06:43,866] [WARNING] 遇到非有限 loss (NaN/Inf)，跳过该 batch
[2025-12-08 10:06:43,874] [WARNING] 遇到非有限 loss (NaN/Inf)，跳过该 batch
[2025-12-08 10:06:43,883] [WARNING] 遇到非有限 loss (NaN/Inf)，跳过该 batch
[2025-12-08 10:06:43,892] [WARNING] 遇到非有限 loss (NaN/Inf)，跳过该 batch
[2025-12-08 10:06:43,902] [WARNING] 遇到非有限 loss (NaN/Inf)，跳过该 batch
[2025-12-08 10:06:43,910] [WARNING] 遇到非有限 loss (NaN/Inf)，跳过该 batch
[2025-12-08 10:06:43,918] [WARNING] 遇到非有限 loss (NaN/Inf)，跳过该 batch
[2025-12-08 10:06:43,927] [WARNING] 遇到非有限 loss (NaN/Inf)，跳过该 batch
[2025-12-08 10:06:43,935] [WARNING] 遇到非有限 loss (NaN/Inf)，跳过该 batch
[2025-12-08 10:06:43,945] [WARNING] 遇到非有限 loss (NaN/Inf)，跳过该 batch
[2025-12-08 10:06:43,953] [WARNING] 遇到非有限 loss (NaN/Inf)，跳过该 batch
[2025-12-08 10:06:43,963] [WARNING] 遇到非有限 loss (NaN/Inf)，跳过该 batch
[2025-12-08 10:06:43,972] [WARNING] 遇到非有限 loss (NaN/Inf)，跳过该 batch
[2025-12-08 10:06:43,980] [WARNING] 遇到非有限 loss (NaN/Inf)，跳过该 batch
[2025-12-08 10:06:43,990] [WARNING] 遇到非有限 loss (NaN/Inf)，跳过该 batch
[2025-12-08 10:06:43,998] [WARNING] 遇到非有限 loss (NaN/Inf)，跳过该 batch
[2025-12-08 10:06:44,009] [WARNING] 遇到非有限 loss (NaN/Inf)，跳过该 batch
[2025-12-08 10:06:44,016] [WARNING] 遇到非有限 loss (NaN/Inf)，跳过该 batch
[2025-12-08 10:06:44,025] [WARNING] 遇到非有限 loss (NaN/Inf)，跳过该 batch
[2025-12-08 10:06:44,034] [WARNING] 遇到非有限 loss (NaN/Inf)，跳过该 batch
[2025-12-08 10:06:44,044] [WARNING] 遇到非有限 loss (NaN/Inf)，跳过该 batch
[2025-12-08 10:06:44,053] [WARNING] 遇到非有限 loss (NaN/Inf)，跳过该 batch
[2025-12-08 10:06:44,062] [WARNING] 遇到非有限 loss (NaN/Inf)，跳过该 batch
[2025-12-08 10:06:44,072] [WARNING] 遇到非有限 loss (NaN/Inf)，跳过该 batch
[2025-12-08 10:06:44,083] [WARNING] 遇到非有限 loss (NaN/Inf)，跳过该 batch
[2025-12-08 10:06:44,092] [WARNING] 遇到非有限 loss (NaN/Inf)，跳过该 batch
[2025-12-08 10:06:44,101] [WARNING] 遇到非有限 loss (NaN/Inf)，跳过该 batch
[2025-12-08 10:06:44,109] [WARNING] 遇到非有限 loss (NaN/Inf)，跳过该 batch
[2025-12-08 10:06:44,118] [WARNING] 遇到非有限 loss (NaN/Inf)，跳过该 batch
[2025-12-08 10:06:44,128] [WARNING] 遇到非有限 loss (NaN/Inf)，跳过该 batch
[2025-12-08 10:06:44,137] [WARNING] 遇到非有限 loss (NaN/Inf)，跳过该 batch
[2025-12-08 10:06:44,146] [WARNING] 遇到非有限 loss (NaN/Inf)，跳过该 batch
[2025-12-08 10:06:44,154] [WARNING] 遇到非有限 loss (NaN/Inf)，跳过该 batch
[2025-12-08 10:06:44,163] [WARNING] 遇到非有限 loss (NaN/Inf)，跳过该 batch
[2025-12-08 10:06:44,171] [WARNING] 遇到非有限 loss (NaN/Inf)，跳过该 batch
[2025-12-08 10:06:44,180] [WARNING] 遇到非有限 loss (NaN/Inf)，跳过该 batch
[2025-12-08 10:06:44,189] [WARNING] 遇到非有限 loss (NaN/Inf)，跳过该 batch
[2025-12-08 10:06:44,199] [WARNING] 遇到非有限 loss (NaN/Inf)，跳过该 batch
[2025-12-08 10:06:44,207] [WARNING] 遇到非有限 loss (NaN/Inf)，跳过该 batch
[2025-12-08 10:06:44,216] [WARNING] 遇到非有限 loss (NaN/Inf)，跳过该 batch
[2025-12-08 10:06:44,225] [WARNING] 遇到非有限 loss (NaN/Inf)，跳过该 batch
[2025-12-08 10:06:44,233] [WARNING] 遇到非有限 loss (NaN/Inf)，跳过该 batch
[2025-12-08 10:06:44,242] [WARNING] 遇到非有限 loss (NaN/Inf)，跳过该 batch
[2025-12-08 10:06:44,250] [WARNING] 遇到非有限 loss (NaN/Inf)，跳过该 batch
[2025-12-08 10:06:44,260] [WARNING] 遇到非有限 loss (NaN/Inf)，跳过该 batch
[2025-12-08 10:06:44,269] [WARNING] 遇到非有限 loss (NaN/Inf)，跳过该 batch
[2025-12-08 10:06:44,279] [WARNING] 遇到非有限 loss (NaN/Inf)，跳过该 batch
[2025-12-08 10:06:44,287] [WARNING] 遇到非有限 loss (NaN/Inf)，跳过该 batch
[2025-12-08 10:06:44,295] [WARNING] 遇到非有限 loss (NaN/Inf)，跳过该 batch
[2025-12-08 10:06:44,304] [WARNING] 遇到非有限 loss (NaN/Inf)，跳过该 batch
[2025-12-08 10:06:44,313] [WARNING] 遇到非有限 loss (NaN/Inf)，跳过该 batch
[2025-12-08 10:06:44,321] [WARNING] 遇到非有限 loss (NaN/Inf)，跳过该 batch
[2025-12-08 10:06:44,330] [WARNING] 遇到非有限 loss (NaN/Inf)，跳过该 batch
[2025-12-08 10:06:44,338] [WARNING] 遇到非有限 loss (NaN/Inf)，跳过该 batch
[2025-12-08 10:06:44,346] [WARNING] 遇到非有限 loss (NaN/Inf)，跳过该 batch
[2025-12-08 10:06:44,356] [WARNING] 遇到非有限 loss (NaN/Inf)，跳过该 batch
[2025-12-08 10:06:44,364] [WARNING] 遇到非有限 loss (NaN/Inf)，跳过该 batch
[2025-12-08 10:06:44,373] [WARNING] 遇到非有限 loss (NaN/Inf)，跳过该 batch
[2025-12-08 10:06:44,382] [WARNING] 遇到非有限 loss (NaN/Inf)，跳过该 batch
[2025-12-08 10:06:44,391] [WARNING] 遇到非有限 loss (NaN/Inf)，跳过该 batch
[2025-12-08 10:06:44,400] [WARNING] 遇到非有限 loss (NaN/Inf)，跳过该 batch
[2025-12-08 10:06:44,408] [WARNING] 遇到非有限 loss (NaN/Inf)，跳过该 batch
[2025-12-08 10:06:44,418] [WARNING] 遇到非有限 loss (NaN/Inf)，跳过该 batch
[2025-12-08 10:06:44,427] [WARNING] 遇到非有限 loss (NaN/Inf)，跳过该 batch
[2025-12-08 10:06:44,437] [WARNING] 遇到非有限 loss (NaN/Inf)，跳过该 batch
[2025-12-08 10:06:44,445] [WARNING] 遇到非有限 loss (NaN/Inf)，跳过该 batch
[2025-12-08 10:06:44,453] [WARNING] 遇到非有限 loss (NaN/Inf)，跳过该 batch
[2025-12-08 10:06:44,463] [WARNING] 遇到非有限 loss (NaN/Inf)，跳过该 batch
[2025-12-08 10:06:44,473] [WARNING] 遇到非有限 loss (NaN/Inf)，跳过该 batch
[2025-12-08 10:06:44,481] [WARNING] 遇到非有限 loss (NaN/Inf)，跳过该 batch
[2025-12-08 10:06:44,490] [WARNING] 遇到非有限 loss (NaN/Inf)，跳过该 batch
[2025-12-08 10:06:44,498] [WARNING] 遇到非有限 loss (NaN/Inf)，跳过该 batch
[2025-12-08 10:06:44,507] [WARNING] 遇到非有限 loss (NaN/Inf)，跳过该 batch
[2025-12-08 10:06:44,515] [WARNING] 遇到非有限 loss (NaN/Inf)，跳过该 batch
[2025-12-08 10:06:44,523] [WARNING] 遇到非有限 loss (NaN/Inf)，跳过该 batch
[2025-12-08 10:06:44,532] [WARNING] 遇到非有限 loss (NaN/Inf)，跳过该 batch
[2025-12-08 10:06:44,541] [WARNING] 遇到非有限 loss (NaN/Inf)，跳过该 batch
[2025-12-08 10:06:44,550] [WARNING] 遇到非有限 loss (NaN/Inf)，跳过该 batch
[2025-12-08 10:06:44,559] [WARNING] 遇到非有限 loss (NaN/Inf)，跳过该 batch
[2025-12-08 10:06:44,568] [WARNING] 遇到非有限 loss (NaN/Inf)，跳过该 batch
[2025-12-08 10:06:44,576] [WARNING] 遇到非有限 loss (NaN/Inf)，跳过该 batch
[2025-12-08 10:06:44,585] [WARNING] 遇到非有限 loss (NaN/Inf)，跳过该 batch
[2025-12-08 10:06:44,594] [WARNING] 遇到非有限 loss (NaN/Inf)，跳过该 batch
[2025-12-08 10:06:44,603] [WARNING] 遇到非有限 loss (NaN/Inf)，跳过该 batch
[2025-12-08 10:06:44,611] [WARNING] 遇到非有限 loss (NaN/Inf)，跳过该 batch
[2025-12-08 10:06:44,620] [WARNING] 遇到非有限 loss (NaN/Inf)，跳过该 batch
[2025-12-08 10:06:44,628] [WARNING] 遇到非有限 loss (NaN/Inf)，跳过该 batch
[2025-12-08 10:06:44,636] [WARNING] 遇到非有限 loss (NaN/Inf)，跳过该 batch
[2025-12-08 10:06:44,646] [WARNING] 遇到非有限 loss (NaN/Inf)，跳过该 batch
[2025-12-08 10:06:44,654] [WARNING] 遇到非有限 loss (NaN/Inf)，跳过该 batch
[2025-12-08 10:06:44,662] [WARNING] 遇到非有限 loss (NaN/Inf)，跳过该 batch
[2025-12-08 10:06:44,671] [WARNING] 遇到非有限 loss (NaN/Inf)，跳过该 batch
[2025-12-08 10:06:44,679] [WARNING] 遇到非有限 loss (NaN/Inf)，跳过该 batch
[2025-12-08 10:06:44,687] [WARNING] 遇到非有限 loss (NaN/Inf)，跳过该 batch
[2025-12-08 10:06:44,696] [WARNING] 遇到非有限 loss (NaN/Inf)，跳过该 batch
[2025-12-08 10:06:44,704] [WARNING] 遇到非有限 loss (NaN/Inf)，跳过该 batch
[2025-12-08 10:06:44,713] [WARNING] 遇到非有限 loss (NaN/Inf)，跳过该 batch
[2025-12-08 10:06:44,723] [WARNING] 遇到非有限 loss (NaN/Inf)，跳过该 batch
[2025-12-08 10:06:44,731] [WARNING] 遇到非有限 loss (NaN/Inf)，跳过该 batch
[2025-12-08 10:06:44,744] [WARNING] 遇到非有限 loss (NaN/Inf)，跳过该 batch
[2025-12-08 10:06:44,754] [WARNING] 遇到非有限 loss (NaN/Inf)，跳过该 batch
[2025-12-08 10:06:44,762] [WARNING] 遇到非有限 loss (NaN/Inf)，跳过该 batch
[2025-12-08 10:06:44,770] [WARNING] 遇到非有限 loss (NaN/Inf)，跳过该 batch
[2025-12-08 10:06:44,779] [WARNING] 遇到非有限 loss (NaN/Inf)，跳过该 batch
[2025-12-08 10:06:44,787] [WARNING] 遇到非有限 loss (NaN/Inf)，跳过该 batch
[2025-12-08 10:06:44,795] [WARNING] 遇到非有限 loss (NaN/Inf)，跳过该 batch
[2025-12-08 10:06:44,803] [WARNING] 遇到非有限 loss (NaN/Inf)，跳过该 batch
[2025-12-08 10:06:44,811] [WARNING] 遇到非有限 loss (NaN/Inf)，跳过该 batch
[2025-12-08 10:06:44,821] [WARNING] 遇到非有限 loss (NaN/Inf)，跳过该 batch
[2025-12-08 10:06:44,831] [WARNING] 遇到非有限 loss (NaN/Inf)，跳过该 batch
[2025-12-08 10:06:44,839] [WARNING] 遇到非有限 loss (NaN/Inf)，跳过该 batch
[2025-12-08 10:06:44,847] [WARNING] 遇到非有限 loss (NaN/Inf)，跳过该 batch
[2025-12-08 10:06:44,861] [WARNING] 遇到非有限 loss (NaN/Inf)，跳过该 batch
[2025-12-08 10:06:44,871] [WARNING] 遇到非有限 loss (NaN/Inf)，跳过该 batch
[2025-12-08 10:06:44,880] [WARNING] 遇到非有限 loss (NaN/Inf)，跳过该 batch
[2025-12-08 10:06:44,889] [WARNING] 遇到非有限 loss (NaN/Inf)，跳过该 batch
[2025-12-08 10:06:44,897] [WARNING] 遇到非有限 loss (NaN/Inf)，跳过该 batch
[2025-12-08 10:06:44,905] [WARNING] 遇到非有限 loss (NaN/Inf)，跳过该 batch
[2025-12-08 10:06:44,913] [WARNING] 遇到非有限 loss (NaN/Inf)，跳过该 batch
[2025-12-08 10:06:44,921] [WARNING] 遇到非有限 loss (NaN/Inf)，跳过该 batch
[2025-12-08 10:06:44,929] [WARNING] 遇到非有限 loss (NaN/Inf)，跳过该 batch
[2025-12-08 10:06:44,937] [WARNING] 遇到非有限 loss (NaN/Inf)，跳过该 batch
[2025-12-08 10:06:44,946] [WARNING] 遇到非有限 loss (NaN/Inf)，跳过该 batch
[2025-12-08 10:06:44,954] [WARNING] 遇到非有限 loss (NaN/Inf)，跳过该 batch
[2025-12-08 10:06:44,962] [WARNING] 遇到非有限 loss (NaN/Inf)，跳过该 batch
[2025-12-08 10:06:44,970] [WARNING] 遇到非有限 loss (NaN/Inf)，跳过该 batch
[2025-12-08 10:06:44,979] [WARNING] 遇到非有限 loss (NaN/Inf)，跳过该 batch
[2025-12-08 10:06:44,987] [WARNING] 遇到非有限 loss (NaN/Inf)，跳过该 batch
[2025-12-08 10:06:44,995] [WARNING] 遇到非有限 loss (NaN/Inf)，跳过该 batch
[2025-12-08 10:06:45,003] [WARNING] 遇到非有限 loss (NaN/Inf)，跳过该 batch
[2025-12-08 10:06:45,011] [WARNING] 遇到非有限 loss (NaN/Inf)，跳过该 batch
[2025-12-08 10:06:45,019] [WARNING] 遇到非有限 loss (NaN/Inf)，跳过该 batch
[2025-12-08 10:06:45,027] [WARNING] 遇到非有限 loss (NaN/Inf)，跳过该 batch
[2025-12-08 10:06:45,034] [WARNING] 遇到非有限 loss (NaN/Inf)，跳过该 batch
[2025-12-08 10:06:45,042] [WARNING] 遇到非有限 loss (NaN/Inf)，跳过该 batch
[2025-12-08 10:06:45,050] [WARNING] 遇到非有限 loss (NaN/Inf)，跳过该 batch
[2025-12-08 10:06:45,058] [WARNING] 遇到非有限 loss (NaN/Inf)，跳过该 batch
[2025-12-08 10:06:45,066] [WARNING] 遇到非有限 loss (NaN/Inf)，跳过该 batch
[2025-12-08 10:06:45,074] [WARNING] 遇到非有限 loss (NaN/Inf)，跳过该 batch
[2025-12-08 10:06:45,082] [WARNING] 遇到非有限 loss (NaN/Inf)，跳过该 batch
[2025-12-08 10:06:45,091] [WARNING] 遇到非有限 loss (NaN/Inf)，跳过该 batch
[2025-12-08 10:06:45,099] [WARNING] 遇到非有限 loss (NaN/Inf)，跳过该 batch
[2025-12-08 10:06:45,106] [WARNING] 遇到非有限 loss (NaN/Inf)，跳过该 batch
[2025-12-08 10:06:45,115] [WARNING] 遇到非有限 loss (NaN/Inf)，跳过该 batch
[2025-12-08 10:06:45,122] [WARNING] 遇到非有限 loss (NaN/Inf)，跳过该 batch
[2025-12-08 10:06:45,131] [WARNING] 遇到非有限 loss (NaN/Inf)，跳过该 batch
[2025-12-08 10:06:45,138] [WARNING] 遇到非有限 loss (NaN/Inf)，跳过该 batch
[2025-12-08 10:06:45,146] [WARNING] 遇到非有限 loss (NaN/Inf)，跳过该 batch
[2025-12-08 10:06:45,153] [WARNING] 遇到非有限 loss (NaN/Inf)，跳过该 batch
[2025-12-08 10:06:45,161] [WARNING] 遇到非有限 loss (NaN/Inf)，跳过该 batch
[2025-12-08 10:06:45,169] [WARNING] 遇到非有限 loss (NaN/Inf)，跳过该 batch
[2025-12-08 10:06:45,177] [WARNING] 遇到非有限 loss (NaN/Inf)，跳过该 batch
[2025-12-08 10:06:45,186] [WARNING] 遇到非有限 loss (NaN/Inf)，跳过该 batch
[2025-12-08 10:06:45,193] [WARNING] 遇到非有限 loss (NaN/Inf)，跳过该 batch
[2025-12-08 10:06:45,201] [WARNING] 遇到非有限 loss (NaN/Inf)，跳过该 batch
[2025-12-08 10:06:45,209] [WARNING] 遇到非有限 loss (NaN/Inf)，跳过该 batch
[2025-12-08 10:06:45,217] [WARNING] 遇到非有限 loss (NaN/Inf)，跳过该 batch
[2025-12-08 10:06:45,225] [WARNING] 遇到非有限 loss (NaN/Inf)，跳过该 batch
[2025-12-08 10:06:45,233] [WARNING] 遇到非有限 loss (NaN/Inf)，跳过该 batch
[2025-12-08 10:06:45,240] [WARNING] 遇到非有限 loss (NaN/Inf)，跳过该 batch
[2025-12-08 10:06:45,248] [WARNING] 遇到非有限 loss (NaN/Inf)，跳过该 batch
[2025-12-08 10:06:45,256] [WARNING] 遇到非有限 loss (NaN/Inf)，跳过该 batch
[2025-12-08 10:06:45,264] [WARNING] 遇到非有限 loss (NaN/Inf)，跳过该 batch
[2025-12-08 10:06:45,272] [WARNING] 遇到非有限 loss (NaN/Inf)，跳过该 batch
[2025-12-08 10:06:45,280] [WARNING] 遇到非有限 loss (NaN/Inf)，跳过该 batch
[2025-12-08 10:06:45,288] [WARNING] 遇到非有限 loss (NaN/Inf)，跳过该 batch
[2025-12-08 10:06:45,296] [WARNING] 遇到非有限 loss (NaN/Inf)，跳过该 batch
[2025-12-08 10:06:45,304] [WARNING] 遇到非有限 loss (NaN/Inf)，跳过该 batch
[2025-12-08 10:06:45,312] [WARNING] 遇到非有限 loss (NaN/Inf)，跳过该 batch
[2025-12-08 10:06:45,320] [WARNING] 遇到非有限 loss (NaN/Inf)，跳过该 batch
[2025-12-08 10:06:45,328] [WARNING] 遇到非有限 loss (NaN/Inf)，跳过该 batch
[2025-12-08 10:06:45,336] [WARNING] 遇到非有限 loss (NaN/Inf)，跳过该 batch
[2025-12-08 10:06:45,344] [WARNING] 遇到非有限 loss (NaN/Inf)，跳过该 batch
[2025-12-08 10:06:45,352] [WARNING] 遇到非有限 loss (NaN/Inf)，跳过该 batch
[2025-12-08 10:06:45,360] [WARNING] 遇到非有限 loss (NaN/Inf)，跳过该 batch
[2025-12-08 10:06:45,368] [WARNING] 遇到非有限 loss (NaN/Inf)，跳过该 batch
[2025-12-08 10:06:45,376] [WARNING] 遇到非有限 loss (NaN/Inf)，跳过该 batch
[2025-12-08 10:06:45,384] [WARNING] 遇到非有限 loss (NaN/Inf)，跳过该 batch
[2025-12-08 10:06:45,392] [WARNING] 遇到非有限 loss (NaN/Inf)，跳过该 batch
[2025-12-08 10:06:45,400] [WARNING] 遇到非有限 loss (NaN/Inf)，跳过该 batch
[2025-12-08 10:06:45,409] [WARNING] 遇到非有限 loss (NaN/Inf)，跳过该 batch
[2025-12-08 10:06:45,416] [WARNING] 遇到非有限 loss (NaN/Inf)，跳过该 batch
[2025-12-08 10:06:45,425] [WARNING] 遇到非有限 loss (NaN/Inf)，跳过该 batch
[2025-12-08 10:06:45,432] [WARNING] 遇到非有限 loss (NaN/Inf)，跳过该 batch
[2025-12-08 10:06:45,441] [WARNING] 遇到非有限 loss (NaN/Inf)，跳过该 batch
[2025-12-08 10:06:45,448] [WARNING] 遇到非有限 loss (NaN/Inf)，跳过该 batch
[2025-12-08 10:06:45,456] [WARNING] 遇到非有限 loss (NaN/Inf)，跳过该 batch
[2025-12-08 10:06:45,464] [WARNING] 遇到非有限 loss (NaN/Inf)，跳过该 batch
[2025-12-08 10:06:45,472] [WARNING] 遇到非有限 loss (NaN/Inf)，跳过该 batch
[2025-12-08 10:06:45,480] [WARNING] 遇到非有限 loss (NaN/Inf)，跳过该 batch
[2025-12-08 10:06:45,488] [WARNING] 遇到非有限 loss (NaN/Inf)，跳过该 batch
[2025-12-08 10:06:45,497] [WARNING] 遇到非有限 loss (NaN/Inf)，跳过该 batch
[2025-12-08 10:06:45,505] [WARNING] 遇到非有限 loss (NaN/Inf)，跳过该 batch
[2025-12-08 10:06:45,512] [WARNING] 遇到非有限 loss (NaN/Inf)，跳过该 batch
[2025-12-08 10:06:45,520] [WARNING] 遇到非有限 loss (NaN/Inf)，跳过该 batch
[2025-12-08 10:06:45,528] [WARNING] 遇到非有限 loss (NaN/Inf)，跳过该 batch
[2025-12-08 10:06:45,536] [WARNING] 遇到非有限 loss (NaN/Inf)，跳过该 batch
[2025-12-08 10:06:45,544] [WARNING] 遇到非有限 loss (NaN/Inf)，跳过该 batch
[2025-12-08 10:06:45,552] [WARNING] 遇到非有限 loss (NaN/Inf)，跳过该 batch
[2025-12-08 10:06:45,560] [WARNING] 遇到非有限 loss (NaN/Inf)，跳过该 batch
[2025-12-08 10:06:45,569] [WARNING] 遇到非有限 loss (NaN/Inf)，跳过该 batch
[2025-12-08 10:06:45,581] [WARNING] 遇到非有限 loss (NaN/Inf)，跳过该 batch
[2025-12-08 10:06:45,591] [WARNING] 遇到非有限 loss (NaN/Inf)，跳过该 batch
[2025-12-08 10:06:45,600] [WARNING] 遇到非有限 loss (NaN/Inf)，跳过该 batch
[2025-12-08 10:06:45,608] [WARNING] 遇到非有限 loss (NaN/Inf)，跳过该 batch
[2025-12-08 10:06:45,616] [WARNING] 遇到非有限 loss (NaN/Inf)，跳过该 batch
[2025-12-08 10:06:45,624] [WARNING] 遇到非有限 loss (NaN/Inf)，跳过该 batch
[2025-12-08 10:06:45,633] [WARNING] 遇到非有限 loss (NaN/Inf)，跳过该 batch
[2025-12-08 10:06:45,641] [WARNING] 遇到非有限 loss (NaN/Inf)，跳过该 batch
[2025-12-08 10:06:45,649] [WARNING] 遇到非有限 loss (NaN/Inf)，跳过该 batch
[2025-12-08 10:06:45,657] [WARNING] 遇到非有限 loss (NaN/Inf)，跳过该 batch
[2025-12-08 10:06:45,667] [WARNING] 遇到非有限 loss (NaN/Inf)，跳过该 batch
[2025-12-08 10:06:45,676] [WARNING] 遇到非有限 loss (NaN/Inf)，跳过该 batch
[2025-12-08 10:06:45,685] [WARNING] 遇到非有限 loss (NaN/Inf)，跳过该 batch
[2025-12-08 10:06:45,694] [WARNING] 遇到非有限 loss (NaN/Inf)，跳过该 batch
[2025-12-08 10:06:45,702] [WARNING] 遇到非有限 loss (NaN/Inf)，跳过该 batch
[2025-12-08 10:06:45,710] [WARNING] 遇到非有限 loss (NaN/Inf)，跳过该 batch
[2025-12-08 10:06:45,718] [WARNING] 遇到非有限 loss (NaN/Inf)，跳过该 batch
[2025-12-08 10:06:45,726] [WARNING] 遇到非有限 loss (NaN/Inf)，跳过该 batch
[2025-12-08 10:06:45,734] [WARNING] 遇到非有限 loss (NaN/Inf)，跳过该 batch
[2025-12-08 10:06:45,742] [WARNING] 遇到非有限 loss (NaN/Inf)，跳过该 batch
[2025-12-08 10:06:45,750] [WARNING] 遇到非有限 loss (NaN/Inf)，跳过该 batch
[2025-12-08 10:06:45,758] [WARNING] 遇到非有限 loss (NaN/Inf)，跳过该 batch
[2025-12-08 10:06:45,766] [WARNING] 遇到非有限 loss (NaN/Inf)，跳过该 batch
[2025-12-08 10:06:45,774] [WARNING] 遇到非有限 loss (NaN/Inf)，跳过该 batch
[2025-12-08 10:06:45,783] [WARNING] 遇到非有限 loss (NaN/Inf)，跳过该 batch
[2025-12-08 10:06:45,793] [WARNING] 遇到非有限 loss (NaN/Inf)，跳过该 batch
[2025-12-08 10:06:45,802] [WARNING] 遇到非有限 loss (NaN/Inf)，跳过该 batch
[2025-12-08 10:06:45,812] [WARNING] 遇到非有限 loss (NaN/Inf)，跳过该 batch
[2025-12-08 10:06:45,820] [WARNING] 遇到非有限 loss (NaN/Inf)，跳过该 batch
[2025-12-08 10:06:45,830] [WARNING] 遇到非有限 loss (NaN/Inf)，跳过该 batch
[2025-12-08 10:06:45,838] [WARNING] 遇到非有限 loss (NaN/Inf)，跳过该 batch
[2025-12-08 10:06:45,845] [WARNING] 遇到非有限 loss (NaN/Inf)，跳过该 batch
[2025-12-08 10:06:45,854] [WARNING] 遇到非有限 loss (NaN/Inf)，跳过该 batch
[2025-12-08 10:06:45,889] [WARNING] 遇到非有限 loss (NaN/Inf)，跳过该 batch
[2025-12-08 10:06:45,897] [WARNING] 遇到非有限 loss (NaN/Inf)，跳过该 batch
[2025-12-08 10:06:45,905] [WARNING] 遇到非有限 loss (NaN/Inf)，跳过该 batch
[2025-12-08 10:06:45,913] [WARNING] 遇到非有限 loss (NaN/Inf)，跳过该 batch
[2025-12-08 10:06:45,921] [WARNING] 遇到非有限 loss (NaN/Inf)，跳过该 batch
[2025-12-08 10:06:45,930] [WARNING] 遇到非有限 loss (NaN/Inf)，跳过该 batch
[2025-12-08 10:06:45,939] [WARNING] 遇到非有限 loss (NaN/Inf)，跳过该 batch
[2025-12-08 10:06:45,948] [WARNING] 遇到非有限 loss (NaN/Inf)，跳过该 batch
[2025-12-08 10:06:46,022] [INFO] 本 epoch（预测分支）平均训练损失: 0.000000
[2025-12-08 10:07:18,638] [INFO] [Eval] F1=0.8885, P=0.9256, R=0.8542, AUC=0.6618, thr=10.229253, point_adjust=True
[2025-12-08 10:07:18,896] [INFO] 已保存可视化图：./logs/smd_forecast/scores_epoch4.png
[2025-12-08 10:07:18,896] [INFO] ========== Epoch 5/50 ==========
[2025-12-08 10:07:19,093] [WARNING] 遇到非有限 loss (NaN/Inf)，跳过该 batch
[2025-12-08 10:07:19,104] [WARNING] 遇到非有限 loss (NaN/Inf)，跳过该 batch
[2025-12-08 10:07:19,124] [WARNING] 遇到非有限 loss (NaN/Inf)，跳过该 batch
[2025-12-08 10:07:19,131] [WARNING] 遇到非有限 loss (NaN/Inf)，跳过该 batch
[2025-12-08 10:07:19,139] [WARNING] 遇到非有限 loss (NaN/Inf)，跳过该 batch
[2025-12-08 10:07:19,150] [WARNING] 遇到非有限 loss (NaN/Inf)，跳过该 batch
[2025-12-08 10:07:19,157] [WARNING] 遇到非有限 loss (NaN/Inf)，跳过该 batch
[2025-12-08 10:07:19,164] [WARNING] 遇到非有限 loss (NaN/Inf)，跳过该 batch
[2025-12-08 10:07:19,171] [WARNING] 遇到非有限 loss (NaN/Inf)，跳过该 batch
[2025-12-08 10:07:19,180] [WARNING] 遇到非有限 loss (NaN/Inf)，跳过该 batch
[2025-12-08 10:07:19,188] [WARNING] 遇到非有限 loss (NaN/Inf)，跳过该 batch
[2025-12-08 10:07:19,196] [WARNING] 遇到非有限 loss (NaN/Inf)，跳过该 batch
[2025-12-08 10:07:19,203] [WARNING] 遇到非有限 loss (NaN/Inf)，跳过该 batch
[2025-12-08 10:07:19,212] [WARNING] 遇到非有限 loss (NaN/Inf)，跳过该 batch
[2025-12-08 10:07:19,220] [WARNING] 遇到非有限 loss (NaN/Inf)，跳过该 batch
[2025-12-08 10:07:19,228] [WARNING] 遇到非有限 loss (NaN/Inf)，跳过该 batch
[2025-12-08 10:07:19,237] [WARNING] 遇到非有限 loss (NaN/Inf)，跳过该 batch
[2025-12-08 10:07:19,245] [WARNING] 遇到非有限 loss (NaN/Inf)，跳过该 batch
[2025-12-08 10:07:19,253] [WARNING] 遇到非有限 loss (NaN/Inf)，跳过该 batch
[2025-12-08 10:07:19,262] [WARNING] 遇到非有限 loss (NaN/Inf)，跳过该 batch
[2025-12-08 10:07:19,269] [WARNING] 遇到非有限 loss (NaN/Inf)，跳过该 batch
[2025-12-08 10:07:19,277] [WARNING] 遇到非有限 loss (NaN/Inf)，跳过该 batch
[2025-12-08 10:07:19,285] [WARNING] 遇到非有限 loss (NaN/Inf)，跳过该 batch
[2025-12-08 10:07:19,294] [WARNING] 遇到非有限 loss (NaN/Inf)，跳过该 batch
[2025-12-08 10:07:19,302] [WARNING] 遇到非有限 loss (NaN/Inf)，跳过该 batch
[2025-12-08 10:07:19,310] [WARNING] 遇到非有限 loss (NaN/Inf)，跳过该 batch
[2025-12-08 10:07:19,318] [WARNING] 遇到非有限 loss (NaN/Inf)，跳过该 batch
[2025-12-08 10:07:19,326] [WARNING] 遇到非有限 loss (NaN/Inf)，跳过该 batch
[2025-12-08 10:07:19,333] [WARNING] 遇到非有限 loss (NaN/Inf)，跳过该 batch
[2025-12-08 10:07:19,342] [WARNING] 遇到非有限 loss (NaN/Inf)，跳过该 batch
[2025-12-08 10:07:19,350] [WARNING] 遇到非有限 loss (NaN/Inf)，跳过该 batch
[2025-12-08 10:07:19,358] [WARNING] 遇到非有限 loss (NaN/Inf)，跳过该 batch
[2025-12-08 10:07:19,366] [WARNING] 遇到非有限 loss (NaN/Inf)，跳过该 batch
[2025-12-08 10:07:19,374] [WARNING] 遇到非有限 loss (NaN/Inf)，跳过该 batch
[2025-12-08 10:07:19,382] [WARNING] 遇到非有限 loss (NaN/Inf)，跳过该 batch
[2025-12-08 10:07:19,390] [WARNING] 遇到非有限 loss (NaN/Inf)，跳过该 batch
[2025-12-08 10:07:19,398] [WARNING] 遇到非有限 loss (NaN/Inf)，跳过该 batch
[2025-12-08 10:07:19,406] [WARNING] 遇到非有限 loss (NaN/Inf)，跳过该 batch
[2025-12-08 10:07:19,414] [WARNING] 遇到非有限 loss (NaN/Inf)，跳过该 batch
[2025-12-08 10:07:19,422] [WARNING] 遇到非有限 loss (NaN/Inf)，跳过该 batch
[2025-12-08 10:07:19,431] [WARNING] 遇到非有限 loss (NaN/Inf)，跳过该 batch
[2025-12-08 10:07:19,440] [WARNING] 遇到非有限 loss (NaN/Inf)，跳过该 batch
[2025-12-08 10:07:19,448] [WARNING] 遇到非有限 loss (NaN/Inf)，跳过该 batch
[2025-12-08 10:07:19,456] [WARNING] 遇到非有限 loss (NaN/Inf)，跳过该 batch
[2025-12-08 10:07:19,464] [WARNING] 遇到非有限 loss (NaN/Inf)，跳过该 batch
[2025-12-08 10:07:19,473] [WARNING] 遇到非有限 loss (NaN/Inf)，跳过该 batch
[2025-12-08 10:07:19,481] [WARNING] 遇到非有限 loss (NaN/Inf)，跳过该 batch
[2025-12-08 10:07:19,489] [WARNING] 遇到非有限 loss (NaN/Inf)，跳过该 batch
[2025-12-08 10:07:19,497] [WARNING] 遇到非有限 loss (NaN/Inf)，跳过该 batch
[2025-12-08 10:07:19,505] [WARNING] 遇到非有限 loss (NaN/Inf)，跳过该 batch
[2025-12-08 10:07:19,513] [WARNING] 遇到非有限 loss (NaN/Inf)，跳过该 batch
[2025-12-08 10:07:19,521] [WARNING] 遇到非有限 loss (NaN/Inf)，跳过该 batch
[2025-12-08 10:07:19,529] [WARNING] 遇到非有限 loss (NaN/Inf)，跳过该 batch
[2025-12-08 10:07:19,538] [WARNING] 遇到非有限 loss (NaN/Inf)，跳过该 batch
[2025-12-08 10:07:19,546] [WARNING] 遇到非有限 loss (NaN/Inf)，跳过该 batch
[2025-12-08 10:07:19,554] [WARNING] 遇到非有限 loss (NaN/Inf)，跳过该 batch
[2025-12-08 10:07:19,562] [WARNING] 遇到非有限 loss (NaN/Inf)，跳过该 batch
[2025-12-08 10:07:19,570] [WARNING] 遇到非有限 loss (NaN/Inf)，跳过该 batch
[2025-12-08 10:07:19,579] [WARNING] 遇到非有限 loss (NaN/Inf)，跳过该 batch
[2025-12-08 10:07:19,586] [WARNING] 遇到非有限 loss (NaN/Inf)，跳过该 batch
[2025-12-08 10:07:19,594] [WARNING] 遇到非有限 loss (NaN/Inf)，跳过该 batch
[2025-12-08 10:07:19,603] [WARNING] 遇到非有限 loss (NaN/Inf)，跳过该 batch
[2025-12-08 10:07:19,611] [WARNING] 遇到非有限 loss (NaN/Inf)，跳过该 batch
[2025-12-08 10:07:19,619] [WARNING] 遇到非有限 loss (NaN/Inf)，跳过该 batch
[2025-12-08 10:07:19,627] [WARNING] 遇到非有限 loss (NaN/Inf)，跳过该 batch
[2025-12-08 10:07:19,637] [WARNING] 遇到非有限 loss (NaN/Inf)，跳过该 batch
[2025-12-08 10:07:19,644] [WARNING] 遇到非有限 loss (NaN/Inf)，跳过该 batch
[2025-12-08 10:07:19,652] [WARNING] 遇到非有限 loss (NaN/Inf)，跳过该 batch
[2025-12-08 10:07:19,661] [WARNING] 遇到非有限 loss (NaN/Inf)，跳过该 batch
[2025-12-08 10:07:19,669] [WARNING] 遇到非有限 loss (NaN/Inf)，跳过该 batch
[2025-12-08 10:07:19,677] [WARNING] 遇到非有限 loss (NaN/Inf)，跳过该 batch
[2025-12-08 10:07:19,685] [WARNING] 遇到非有限 loss (NaN/Inf)，跳过该 batch
[2025-12-08 10:07:19,692] [WARNING] 遇到非有限 loss (NaN/Inf)，跳过该 batch
[2025-12-08 10:07:19,700] [WARNING] 遇到非有限 loss (NaN/Inf)，跳过该 batch
[2025-12-08 10:07:19,708] [WARNING] 遇到非有限 loss (NaN/Inf)，跳过该 batch
[2025-12-08 10:07:19,715] [WARNING] 遇到非有限 loss (NaN/Inf)，跳过该 batch
[2025-12-08 10:07:19,723] [WARNING] 遇到非有限 loss (NaN/Inf)，跳过该 batch
[2025-12-08 10:07:19,732] [WARNING] 遇到非有限 loss (NaN/Inf)，跳过该 batch
[2025-12-08 10:07:19,740] [WARNING] 遇到非有限 loss (NaN/Inf)，跳过该 batch
[2025-12-08 10:07:19,748] [WARNING] 遇到非有限 loss (NaN/Inf)，跳过该 batch
[2025-12-08 10:07:19,756] [WARNING] 遇到非有限 loss (NaN/Inf)，跳过该 batch
[2025-12-08 10:07:19,764] [WARNING] 遇到非有限 loss (NaN/Inf)，跳过该 batch
[2025-12-08 10:07:19,772] [WARNING] 遇到非有限 loss (NaN/Inf)，跳过该 batch
[2025-12-08 10:07:19,780] [WARNING] 遇到非有限 loss (NaN/Inf)，跳过该 batch
[2025-12-08 10:07:19,788] [WARNING] 遇到非有限 loss (NaN/Inf)，跳过该 batch
[2025-12-08 10:07:19,796] [WARNING] 遇到非有限 loss (NaN/Inf)，跳过该 batch
[2025-12-08 10:07:19,804] [WARNING] 遇到非有限 loss (NaN/Inf)，跳过该 batch
[2025-12-08 10:07:19,813] [WARNING] 遇到非有限 loss (NaN/Inf)，跳过该 batch
[2025-12-08 10:07:19,821] [WARNING] 遇到非有限 loss (NaN/Inf)，跳过该 batch
[2025-12-08 10:07:19,829] [WARNING] 遇到非有限 loss (NaN/Inf)，跳过该 batch
[2025-12-08 10:07:19,839] [WARNING] 遇到非有限 loss (NaN/Inf)，跳过该 batch
[2025-12-08 10:07:19,847] [WARNING] 遇到非有限 loss (NaN/Inf)，跳过该 batch
[2025-12-08 10:07:19,855] [WARNING] 遇到非有限 loss (NaN/Inf)，跳过该 batch
[2025-12-08 10:07:19,864] [WARNING] 遇到非有限 loss (NaN/Inf)，跳过该 batch
[2025-12-08 10:07:19,874] [WARNING] 遇到非有限 loss (NaN/Inf)，跳过该 batch
[2025-12-08 10:07:19,882] [WARNING] 遇到非有限 loss (NaN/Inf)，跳过该 batch
[2025-12-08 10:07:19,890] [WARNING] 遇到非有限 loss (NaN/Inf)，跳过该 batch
[2025-12-08 10:07:19,898] [WARNING] 遇到非有限 loss (NaN/Inf)，跳过该 batch
[2025-12-08 10:07:19,906] [WARNING] 遇到非有限 loss (NaN/Inf)，跳过该 batch
[2025-12-08 10:07:19,914] [WARNING] 遇到非有限 loss (NaN/Inf)，跳过该 batch
[2025-12-08 10:07:19,923] [WARNING] 遇到非有限 loss (NaN/Inf)，跳过该 batch
[2025-12-08 10:07:19,931] [WARNING] 遇到非有限 loss (NaN/Inf)，跳过该 batch
[2025-12-08 10:07:19,940] [WARNING] 遇到非有限 loss (NaN/Inf)，跳过该 batch
[2025-12-08 10:07:19,948] [WARNING] 遇到非有限 loss (NaN/Inf)，跳过该 batch
[2025-12-08 10:07:19,957] [WARNING] 遇到非有限 loss (NaN/Inf)，跳过该 batch
[2025-12-08 10:07:19,965] [WARNING] 遇到非有限 loss (NaN/Inf)，跳过该 batch
[2025-12-08 10:07:19,973] [WARNING] 遇到非有限 loss (NaN/Inf)，跳过该 batch
[2025-12-08 10:07:19,982] [WARNING] 遇到非有限 loss (NaN/Inf)，跳过该 batch
[2025-12-08 10:07:19,990] [WARNING] 遇到非有限 loss (NaN/Inf)，跳过该 batch
[2025-12-08 10:07:19,999] [WARNING] 遇到非有限 loss (NaN/Inf)，跳过该 batch
[2025-12-08 10:07:20,008] [WARNING] 遇到非有限 loss (NaN/Inf)，跳过该 batch
[2025-12-08 10:07:20,016] [WARNING] 遇到非有限 loss (NaN/Inf)，跳过该 batch
[2025-12-08 10:07:20,025] [WARNING] 遇到非有限 loss (NaN/Inf)，跳过该 batch
[2025-12-08 10:07:20,034] [WARNING] 遇到非有限 loss (NaN/Inf)，跳过该 batch
[2025-12-08 10:07:20,043] [WARNING] 遇到非有限 loss (NaN/Inf)，跳过该 batch
[2025-12-08 10:07:20,051] [WARNING] 遇到非有限 loss (NaN/Inf)，跳过该 batch
[2025-12-08 10:07:20,059] [WARNING] 遇到非有限 loss (NaN/Inf)，跳过该 batch
[2025-12-08 10:07:20,068] [WARNING] 遇到非有限 loss (NaN/Inf)，跳过该 batch
[2025-12-08 10:07:20,076] [WARNING] 遇到非有限 loss (NaN/Inf)，跳过该 batch
[2025-12-08 10:07:20,084] [WARNING] 遇到非有限 loss (NaN/Inf)，跳过该 batch
[2025-12-08 10:07:20,092] [WARNING] 遇到非有限 loss (NaN/Inf)，跳过该 batch
[2025-12-08 10:07:20,101] [WARNING] 遇到非有限 loss (NaN/Inf)，跳过该 batch
[2025-12-08 10:07:20,109] [WARNING] 遇到非有限 loss (NaN/Inf)，跳过该 batch
[2025-12-08 10:07:20,118] [WARNING] 遇到非有限 loss (NaN/Inf)，跳过该 batch
[2025-12-08 10:07:20,127] [WARNING] 遇到非有限 loss (NaN/Inf)，跳过该 batch
[2025-12-08 10:07:20,135] [WARNING] 遇到非有限 loss (NaN/Inf)，跳过该 batch
[2025-12-08 10:07:20,145] [WARNING] 遇到非有限 loss (NaN/Inf)，跳过该 batch
[2025-12-08 10:07:20,153] [WARNING] 遇到非有限 loss (NaN/Inf)，跳过该 batch
[2025-12-08 10:07:20,162] [WARNING] 遇到非有限 loss (NaN/Inf)，跳过该 batch
[2025-12-08 10:07:20,170] [WARNING] 遇到非有限 loss (NaN/Inf)，跳过该 batch
[2025-12-08 10:07:20,178] [WARNING] 遇到非有限 loss (NaN/Inf)，跳过该 batch
[2025-12-08 10:07:20,187] [WARNING] 遇到非有限 loss (NaN/Inf)，跳过该 batch
[2025-12-08 10:07:20,195] [WARNING] 遇到非有限 loss (NaN/Inf)，跳过该 batch
[2025-12-08 10:07:20,204] [WARNING] 遇到非有限 loss (NaN/Inf)，跳过该 batch
[2025-12-08 10:07:20,212] [WARNING] 遇到非有限 loss (NaN/Inf)，跳过该 batch
[2025-12-08 10:07:20,220] [WARNING] 遇到非有限 loss (NaN/Inf)，跳过该 batch
[2025-12-08 10:07:20,229] [WARNING] 遇到非有限 loss (NaN/Inf)，跳过该 batch
[2025-12-08 10:07:20,239] [WARNING] 遇到非有限 loss (NaN/Inf)，跳过该 batch
[2025-12-08 10:07:20,250] [WARNING] 遇到非有限 loss (NaN/Inf)，跳过该 batch
[2025-12-08 10:07:20,259] [WARNING] 遇到非有限 loss (NaN/Inf)，跳过该 batch
[2025-12-08 10:07:20,267] [WARNING] 遇到非有限 loss (NaN/Inf)，跳过该 batch
[2025-12-08 10:07:20,276] [WARNING] 遇到非有限 loss (NaN/Inf)，跳过该 batch
[2025-12-08 10:07:20,284] [WARNING] 遇到非有限 loss (NaN/Inf)，跳过该 batch
[2025-12-08 10:07:20,292] [WARNING] 遇到非有限 loss (NaN/Inf)，跳过该 batch
[2025-12-08 10:07:20,300] [WARNING] 遇到非有限 loss (NaN/Inf)，跳过该 batch
[2025-12-08 10:07:20,308] [WARNING] 遇到非有限 loss (NaN/Inf)，跳过该 batch
[2025-12-08 10:07:20,317] [WARNING] 遇到非有限 loss (NaN/Inf)，跳过该 batch
[2025-12-08 10:07:20,325] [WARNING] 遇到非有限 loss (NaN/Inf)，跳过该 batch
[2025-12-08 10:07:20,333] [WARNING] 遇到非有限 loss (NaN/Inf)，跳过该 batch
[2025-12-08 10:07:20,341] [WARNING] 遇到非有限 loss (NaN/Inf)，跳过该 batch
[2025-12-08 10:07:20,350] [WARNING] 遇到非有限 loss (NaN/Inf)，跳过该 batch
[2025-12-08 10:07:20,358] [WARNING] 遇到非有限 loss (NaN/Inf)，跳过该 batch
[2025-12-08 10:07:20,366] [WARNING] 遇到非有限 loss (NaN/Inf)，跳过该 batch
[2025-12-08 10:07:20,375] [WARNING] 遇到非有限 loss (NaN/Inf)，跳过该 batch
[2025-12-08 10:07:20,383] [WARNING] 遇到非有限 loss (NaN/Inf)，跳过该 batch
[2025-12-08 10:07:20,391] [WARNING] 遇到非有限 loss (NaN/Inf)，跳过该 batch
[2025-12-08 10:07:20,399] [WARNING] 遇到非有限 loss (NaN/Inf)，跳过该 batch
[2025-12-08 10:07:20,408] [WARNING] 遇到非有限 loss (NaN/Inf)，跳过该 batch
[2025-12-08 10:07:20,416] [WARNING] 遇到非有限 loss (NaN/Inf)，跳过该 batch
[2025-12-08 10:07:20,424] [WARNING] 遇到非有限 loss (NaN/Inf)，跳过该 batch
[2025-12-08 10:07:20,432] [WARNING] 遇到非有限 loss (NaN/Inf)，跳过该 batch
[2025-12-08 10:07:20,441] [WARNING] 遇到非有限 loss (NaN/Inf)，跳过该 batch
[2025-12-08 10:07:20,449] [WARNING] 遇到非有限 loss (NaN/Inf)，跳过该 batch
[2025-12-08 10:07:20,457] [WARNING] 遇到非有限 loss (NaN/Inf)，跳过该 batch
[2025-12-08 10:07:20,465] [WARNING] 遇到非有限 loss (NaN/Inf)，跳过该 batch
[2025-12-08 10:07:20,474] [WARNING] 遇到非有限 loss (NaN/Inf)，跳过该 batch
[2025-12-08 10:07:20,482] [WARNING] 遇到非有限 loss (NaN/Inf)，跳过该 batch
[2025-12-08 10:07:20,490] [WARNING] 遇到非有限 loss (NaN/Inf)，跳过该 batch
[2025-12-08 10:07:20,498] [WARNING] 遇到非有限 loss (NaN/Inf)，跳过该 batch
[2025-12-08 10:07:20,507] [WARNING] 遇到非有限 loss (NaN/Inf)，跳过该 batch
[2025-12-08 10:07:20,514] [WARNING] 遇到非有限 loss (NaN/Inf)，跳过该 batch
[2025-12-08 10:07:20,523] [WARNING] 遇到非有限 loss (NaN/Inf)，跳过该 batch
[2025-12-08 10:07:20,531] [WARNING] 遇到非有限 loss (NaN/Inf)，跳过该 batch
[2025-12-08 10:07:20,539] [WARNING] 遇到非有限 loss (NaN/Inf)，跳过该 batch
[2025-12-08 10:07:20,547] [WARNING] 遇到非有限 loss (NaN/Inf)，跳过该 batch
[2025-12-08 10:07:20,556] [WARNING] 遇到非有限 loss (NaN/Inf)，跳过该 batch
[2025-12-08 10:07:20,563] [WARNING] 遇到非有限 loss (NaN/Inf)，跳过该 batch
[2025-12-08 10:07:20,571] [WARNING] 遇到非有限 loss (NaN/Inf)，跳过该 batch
[2025-12-08 10:07:20,580] [WARNING] 遇到非有限 loss (NaN/Inf)，跳过该 batch
[2025-12-08 10:07:20,590] [WARNING] 遇到非有限 loss (NaN/Inf)，跳过该 batch
[2025-12-08 10:07:20,597] [WARNING] 遇到非有限 loss (NaN/Inf)，跳过该 batch
[2025-12-08 10:07:20,605] [WARNING] 遇到非有限 loss (NaN/Inf)，跳过该 batch
[2025-12-08 10:07:20,613] [WARNING] 遇到非有限 loss (NaN/Inf)，跳过该 batch
[2025-12-08 10:07:20,621] [WARNING] 遇到非有限 loss (NaN/Inf)，跳过该 batch
[2025-12-08 10:07:20,630] [WARNING] 遇到非有限 loss (NaN/Inf)，跳过该 batch
[2025-12-08 10:07:20,638] [WARNING] 遇到非有限 loss (NaN/Inf)，跳过该 batch
[2025-12-08 10:07:20,647] [WARNING] 遇到非有限 loss (NaN/Inf)，跳过该 batch
[2025-12-08 10:07:20,658] [WARNING] 遇到非有限 loss (NaN/Inf)，跳过该 batch
[2025-12-08 10:07:20,667] [WARNING] 遇到非有限 loss (NaN/Inf)，跳过该 batch
[2025-12-08 10:07:20,678] [WARNING] 遇到非有限 loss (NaN/Inf)，跳过该 batch
[2025-12-08 10:07:20,690] [WARNING] 遇到非有限 loss (NaN/Inf)，跳过该 batch
[2025-12-08 10:07:20,700] [WARNING] 遇到非有限 loss (NaN/Inf)，跳过该 batch
[2025-12-08 10:07:20,709] [WARNING] 遇到非有限 loss (NaN/Inf)，跳过该 batch
[2025-12-08 10:07:20,717] [WARNING] 遇到非有限 loss (NaN/Inf)，跳过该 batch
[2025-12-08 10:07:20,725] [WARNING] 遇到非有限 loss (NaN/Inf)，跳过该 batch
[2025-12-08 10:07:20,733] [WARNING] 遇到非有限 loss (NaN/Inf)，跳过该 batch
[2025-12-08 10:07:20,741] [WARNING] 遇到非有限 loss (NaN/Inf)，跳过该 batch
[2025-12-08 10:07:20,749] [WARNING] 遇到非有限 loss (NaN/Inf)，跳过该 batch
[2025-12-08 10:07:20,758] [WARNING] 遇到非有限 loss (NaN/Inf)，跳过该 batch
[2025-12-08 10:07:20,767] [WARNING] 遇到非有限 loss (NaN/Inf)，跳过该 batch
[2025-12-08 10:07:20,776] [WARNING] 遇到非有限 loss (NaN/Inf)，跳过该 batch
[2025-12-08 10:07:20,783] [WARNING] 遇到非有限 loss (NaN/Inf)，跳过该 batch
[2025-12-08 10:07:20,791] [WARNING] 遇到非有限 loss (NaN/Inf)，跳过该 batch
[2025-12-08 10:07:20,799] [WARNING] 遇到非有限 loss (NaN/Inf)，跳过该 batch
[2025-12-08 10:07:20,808] [WARNING] 遇到非有限 loss (NaN/Inf)，跳过该 batch
[2025-12-08 10:07:20,816] [WARNING] 遇到非有限 loss (NaN/Inf)，跳过该 batch
[2025-12-08 10:07:20,825] [WARNING] 遇到非有限 loss (NaN/Inf)，跳过该 batch
[2025-12-08 10:07:20,833] [WARNING] 遇到非有限 loss (NaN/Inf)，跳过该 batch
[2025-12-08 10:07:20,841] [WARNING] 遇到非有限 loss (NaN/Inf)，跳过该 batch
[2025-12-08 10:07:20,850] [WARNING] 遇到非有限 loss (NaN/Inf)，跳过该 batch
[2025-12-08 10:07:20,857] [WARNING] 遇到非有限 loss (NaN/Inf)，跳过该 batch
[2025-12-08 10:07:20,866] [WARNING] 遇到非有限 loss (NaN/Inf)，跳过该 batch
[2025-12-08 10:07:20,874] [WARNING] 遇到非有限 loss (NaN/Inf)，跳过该 batch
[2025-12-08 10:07:20,883] [WARNING] 遇到非有限 loss (NaN/Inf)，跳过该 batch
[2025-12-08 10:07:20,891] [WARNING] 遇到非有限 loss (NaN/Inf)，跳过该 batch
[2025-12-08 10:07:20,900] [WARNING] 遇到非有限 loss (NaN/Inf)，跳过该 batch
[2025-12-08 10:07:20,908] [WARNING] 遇到非有限 loss (NaN/Inf)，跳过该 batch
[2025-12-08 10:07:20,916] [WARNING] 遇到非有限 loss (NaN/Inf)，跳过该 batch
[2025-12-08 10:07:20,925] [WARNING] 遇到非有限 loss (NaN/Inf)，跳过该 batch
[2025-12-08 10:07:20,934] [WARNING] 遇到非有限 loss (NaN/Inf)，跳过该 batch
[2025-12-08 10:07:20,942] [WARNING] 遇到非有限 loss (NaN/Inf)，跳过该 batch
[2025-12-08 10:07:20,950] [WARNING] 遇到非有限 loss (NaN/Inf)，跳过该 batch
[2025-12-08 10:07:20,958] [WARNING] 遇到非有限 loss (NaN/Inf)，跳过该 batch
[2025-12-08 10:07:20,965] [WARNING] 遇到非有限 loss (NaN/Inf)，跳过该 batch
[2025-12-08 10:07:20,973] [WARNING] 遇到非有限 loss (NaN/Inf)，跳过该 batch
[2025-12-08 10:07:20,981] [WARNING] 遇到非有限 loss (NaN/Inf)，跳过该 batch
[2025-12-08 10:07:20,989] [WARNING] 遇到非有限 loss (NaN/Inf)，跳过该 batch
[2025-12-08 10:07:20,997] [WARNING] 遇到非有限 loss (NaN/Inf)，跳过该 batch
[2025-12-08 10:07:21,007] [WARNING] 遇到非有限 loss (NaN/Inf)，跳过该 batch
[2025-12-08 10:07:21,014] [WARNING] 遇到非有限 loss (NaN/Inf)，跳过该 batch
[2025-12-08 10:07:21,022] [WARNING] 遇到非有限 loss (NaN/Inf)，跳过该 batch
[2025-12-08 10:07:21,031] [WARNING] 遇到非有限 loss (NaN/Inf)，跳过该 batch
[2025-12-08 10:07:21,040] [WARNING] 遇到非有限 loss (NaN/Inf)，跳过该 batch
[2025-12-08 10:07:21,050] [WARNING] 遇到非有限 loss (NaN/Inf)，跳过该 batch
[2025-12-08 10:07:21,061] [WARNING] 遇到非有限 loss (NaN/Inf)，跳过该 batch
[2025-12-08 10:07:21,070] [WARNING] 遇到非有限 loss (NaN/Inf)，跳过该 batch
[2025-12-08 10:07:21,078] [WARNING] 遇到非有限 loss (NaN/Inf)，跳过该 batch
[2025-12-08 10:07:21,088] [WARNING] 遇到非有限 loss (NaN/Inf)，跳过该 batch
[2025-12-08 10:07:21,097] [WARNING] 遇到非有限 loss (NaN/Inf)，跳过该 batch
[2025-12-08 10:07:21,105] [WARNING] 遇到非有限 loss (NaN/Inf)，跳过该 batch
[2025-12-08 10:07:21,113] [WARNING] 遇到非有限 loss (NaN/Inf)，跳过该 batch
[2025-12-08 10:07:21,121] [WARNING] 遇到非有限 loss (NaN/Inf)，跳过该 batch
[2025-12-08 10:07:21,130] [WARNING] 遇到非有限 loss (NaN/Inf)，跳过该 batch
[2025-12-08 10:07:21,139] [WARNING] 遇到非有限 loss (NaN/Inf)，跳过该 batch
[2025-12-08 10:07:21,148] [WARNING] 遇到非有限 loss (NaN/Inf)，跳过该 batch
[2025-12-08 10:07:21,158] [WARNING] 遇到非有限 loss (NaN/Inf)，跳过该 batch
[2025-12-08 10:07:21,169] [WARNING] 遇到非有限 loss (NaN/Inf)，跳过该 batch
[2025-12-08 10:07:21,179] [WARNING] 遇到非有限 loss (NaN/Inf)，跳过该 batch
[2025-12-08 10:07:21,189] [WARNING] 遇到非有限 loss (NaN/Inf)，跳过该 batch
[2025-12-08 10:07:21,197] [WARNING] 遇到非有限 loss (NaN/Inf)，跳过该 batch
[2025-12-08 10:07:21,205] [WARNING] 遇到非有限 loss (NaN/Inf)，跳过该 batch
[2025-12-08 10:07:21,213] [WARNING] 遇到非有限 loss (NaN/Inf)，跳过该 batch
[2025-12-08 10:07:21,222] [WARNING] 遇到非有限 loss (NaN/Inf)，跳过该 batch
[2025-12-08 10:07:21,231] [WARNING] 遇到非有限 loss (NaN/Inf)，跳过该 batch
[2025-12-08 10:07:21,239] [WARNING] 遇到非有限 loss (NaN/Inf)，跳过该 batch
[2025-12-08 10:07:21,248] [WARNING] 遇到非有限 loss (NaN/Inf)，跳过该 batch
[2025-12-08 10:07:21,256] [WARNING] 遇到非有限 loss (NaN/Inf)，跳过该 batch
[2025-12-08 10:07:21,264] [WARNING] 遇到非有限 loss (NaN/Inf)，跳过该 batch
[2025-12-08 10:07:21,274] [WARNING] 遇到非有限 loss (NaN/Inf)，跳过该 batch
[2025-12-08 10:07:21,284] [WARNING] 遇到非有限 loss (NaN/Inf)，跳过该 batch
[2025-12-08 10:07:21,293] [WARNING] 遇到非有限 loss (NaN/Inf)，跳过该 batch
[2025-12-08 10:07:21,301] [WARNING] 遇到非有限 loss (NaN/Inf)，跳过该 batch
[2025-12-08 10:07:21,310] [WARNING] 遇到非有限 loss (NaN/Inf)，跳过该 batch
[2025-12-08 10:07:21,318] [WARNING] 遇到非有限 loss (NaN/Inf)，跳过该 batch
[2025-12-08 10:07:21,328] [WARNING] 遇到非有限 loss (NaN/Inf)，跳过该 batch
[2025-12-08 10:07:21,338] [WARNING] 遇到非有限 loss (NaN/Inf)，跳过该 batch
[2025-12-08 10:07:21,346] [WARNING] 遇到非有限 loss (NaN/Inf)，跳过该 batch
[2025-12-08 10:07:21,354] [WARNING] 遇到非有限 loss (NaN/Inf)，跳过该 batch
[2025-12-08 10:07:21,361] [WARNING] 遇到非有限 loss (NaN/Inf)，跳过该 batch
[2025-12-08 10:07:21,371] [WARNING] 遇到非有限 loss (NaN/Inf)，跳过该 batch
[2025-12-08 10:07:21,379] [WARNING] 遇到非有限 loss (NaN/Inf)，跳过该 batch
[2025-12-08 10:07:21,387] [WARNING] 遇到非有限 loss (NaN/Inf)，跳过该 batch
[2025-12-08 10:07:21,396] [WARNING] 遇到非有限 loss (NaN/Inf)，跳过该 batch
[2025-12-08 10:07:21,403] [WARNING] 遇到非有限 loss (NaN/Inf)，跳过该 batch
[2025-12-08 10:07:21,411] [WARNING] 遇到非有限 loss (NaN/Inf)，跳过该 batch
[2025-12-08 10:07:21,419] [WARNING] 遇到非有限 loss (NaN/Inf)，跳过该 batch
[2025-12-08 10:07:21,427] [WARNING] 遇到非有限 loss (NaN/Inf)，跳过该 batch
[2025-12-08 10:07:21,435] [WARNING] 遇到非有限 loss (NaN/Inf)，跳过该 batch
[2025-12-08 10:07:21,443] [WARNING] 遇到非有限 loss (NaN/Inf)，跳过该 batch
[2025-12-08 10:07:21,451] [WARNING] 遇到非有限 loss (NaN/Inf)，跳过该 batch
[2025-12-08 10:07:21,459] [WARNING] 遇到非有限 loss (NaN/Inf)，跳过该 batch
[2025-12-08 10:07:21,467] [WARNING] 遇到非有限 loss (NaN/Inf)，跳过该 batch
[2025-12-08 10:07:21,475] [WARNING] 遇到非有限 loss (NaN/Inf)，跳过该 batch
[2025-12-08 10:07:21,484] [WARNING] 遇到非有限 loss (NaN/Inf)，跳过该 batch
[2025-12-08 10:07:21,491] [WARNING] 遇到非有限 loss (NaN/Inf)，跳过该 batch
[2025-12-08 10:07:21,500] [WARNING] 遇到非有限 loss (NaN/Inf)，跳过该 batch
[2025-12-08 10:07:21,508] [WARNING] 遇到非有限 loss (NaN/Inf)，跳过该 batch
[2025-12-08 10:07:21,515] [WARNING] 遇到非有限 loss (NaN/Inf)，跳过该 batch
[2025-12-08 10:07:21,524] [WARNING] 遇到非有限 loss (NaN/Inf)，跳过该 batch
[2025-12-08 10:07:21,532] [WARNING] 遇到非有限 loss (NaN/Inf)，跳过该 batch
[2025-12-08 10:07:21,540] [WARNING] 遇到非有限 loss (NaN/Inf)，跳过该 batch
[2025-12-08 10:07:21,547] [WARNING] 遇到非有限 loss (NaN/Inf)，跳过该 batch
[2025-12-08 10:07:21,556] [WARNING] 遇到非有限 loss (NaN/Inf)，跳过该 batch
[2025-12-08 10:07:21,564] [WARNING] 遇到非有限 loss (NaN/Inf)，跳过该 batch
[2025-12-08 10:07:21,572] [WARNING] 遇到非有限 loss (NaN/Inf)，跳过该 batch
[2025-12-08 10:07:21,581] [WARNING] 遇到非有限 loss (NaN/Inf)，跳过该 batch
[2025-12-08 10:07:21,589] [WARNING] 遇到非有限 loss (NaN/Inf)，跳过该 batch
[2025-12-08 10:07:21,597] [WARNING] 遇到非有限 loss (NaN/Inf)，跳过该 batch
[2025-12-08 10:07:21,604] [WARNING] 遇到非有限 loss (NaN/Inf)，跳过该 batch
[2025-12-08 10:07:21,613] [WARNING] 遇到非有限 loss (NaN/Inf)，跳过该 batch
[2025-12-08 10:07:21,621] [WARNING] 遇到非有限 loss (NaN/Inf)，跳过该 batch
[2025-12-08 10:07:21,629] [WARNING] 遇到非有限 loss (NaN/Inf)，跳过该 batch
[2025-12-08 10:07:21,637] [WARNING] 遇到非有限 loss (NaN/Inf)，跳过该 batch
[2025-12-08 10:07:21,645] [WARNING] 遇到非有限 loss (NaN/Inf)，跳过该 batch
[2025-12-08 10:07:21,653] [WARNING] 遇到非有限 loss (NaN/Inf)，跳过该 batch
[2025-12-08 10:07:21,661] [WARNING] 遇到非有限 loss (NaN/Inf)，跳过该 batch
[2025-12-08 10:07:21,669] [WARNING] 遇到非有限 loss (NaN/Inf)，跳过该 batch
[2025-12-08 10:07:21,681] [WARNING] 遇到非有限 loss (NaN/Inf)，跳过该 batch
[2025-12-08 10:07:21,692] [WARNING] 遇到非有限 loss (NaN/Inf)，跳过该 batch
[2025-12-08 10:07:21,702] [WARNING] 遇到非有限 loss (NaN/Inf)，跳过该 batch
[2025-12-08 10:07:21,711] [WARNING] 遇到非有限 loss (NaN/Inf)，跳过该 batch
[2025-12-08 10:07:21,721] [WARNING] 遇到非有限 loss (NaN/Inf)，跳过该 batch
[2025-12-08 10:07:21,729] [WARNING] 遇到非有限 loss (NaN/Inf)，跳过该 batch
[2025-12-08 10:07:21,738] [WARNING] 遇到非有限 loss (NaN/Inf)，跳过该 batch
[2025-12-08 10:07:21,748] [WARNING] 遇到非有限 loss (NaN/Inf)，跳过该 batch
[2025-12-08 10:07:21,760] [WARNING] 遇到非有限 loss (NaN/Inf)，跳过该 batch
[2025-12-08 10:07:21,771] [WARNING] 遇到非有限 loss (NaN/Inf)，跳过该 batch
[2025-12-08 10:07:21,781] [WARNING] 遇到非有限 loss (NaN/Inf)，跳过该 batch
[2025-12-08 10:07:21,790] [WARNING] 遇到非有限 loss (NaN/Inf)，跳过该 batch
[2025-12-08 10:07:21,799] [WARNING] 遇到非有限 loss (NaN/Inf)，跳过该 batch
[2025-12-08 10:07:21,808] [WARNING] 遇到非有限 loss (NaN/Inf)，跳过该 batch
[2025-12-08 10:07:21,817] [WARNING] 遇到非有限 loss (NaN/Inf)，跳过该 batch
[2025-12-08 10:07:21,827] [WARNING] 遇到非有限 loss (NaN/Inf)，跳过该 batch
[2025-12-08 10:07:21,838] [WARNING] 遇到非有限 loss (NaN/Inf)，跳过该 batch
[2025-12-08 10:07:21,847] [WARNING] 遇到非有限 loss (NaN/Inf)，跳过该 batch
[2025-12-08 10:07:21,855] [WARNING] 遇到非有限 loss (NaN/Inf)，跳过该 batch
[2025-12-08 10:07:21,863] [WARNING] 遇到非有限 loss (NaN/Inf)，跳过该 batch
[2025-12-08 10:07:21,872] [WARNING] 遇到非有限 loss (NaN/Inf)，跳过该 batch
[2025-12-08 10:07:21,880] [WARNING] 遇到非有限 loss (NaN/Inf)，跳过该 batch
[2025-12-08 10:07:21,889] [WARNING] 遇到非有限 loss (NaN/Inf)，跳过该 batch
[2025-12-08 10:07:21,898] [WARNING] 遇到非有限 loss (NaN/Inf)，跳过该 batch
[2025-12-08 10:07:21,907] [WARNING] 遇到非有限 loss (NaN/Inf)，跳过该 batch
[2025-12-08 10:07:21,915] [WARNING] 遇到非有限 loss (NaN/Inf)，跳过该 batch
[2025-12-08 10:07:21,923] [WARNING] 遇到非有限 loss (NaN/Inf)，跳过该 batch
[2025-12-08 10:07:21,931] [WARNING] 遇到非有限 loss (NaN/Inf)，跳过该 batch
[2025-12-08 10:07:21,939] [WARNING] 遇到非有限 loss (NaN/Inf)，跳过该 batch
[2025-12-08 10:07:21,948] [WARNING] 遇到非有限 loss (NaN/Inf)，跳过该 batch
[2025-12-08 10:07:21,956] [WARNING] 遇到非有限 loss (NaN/Inf)，跳过该 batch
[2025-12-08 10:07:21,964] [WARNING] 遇到非有限 loss (NaN/Inf)，跳过该 batch
[2025-12-08 10:07:21,971] [WARNING] 遇到非有限 loss (NaN/Inf)，跳过该 batch
[2025-12-08 10:07:21,981] [WARNING] 遇到非有限 loss (NaN/Inf)，跳过该 batch
[2025-12-08 10:07:21,988] [WARNING] 遇到非有限 loss (NaN/Inf)，跳过该 batch
[2025-12-08 10:07:21,996] [WARNING] 遇到非有限 loss (NaN/Inf)，跳过该 batch
[2025-12-08 10:07:22,005] [WARNING] 遇到非有限 loss (NaN/Inf)，跳过该 batch
[2025-12-08 10:07:22,013] [WARNING] 遇到非有限 loss (NaN/Inf)，跳过该 batch
[2025-12-08 10:07:22,020] [WARNING] 遇到非有限 loss (NaN/Inf)，跳过该 batch
[2025-12-08 10:07:22,028] [WARNING] 遇到非有限 loss (NaN/Inf)，跳过该 batch
[2025-12-08 10:07:22,036] [WARNING] 遇到非有限 loss (NaN/Inf)，跳过该 batch
[2025-12-08 10:07:22,044] [WARNING] 遇到非有限 loss (NaN/Inf)，跳过该 batch
[2025-12-08 10:07:22,051] [WARNING] 遇到非有限 loss (NaN/Inf)，跳过该 batch
[2025-12-08 10:07:22,059] [WARNING] 遇到非有限 loss (NaN/Inf)，跳过该 batch
[2025-12-08 10:07:22,067] [WARNING] 遇到非有限 loss (NaN/Inf)，跳过该 batch
[2025-12-08 10:07:22,076] [WARNING] 遇到非有限 loss (NaN/Inf)，跳过该 batch
[2025-12-08 10:07:22,084] [WARNING] 遇到非有限 loss (NaN/Inf)，跳过该 batch
[2025-12-08 10:07:22,093] [WARNING] 遇到非有限 loss (NaN/Inf)，跳过该 batch
[2025-12-08 10:07:22,102] [WARNING] 遇到非有限 loss (NaN/Inf)，跳过该 batch
[2025-12-08 10:07:22,109] [WARNING] 遇到非有限 loss (NaN/Inf)，跳过该 batch
[2025-12-08 10:07:22,118] [WARNING] 遇到非有限 loss (NaN/Inf)，跳过该 batch
[2025-12-08 10:07:22,125] [WARNING] 遇到非有限 loss (NaN/Inf)，跳过该 batch
[2025-12-08 10:07:22,133] [WARNING] 遇到非有限 loss (NaN/Inf)，跳过该 batch
[2025-12-08 10:07:22,142] [WARNING] 遇到非有限 loss (NaN/Inf)，跳过该 batch
[2025-12-08 10:07:22,151] [WARNING] 遇到非有限 loss (NaN/Inf)，跳过该 batch
[2025-12-08 10:07:22,158] [WARNING] 遇到非有限 loss (NaN/Inf)，跳过该 batch
[2025-12-08 10:07:22,166] [WARNING] 遇到非有限 loss (NaN/Inf)，跳过该 batch
[2025-12-08 10:07:22,175] [WARNING] 遇到非有限 loss (NaN/Inf)，跳过该 batch
[2025-12-08 10:07:22,183] [WARNING] 遇到非有限 loss (NaN/Inf)，跳过该 batch
[2025-12-08 10:07:22,192] [WARNING] 遇到非有限 loss (NaN/Inf)，跳过该 batch
[2025-12-08 10:07:22,201] [WARNING] 遇到非有限 loss (NaN/Inf)，跳过该 batch
[2025-12-08 10:07:22,209] [WARNING] 遇到非有限 loss (NaN/Inf)，跳过该 batch
[2025-12-08 10:07:22,217] [WARNING] 遇到非有限 loss (NaN/Inf)，跳过该 batch
[2025-12-08 10:07:22,226] [WARNING] 遇到非有限 loss (NaN/Inf)，跳过该 batch
[2025-12-08 10:07:22,233] [WARNING] 遇到非有限 loss (NaN/Inf)，跳过该 batch
[2025-12-08 10:07:22,242] [WARNING] 遇到非有限 loss (NaN/Inf)，跳过该 batch
[2025-12-08 10:07:22,250] [WARNING] 遇到非有限 loss (NaN/Inf)，跳过该 batch
[2025-12-08 10:07:22,257] [WARNING] 遇到非有限 loss (NaN/Inf)，跳过该 batch
[2025-12-08 10:07:22,265] [WARNING] 遇到非有限 loss (NaN/Inf)，跳过该 batch
[2025-12-08 10:07:22,274] [WARNING] 遇到非有限 loss (NaN/Inf)，跳过该 batch
[2025-12-08 10:07:22,283] [WARNING] 遇到非有限 loss (NaN/Inf)，跳过该 batch
[2025-12-08 10:07:22,292] [WARNING] 遇到非有限 loss (NaN/Inf)，跳过该 batch
[2025-12-08 10:07:22,300] [WARNING] 遇到非有限 loss (NaN/Inf)，跳过该 batch
[2025-12-08 10:07:22,308] [WARNING] 遇到非有限 loss (NaN/Inf)，跳过该 batch
[2025-12-08 10:07:22,316] [WARNING] 遇到非有限 loss (NaN/Inf)，跳过该 batch
[2025-12-08 10:07:22,324] [WARNING] 遇到非有限 loss (NaN/Inf)，跳过该 batch
[2025-12-08 10:07:22,332] [WARNING] 遇到非有限 loss (NaN/Inf)，跳过该 batch
[2025-12-08 10:07:22,340] [WARNING] 遇到非有限 loss (NaN/Inf)，跳过该 batch
[2025-12-08 10:07:22,349] [WARNING] 遇到非有限 loss (NaN/Inf)，跳过该 batch
[2025-12-08 10:07:22,357] [WARNING] 遇到非有限 loss (NaN/Inf)，跳过该 batch
[2025-12-08 10:07:22,366] [WARNING] 遇到非有限 loss (NaN/Inf)，跳过该 batch
[2025-12-08 10:07:22,377] [WARNING] 遇到非有限 loss (NaN/Inf)，跳过该 batch
[2025-12-08 10:07:22,386] [WARNING] 遇到非有限 loss (NaN/Inf)，跳过该 batch
[2025-12-08 10:07:22,395] [WARNING] 遇到非有限 loss (NaN/Inf)，跳过该 batch
[2025-12-08 10:07:22,403] [WARNING] 遇到非有限 loss (NaN/Inf)，跳过该 batch
[2025-12-08 10:07:22,411] [WARNING] 遇到非有限 loss (NaN/Inf)，跳过该 batch
[2025-12-08 10:07:22,419] [WARNING] 遇到非有限 loss (NaN/Inf)，跳过该 batch
[2025-12-08 10:07:22,427] [WARNING] 遇到非有限 loss (NaN/Inf)，跳过该 batch
[2025-12-08 10:07:22,436] [WARNING] 遇到非有限 loss (NaN/Inf)，跳过该 batch
[2025-12-08 10:07:22,444] [WARNING] 遇到非有限 loss (NaN/Inf)，跳过该 batch
[2025-12-08 10:07:22,454] [WARNING] 遇到非有限 loss (NaN/Inf)，跳过该 batch
[2025-12-08 10:07:22,463] [WARNING] 遇到非有限 loss (NaN/Inf)，跳过该 batch
[2025-12-08 10:07:22,471] [WARNING] 遇到非有限 loss (NaN/Inf)，跳过该 batch
[2025-12-08 10:07:22,480] [WARNING] 遇到非有限 loss (NaN/Inf)，跳过该 batch
[2025-12-08 10:07:22,488] [WARNING] 遇到非有限 loss (NaN/Inf)，跳过该 batch
[2025-12-08 10:07:22,497] [WARNING] 遇到非有限 loss (NaN/Inf)，跳过该 batch
[2025-12-08 10:07:22,504] [WARNING] 遇到非有限 loss (NaN/Inf)，跳过该 batch
[2025-12-08 10:07:22,512] [WARNING] 遇到非有限 loss (NaN/Inf)，跳过该 batch
[2025-12-08 10:07:22,520] [WARNING] 遇到非有限 loss (NaN/Inf)，跳过该 batch
[2025-12-08 10:07:22,528] [WARNING] 遇到非有限 loss (NaN/Inf)，跳过该 batch
[2025-12-08 10:07:22,537] [WARNING] 遇到非有限 loss (NaN/Inf)，跳过该 batch
[2025-12-08 10:07:22,547] [WARNING] 遇到非有限 loss (NaN/Inf)，跳过该 batch
[2025-12-08 10:07:22,555] [WARNING] 遇到非有限 loss (NaN/Inf)，跳过该 batch
[2025-12-08 10:07:22,564] [WARNING] 遇到非有限 loss (NaN/Inf)，跳过该 batch
[2025-12-08 10:07:22,573] [WARNING] 遇到非有限 loss (NaN/Inf)，跳过该 batch
[2025-12-08 10:07:22,582] [WARNING] 遇到非有限 loss (NaN/Inf)，跳过该 batch
[2025-12-08 10:07:22,589] [WARNING] 遇到非有限 loss (NaN/Inf)，跳过该 batch
[2025-12-08 10:07:22,598] [WARNING] 遇到非有限 loss (NaN/Inf)，跳过该 batch
[2025-12-08 10:07:22,606] [WARNING] 遇到非有限 loss (NaN/Inf)，跳过该 batch
[2025-12-08 10:07:22,614] [WARNING] 遇到非有限 loss (NaN/Inf)，跳过该 batch
[2025-12-08 10:07:22,622] [WARNING] 遇到非有限 loss (NaN/Inf)，跳过该 batch
[2025-12-08 10:07:22,631] [WARNING] 遇到非有限 loss (NaN/Inf)，跳过该 batch
[2025-12-08 10:07:22,639] [WARNING] 遇到非有限 loss (NaN/Inf)，跳过该 batch
[2025-12-08 10:07:22,647] [WARNING] 遇到非有限 loss (NaN/Inf)，跳过该 batch
[2025-12-08 10:07:22,655] [WARNING] 遇到非有限 loss (NaN/Inf)，跳过该 batch
[2025-12-08 10:07:22,664] [WARNING] 遇到非有限 loss (NaN/Inf)，跳过该 batch
[2025-12-08 10:07:22,672] [WARNING] 遇到非有限 loss (NaN/Inf)，跳过该 batch
[2025-12-08 10:07:22,680] [WARNING] 遇到非有限 loss (NaN/Inf)，跳过该 batch
[2025-12-08 10:07:22,688] [WARNING] 遇到非有限 loss (NaN/Inf)，跳过该 batch
[2025-12-08 10:07:22,695] [WARNING] 遇到非有限 loss (NaN/Inf)，跳过该 batch
[2025-12-08 10:07:22,703] [WARNING] 遇到非有限 loss (NaN/Inf)，跳过该 batch
[2025-12-08 10:07:22,712] [WARNING] 遇到非有限 loss (NaN/Inf)，跳过该 batch
[2025-12-08 10:07:22,721] [WARNING] 遇到非有限 loss (NaN/Inf)，跳过该 batch
[2025-12-08 10:07:22,730] [WARNING] 遇到非有限 loss (NaN/Inf)，跳过该 batch
[2025-12-08 10:07:22,739] [WARNING] 遇到非有限 loss (NaN/Inf)，跳过该 batch
[2025-12-08 10:07:22,747] [WARNING] 遇到非有限 loss (NaN/Inf)，跳过该 batch
[2025-12-08 10:07:22,756] [WARNING] 遇到非有限 loss (NaN/Inf)，跳过该 batch
[2025-12-08 10:07:22,764] [WARNING] 遇到非有限 loss (NaN/Inf)，跳过该 batch
[2025-12-08 10:07:22,771] [WARNING] 遇到非有限 loss (NaN/Inf)，跳过该 batch
[2025-12-08 10:07:22,780] [WARNING] 遇到非有限 loss (NaN/Inf)，跳过该 batch
[2025-12-08 10:07:22,789] [WARNING] 遇到非有限 loss (NaN/Inf)，跳过该 batch
[2025-12-08 10:07:22,797] [WARNING] 遇到非有限 loss (NaN/Inf)，跳过该 batch
[2025-12-08 10:07:22,806] [WARNING] 遇到非有限 loss (NaN/Inf)，跳过该 batch
[2025-12-08 10:07:22,814] [WARNING] 遇到非有限 loss (NaN/Inf)，跳过该 batch
[2025-12-08 10:07:22,823] [WARNING] 遇到非有限 loss (NaN/Inf)，跳过该 batch
[2025-12-08 10:07:22,831] [WARNING] 遇到非有限 loss (NaN/Inf)，跳过该 batch
[2025-12-08 10:07:22,839] [WARNING] 遇到非有限 loss (NaN/Inf)，跳过该 batch
[2025-12-08 10:07:22,847] [WARNING] 遇到非有限 loss (NaN/Inf)，跳过该 batch
[2025-12-08 10:07:22,855] [WARNING] 遇到非有限 loss (NaN/Inf)，跳过该 batch
[2025-12-08 10:07:22,863] [WARNING] 遇到非有限 loss (NaN/Inf)，跳过该 batch
[2025-12-08 10:07:22,871] [WARNING] 遇到非有限 loss (NaN/Inf)，跳过该 batch
[2025-12-08 10:07:22,881] [WARNING] 遇到非有限 loss (NaN/Inf)，跳过该 batch
[2025-12-08 10:07:22,889] [WARNING] 遇到非有限 loss (NaN/Inf)，跳过该 batch
[2025-12-08 10:07:22,898] [WARNING] 遇到非有限 loss (NaN/Inf)，跳过该 batch
[2025-12-08 10:07:22,906] [WARNING] 遇到非有限 loss (NaN/Inf)，跳过该 batch
[2025-12-08 10:07:22,914] [WARNING] 遇到非有限 loss (NaN/Inf)，跳过该 batch
[2025-12-08 10:07:22,922] [WARNING] 遇到非有限 loss (NaN/Inf)，跳过该 batch
[2025-12-08 10:07:22,931] [WARNING] 遇到非有限 loss (NaN/Inf)，跳过该 batch
[2025-12-08 10:07:22,939] [WARNING] 遇到非有限 loss (NaN/Inf)，跳过该 batch
[2025-12-08 10:07:22,949] [WARNING] 遇到非有限 loss (NaN/Inf)，跳过该 batch
[2025-12-08 10:07:22,958] [WARNING] 遇到非有限 loss (NaN/Inf)，跳过该 batch
[2025-12-08 10:07:22,967] [WARNING] 遇到非有限 loss (NaN/Inf)，跳过该 batch
[2025-12-08 10:07:22,976] [WARNING] 遇到非有限 loss (NaN/Inf)，跳过该 batch
[2025-12-08 10:07:22,984] [WARNING] 遇到非有限 loss (NaN/Inf)，跳过该 batch
[2025-12-08 10:07:22,991] [WARNING] 遇到非有限 loss (NaN/Inf)，跳过该 batch
[2025-12-08 10:07:23,000] [WARNING] 遇到非有限 loss (NaN/Inf)，跳过该 batch
[2025-12-08 10:07:23,007] [WARNING] 遇到非有限 loss (NaN/Inf)，跳过该 batch
[2025-12-08 10:07:23,015] [WARNING] 遇到非有限 loss (NaN/Inf)，跳过该 batch
[2025-12-08 10:07:23,023] [WARNING] 遇到非有限 loss (NaN/Inf)，跳过该 batch
[2025-12-08 10:07:23,033] [WARNING] 遇到非有限 loss (NaN/Inf)，跳过该 batch
[2025-12-08 10:07:23,041] [WARNING] 遇到非有限 loss (NaN/Inf)，跳过该 batch
[2025-12-08 10:07:23,049] [WARNING] 遇到非有限 loss (NaN/Inf)，跳过该 batch
[2025-12-08 10:07:23,057] [WARNING] 遇到非有限 loss (NaN/Inf)，跳过该 batch
[2025-12-08 10:07:23,065] [WARNING] 遇到非有限 loss (NaN/Inf)，跳过该 batch
[2025-12-08 10:07:23,073] [WARNING] 遇到非有限 loss (NaN/Inf)，跳过该 batch
[2025-12-08 10:07:23,081] [WARNING] 遇到非有限 loss (NaN/Inf)，跳过该 batch
[2025-12-08 10:07:23,089] [WARNING] 遇到非有限 loss (NaN/Inf)，跳过该 batch
[2025-12-08 10:07:23,097] [WARNING] 遇到非有限 loss (NaN/Inf)，跳过该 batch
[2025-12-08 10:07:23,107] [WARNING] 遇到非有限 loss (NaN/Inf)，跳过该 batch
[2025-12-08 10:07:23,116] [WARNING] 遇到非有限 loss (NaN/Inf)，跳过该 batch
[2025-12-08 10:07:23,125] [WARNING] 遇到非有限 loss (NaN/Inf)，跳过该 batch
[2025-12-08 10:07:23,133] [WARNING] 遇到非有限 loss (NaN/Inf)，跳过该 batch
[2025-12-08 10:07:23,142] [WARNING] 遇到非有限 loss (NaN/Inf)，跳过该 batch
[2025-12-08 10:07:23,149] [WARNING] 遇到非有限 loss (NaN/Inf)，跳过该 batch
[2025-12-08 10:07:23,157] [WARNING] 遇到非有限 loss (NaN/Inf)，跳过该 batch
[2025-12-08 10:07:23,165] [WARNING] 遇到非有限 loss (NaN/Inf)，跳过该 batch
[2025-12-08 10:07:23,173] [WARNING] 遇到非有限 loss (NaN/Inf)，跳过该 batch
[2025-12-08 10:07:23,181] [WARNING] 遇到非有限 loss (NaN/Inf)，跳过该 batch
[2025-12-08 10:07:23,190] [WARNING] 遇到非有限 loss (NaN/Inf)，跳过该 batch
[2025-12-08 10:07:23,198] [WARNING] 遇到非有限 loss (NaN/Inf)，跳过该 batch
[2025-12-08 10:07:23,208] [WARNING] 遇到非有限 loss (NaN/Inf)，跳过该 batch
[2025-12-08 10:07:23,218] [WARNING] 遇到非有限 loss (NaN/Inf)，跳过该 batch
[2025-12-08 10:07:23,226] [WARNING] 遇到非有限 loss (NaN/Inf)，跳过该 batch
[2025-12-08 10:07:23,234] [WARNING] 遇到非有限 loss (NaN/Inf)，跳过该 batch
[2025-12-08 10:07:23,242] [WARNING] 遇到非有限 loss (NaN/Inf)，跳过该 batch
[2025-12-08 10:07:23,249] [WARNING] 遇到非有限 loss (NaN/Inf)，跳过该 batch
[2025-12-08 10:07:23,257] [WARNING] 遇到非有限 loss (NaN/Inf)，跳过该 batch
[2025-12-08 10:07:23,266] [WARNING] 遇到非有限 loss (NaN/Inf)，跳过该 batch
[2025-12-08 10:07:23,274] [WARNING] 遇到非有限 loss (NaN/Inf)，跳过该 batch
[2025-12-08 10:07:23,282] [WARNING] 遇到非有限 loss (NaN/Inf)，跳过该 batch
[2025-12-08 10:07:23,291] [WARNING] 遇到非有限 loss (NaN/Inf)，跳过该 batch
[2025-12-08 10:07:23,300] [WARNING] 遇到非有限 loss (NaN/Inf)，跳过该 batch
[2025-12-08 10:07:23,309] [WARNING] 遇到非有限 loss (NaN/Inf)，跳过该 batch
[2025-12-08 10:07:23,318] [WARNING] 遇到非有限 loss (NaN/Inf)，跳过该 batch
[2025-12-08 10:07:23,325] [WARNING] 遇到非有限 loss (NaN/Inf)，跳过该 batch
[2025-12-08 10:07:23,333] [WARNING] 遇到非有限 loss (NaN/Inf)，跳过该 batch
[2025-12-08 10:07:23,341] [WARNING] 遇到非有限 loss (NaN/Inf)，跳过该 batch
[2025-12-08 10:07:23,349] [WARNING] 遇到非有限 loss (NaN/Inf)，跳过该 batch
[2025-12-08 10:07:23,357] [WARNING] 遇到非有限 loss (NaN/Inf)，跳过该 batch
[2025-12-08 10:07:23,365] [WARNING] 遇到非有限 loss (NaN/Inf)，跳过该 batch
[2025-12-08 10:07:23,373] [WARNING] 遇到非有限 loss (NaN/Inf)，跳过该 batch
[2025-12-08 10:07:23,380] [WARNING] 遇到非有限 loss (NaN/Inf)，跳过该 batch
[2025-12-08 10:07:23,389] [WARNING] 遇到非有限 loss (NaN/Inf)，跳过该 batch
[2025-12-08 10:07:23,397] [WARNING] 遇到非有限 loss (NaN/Inf)，跳过该 batch
[2025-12-08 10:07:23,406] [WARNING] 遇到非有限 loss (NaN/Inf)，跳过该 batch
[2025-12-08 10:07:23,414] [WARNING] 遇到非有限 loss (NaN/Inf)，跳过该 batch
[2025-12-08 10:07:23,422] [WARNING] 遇到非有限 loss (NaN/Inf)，跳过该 batch
[2025-12-08 10:07:23,430] [WARNING] 遇到非有限 loss (NaN/Inf)，跳过该 batch
[2025-12-08 10:07:23,438] [WARNING] 遇到非有限 loss (NaN/Inf)，跳过该 batch
[2025-12-08 10:07:23,446] [WARNING] 遇到非有限 loss (NaN/Inf)，跳过该 batch
[2025-12-08 10:07:23,454] [WARNING] 遇到非有限 loss (NaN/Inf)，跳过该 batch
[2025-12-08 10:07:23,462] [WARNING] 遇到非有限 loss (NaN/Inf)，跳过该 batch
[2025-12-08 10:07:23,470] [WARNING] 遇到非有限 loss (NaN/Inf)，跳过该 batch
[2025-12-08 10:07:23,478] [WARNING] 遇到非有限 loss (NaN/Inf)，跳过该 batch
[2025-12-08 10:07:23,486] [WARNING] 遇到非有限 loss (NaN/Inf)，跳过该 batch
[2025-12-08 10:07:23,495] [WARNING] 遇到非有限 loss (NaN/Inf)，跳过该 batch
[2025-12-08 10:07:23,504] [WARNING] 遇到非有限 loss (NaN/Inf)，跳过该 batch
[2025-12-08 10:07:23,511] [WARNING] 遇到非有限 loss (NaN/Inf)，跳过该 batch
[2025-12-08 10:07:23,520] [WARNING] 遇到非有限 loss (NaN/Inf)，跳过该 batch
[2025-12-08 10:07:23,529] [WARNING] 遇到非有限 loss (NaN/Inf)，跳过该 batch
[2025-12-08 10:07:23,537] [WARNING] 遇到非有限 loss (NaN/Inf)，跳过该 batch
[2025-12-08 10:07:23,545] [WARNING] 遇到非有限 loss (NaN/Inf)，跳过该 batch
[2025-12-08 10:07:23,553] [WARNING] 遇到非有限 loss (NaN/Inf)，跳过该 batch
[2025-12-08 10:07:23,561] [WARNING] 遇到非有限 loss (NaN/Inf)，跳过该 batch
[2025-12-08 10:07:23,569] [WARNING] 遇到非有限 loss (NaN/Inf)，跳过该 batch
[2025-12-08 10:07:23,577] [WARNING] 遇到非有限 loss (NaN/Inf)，跳过该 batch
[2025-12-08 10:07:23,585] [WARNING] 遇到非有限 loss (NaN/Inf)，跳过该 batch
[2025-12-08 10:07:23,593] [WARNING] 遇到非有限 loss (NaN/Inf)，跳过该 batch
[2025-12-08 10:07:23,601] [WARNING] 遇到非有限 loss (NaN/Inf)，跳过该 batch
[2025-12-08 10:07:23,609] [WARNING] 遇到非有限 loss (NaN/Inf)，跳过该 batch
[2025-12-08 10:07:23,617] [WARNING] 遇到非有限 loss (NaN/Inf)，跳过该 batch
[2025-12-08 10:07:23,626] [WARNING] 遇到非有限 loss (NaN/Inf)，跳过该 batch
[2025-12-08 10:07:23,635] [WARNING] 遇到非有限 loss (NaN/Inf)，跳过该 batch
[2025-12-08 10:07:23,643] [WARNING] 遇到非有限 loss (NaN/Inf)，跳过该 batch
[2025-12-08 10:07:23,651] [WARNING] 遇到非有限 loss (NaN/Inf)，跳过该 batch
[2025-12-08 10:07:23,659] [WARNING] 遇到非有限 loss (NaN/Inf)，跳过该 batch
[2025-12-08 10:07:23,667] [WARNING] 遇到非有限 loss (NaN/Inf)，跳过该 batch
[2025-12-08 10:07:23,675] [WARNING] 遇到非有限 loss (NaN/Inf)，跳过该 batch
[2025-12-08 10:07:23,683] [WARNING] 遇到非有限 loss (NaN/Inf)，跳过该 batch
[2025-12-08 10:07:23,692] [WARNING] 遇到非有限 loss (NaN/Inf)，跳过该 batch
[2025-12-08 10:07:23,701] [WARNING] 遇到非有限 loss (NaN/Inf)，跳过该 batch
[2025-12-08 10:07:23,709] [WARNING] 遇到非有限 loss (NaN/Inf)，跳过该 batch
[2025-12-08 10:07:23,718] [WARNING] 遇到非有限 loss (NaN/Inf)，跳过该 batch
[2025-12-08 10:07:23,726] [WARNING] 遇到非有限 loss (NaN/Inf)，跳过该 batch
[2025-12-08 10:07:23,734] [WARNING] 遇到非有限 loss (NaN/Inf)，跳过该 batch
[2025-12-08 10:07:23,742] [WARNING] 遇到非有限 loss (NaN/Inf)，跳过该 batch
[2025-12-08 10:07:23,751] [WARNING] 遇到非有限 loss (NaN/Inf)，跳过该 batch
[2025-12-08 10:07:23,758] [WARNING] 遇到非有限 loss (NaN/Inf)，跳过该 batch
[2025-12-08 10:07:23,766] [WARNING] 遇到非有限 loss (NaN/Inf)，跳过该 batch
[2025-12-08 10:07:23,775] [WARNING] 遇到非有限 loss (NaN/Inf)，跳过该 batch
[2025-12-08 10:07:23,783] [WARNING] 遇到非有限 loss (NaN/Inf)，跳过该 batch
[2025-12-08 10:07:23,792] [WARNING] 遇到非有限 loss (NaN/Inf)，跳过该 batch
[2025-12-08 10:07:23,800] [WARNING] 遇到非有限 loss (NaN/Inf)，跳过该 batch
[2025-12-08 10:07:23,808] [WARNING] 遇到非有限 loss (NaN/Inf)，跳过该 batch
[2025-12-08 10:07:23,817] [WARNING] 遇到非有限 loss (NaN/Inf)，跳过该 batch
[2025-12-08 10:07:23,824] [WARNING] 遇到非有限 loss (NaN/Inf)，跳过该 batch
[2025-12-08 10:07:23,832] [WARNING] 遇到非有限 loss (NaN/Inf)，跳过该 batch
[2025-12-08 10:07:23,840] [WARNING] 遇到非有限 loss (NaN/Inf)，跳过该 batch
[2025-12-08 10:07:23,848] [WARNING] 遇到非有限 loss (NaN/Inf)，跳过该 batch
[2025-12-08 10:07:23,856] [WARNING] 遇到非有限 loss (NaN/Inf)，跳过该 batch
[2025-12-08 10:07:23,864] [WARNING] 遇到非有限 loss (NaN/Inf)，跳过该 batch
[2025-12-08 10:07:23,873] [WARNING] 遇到非有限 loss (NaN/Inf)，跳过该 batch
[2025-12-08 10:07:23,882] [WARNING] 遇到非有限 loss (NaN/Inf)，跳过该 batch
[2025-12-08 10:07:23,890] [WARNING] 遇到非有限 loss (NaN/Inf)，跳过该 batch
[2025-12-08 10:07:23,898] [WARNING] 遇到非有限 loss (NaN/Inf)，跳过该 batch
[2025-12-08 10:07:23,906] [WARNING] 遇到非有限 loss (NaN/Inf)，跳过该 batch
[2025-12-08 10:07:23,914] [WARNING] 遇到非有限 loss (NaN/Inf)，跳过该 batch
[2025-12-08 10:07:23,922] [WARNING] 遇到非有限 loss (NaN/Inf)，跳过该 batch
[2025-12-08 10:07:23,930] [WARNING] 遇到非有限 loss (NaN/Inf)，跳过该 batch
[2025-12-08 10:07:23,938] [WARNING] 遇到非有限 loss (NaN/Inf)，跳过该 batch
[2025-12-08 10:07:23,945] [WARNING] 遇到非有限 loss (NaN/Inf)，跳过该 batch
[2025-12-08 10:07:23,954] [WARNING] 遇到非有限 loss (NaN/Inf)，跳过该 batch
[2025-12-08 10:07:23,962] [WARNING] 遇到非有限 loss (NaN/Inf)，跳过该 batch
[2025-12-08 10:07:23,970] [WARNING] 遇到非有限 loss (NaN/Inf)，跳过该 batch
[2025-12-08 10:07:23,978] [WARNING] 遇到非有限 loss (NaN/Inf)，跳过该 batch
[2025-12-08 10:07:23,987] [WARNING] 遇到非有限 loss (NaN/Inf)，跳过该 batch
[2025-12-08 10:07:23,995] [WARNING] 遇到非有限 loss (NaN/Inf)，跳过该 batch
[2025-12-08 10:07:24,002] [WARNING] 遇到非有限 loss (NaN/Inf)，跳过该 batch
[2025-12-08 10:07:24,010] [WARNING] 遇到非有限 loss (NaN/Inf)，跳过该 batch
[2025-12-08 10:07:24,019] [WARNING] 遇到非有限 loss (NaN/Inf)，跳过该 batch
[2025-12-08 10:07:24,026] [WARNING] 遇到非有限 loss (NaN/Inf)，跳过该 batch
[2025-12-08 10:07:24,035] [WARNING] 遇到非有限 loss (NaN/Inf)，跳过该 batch
[2025-12-08 10:07:24,043] [WARNING] 遇到非有限 loss (NaN/Inf)，跳过该 batch
[2025-12-08 10:07:24,051] [WARNING] 遇到非有限 loss (NaN/Inf)，跳过该 batch
[2025-12-08 10:07:24,060] [WARNING] 遇到非有限 loss (NaN/Inf)，跳过该 batch
[2025-12-08 10:07:24,069] [WARNING] 遇到非有限 loss (NaN/Inf)，跳过该 batch
[2025-12-08 10:07:24,076] [WARNING] 遇到非有限 loss (NaN/Inf)，跳过该 batch
[2025-12-08 10:07:24,084] [WARNING] 遇到非有限 loss (NaN/Inf)，跳过该 batch
[2025-12-08 10:07:24,092] [WARNING] 遇到非有限 loss (NaN/Inf)，跳过该 batch
[2025-12-08 10:07:24,100] [WARNING] 遇到非有限 loss (NaN/Inf)，跳过该 batch
[2025-12-08 10:07:24,108] [WARNING] 遇到非有限 loss (NaN/Inf)，跳过该 batch
[2025-12-08 10:07:24,117] [WARNING] 遇到非有限 loss (NaN/Inf)，跳过该 batch
[2025-12-08 10:07:24,125] [WARNING] 遇到非有限 loss (NaN/Inf)，跳过该 batch
[2025-12-08 10:07:24,133] [WARNING] 遇到非有限 loss (NaN/Inf)，跳过该 batch
[2025-12-08 10:07:24,142] [WARNING] 遇到非有限 loss (NaN/Inf)，跳过该 batch
[2025-12-08 10:07:24,149] [WARNING] 遇到非有限 loss (NaN/Inf)，跳过该 batch
[2025-12-08 10:07:24,157] [WARNING] 遇到非有限 loss (NaN/Inf)，跳过该 batch
[2025-12-08 10:07:24,165] [WARNING] 遇到非有限 loss (NaN/Inf)，跳过该 batch
[2025-12-08 10:07:24,173] [WARNING] 遇到非有限 loss (NaN/Inf)，跳过该 batch
[2025-12-08 10:07:24,183] [WARNING] 遇到非有限 loss (NaN/Inf)，跳过该 batch
[2025-12-08 10:07:24,192] [WARNING] 遇到非有限 loss (NaN/Inf)，跳过该 batch
[2025-12-08 10:07:24,200] [WARNING] 遇到非有限 loss (NaN/Inf)，跳过该 batch
[2025-12-08 10:07:24,208] [WARNING] 遇到非有限 loss (NaN/Inf)，跳过该 batch
[2025-12-08 10:07:24,216] [WARNING] 遇到非有限 loss (NaN/Inf)，跳过该 batch
[2025-12-08 10:07:24,224] [WARNING] 遇到非有限 loss (NaN/Inf)，跳过该 batch
[2025-12-08 10:07:24,232] [WARNING] 遇到非有限 loss (NaN/Inf)，跳过该 batch
[2025-12-08 10:07:24,239] [WARNING] 遇到非有限 loss (NaN/Inf)，跳过该 batch
[2025-12-08 10:07:24,247] [WARNING] 遇到非有限 loss (NaN/Inf)，跳过该 batch
[2025-12-08 10:07:24,256] [WARNING] 遇到非有限 loss (NaN/Inf)，跳过该 batch
[2025-12-08 10:07:24,265] [WARNING] 遇到非有限 loss (NaN/Inf)，跳过该 batch
[2025-12-08 10:07:24,273] [WARNING] 遇到非有限 loss (NaN/Inf)，跳过该 batch
[2025-12-08 10:07:24,282] [WARNING] 遇到非有限 loss (NaN/Inf)，跳过该 batch
[2025-12-08 10:07:24,290] [WARNING] 遇到非有限 loss (NaN/Inf)，跳过该 batch
[2025-12-08 10:07:24,298] [WARNING] 遇到非有限 loss (NaN/Inf)，跳过该 batch
[2025-12-08 10:07:24,306] [WARNING] 遇到非有限 loss (NaN/Inf)，跳过该 batch
[2025-12-08 10:07:24,313] [WARNING] 遇到非有限 loss (NaN/Inf)，跳过该 batch
[2025-12-08 10:07:24,321] [WARNING] 遇到非有限 loss (NaN/Inf)，跳过该 batch
[2025-12-08 10:07:24,329] [WARNING] 遇到非有限 loss (NaN/Inf)，跳过该 batch
[2025-12-08 10:07:24,339] [WARNING] 遇到非有限 loss (NaN/Inf)，跳过该 batch
[2025-12-08 10:07:24,347] [WARNING] 遇到非有限 loss (NaN/Inf)，跳过该 batch
[2025-12-08 10:07:24,355] [WARNING] 遇到非有限 loss (NaN/Inf)，跳过该 batch
[2025-12-08 10:07:24,363] [WARNING] 遇到非有限 loss (NaN/Inf)，跳过该 batch
[2025-12-08 10:07:24,371] [WARNING] 遇到非有限 loss (NaN/Inf)，跳过该 batch
[2025-12-08 10:07:24,379] [WARNING] 遇到非有限 loss (NaN/Inf)，跳过该 batch
[2025-12-08 10:07:24,387] [WARNING] 遇到非有限 loss (NaN/Inf)，跳过该 batch
[2025-12-08 10:07:24,395] [WARNING] 遇到非有限 loss (NaN/Inf)，跳过该 batch
[2025-12-08 10:07:24,403] [WARNING] 遇到非有限 loss (NaN/Inf)，跳过该 batch
[2025-12-08 10:07:24,411] [WARNING] 遇到非有限 loss (NaN/Inf)，跳过该 batch
[2025-12-08 10:07:24,418] [WARNING] 遇到非有限 loss (NaN/Inf)，跳过该 batch
[2025-12-08 10:07:24,426] [WARNING] 遇到非有限 loss (NaN/Inf)，跳过该 batch
[2025-12-08 10:07:24,433] [WARNING] 遇到非有限 loss (NaN/Inf)，跳过该 batch
[2025-12-08 10:07:24,442] [WARNING] 遇到非有限 loss (NaN/Inf)，跳过该 batch
[2025-12-08 10:07:24,450] [WARNING] 遇到非有限 loss (NaN/Inf)，跳过该 batch
[2025-12-08 10:07:24,458] [WARNING] 遇到非有限 loss (NaN/Inf)，跳过该 batch
[2025-12-08 10:07:24,466] [WARNING] 遇到非有限 loss (NaN/Inf)，跳过该 batch
[2025-12-08 10:07:24,473] [WARNING] 遇到非有限 loss (NaN/Inf)，跳过该 batch
[2025-12-08 10:07:24,481] [WARNING] 遇到非有限 loss (NaN/Inf)，跳过该 batch
[2025-12-08 10:07:24,488] [WARNING] 遇到非有限 loss (NaN/Inf)，跳过该 batch
[2025-12-08 10:07:24,496] [WARNING] 遇到非有限 loss (NaN/Inf)，跳过该 batch
[2025-12-08 10:07:24,504] [WARNING] 遇到非有限 loss (NaN/Inf)，跳过该 batch
[2025-12-08 10:07:24,512] [WARNING] 遇到非有限 loss (NaN/Inf)，跳过该 batch
[2025-12-08 10:07:24,519] [WARNING] 遇到非有限 loss (NaN/Inf)，跳过该 batch
[2025-12-08 10:07:24,527] [WARNING] 遇到非有限 loss (NaN/Inf)，跳过该 batch
[2025-12-08 10:07:24,535] [WARNING] 遇到非有限 loss (NaN/Inf)，跳过该 batch
[2025-12-08 10:07:24,544] [WARNING] 遇到非有限 loss (NaN/Inf)，跳过该 batch
[2025-12-08 10:07:24,553] [WARNING] 遇到非有限 loss (NaN/Inf)，跳过该 batch
[2025-12-08 10:07:24,561] [WARNING] 遇到非有限 loss (NaN/Inf)，跳过该 batch
[2025-12-08 10:07:24,569] [WARNING] 遇到非有限 loss (NaN/Inf)，跳过该 batch
[2025-12-08 10:07:24,577] [WARNING] 遇到非有限 loss (NaN/Inf)，跳过该 batch
[2025-12-08 10:07:24,585] [WARNING] 遇到非有限 loss (NaN/Inf)，跳过该 batch
[2025-12-08 10:07:24,594] [WARNING] 遇到非有限 loss (NaN/Inf)，跳过该 batch
[2025-12-08 10:07:24,603] [WARNING] 遇到非有限 loss (NaN/Inf)，跳过该 batch
[2025-12-08 10:07:24,612] [WARNING] 遇到非有限 loss (NaN/Inf)，跳过该 batch
[2025-12-08 10:07:24,620] [WARNING] 遇到非有限 loss (NaN/Inf)，跳过该 batch
[2025-12-08 10:07:24,627] [WARNING] 遇到非有限 loss (NaN/Inf)，跳过该 batch
[2025-12-08 10:07:24,635] [WARNING] 遇到非有限 loss (NaN/Inf)，跳过该 batch
[2025-12-08 10:07:24,644] [WARNING] 遇到非有限 loss (NaN/Inf)，跳过该 batch
[2025-12-08 10:07:24,652] [WARNING] 遇到非有限 loss (NaN/Inf)，跳过该 batch
[2025-12-08 10:07:24,659] [WARNING] 遇到非有限 loss (NaN/Inf)，跳过该 batch
[2025-12-08 10:07:24,667] [WARNING] 遇到非有限 loss (NaN/Inf)，跳过该 batch
[2025-12-08 10:07:24,675] [WARNING] 遇到非有限 loss (NaN/Inf)，跳过该 batch
[2025-12-08 10:07:24,683] [WARNING] 遇到非有限 loss (NaN/Inf)，跳过该 batch
[2025-12-08 10:07:24,691] [WARNING] 遇到非有限 loss (NaN/Inf)，跳过该 batch
[2025-12-08 10:07:24,700] [WARNING] 遇到非有限 loss (NaN/Inf)，跳过该 batch
[2025-12-08 10:07:24,708] [WARNING] 遇到非有限 loss (NaN/Inf)，跳过该 batch
[2025-12-08 10:07:24,716] [WARNING] 遇到非有限 loss (NaN/Inf)，跳过该 batch
[2025-12-08 10:07:24,724] [WARNING] 遇到非有限 loss (NaN/Inf)，跳过该 batch
[2025-12-08 10:07:24,733] [WARNING] 遇到非有限 loss (NaN/Inf)，跳过该 batch
[2025-12-08 10:07:24,740] [WARNING] 遇到非有限 loss (NaN/Inf)，跳过该 batch
[2025-12-08 10:07:24,748] [WARNING] 遇到非有限 loss (NaN/Inf)，跳过该 batch
[2025-12-08 10:07:24,757] [WARNING] 遇到非有限 loss (NaN/Inf)，跳过该 batch
[2025-12-08 10:07:24,765] [WARNING] 遇到非有限 loss (NaN/Inf)，跳过该 batch
[2025-12-08 10:07:24,772] [WARNING] 遇到非有限 loss (NaN/Inf)，跳过该 batch
[2025-12-08 10:07:24,781] [WARNING] 遇到非有限 loss (NaN/Inf)，跳过该 batch
[2025-12-08 10:07:24,789] [WARNING] 遇到非有限 loss (NaN/Inf)，跳过该 batch
[2025-12-08 10:07:24,798] [WARNING] 遇到非有限 loss (NaN/Inf)，跳过该 batch
[2025-12-08 10:07:24,806] [WARNING] 遇到非有限 loss (NaN/Inf)，跳过该 batch
[2025-12-08 10:07:24,813] [WARNING] 遇到非有限 loss (NaN/Inf)，跳过该 batch
[2025-12-08 10:07:24,822] [WARNING] 遇到非有限 loss (NaN/Inf)，跳过该 batch
[2025-12-08 10:07:24,830] [WARNING] 遇到非有限 loss (NaN/Inf)，跳过该 batch
[2025-12-08 10:07:24,838] [WARNING] 遇到非有限 loss (NaN/Inf)，跳过该 batch
[2025-12-08 10:07:24,846] [WARNING] 遇到非有限 loss (NaN/Inf)，跳过该 batch
[2025-12-08 10:07:24,854] [WARNING] 遇到非有限 loss (NaN/Inf)，跳过该 batch
[2025-12-08 10:07:24,862] [WARNING] 遇到非有限 loss (NaN/Inf)，跳过该 batch
[2025-12-08 10:07:24,871] [WARNING] 遇到非有限 loss (NaN/Inf)，跳过该 batch
[2025-12-08 10:07:24,879] [WARNING] 遇到非有限 loss (NaN/Inf)，跳过该 batch
[2025-12-08 10:07:24,887] [WARNING] 遇到非有限 loss (NaN/Inf)，跳过该 batch
[2025-12-08 10:07:24,895] [WARNING] 遇到非有限 loss (NaN/Inf)，跳过该 batch
[2025-12-08 10:07:24,903] [WARNING] 遇到非有限 loss (NaN/Inf)，跳过该 batch
[2025-12-08 10:07:24,911] [WARNING] 遇到非有限 loss (NaN/Inf)，跳过该 batch
[2025-12-08 10:07:24,919] [WARNING] 遇到非有限 loss (NaN/Inf)，跳过该 batch
[2025-12-08 10:07:24,927] [WARNING] 遇到非有限 loss (NaN/Inf)，跳过该 batch
[2025-12-08 10:07:24,934] [WARNING] 遇到非有限 loss (NaN/Inf)，跳过该 batch
[2025-12-08 10:07:24,942] [WARNING] 遇到非有限 loss (NaN/Inf)，跳过该 batch
[2025-12-08 10:07:24,951] [WARNING] 遇到非有限 loss (NaN/Inf)，跳过该 batch
[2025-12-08 10:07:24,959] [WARNING] 遇到非有限 loss (NaN/Inf)，跳过该 batch
[2025-12-08 10:07:24,968] [WARNING] 遇到非有限 loss (NaN/Inf)，跳过该 batch
[2025-12-08 10:07:24,975] [WARNING] 遇到非有限 loss (NaN/Inf)，跳过该 batch
[2025-12-08 10:07:24,983] [WARNING] 遇到非有限 loss (NaN/Inf)，跳过该 batch
[2025-12-08 10:07:24,991] [WARNING] 遇到非有限 loss (NaN/Inf)，跳过该 batch
[2025-12-08 10:07:24,999] [WARNING] 遇到非有限 loss (NaN/Inf)，跳过该 batch
[2025-12-08 10:07:25,007] [WARNING] 遇到非有限 loss (NaN/Inf)，跳过该 batch
[2025-12-08 10:07:25,015] [WARNING] 遇到非有限 loss (NaN/Inf)，跳过该 batch
[2025-12-08 10:07:25,024] [WARNING] 遇到非有限 loss (NaN/Inf)，跳过该 batch
[2025-12-08 10:07:25,033] [WARNING] 遇到非有限 loss (NaN/Inf)，跳过该 batch
[2025-12-08 10:07:25,041] [WARNING] 遇到非有限 loss (NaN/Inf)，跳过该 batch
[2025-12-08 10:07:25,049] [WARNING] 遇到非有限 loss (NaN/Inf)，跳过该 batch
[2025-12-08 10:07:25,057] [WARNING] 遇到非有限 loss (NaN/Inf)，跳过该 batch
[2025-12-08 10:07:25,065] [WARNING] 遇到非有限 loss (NaN/Inf)，跳过该 batch
[2025-12-08 10:07:25,073] [WARNING] 遇到非有限 loss (NaN/Inf)，跳过该 batch
[2025-12-08 10:07:25,081] [WARNING] 遇到非有限 loss (NaN/Inf)，跳过该 batch
[2025-12-08 10:07:25,088] [WARNING] 遇到非有限 loss (NaN/Inf)，跳过该 batch
[2025-12-08 10:07:25,096] [WARNING] 遇到非有限 loss (NaN/Inf)，跳过该 batch
[2025-12-08 10:07:25,104] [WARNING] 遇到非有限 loss (NaN/Inf)，跳过该 batch
[2025-12-08 10:07:25,114] [WARNING] 遇到非有限 loss (NaN/Inf)，跳过该 batch
[2025-12-08 10:07:25,122] [WARNING] 遇到非有限 loss (NaN/Inf)，跳过该 batch
[2025-12-08 10:07:25,130] [WARNING] 遇到非有限 loss (NaN/Inf)，跳过该 batch
[2025-12-08 10:07:25,139] [WARNING] 遇到非有限 loss (NaN/Inf)，跳过该 batch
[2025-12-08 10:07:25,146] [WARNING] 遇到非有限 loss (NaN/Inf)，跳过该 batch
[2025-12-08 10:07:25,154] [WARNING] 遇到非有限 loss (NaN/Inf)，跳过该 batch
[2025-12-08 10:07:25,162] [WARNING] 遇到非有限 loss (NaN/Inf)，跳过该 batch
[2025-12-08 10:07:25,169] [WARNING] 遇到非有限 loss (NaN/Inf)，跳过该 batch
[2025-12-08 10:07:25,177] [WARNING] 遇到非有限 loss (NaN/Inf)，跳过该 batch
[2025-12-08 10:07:25,187] [WARNING] 遇到非有限 loss (NaN/Inf)，跳过该 batch
[2025-12-08 10:07:25,194] [WARNING] 遇到非有限 loss (NaN/Inf)，跳过该 batch
[2025-12-08 10:07:25,203] [WARNING] 遇到非有限 loss (NaN/Inf)，跳过该 batch
[2025-12-08 10:07:25,211] [WARNING] 遇到非有限 loss (NaN/Inf)，跳过该 batch
[2025-12-08 10:07:25,219] [WARNING] 遇到非有限 loss (NaN/Inf)，跳过该 batch
[2025-12-08 10:07:25,227] [WARNING] 遇到非有限 loss (NaN/Inf)，跳过该 batch
[2025-12-08 10:07:25,235] [WARNING] 遇到非有限 loss (NaN/Inf)，跳过该 batch
[2025-12-08 10:07:25,243] [WARNING] 遇到非有限 loss (NaN/Inf)，跳过该 batch
[2025-12-08 10:07:25,250] [WARNING] 遇到非有限 loss (NaN/Inf)，跳过该 batch
[2025-12-08 10:07:25,258] [WARNING] 遇到非有限 loss (NaN/Inf)，跳过该 batch
[2025-12-08 10:07:25,266] [WARNING] 遇到非有限 loss (NaN/Inf)，跳过该 batch
[2025-12-08 10:07:25,273] [WARNING] 遇到非有限 loss (NaN/Inf)，跳过该 batch
[2025-12-08 10:07:25,281] [WARNING] 遇到非有限 loss (NaN/Inf)，跳过该 batch
[2025-12-08 10:07:25,289] [WARNING] 遇到非有限 loss (NaN/Inf)，跳过该 batch
[2025-12-08 10:07:25,297] [WARNING] 遇到非有限 loss (NaN/Inf)，跳过该 batch
[2025-12-08 10:07:25,304] [WARNING] 遇到非有限 loss (NaN/Inf)，跳过该 batch
[2025-12-08 10:07:25,312] [WARNING] 遇到非有限 loss (NaN/Inf)，跳过该 batch
[2025-12-08 10:07:25,321] [WARNING] 遇到非有限 loss (NaN/Inf)，跳过该 batch
[2025-12-08 10:07:25,328] [WARNING] 遇到非有限 loss (NaN/Inf)，跳过该 batch
[2025-12-08 10:07:25,336] [WARNING] 遇到非有限 loss (NaN/Inf)，跳过该 batch
[2025-12-08 10:07:25,344] [WARNING] 遇到非有限 loss (NaN/Inf)，跳过该 batch
[2025-12-08 10:07:25,352] [WARNING] 遇到非有限 loss (NaN/Inf)，跳过该 batch
[2025-12-08 10:07:25,359] [WARNING] 遇到非有限 loss (NaN/Inf)，跳过该 batch
[2025-12-08 10:07:25,367] [WARNING] 遇到非有限 loss (NaN/Inf)，跳过该 batch
[2025-12-08 10:07:25,375] [WARNING] 遇到非有限 loss (NaN/Inf)，跳过该 batch
[2025-12-08 10:07:25,382] [WARNING] 遇到非有限 loss (NaN/Inf)，跳过该 batch
[2025-12-08 10:07:25,390] [WARNING] 遇到非有限 loss (NaN/Inf)，跳过该 batch
[2025-12-08 10:07:25,399] [WARNING] 遇到非有限 loss (NaN/Inf)，跳过该 batch
[2025-12-08 10:07:25,406] [WARNING] 遇到非有限 loss (NaN/Inf)，跳过该 batch
[2025-12-08 10:07:25,415] [WARNING] 遇到非有限 loss (NaN/Inf)，跳过该 batch
[2025-12-08 10:07:25,423] [WARNING] 遇到非有限 loss (NaN/Inf)，跳过该 batch
[2025-12-08 10:07:25,431] [WARNING] 遇到非有限 loss (NaN/Inf)，跳过该 batch
[2025-12-08 10:07:25,438] [WARNING] 遇到非有限 loss (NaN/Inf)，跳过该 batch
[2025-12-08 10:07:25,445] [WARNING] 遇到非有限 loss (NaN/Inf)，跳过该 batch
[2025-12-08 10:07:25,454] [WARNING] 遇到非有限 loss (NaN/Inf)，跳过该 batch
[2025-12-08 10:07:25,461] [WARNING] 遇到非有限 loss (NaN/Inf)，跳过该 batch
[2025-12-08 10:07:25,470] [WARNING] 遇到非有限 loss (NaN/Inf)，跳过该 batch
[2025-12-08 10:07:25,478] [WARNING] 遇到非有限 loss (NaN/Inf)，跳过该 batch
[2025-12-08 10:07:25,486] [WARNING] 遇到非有限 loss (NaN/Inf)，跳过该 batch
[2025-12-08 10:07:25,495] [WARNING] 遇到非有限 loss (NaN/Inf)，跳过该 batch
[2025-12-08 10:07:25,504] [WARNING] 遇到非有限 loss (NaN/Inf)，跳过该 batch
[2025-12-08 10:07:25,513] [WARNING] 遇到非有限 loss (NaN/Inf)，跳过该 batch
[2025-12-08 10:07:25,525] [WARNING] 遇到非有限 loss (NaN/Inf)，跳过该 batch
[2025-12-08 10:07:25,535] [WARNING] 遇到非有限 loss (NaN/Inf)，跳过该 batch
[2025-12-08 10:07:25,544] [WARNING] 遇到非有限 loss (NaN/Inf)，跳过该 batch
[2025-12-08 10:07:25,557] [WARNING] 遇到非有限 loss (NaN/Inf)，跳过该 batch
[2025-12-08 10:07:25,566] [WARNING] 遇到非有限 loss (NaN/Inf)，跳过该 batch
[2025-12-08 10:07:25,575] [WARNING] 遇到非有限 loss (NaN/Inf)，跳过该 batch
[2025-12-08 10:07:25,583] [WARNING] 遇到非有限 loss (NaN/Inf)，跳过该 batch
[2025-12-08 10:07:25,591] [WARNING] 遇到非有限 loss (NaN/Inf)，跳过该 batch
[2025-12-08 10:07:25,600] [WARNING] 遇到非有限 loss (NaN/Inf)，跳过该 batch
[2025-12-08 10:07:25,608] [WARNING] 遇到非有限 loss (NaN/Inf)，跳过该 batch
[2025-12-08 10:07:25,616] [WARNING] 遇到非有限 loss (NaN/Inf)，跳过该 batch
[2025-12-08 10:07:25,624] [WARNING] 遇到非有限 loss (NaN/Inf)，跳过该 batch
[2025-12-08 10:07:25,632] [WARNING] 遇到非有限 loss (NaN/Inf)，跳过该 batch
[2025-12-08 10:07:25,640] [WARNING] 遇到非有限 loss (NaN/Inf)，跳过该 batch
[2025-12-08 10:07:25,649] [WARNING] 遇到非有限 loss (NaN/Inf)，跳过该 batch
[2025-12-08 10:07:25,656] [WARNING] 遇到非有限 loss (NaN/Inf)，跳过该 batch
[2025-12-08 10:07:25,665] [WARNING] 遇到非有限 loss (NaN/Inf)，跳过该 batch
[2025-12-08 10:07:25,673] [WARNING] 遇到非有限 loss (NaN/Inf)，跳过该 batch
[2025-12-08 10:07:25,682] [WARNING] 遇到非有限 loss (NaN/Inf)，跳过该 batch
[2025-12-08 10:07:25,690] [WARNING] 遇到非有限 loss (NaN/Inf)，跳过该 batch
[2025-12-08 10:07:25,699] [WARNING] 遇到非有限 loss (NaN/Inf)，跳过该 batch
[2025-12-08 10:07:25,709] [WARNING] 遇到非有限 loss (NaN/Inf)，跳过该 batch
[2025-12-08 10:07:25,716] [WARNING] 遇到非有限 loss (NaN/Inf)，跳过该 batch
[2025-12-08 10:07:25,724] [WARNING] 遇到非有限 loss (NaN/Inf)，跳过该 batch
[2025-12-08 10:07:25,732] [WARNING] 遇到非有限 loss (NaN/Inf)，跳过该 batch
[2025-12-08 10:07:25,741] [WARNING] 遇到非有限 loss (NaN/Inf)，跳过该 batch
[2025-12-08 10:07:25,749] [WARNING] 遇到非有限 loss (NaN/Inf)，跳过该 batch
[2025-12-08 10:07:25,758] [WARNING] 遇到非有限 loss (NaN/Inf)，跳过该 batch
[2025-12-08 10:07:25,766] [WARNING] 遇到非有限 loss (NaN/Inf)，跳过该 batch
[2025-12-08 10:07:25,774] [WARNING] 遇到非有限 loss (NaN/Inf)，跳过该 batch
[2025-12-08 10:07:25,783] [WARNING] 遇到非有限 loss (NaN/Inf)，跳过该 batch
[2025-12-08 10:07:25,793] [WARNING] 遇到非有限 loss (NaN/Inf)，跳过该 batch
[2025-12-08 10:07:25,801] [WARNING] 遇到非有限 loss (NaN/Inf)，跳过该 batch
[2025-12-08 10:07:25,809] [WARNING] 遇到非有限 loss (NaN/Inf)，跳过该 batch
[2025-12-08 10:07:25,817] [WARNING] 遇到非有限 loss (NaN/Inf)，跳过该 batch
[2025-12-08 10:07:25,824] [WARNING] 遇到非有限 loss (NaN/Inf)，跳过该 batch
[2025-12-08 10:07:25,832] [WARNING] 遇到非有限 loss (NaN/Inf)，跳过该 batch
[2025-12-08 10:07:25,841] [WARNING] 遇到非有限 loss (NaN/Inf)，跳过该 batch
[2025-12-08 10:07:25,851] [WARNING] 遇到非有限 loss (NaN/Inf)，跳过该 batch
[2025-12-08 10:07:25,859] [WARNING] 遇到非有限 loss (NaN/Inf)，跳过该 batch
[2025-12-08 10:07:25,872] [WARNING] 遇到非有限 loss (NaN/Inf)，跳过该 batch
[2025-12-08 10:07:25,881] [WARNING] 遇到非有限 loss (NaN/Inf)，跳过该 batch
[2025-12-08 10:07:25,889] [WARNING] 遇到非有限 loss (NaN/Inf)，跳过该 batch
[2025-12-08 10:07:25,898] [WARNING] 遇到非有限 loss (NaN/Inf)，跳过该 batch
[2025-12-08 10:07:25,906] [WARNING] 遇到非有限 loss (NaN/Inf)，跳过该 batch
[2025-12-08 10:07:25,914] [WARNING] 遇到非有限 loss (NaN/Inf)，跳过该 batch
[2025-12-08 10:07:25,923] [WARNING] 遇到非有限 loss (NaN/Inf)，跳过该 batch
[2025-12-08 10:07:25,932] [WARNING] 遇到非有限 loss (NaN/Inf)，跳过该 batch
[2025-12-08 10:07:25,940] [WARNING] 遇到非有限 loss (NaN/Inf)，跳过该 batch
[2025-12-08 10:07:25,948] [WARNING] 遇到非有限 loss (NaN/Inf)，跳过该 batch
[2025-12-08 10:07:25,956] [WARNING] 遇到非有限 loss (NaN/Inf)，跳过该 batch
[2025-12-08 10:07:25,964] [WARNING] 遇到非有限 loss (NaN/Inf)，跳过该 batch
[2025-12-08 10:07:25,972] [WARNING] 遇到非有限 loss (NaN/Inf)，跳过该 batch
[2025-12-08 10:07:25,980] [WARNING] 遇到非有限 loss (NaN/Inf)，跳过该 batch
[2025-12-08 10:07:25,989] [WARNING] 遇到非有限 loss (NaN/Inf)，跳过该 batch
[2025-12-08 10:07:25,997] [WARNING] 遇到非有限 loss (NaN/Inf)，跳过该 batch
[2025-12-08 10:07:26,006] [WARNING] 遇到非有限 loss (NaN/Inf)，跳过该 batch
[2025-12-08 10:07:26,014] [WARNING] 遇到非有限 loss (NaN/Inf)，跳过该 batch
[2025-12-08 10:07:26,023] [WARNING] 遇到非有限 loss (NaN/Inf)，跳过该 batch
[2025-12-08 10:07:26,031] [WARNING] 遇到非有限 loss (NaN/Inf)，跳过该 batch
[2025-12-08 10:07:26,038] [WARNING] 遇到非有限 loss (NaN/Inf)，跳过该 batch
[2025-12-08 10:07:26,047] [WARNING] 遇到非有限 loss (NaN/Inf)，跳过该 batch
[2025-12-08 10:07:26,054] [WARNING] 遇到非有限 loss (NaN/Inf)，跳过该 batch
[2025-12-08 10:07:26,062] [WARNING] 遇到非有限 loss (NaN/Inf)，跳过该 batch
[2025-12-08 10:07:26,071] [WARNING] 遇到非有限 loss (NaN/Inf)，跳过该 batch
[2025-12-08 10:07:26,079] [WARNING] 遇到非有限 loss (NaN/Inf)，跳过该 batch
[2025-12-08 10:07:26,088] [WARNING] 遇到非有限 loss (NaN/Inf)，跳过该 batch
[2025-12-08 10:07:26,097] [WARNING] 遇到非有限 loss (NaN/Inf)，跳过该 batch
[2025-12-08 10:07:26,105] [WARNING] 遇到非有限 loss (NaN/Inf)，跳过该 batch
[2025-12-08 10:07:26,113] [WARNING] 遇到非有限 loss (NaN/Inf)，跳过该 batch
[2025-12-08 10:07:26,121] [WARNING] 遇到非有限 loss (NaN/Inf)，跳过该 batch
[2025-12-08 10:07:26,128] [WARNING] 遇到非有限 loss (NaN/Inf)，跳过该 batch
[2025-12-08 10:07:26,137] [WARNING] 遇到非有限 loss (NaN/Inf)，跳过该 batch
[2025-12-08 10:07:26,145] [WARNING] 遇到非有限 loss (NaN/Inf)，跳过该 batch
[2025-12-08 10:07:26,152] [WARNING] 遇到非有限 loss (NaN/Inf)，跳过该 batch
[2025-12-08 10:07:26,160] [WARNING] 遇到非有限 loss (NaN/Inf)，跳过该 batch
[2025-12-08 10:07:26,168] [WARNING] 遇到非有限 loss (NaN/Inf)，跳过该 batch
[2025-12-08 10:07:26,177] [WARNING] 遇到非有限 loss (NaN/Inf)，跳过该 batch
[2025-12-08 10:07:26,186] [WARNING] 遇到非有限 loss (NaN/Inf)，跳过该 batch
[2025-12-08 10:07:26,194] [WARNING] 遇到非有限 loss (NaN/Inf)，跳过该 batch
[2025-12-08 10:07:26,202] [WARNING] 遇到非有限 loss (NaN/Inf)，跳过该 batch
[2025-12-08 10:07:26,210] [WARNING] 遇到非有限 loss (NaN/Inf)，跳过该 batch
[2025-12-08 10:07:26,218] [WARNING] 遇到非有限 loss (NaN/Inf)，跳过该 batch
[2025-12-08 10:07:26,226] [WARNING] 遇到非有限 loss (NaN/Inf)，跳过该 batch
[2025-12-08 10:07:26,234] [WARNING] 遇到非有限 loss (NaN/Inf)，跳过该 batch
[2025-12-08 10:07:26,242] [WARNING] 遇到非有限 loss (NaN/Inf)，跳过该 batch
[2025-12-08 10:07:26,249] [WARNING] 遇到非有限 loss (NaN/Inf)，跳过该 batch
[2025-12-08 10:07:26,259] [WARNING] 遇到非有限 loss (NaN/Inf)，跳过该 batch
[2025-12-08 10:07:26,267] [WARNING] 遇到非有限 loss (NaN/Inf)，跳过该 batch
[2025-12-08 10:07:26,298] [WARNING] 遇到非有限 loss (NaN/Inf)，跳过该 batch
[2025-12-08 10:07:26,306] [WARNING] 遇到非有限 loss (NaN/Inf)，跳过该 batch
[2025-12-08 10:07:26,314] [WARNING] 遇到非有限 loss (NaN/Inf)，跳过该 batch
[2025-12-08 10:07:26,322] [WARNING] 遇到非有限 loss (NaN/Inf)，跳过该 batch
[2025-12-08 10:07:26,330] [WARNING] 遇到非有限 loss (NaN/Inf)，跳过该 batch
[2025-12-08 10:07:26,338] [WARNING] 遇到非有限 loss (NaN/Inf)，跳过该 batch
[2025-12-08 10:07:26,346] [WARNING] 遇到非有限 loss (NaN/Inf)，跳过该 batch
[2025-12-08 10:07:26,354] [WARNING] 遇到非有限 loss (NaN/Inf)，跳过该 batch
[2025-12-08 10:07:26,439] [INFO] 本 epoch（预测分支）平均训练损失: 0.000000
[2025-12-08 10:07:57,032] [INFO] [Eval] F1=0.8885, P=0.9256, R=0.8542, AUC=0.6618, thr=10.229253, point_adjust=True
[2025-12-08 10:07:57,288] [INFO] 已保存可视化图：./logs/smd_forecast/scores_epoch5.png
[2025-12-08 10:07:57,288] [INFO] ========== Epoch 6/50 ==========
[2025-12-08 10:07:57,494] [WARNING] 遇到非有限 loss (NaN/Inf)，跳过该 batch
[2025-12-08 10:07:57,507] [WARNING] 遇到非有限 loss (NaN/Inf)，跳过该 batch
[2025-12-08 10:07:57,515] [WARNING] 遇到非有限 loss (NaN/Inf)，跳过该 batch
[2025-12-08 10:07:57,523] [WARNING] 遇到非有限 loss (NaN/Inf)，跳过该 batch
[2025-12-08 10:07:57,531] [WARNING] 遇到非有限 loss (NaN/Inf)，跳过该 batch
[2025-12-08 10:07:57,542] [WARNING] 遇到非有限 loss (NaN/Inf)，跳过该 batch
[2025-12-08 10:07:57,554] [WARNING] 遇到非有限 loss (NaN/Inf)，跳过该 batch
[2025-12-08 10:07:57,562] [WARNING] 遇到非有限 loss (NaN/Inf)，跳过该 batch
[2025-12-08 10:07:57,570] [WARNING] 遇到非有限 loss (NaN/Inf)，跳过该 batch
[2025-12-08 10:07:57,579] [WARNING] 遇到非有限 loss (NaN/Inf)，跳过该 batch
[2025-12-08 10:07:57,588] [WARNING] 遇到非有限 loss (NaN/Inf)，跳过该 batch
[2025-12-08 10:07:57,596] [WARNING] 遇到非有限 loss (NaN/Inf)，跳过该 batch
[2025-12-08 10:07:57,605] [WARNING] 遇到非有限 loss (NaN/Inf)，跳过该 batch
[2025-12-08 10:07:57,613] [WARNING] 遇到非有限 loss (NaN/Inf)，跳过该 batch
[2025-12-08 10:07:57,621] [WARNING] 遇到非有限 loss (NaN/Inf)，跳过该 batch
[2025-12-08 10:07:57,630] [WARNING] 遇到非有限 loss (NaN/Inf)，跳过该 batch
[2025-12-08 10:07:57,639] [WARNING] 遇到非有限 loss (NaN/Inf)，跳过该 batch
[2025-12-08 10:07:57,649] [WARNING] 遇到非有限 loss (NaN/Inf)，跳过该 batch
[2025-12-08 10:07:57,658] [WARNING] 遇到非有限 loss (NaN/Inf)，跳过该 batch
[2025-12-08 10:07:57,668] [WARNING] 遇到非有限 loss (NaN/Inf)，跳过该 batch
[2025-12-08 10:07:57,676] [WARNING] 遇到非有限 loss (NaN/Inf)，跳过该 batch
[2025-12-08 10:07:57,685] [WARNING] 遇到非有限 loss (NaN/Inf)，跳过该 batch
[2025-12-08 10:07:57,693] [WARNING] 遇到非有限 loss (NaN/Inf)，跳过该 batch
[2025-12-08 10:07:57,701] [WARNING] 遇到非有限 loss (NaN/Inf)，跳过该 batch
[2025-12-08 10:07:57,710] [WARNING] 遇到非有限 loss (NaN/Inf)，跳过该 batch
[2025-12-08 10:07:57,719] [WARNING] 遇到非有限 loss (NaN/Inf)，跳过该 batch
[2025-12-08 10:07:57,727] [WARNING] 遇到非有限 loss (NaN/Inf)，跳过该 batch
[2025-12-08 10:07:57,736] [WARNING] 遇到非有限 loss (NaN/Inf)，跳过该 batch
[2025-12-08 10:07:57,746] [WARNING] 遇到非有限 loss (NaN/Inf)，跳过该 batch
[2025-12-08 10:07:57,755] [WARNING] 遇到非有限 loss (NaN/Inf)，跳过该 batch
[2025-12-08 10:07:57,764] [WARNING] 遇到非有限 loss (NaN/Inf)，跳过该 batch
[2025-12-08 10:07:57,773] [WARNING] 遇到非有限 loss (NaN/Inf)，跳过该 batch
[2025-12-08 10:07:57,781] [WARNING] 遇到非有限 loss (NaN/Inf)，跳过该 batch
[2025-12-08 10:07:57,790] [WARNING] 遇到非有限 loss (NaN/Inf)，跳过该 batch
[2025-12-08 10:07:57,802] [WARNING] 遇到非有限 loss (NaN/Inf)，跳过该 batch
[2025-12-08 10:07:57,810] [WARNING] 遇到非有限 loss (NaN/Inf)，跳过该 batch
[2025-12-08 10:07:57,818] [WARNING] 遇到非有限 loss (NaN/Inf)，跳过该 batch
[2025-12-08 10:07:57,826] [WARNING] 遇到非有限 loss (NaN/Inf)，跳过该 batch
[2025-12-08 10:07:57,834] [WARNING] 遇到非有限 loss (NaN/Inf)，跳过该 batch
[2025-12-08 10:07:57,843] [WARNING] 遇到非有限 loss (NaN/Inf)，跳过该 batch
[2025-12-08 10:07:57,851] [WARNING] 遇到非有限 loss (NaN/Inf)，跳过该 batch
[2025-12-08 10:07:57,860] [WARNING] 遇到非有限 loss (NaN/Inf)，跳过该 batch
[2025-12-08 10:07:57,869] [WARNING] 遇到非有限 loss (NaN/Inf)，跳过该 batch
[2025-12-08 10:07:57,877] [WARNING] 遇到非有限 loss (NaN/Inf)，跳过该 batch
[2025-12-08 10:07:57,884] [WARNING] 遇到非有限 loss (NaN/Inf)，跳过该 batch
[2025-12-08 10:07:57,893] [WARNING] 遇到非有限 loss (NaN/Inf)，跳过该 batch
[2025-12-08 10:07:57,901] [WARNING] 遇到非有限 loss (NaN/Inf)，跳过该 batch
[2025-12-08 10:07:57,911] [WARNING] 遇到非有限 loss (NaN/Inf)，跳过该 batch
[2025-12-08 10:07:57,919] [WARNING] 遇到非有限 loss (NaN/Inf)，跳过该 batch
[2025-12-08 10:07:57,927] [WARNING] 遇到非有限 loss (NaN/Inf)，跳过该 batch
[2025-12-08 10:07:57,936] [WARNING] 遇到非有限 loss (NaN/Inf)，跳过该 batch
[2025-12-08 10:07:57,944] [WARNING] 遇到非有限 loss (NaN/Inf)，跳过该 batch
[2025-12-08 10:07:57,953] [WARNING] 遇到非有限 loss (NaN/Inf)，跳过该 batch
[2025-12-08 10:07:57,961] [WARNING] 遇到非有限 loss (NaN/Inf)，跳过该 batch
[2025-12-08 10:07:57,970] [WARNING] 遇到非有限 loss (NaN/Inf)，跳过该 batch
[2025-12-08 10:07:57,978] [WARNING] 遇到非有限 loss (NaN/Inf)，跳过该 batch
[2025-12-08 10:07:57,986] [WARNING] 遇到非有限 loss (NaN/Inf)，跳过该 batch
[2025-12-08 10:07:57,995] [WARNING] 遇到非有限 loss (NaN/Inf)，跳过该 batch
[2025-12-08 10:07:58,004] [WARNING] 遇到非有限 loss (NaN/Inf)，跳过该 batch
[2025-12-08 10:07:58,013] [WARNING] 遇到非有限 loss (NaN/Inf)，跳过该 batch
[2025-12-08 10:07:58,021] [WARNING] 遇到非有限 loss (NaN/Inf)，跳过该 batch
[2025-12-08 10:07:58,030] [WARNING] 遇到非有限 loss (NaN/Inf)，跳过该 batch
[2025-12-08 10:07:58,038] [WARNING] 遇到非有限 loss (NaN/Inf)，跳过该 batch
[2025-12-08 10:07:58,046] [WARNING] 遇到非有限 loss (NaN/Inf)，跳过该 batch
[2025-12-08 10:07:58,055] [WARNING] 遇到非有限 loss (NaN/Inf)，跳过该 batch
[2025-12-08 10:07:58,063] [WARNING] 遇到非有限 loss (NaN/Inf)，跳过该 batch
[2025-12-08 10:07:58,071] [WARNING] 遇到非有限 loss (NaN/Inf)，跳过该 batch
[2025-12-08 10:07:58,080] [WARNING] 遇到非有限 loss (NaN/Inf)，跳过该 batch
[2025-12-08 10:07:58,089] [WARNING] 遇到非有限 loss (NaN/Inf)，跳过该 batch
[2025-12-08 10:07:58,097] [WARNING] 遇到非有限 loss (NaN/Inf)，跳过该 batch
[2025-12-08 10:07:58,106] [WARNING] 遇到非有限 loss (NaN/Inf)，跳过该 batch
[2025-12-08 10:07:58,114] [WARNING] 遇到非有限 loss (NaN/Inf)，跳过该 batch
[2025-12-08 10:07:58,123] [WARNING] 遇到非有限 loss (NaN/Inf)，跳过该 batch
[2025-12-08 10:07:58,131] [WARNING] 遇到非有限 loss (NaN/Inf)，跳过该 batch
[2025-12-08 10:07:58,139] [WARNING] 遇到非有限 loss (NaN/Inf)，跳过该 batch
[2025-12-08 10:07:58,147] [WARNING] 遇到非有限 loss (NaN/Inf)，跳过该 batch
[2025-12-08 10:07:58,155] [WARNING] 遇到非有限 loss (NaN/Inf)，跳过该 batch
[2025-12-08 10:07:58,163] [WARNING] 遇到非有限 loss (NaN/Inf)，跳过该 batch
[2025-12-08 10:07:58,172] [WARNING] 遇到非有限 loss (NaN/Inf)，跳过该 batch
[2025-12-08 10:07:58,180] [WARNING] 遇到非有限 loss (NaN/Inf)，跳过该 batch
[2025-12-08 10:07:58,189] [WARNING] 遇到非有限 loss (NaN/Inf)，跳过该 batch
[2025-12-08 10:07:58,197] [WARNING] 遇到非有限 loss (NaN/Inf)，跳过该 batch
[2025-12-08 10:07:58,205] [WARNING] 遇到非有限 loss (NaN/Inf)，跳过该 batch
[2025-12-08 10:07:58,213] [WARNING] 遇到非有限 loss (NaN/Inf)，跳过该 batch
[2025-12-08 10:07:58,221] [WARNING] 遇到非有限 loss (NaN/Inf)，跳过该 batch
[2025-12-08 10:07:58,230] [WARNING] 遇到非有限 loss (NaN/Inf)，跳过该 batch
[2025-12-08 10:07:58,238] [WARNING] 遇到非有限 loss (NaN/Inf)，跳过该 batch
[2025-12-08 10:07:58,247] [WARNING] 遇到非有限 loss (NaN/Inf)，跳过该 batch
[2025-12-08 10:07:58,256] [WARNING] 遇到非有限 loss (NaN/Inf)，跳过该 batch
[2025-12-08 10:07:58,264] [WARNING] 遇到非有限 loss (NaN/Inf)，跳过该 batch
[2025-12-08 10:07:58,273] [WARNING] 遇到非有限 loss (NaN/Inf)，跳过该 batch
[2025-12-08 10:07:58,281] [WARNING] 遇到非有限 loss (NaN/Inf)，跳过该 batch
[2025-12-08 10:07:58,289] [WARNING] 遇到非有限 loss (NaN/Inf)，跳过该 batch
[2025-12-08 10:07:58,297] [WARNING] 遇到非有限 loss (NaN/Inf)，跳过该 batch
[2025-12-08 10:07:58,305] [WARNING] 遇到非有限 loss (NaN/Inf)，跳过该 batch
[2025-12-08 10:07:58,314] [WARNING] 遇到非有限 loss (NaN/Inf)，跳过该 batch
[2025-12-08 10:07:58,323] [WARNING] 遇到非有限 loss (NaN/Inf)，跳过该 batch
[2025-12-08 10:07:58,333] [WARNING] 遇到非有限 loss (NaN/Inf)，跳过该 batch
[2025-12-08 10:07:58,341] [WARNING] 遇到非有限 loss (NaN/Inf)，跳过该 batch
[2025-12-08 10:07:58,350] [WARNING] 遇到非有限 loss (NaN/Inf)，跳过该 batch
[2025-12-08 10:07:58,358] [WARNING] 遇到非有限 loss (NaN/Inf)，跳过该 batch
[2025-12-08 10:07:58,366] [WARNING] 遇到非有限 loss (NaN/Inf)，跳过该 batch
[2025-12-08 10:07:58,374] [WARNING] 遇到非有限 loss (NaN/Inf)，跳过该 batch
[2025-12-08 10:07:58,382] [WARNING] 遇到非有限 loss (NaN/Inf)，跳过该 batch
[2025-12-08 10:07:58,391] [WARNING] 遇到非有限 loss (NaN/Inf)，跳过该 batch
[2025-12-08 10:07:58,398] [WARNING] 遇到非有限 loss (NaN/Inf)，跳过该 batch
[2025-12-08 10:07:58,407] [WARNING] 遇到非有限 loss (NaN/Inf)，跳过该 batch
[2025-12-08 10:07:58,417] [WARNING] 遇到非有限 loss (NaN/Inf)，跳过该 batch
[2025-12-08 10:07:58,425] [WARNING] 遇到非有限 loss (NaN/Inf)，跳过该 batch
[2025-12-08 10:07:58,434] [WARNING] 遇到非有限 loss (NaN/Inf)，跳过该 batch
[2025-12-08 10:07:58,443] [WARNING] 遇到非有限 loss (NaN/Inf)，跳过该 batch
[2025-12-08 10:07:58,451] [WARNING] 遇到非有限 loss (NaN/Inf)，跳过该 batch
[2025-12-08 10:07:58,459] [WARNING] 遇到非有限 loss (NaN/Inf)，跳过该 batch
[2025-12-08 10:07:58,467] [WARNING] 遇到非有限 loss (NaN/Inf)，跳过该 batch
[2025-12-08 10:07:58,475] [WARNING] 遇到非有限 loss (NaN/Inf)，跳过该 batch
[2025-12-08 10:07:58,484] [WARNING] 遇到非有限 loss (NaN/Inf)，跳过该 batch
[2025-12-08 10:07:58,493] [WARNING] 遇到非有限 loss (NaN/Inf)，跳过该 batch
[2025-12-08 10:07:58,502] [WARNING] 遇到非有限 loss (NaN/Inf)，跳过该 batch
[2025-12-08 10:07:58,511] [WARNING] 遇到非有限 loss (NaN/Inf)，跳过该 batch
[2025-12-08 10:07:58,519] [WARNING] 遇到非有限 loss (NaN/Inf)，跳过该 batch
[2025-12-08 10:07:58,528] [WARNING] 遇到非有限 loss (NaN/Inf)，跳过该 batch
[2025-12-08 10:07:58,536] [WARNING] 遇到非有限 loss (NaN/Inf)，跳过该 batch
[2025-12-08 10:07:58,544] [WARNING] 遇到非有限 loss (NaN/Inf)，跳过该 batch
[2025-12-08 10:07:58,552] [WARNING] 遇到非有限 loss (NaN/Inf)，跳过该 batch
[2025-12-08 10:07:58,560] [WARNING] 遇到非有限 loss (NaN/Inf)，跳过该 batch
[2025-12-08 10:07:58,569] [WARNING] 遇到非有限 loss (NaN/Inf)，跳过该 batch
[2025-12-08 10:07:58,578] [WARNING] 遇到非有限 loss (NaN/Inf)，跳过该 batch
[2025-12-08 10:07:58,587] [WARNING] 遇到非有限 loss (NaN/Inf)，跳过该 batch
[2025-12-08 10:07:58,595] [WARNING] 遇到非有限 loss (NaN/Inf)，跳过该 batch
[2025-12-08 10:07:58,604] [WARNING] 遇到非有限 loss (NaN/Inf)，跳过该 batch
[2025-12-08 10:07:58,613] [WARNING] 遇到非有限 loss (NaN/Inf)，跳过该 batch
[2025-12-08 10:07:58,621] [WARNING] 遇到非有限 loss (NaN/Inf)，跳过该 batch
[2025-12-08 10:07:58,629] [WARNING] 遇到非有限 loss (NaN/Inf)，跳过该 batch
[2025-12-08 10:07:58,637] [WARNING] 遇到非有限 loss (NaN/Inf)，跳过该 batch
[2025-12-08 10:07:58,646] [WARNING] 遇到非有限 loss (NaN/Inf)，跳过该 batch
[2025-12-08 10:07:58,655] [WARNING] 遇到非有限 loss (NaN/Inf)，跳过该 batch
[2025-12-08 10:07:58,663] [WARNING] 遇到非有限 loss (NaN/Inf)，跳过该 batch
[2025-12-08 10:07:58,672] [WARNING] 遇到非有限 loss (NaN/Inf)，跳过该 batch
[2025-12-08 10:07:58,681] [WARNING] 遇到非有限 loss (NaN/Inf)，跳过该 batch
[2025-12-08 10:07:58,688] [WARNING] 遇到非有限 loss (NaN/Inf)，跳过该 batch
[2025-12-08 10:07:58,697] [WARNING] 遇到非有限 loss (NaN/Inf)，跳过该 batch
[2025-12-08 10:07:58,706] [WARNING] 遇到非有限 loss (NaN/Inf)，跳过该 batch
[2025-12-08 10:07:58,715] [WARNING] 遇到非有限 loss (NaN/Inf)，跳过该 batch
[2025-12-08 10:07:58,723] [WARNING] 遇到非有限 loss (NaN/Inf)，跳过该 batch
[2025-12-08 10:07:58,731] [WARNING] 遇到非有限 loss (NaN/Inf)，跳过该 batch
[2025-12-08 10:07:58,741] [WARNING] 遇到非有限 loss (NaN/Inf)，跳过该 batch
[2025-12-08 10:07:58,749] [WARNING] 遇到非有限 loss (NaN/Inf)，跳过该 batch
[2025-12-08 10:07:58,757] [WARNING] 遇到非有限 loss (NaN/Inf)，跳过该 batch
[2025-12-08 10:07:58,765] [WARNING] 遇到非有限 loss (NaN/Inf)，跳过该 batch
[2025-12-08 10:07:58,774] [WARNING] 遇到非有限 loss (NaN/Inf)，跳过该 batch
[2025-12-08 10:07:58,782] [WARNING] 遇到非有限 loss (NaN/Inf)，跳过该 batch
[2025-12-08 10:07:58,790] [WARNING] 遇到非有限 loss (NaN/Inf)，跳过该 batch
[2025-12-08 10:07:58,799] [WARNING] 遇到非有限 loss (NaN/Inf)，跳过该 batch
[2025-12-08 10:07:58,807] [WARNING] 遇到非有限 loss (NaN/Inf)，跳过该 batch
[2025-12-08 10:07:58,816] [WARNING] 遇到非有限 loss (NaN/Inf)，跳过该 batch
[2025-12-08 10:07:58,825] [WARNING] 遇到非有限 loss (NaN/Inf)，跳过该 batch
[2025-12-08 10:07:58,834] [WARNING] 遇到非有限 loss (NaN/Inf)，跳过该 batch
[2025-12-08 10:07:58,842] [WARNING] 遇到非有限 loss (NaN/Inf)，跳过该 batch
[2025-12-08 10:07:58,850] [WARNING] 遇到非有限 loss (NaN/Inf)，跳过该 batch
[2025-12-08 10:07:58,858] [WARNING] 遇到非有限 loss (NaN/Inf)，跳过该 batch
[2025-12-08 10:07:58,867] [WARNING] 遇到非有限 loss (NaN/Inf)，跳过该 batch
[2025-12-08 10:07:58,875] [WARNING] 遇到非有限 loss (NaN/Inf)，跳过该 batch
[2025-12-08 10:07:58,889] [WARNING] 遇到非有限 loss (NaN/Inf)，跳过该 batch
[2025-12-08 10:07:58,896] [WARNING] 遇到非有限 loss (NaN/Inf)，跳过该 batch
[2025-12-08 10:07:58,905] [WARNING] 遇到非有限 loss (NaN/Inf)，跳过该 batch
[2025-12-08 10:07:58,914] [WARNING] 遇到非有限 loss (NaN/Inf)，跳过该 batch
[2025-12-08 10:07:58,923] [WARNING] 遇到非有限 loss (NaN/Inf)，跳过该 batch
[2025-12-08 10:07:58,931] [WARNING] 遇到非有限 loss (NaN/Inf)，跳过该 batch
[2025-12-08 10:07:58,939] [WARNING] 遇到非有限 loss (NaN/Inf)，跳过该 batch
[2025-12-08 10:07:58,948] [WARNING] 遇到非有限 loss (NaN/Inf)，跳过该 batch
[2025-12-08 10:07:58,956] [WARNING] 遇到非有限 loss (NaN/Inf)，跳过该 batch
[2025-12-08 10:07:58,969] [WARNING] 遇到非有限 loss (NaN/Inf)，跳过该 batch
[2025-12-08 10:07:58,995] [WARNING] 遇到非有限 loss (NaN/Inf)，跳过该 batch
[2025-12-08 10:07:59,010] [WARNING] 遇到非有限 loss (NaN/Inf)，跳过该 batch
[2025-12-08 10:07:59,019] [WARNING] 遇到非有限 loss (NaN/Inf)，跳过该 batch
[2025-12-08 10:07:59,040] [WARNING] 遇到非有限 loss (NaN/Inf)，跳过该 batch
[2025-12-08 10:07:59,048] [WARNING] 遇到非有限 loss (NaN/Inf)，跳过该 batch
[2025-12-08 10:07:59,072] [WARNING] 遇到非有限 loss (NaN/Inf)，跳过该 batch
[2025-12-08 10:07:59,084] [WARNING] 遇到非有限 loss (NaN/Inf)，跳过该 batch
[2025-12-08 10:07:59,095] [WARNING] 遇到非有限 loss (NaN/Inf)，跳过该 batch
[2025-12-08 10:07:59,103] [WARNING] 遇到非有限 loss (NaN/Inf)，跳过该 batch
[2025-12-08 10:07:59,111] [WARNING] 遇到非有限 loss (NaN/Inf)，跳过该 batch
[2025-12-08 10:07:59,119] [WARNING] 遇到非有限 loss (NaN/Inf)，跳过该 batch
[2025-12-08 10:07:59,130] [WARNING] 遇到非有限 loss (NaN/Inf)，跳过该 batch
[2025-12-08 10:07:59,139] [WARNING] 遇到非有限 loss (NaN/Inf)，跳过该 batch
[2025-12-08 10:07:59,148] [WARNING] 遇到非有限 loss (NaN/Inf)，跳过该 batch
[2025-12-08 10:07:59,156] [WARNING] 遇到非有限 loss (NaN/Inf)，跳过该 batch
[2025-12-08 10:07:59,170] [WARNING] 遇到非有限 loss (NaN/Inf)，跳过该 batch
[2025-12-08 10:07:59,182] [WARNING] 遇到非有限 loss (NaN/Inf)，跳过该 batch
[2025-12-08 10:07:59,191] [WARNING] 遇到非有限 loss (NaN/Inf)，跳过该 batch
[2025-12-08 10:07:59,199] [WARNING] 遇到非有限 loss (NaN/Inf)，跳过该 batch
[2025-12-08 10:07:59,209] [WARNING] 遇到非有限 loss (NaN/Inf)，跳过该 batch
[2025-12-08 10:07:59,218] [WARNING] 遇到非有限 loss (NaN/Inf)，跳过该 batch
[2025-12-08 10:07:59,227] [WARNING] 遇到非有限 loss (NaN/Inf)，跳过该 batch
[2025-12-08 10:07:59,243] [WARNING] 遇到非有限 loss (NaN/Inf)，跳过该 batch
[2025-12-08 10:07:59,271] [WARNING] 遇到非有限 loss (NaN/Inf)，跳过该 batch
[2025-12-08 10:07:59,282] [WARNING] 遇到非有限 loss (NaN/Inf)，跳过该 batch
[2025-12-08 10:07:59,291] [WARNING] 遇到非有限 loss (NaN/Inf)，跳过该 batch
[2025-12-08 10:07:59,299] [WARNING] 遇到非有限 loss (NaN/Inf)，跳过该 batch
[2025-12-08 10:07:59,318] [WARNING] 遇到非有限 loss (NaN/Inf)，跳过该 batch
[2025-12-08 10:07:59,338] [WARNING] 遇到非有限 loss (NaN/Inf)，跳过该 batch
[2025-12-08 10:07:59,370] [WARNING] 遇到非有限 loss (NaN/Inf)，跳过该 batch
[2025-12-08 10:07:59,378] [WARNING] 遇到非有限 loss (NaN/Inf)，跳过该 batch
[2025-12-08 10:07:59,386] [WARNING] 遇到非有限 loss (NaN/Inf)，跳过该 batch
[2025-12-08 10:07:59,394] [WARNING] 遇到非有限 loss (NaN/Inf)，跳过该 batch
[2025-12-08 10:07:59,402] [WARNING] 遇到非有限 loss (NaN/Inf)，跳过该 batch
[2025-12-08 10:07:59,445] [WARNING] 遇到非有限 loss (NaN/Inf)，跳过该 batch
[2025-12-08 10:07:59,465] [WARNING] 遇到非有限 loss (NaN/Inf)，跳过该 batch
[2025-12-08 10:07:59,474] [WARNING] 遇到非有限 loss (NaN/Inf)，跳过该 batch
[2025-12-08 10:07:59,490] [WARNING] 遇到非有限 loss (NaN/Inf)，跳过该 batch
[2025-12-08 10:07:59,505] [WARNING] 遇到非有限 loss (NaN/Inf)，跳过该 batch
[2025-12-08 10:07:59,537] [WARNING] 遇到非有限 loss (NaN/Inf)，跳过该 batch
[2025-12-08 10:07:59,548] [WARNING] 遇到非有限 loss (NaN/Inf)，跳过该 batch
[2025-12-08 10:07:59,556] [WARNING] 遇到非有限 loss (NaN/Inf)，跳过该 batch
[2025-12-08 10:07:59,567] [WARNING] 遇到非有限 loss (NaN/Inf)，跳过该 batch
[2025-12-08 10:07:59,575] [WARNING] 遇到非有限 loss (NaN/Inf)，跳过该 batch
[2025-12-08 10:07:59,592] [WARNING] 遇到非有限 loss (NaN/Inf)，跳过该 batch
[2025-12-08 10:07:59,612] [WARNING] 遇到非有限 loss (NaN/Inf)，跳过该 batch
[2025-12-08 10:07:59,620] [WARNING] 遇到非有限 loss (NaN/Inf)，跳过该 batch
[2025-12-08 10:07:59,629] [WARNING] 遇到非有限 loss (NaN/Inf)，跳过该 batch
[2025-12-08 10:07:59,638] [WARNING] 遇到非有限 loss (NaN/Inf)，跳过该 batch
[2025-12-08 10:07:59,647] [WARNING] 遇到非有限 loss (NaN/Inf)，跳过该 batch
[2025-12-08 10:07:59,656] [WARNING] 遇到非有限 loss (NaN/Inf)，跳过该 batch
[2025-12-08 10:07:59,683] [WARNING] 遇到非有限 loss (NaN/Inf)，跳过该 batch
[2025-12-08 10:07:59,693] [WARNING] 遇到非有限 loss (NaN/Inf)，跳过该 batch
[2025-12-08 10:07:59,701] [WARNING] 遇到非有限 loss (NaN/Inf)，跳过该 batch
[2025-12-08 10:07:59,709] [WARNING] 遇到非有限 loss (NaN/Inf)，跳过该 batch
[2025-12-08 10:07:59,718] [WARNING] 遇到非有限 loss (NaN/Inf)，跳过该 batch
[2025-12-08 10:07:59,725] [WARNING] 遇到非有限 loss (NaN/Inf)，跳过该 batch
[2025-12-08 10:07:59,733] [WARNING] 遇到非有限 loss (NaN/Inf)，跳过该 batch
[2025-12-08 10:07:59,743] [WARNING] 遇到非有限 loss (NaN/Inf)，跳过该 batch
[2025-12-08 10:07:59,756] [WARNING] 遇到非有限 loss (NaN/Inf)，跳过该 batch
[2025-12-08 10:07:59,766] [WARNING] 遇到非有限 loss (NaN/Inf)，跳过该 batch
[2025-12-08 10:07:59,774] [WARNING] 遇到非有限 loss (NaN/Inf)，跳过该 batch
[2025-12-08 10:07:59,784] [WARNING] 遇到非有限 loss (NaN/Inf)，跳过该 batch
[2025-12-08 10:07:59,792] [WARNING] 遇到非有限 loss (NaN/Inf)，跳过该 batch
[2025-12-08 10:07:59,803] [WARNING] 遇到非有限 loss (NaN/Inf)，跳过该 batch
[2025-12-08 10:07:59,811] [WARNING] 遇到非有限 loss (NaN/Inf)，跳过该 batch
[2025-12-08 10:07:59,819] [WARNING] 遇到非有限 loss (NaN/Inf)，跳过该 batch
[2025-12-08 10:07:59,828] [WARNING] 遇到非有限 loss (NaN/Inf)，跳过该 batch
[2025-12-08 10:07:59,841] [WARNING] 遇到非有限 loss (NaN/Inf)，跳过该 batch
[2025-12-08 10:07:59,857] [WARNING] 遇到非有限 loss (NaN/Inf)，跳过该 batch
[2025-12-08 10:07:59,866] [WARNING] 遇到非有限 loss (NaN/Inf)，跳过该 batch
[2025-12-08 10:07:59,875] [WARNING] 遇到非有限 loss (NaN/Inf)，跳过该 batch
[2025-12-08 10:07:59,883] [WARNING] 遇到非有限 loss (NaN/Inf)，跳过该 batch
[2025-12-08 10:07:59,891] [WARNING] 遇到非有限 loss (NaN/Inf)，跳过该 batch
[2025-12-08 10:07:59,900] [WARNING] 遇到非有限 loss (NaN/Inf)，跳过该 batch
[2025-12-08 10:07:59,909] [WARNING] 遇到非有限 loss (NaN/Inf)，跳过该 batch
[2025-12-08 10:07:59,917] [WARNING] 遇到非有限 loss (NaN/Inf)，跳过该 batch
[2025-12-08 10:07:59,926] [WARNING] 遇到非有限 loss (NaN/Inf)，跳过该 batch
[2025-12-08 10:07:59,934] [WARNING] 遇到非有限 loss (NaN/Inf)，跳过该 batch
[2025-12-08 10:07:59,942] [WARNING] 遇到非有限 loss (NaN/Inf)，跳过该 batch
[2025-12-08 10:07:59,954] [WARNING] 遇到非有限 loss (NaN/Inf)，跳过该 batch
[2025-12-08 10:07:59,962] [WARNING] 遇到非有限 loss (NaN/Inf)，跳过该 batch
[2025-12-08 10:07:59,971] [WARNING] 遇到非有限 loss (NaN/Inf)，跳过该 batch
[2025-12-08 10:07:59,980] [WARNING] 遇到非有限 loss (NaN/Inf)，跳过该 batch
[2025-12-08 10:07:59,988] [WARNING] 遇到非有限 loss (NaN/Inf)，跳过该 batch
[2025-12-08 10:07:59,996] [WARNING] 遇到非有限 loss (NaN/Inf)，跳过该 batch
[2025-12-08 10:08:00,004] [WARNING] 遇到非有限 loss (NaN/Inf)，跳过该 batch
[2025-12-08 10:08:00,012] [WARNING] 遇到非有限 loss (NaN/Inf)，跳过该 batch
[2025-12-08 10:08:00,020] [WARNING] 遇到非有限 loss (NaN/Inf)，跳过该 batch
[2025-12-08 10:08:00,028] [WARNING] 遇到非有限 loss (NaN/Inf)，跳过该 batch
[2025-12-08 10:08:00,037] [WARNING] 遇到非有限 loss (NaN/Inf)，跳过该 batch
[2025-12-08 10:08:00,044] [WARNING] 遇到非有限 loss (NaN/Inf)，跳过该 batch
[2025-12-08 10:08:00,052] [WARNING] 遇到非有限 loss (NaN/Inf)，跳过该 batch
[2025-12-08 10:08:00,061] [WARNING] 遇到非有限 loss (NaN/Inf)，跳过该 batch
[2025-12-08 10:08:00,069] [WARNING] 遇到非有限 loss (NaN/Inf)，跳过该 batch
[2025-12-08 10:08:00,077] [WARNING] 遇到非有限 loss (NaN/Inf)，跳过该 batch
[2025-12-08 10:08:00,085] [WARNING] 遇到非有限 loss (NaN/Inf)，跳过该 batch
[2025-12-08 10:08:00,093] [WARNING] 遇到非有限 loss (NaN/Inf)，跳过该 batch
[2025-12-08 10:08:00,101] [WARNING] 遇到非有限 loss (NaN/Inf)，跳过该 batch
[2025-12-08 10:08:00,109] [WARNING] 遇到非有限 loss (NaN/Inf)，跳过该 batch
[2025-12-08 10:08:00,162] [WARNING] 遇到非有限 loss (NaN/Inf)，跳过该 batch
[2025-12-08 10:08:00,172] [WARNING] 遇到非有限 loss (NaN/Inf)，跳过该 batch
[2025-12-08 10:08:00,182] [WARNING] 遇到非有限 loss (NaN/Inf)，跳过该 batch
[2025-12-08 10:08:00,191] [WARNING] 遇到非有限 loss (NaN/Inf)，跳过该 batch
[2025-12-08 10:08:00,199] [WARNING] 遇到非有限 loss (NaN/Inf)，跳过该 batch
[2025-12-08 10:08:00,208] [WARNING] 遇到非有限 loss (NaN/Inf)，跳过该 batch
[2025-12-08 10:08:00,217] [WARNING] 遇到非有限 loss (NaN/Inf)，跳过该 batch
[2025-12-08 10:08:00,226] [WARNING] 遇到非有限 loss (NaN/Inf)，跳过该 batch
[2025-12-08 10:08:00,235] [WARNING] 遇到非有限 loss (NaN/Inf)，跳过该 batch
[2025-12-08 10:08:00,245] [WARNING] 遇到非有限 loss (NaN/Inf)，跳过该 batch
[2025-12-08 10:08:00,256] [WARNING] 遇到非有限 loss (NaN/Inf)，跳过该 batch
[2025-12-08 10:08:00,269] [WARNING] 遇到非有限 loss (NaN/Inf)，跳过该 batch
[2025-12-08 10:08:00,278] [WARNING] 遇到非有限 loss (NaN/Inf)，跳过该 batch
[2025-12-08 10:08:00,286] [WARNING] 遇到非有限 loss (NaN/Inf)，跳过该 batch
[2025-12-08 10:08:00,296] [WARNING] 遇到非有限 loss (NaN/Inf)，跳过该 batch
[2025-12-08 10:08:00,306] [WARNING] 遇到非有限 loss (NaN/Inf)，跳过该 batch
[2025-12-08 10:08:00,318] [WARNING] 遇到非有限 loss (NaN/Inf)，跳过该 batch
[2025-12-08 10:08:00,330] [WARNING] 遇到非有限 loss (NaN/Inf)，跳过该 batch
[2025-12-08 10:08:00,341] [WARNING] 遇到非有限 loss (NaN/Inf)，跳过该 batch
[2025-12-08 10:08:00,369] [WARNING] 遇到非有限 loss (NaN/Inf)，跳过该 batch
[2025-12-08 10:08:00,389] [WARNING] 遇到非有限 loss (NaN/Inf)，跳过该 batch
[2025-12-08 10:08:00,397] [WARNING] 遇到非有限 loss (NaN/Inf)，跳过该 batch
[2025-12-08 10:08:00,405] [WARNING] 遇到非有限 loss (NaN/Inf)，跳过该 batch
[2025-12-08 10:08:00,415] [WARNING] 遇到非有限 loss (NaN/Inf)，跳过该 batch
[2025-12-08 10:08:00,428] [WARNING] 遇到非有限 loss (NaN/Inf)，跳过该 batch
[2025-12-08 10:08:00,436] [WARNING] 遇到非有限 loss (NaN/Inf)，跳过该 batch
[2025-12-08 10:08:00,477] [WARNING] 遇到非有限 loss (NaN/Inf)，跳过该 batch
[2025-12-08 10:08:00,520] [WARNING] 遇到非有限 loss (NaN/Inf)，跳过该 batch
[2025-12-08 10:08:00,535] [WARNING] 遇到非有限 loss (NaN/Inf)，跳过该 batch
[2025-12-08 10:08:00,550] [WARNING] 遇到非有限 loss (NaN/Inf)，跳过该 batch
[2025-12-08 10:08:00,559] [WARNING] 遇到非有限 loss (NaN/Inf)，跳过该 batch
[2025-12-08 10:08:00,568] [WARNING] 遇到非有限 loss (NaN/Inf)，跳过该 batch
[2025-12-08 10:08:00,576] [WARNING] 遇到非有限 loss (NaN/Inf)，跳过该 batch
[2025-12-08 10:08:00,585] [WARNING] 遇到非有限 loss (NaN/Inf)，跳过该 batch
[2025-12-08 10:08:00,593] [WARNING] 遇到非有限 loss (NaN/Inf)，跳过该 batch
[2025-12-08 10:08:00,606] [WARNING] 遇到非有限 loss (NaN/Inf)，跳过该 batch
[2025-12-08 10:08:00,627] [WARNING] 遇到非有限 loss (NaN/Inf)，跳过该 batch
[2025-12-08 10:08:00,636] [WARNING] 遇到非有限 loss (NaN/Inf)，跳过该 batch
[2025-12-08 10:08:00,644] [WARNING] 遇到非有限 loss (NaN/Inf)，跳过该 batch
[2025-12-08 10:08:00,652] [WARNING] 遇到非有限 loss (NaN/Inf)，跳过该 batch
[2025-12-08 10:08:00,660] [WARNING] 遇到非有限 loss (NaN/Inf)，跳过该 batch
[2025-12-08 10:08:00,668] [WARNING] 遇到非有限 loss (NaN/Inf)，跳过该 batch
[2025-12-08 10:08:00,676] [WARNING] 遇到非有限 loss (NaN/Inf)，跳过该 batch
[2025-12-08 10:08:00,685] [WARNING] 遇到非有限 loss (NaN/Inf)，跳过该 batch
[2025-12-08 10:08:00,694] [WARNING] 遇到非有限 loss (NaN/Inf)，跳过该 batch
[2025-12-08 10:08:00,715] [WARNING] 遇到非有限 loss (NaN/Inf)，跳过该 batch
[2025-12-08 10:08:00,723] [WARNING] 遇到非有限 loss (NaN/Inf)，跳过该 batch
[2025-12-08 10:08:00,732] [WARNING] 遇到非有限 loss (NaN/Inf)，跳过该 batch
[2025-12-08 10:08:00,740] [WARNING] 遇到非有限 loss (NaN/Inf)，跳过该 batch
[2025-12-08 10:08:00,749] [WARNING] 遇到非有限 loss (NaN/Inf)，跳过该 batch
[2025-12-08 10:08:00,757] [WARNING] 遇到非有限 loss (NaN/Inf)，跳过该 batch
[2025-12-08 10:08:00,765] [WARNING] 遇到非有限 loss (NaN/Inf)，跳过该 batch
[2025-12-08 10:08:00,773] [WARNING] 遇到非有限 loss (NaN/Inf)，跳过该 batch
[2025-12-08 10:08:00,781] [WARNING] 遇到非有限 loss (NaN/Inf)，跳过该 batch
[2025-12-08 10:08:00,789] [WARNING] 遇到非有限 loss (NaN/Inf)，跳过该 batch
[2025-12-08 10:08:00,799] [WARNING] 遇到非有限 loss (NaN/Inf)，跳过该 batch
[2025-12-08 10:08:00,808] [WARNING] 遇到非有限 loss (NaN/Inf)，跳过该 batch
[2025-12-08 10:08:00,817] [WARNING] 遇到非有限 loss (NaN/Inf)，跳过该 batch
[2025-12-08 10:08:00,825] [WARNING] 遇到非有限 loss (NaN/Inf)，跳过该 batch
[2025-12-08 10:08:00,833] [WARNING] 遇到非有限 loss (NaN/Inf)，跳过该 batch
[2025-12-08 10:08:00,842] [WARNING] 遇到非有限 loss (NaN/Inf)，跳过该 batch
[2025-12-08 10:08:00,850] [WARNING] 遇到非有限 loss (NaN/Inf)，跳过该 batch
[2025-12-08 10:08:00,859] [WARNING] 遇到非有限 loss (NaN/Inf)，跳过该 batch
[2025-12-08 10:08:00,867] [WARNING] 遇到非有限 loss (NaN/Inf)，跳过该 batch
[2025-12-08 10:08:00,874] [WARNING] 遇到非有限 loss (NaN/Inf)，跳过该 batch
[2025-12-08 10:08:00,883] [WARNING] 遇到非有限 loss (NaN/Inf)，跳过该 batch
[2025-12-08 10:08:00,892] [WARNING] 遇到非有限 loss (NaN/Inf)，跳过该 batch
[2025-12-08 10:08:00,901] [WARNING] 遇到非有限 loss (NaN/Inf)，跳过该 batch
[2025-12-08 10:08:00,909] [WARNING] 遇到非有限 loss (NaN/Inf)，跳过该 batch
[2025-12-08 10:08:00,917] [WARNING] 遇到非有限 loss (NaN/Inf)，跳过该 batch
[2025-12-08 10:08:00,926] [WARNING] 遇到非有限 loss (NaN/Inf)，跳过该 batch
[2025-12-08 10:08:00,934] [WARNING] 遇到非有限 loss (NaN/Inf)，跳过该 batch
[2025-12-08 10:08:00,942] [WARNING] 遇到非有限 loss (NaN/Inf)，跳过该 batch
[2025-12-08 10:08:00,949] [WARNING] 遇到非有限 loss (NaN/Inf)，跳过该 batch
[2025-12-08 10:08:00,957] [WARNING] 遇到非有限 loss (NaN/Inf)，跳过该 batch
[2025-12-08 10:08:00,965] [WARNING] 遇到非有限 loss (NaN/Inf)，跳过该 batch
[2025-12-08 10:08:00,975] [WARNING] 遇到非有限 loss (NaN/Inf)，跳过该 batch
[2025-12-08 10:08:00,984] [WARNING] 遇到非有限 loss (NaN/Inf)，跳过该 batch
[2025-12-08 10:08:00,994] [WARNING] 遇到非有限 loss (NaN/Inf)，跳过该 batch
[2025-12-08 10:08:01,002] [WARNING] 遇到非有限 loss (NaN/Inf)，跳过该 batch
[2025-12-08 10:08:01,011] [WARNING] 遇到非有限 loss (NaN/Inf)，跳过该 batch
[2025-12-08 10:08:01,019] [WARNING] 遇到非有限 loss (NaN/Inf)，跳过该 batch
[2025-12-08 10:08:01,027] [WARNING] 遇到非有限 loss (NaN/Inf)，跳过该 batch
[2025-12-08 10:08:01,035] [WARNING] 遇到非有限 loss (NaN/Inf)，跳过该 batch
[2025-12-08 10:08:01,044] [WARNING] 遇到非有限 loss (NaN/Inf)，跳过该 batch
[2025-12-08 10:08:01,052] [WARNING] 遇到非有限 loss (NaN/Inf)，跳过该 batch
[2025-12-08 10:08:01,061] [WARNING] 遇到非有限 loss (NaN/Inf)，跳过该 batch
[2025-12-08 10:08:01,070] [WARNING] 遇到非有限 loss (NaN/Inf)，跳过该 batch
[2025-12-08 10:08:01,079] [WARNING] 遇到非有限 loss (NaN/Inf)，跳过该 batch
[2025-12-08 10:08:01,087] [WARNING] 遇到非有限 loss (NaN/Inf)，跳过该 batch
[2025-12-08 10:08:01,095] [WARNING] 遇到非有限 loss (NaN/Inf)，跳过该 batch
[2025-12-08 10:08:01,103] [WARNING] 遇到非有限 loss (NaN/Inf)，跳过该 batch
[2025-12-08 10:08:01,111] [WARNING] 遇到非有限 loss (NaN/Inf)，跳过该 batch
[2025-12-08 10:08:01,119] [WARNING] 遇到非有限 loss (NaN/Inf)，跳过该 batch
[2025-12-08 10:08:01,132] [WARNING] 遇到非有限 loss (NaN/Inf)，跳过该 batch
[2025-12-08 10:08:01,144] [WARNING] 遇到非有限 loss (NaN/Inf)，跳过该 batch
[2025-12-08 10:08:01,155] [WARNING] 遇到非有限 loss (NaN/Inf)，跳过该 batch
[2025-12-08 10:08:01,163] [WARNING] 遇到非有限 loss (NaN/Inf)，跳过该 batch
[2025-12-08 10:08:01,171] [WARNING] 遇到非有限 loss (NaN/Inf)，跳过该 batch
[2025-12-08 10:08:01,179] [WARNING] 遇到非有限 loss (NaN/Inf)，跳过该 batch
[2025-12-08 10:08:01,187] [WARNING] 遇到非有限 loss (NaN/Inf)，跳过该 batch
[2025-12-08 10:08:01,197] [WARNING] 遇到非有限 loss (NaN/Inf)，跳过该 batch
[2025-12-08 10:08:01,206] [WARNING] 遇到非有限 loss (NaN/Inf)，跳过该 batch
[2025-12-08 10:08:01,214] [WARNING] 遇到非有限 loss (NaN/Inf)，跳过该 batch
[2025-12-08 10:08:01,222] [WARNING] 遇到非有限 loss (NaN/Inf)，跳过该 batch
[2025-12-08 10:08:01,231] [WARNING] 遇到非有限 loss (NaN/Inf)，跳过该 batch
[2025-12-08 10:08:01,240] [WARNING] 遇到非有限 loss (NaN/Inf)，跳过该 batch
[2025-12-08 10:08:01,248] [WARNING] 遇到非有限 loss (NaN/Inf)，跳过该 batch
[2025-12-08 10:08:01,257] [WARNING] 遇到非有限 loss (NaN/Inf)，跳过该 batch
[2025-12-08 10:08:01,268] [WARNING] 遇到非有限 loss (NaN/Inf)，跳过该 batch
[2025-12-08 10:08:01,278] [WARNING] 遇到非有限 loss (NaN/Inf)，跳过该 batch
[2025-12-08 10:08:01,287] [WARNING] 遇到非有限 loss (NaN/Inf)，跳过该 batch
[2025-12-08 10:08:01,295] [WARNING] 遇到非有限 loss (NaN/Inf)，跳过该 batch
[2025-12-08 10:08:01,303] [WARNING] 遇到非有限 loss (NaN/Inf)，跳过该 batch
[2025-12-08 10:08:01,312] [WARNING] 遇到非有限 loss (NaN/Inf)，跳过该 batch
[2025-12-08 10:08:01,320] [WARNING] 遇到非有限 loss (NaN/Inf)，跳过该 batch
[2025-12-08 10:08:01,328] [WARNING] 遇到非有限 loss (NaN/Inf)，跳过该 batch
[2025-12-08 10:08:01,337] [WARNING] 遇到非有限 loss (NaN/Inf)，跳过该 batch
[2025-12-08 10:08:01,345] [WARNING] 遇到非有限 loss (NaN/Inf)，跳过该 batch
[2025-12-08 10:08:01,353] [WARNING] 遇到非有限 loss (NaN/Inf)，跳过该 batch
[2025-12-08 10:08:01,361] [WARNING] 遇到非有限 loss (NaN/Inf)，跳过该 batch
[2025-12-08 10:08:01,370] [WARNING] 遇到非有限 loss (NaN/Inf)，跳过该 batch
[2025-12-08 10:08:01,378] [WARNING] 遇到非有限 loss (NaN/Inf)，跳过该 batch
[2025-12-08 10:08:01,388] [WARNING] 遇到非有限 loss (NaN/Inf)，跳过该 batch
[2025-12-08 10:08:01,397] [WARNING] 遇到非有限 loss (NaN/Inf)，跳过该 batch
[2025-12-08 10:08:01,407] [WARNING] 遇到非有限 loss (NaN/Inf)，跳过该 batch
[2025-12-08 10:08:01,416] [WARNING] 遇到非有限 loss (NaN/Inf)，跳过该 batch
[2025-12-08 10:08:01,425] [WARNING] 遇到非有限 loss (NaN/Inf)，跳过该 batch
[2025-12-08 10:08:01,433] [WARNING] 遇到非有限 loss (NaN/Inf)，跳过该 batch
[2025-12-08 10:08:01,442] [WARNING] 遇到非有限 loss (NaN/Inf)，跳过该 batch
[2025-12-08 10:08:01,450] [WARNING] 遇到非有限 loss (NaN/Inf)，跳过该 batch
[2025-12-08 10:08:01,458] [WARNING] 遇到非有限 loss (NaN/Inf)，跳过该 batch
[2025-12-08 10:08:01,466] [WARNING] 遇到非有限 loss (NaN/Inf)，跳过该 batch
[2025-12-08 10:08:01,476] [WARNING] 遇到非有限 loss (NaN/Inf)，跳过该 batch
[2025-12-08 10:08:01,485] [WARNING] 遇到非有限 loss (NaN/Inf)，跳过该 batch
[2025-12-08 10:08:01,493] [WARNING] 遇到非有限 loss (NaN/Inf)，跳过该 batch
[2025-12-08 10:08:01,502] [WARNING] 遇到非有限 loss (NaN/Inf)，跳过该 batch
[2025-12-08 10:08:01,510] [WARNING] 遇到非有限 loss (NaN/Inf)，跳过该 batch
[2025-12-08 10:08:01,518] [WARNING] 遇到非有限 loss (NaN/Inf)，跳过该 batch
[2025-12-08 10:08:01,526] [WARNING] 遇到非有限 loss (NaN/Inf)，跳过该 batch
[2025-12-08 10:08:01,534] [WARNING] 遇到非有限 loss (NaN/Inf)，跳过该 batch
[2025-12-08 10:08:01,542] [WARNING] 遇到非有限 loss (NaN/Inf)，跳过该 batch
[2025-12-08 10:08:01,550] [WARNING] 遇到非有限 loss (NaN/Inf)，跳过该 batch
[2025-12-08 10:08:01,558] [WARNING] 遇到非有限 loss (NaN/Inf)，跳过该 batch
[2025-12-08 10:08:01,566] [WARNING] 遇到非有限 loss (NaN/Inf)，跳过该 batch
[2025-12-08 10:08:01,574] [WARNING] 遇到非有限 loss (NaN/Inf)，跳过该 batch
[2025-12-08 10:08:01,586] [WARNING] 遇到非有限 loss (NaN/Inf)，跳过该 batch
[2025-12-08 10:08:01,594] [WARNING] 遇到非有限 loss (NaN/Inf)，跳过该 batch
[2025-12-08 10:08:01,602] [WARNING] 遇到非有限 loss (NaN/Inf)，跳过该 batch
[2025-12-08 10:08:01,610] [WARNING] 遇到非有限 loss (NaN/Inf)，跳过该 batch
[2025-12-08 10:08:01,618] [WARNING] 遇到非有限 loss (NaN/Inf)，跳过该 batch
[2025-12-08 10:08:01,626] [WARNING] 遇到非有限 loss (NaN/Inf)，跳过该 batch
[2025-12-08 10:08:01,633] [WARNING] 遇到非有限 loss (NaN/Inf)，跳过该 batch
[2025-12-08 10:08:01,641] [WARNING] 遇到非有限 loss (NaN/Inf)，跳过该 batch
[2025-12-08 10:08:01,649] [WARNING] 遇到非有限 loss (NaN/Inf)，跳过该 batch
[2025-12-08 10:08:01,656] [WARNING] 遇到非有限 loss (NaN/Inf)，跳过该 batch
[2025-12-08 10:08:01,665] [WARNING] 遇到非有限 loss (NaN/Inf)，跳过该 batch
[2025-12-08 10:08:01,672] [WARNING] 遇到非有限 loss (NaN/Inf)，跳过该 batch
[2025-12-08 10:08:01,680] [WARNING] 遇到非有限 loss (NaN/Inf)，跳过该 batch
[2025-12-08 10:08:01,688] [WARNING] 遇到非有限 loss (NaN/Inf)，跳过该 batch
[2025-12-08 10:08:01,696] [WARNING] 遇到非有限 loss (NaN/Inf)，跳过该 batch
[2025-12-08 10:08:01,703] [WARNING] 遇到非有限 loss (NaN/Inf)，跳过该 batch
[2025-12-08 10:08:01,711] [WARNING] 遇到非有限 loss (NaN/Inf)，跳过该 batch
[2025-12-08 10:08:01,719] [WARNING] 遇到非有限 loss (NaN/Inf)，跳过该 batch
[2025-12-08 10:08:01,727] [WARNING] 遇到非有限 loss (NaN/Inf)，跳过该 batch
[2025-12-08 10:08:01,735] [WARNING] 遇到非有限 loss (NaN/Inf)，跳过该 batch
[2025-12-08 10:08:01,743] [WARNING] 遇到非有限 loss (NaN/Inf)，跳过该 batch
[2025-12-08 10:08:01,750] [WARNING] 遇到非有限 loss (NaN/Inf)，跳过该 batch
[2025-12-08 10:08:01,758] [WARNING] 遇到非有限 loss (NaN/Inf)，跳过该 batch
[2025-12-08 10:08:01,766] [WARNING] 遇到非有限 loss (NaN/Inf)，跳过该 batch
[2025-12-08 10:08:01,774] [WARNING] 遇到非有限 loss (NaN/Inf)，跳过该 batch
[2025-12-08 10:08:01,781] [WARNING] 遇到非有限 loss (NaN/Inf)，跳过该 batch
[2025-12-08 10:08:01,789] [WARNING] 遇到非有限 loss (NaN/Inf)，跳过该 batch
[2025-12-08 10:08:01,797] [WARNING] 遇到非有限 loss (NaN/Inf)，跳过该 batch
[2025-12-08 10:08:01,806] [WARNING] 遇到非有限 loss (NaN/Inf)，跳过该 batch
[2025-12-08 10:08:01,814] [WARNING] 遇到非有限 loss (NaN/Inf)，跳过该 batch
[2025-12-08 10:08:01,822] [WARNING] 遇到非有限 loss (NaN/Inf)，跳过该 batch
[2025-12-08 10:08:01,830] [WARNING] 遇到非有限 loss (NaN/Inf)，跳过该 batch
[2025-12-08 10:08:01,838] [WARNING] 遇到非有限 loss (NaN/Inf)，跳过该 batch
[2025-12-08 10:08:01,846] [WARNING] 遇到非有限 loss (NaN/Inf)，跳过该 batch
[2025-12-08 10:08:01,854] [WARNING] 遇到非有限 loss (NaN/Inf)，跳过该 batch
[2025-12-08 10:08:01,861] [WARNING] 遇到非有限 loss (NaN/Inf)，跳过该 batch
[2025-12-08 10:08:01,870] [WARNING] 遇到非有限 loss (NaN/Inf)，跳过该 batch
[2025-12-08 10:08:01,877] [WARNING] 遇到非有限 loss (NaN/Inf)，跳过该 batch
[2025-12-08 10:08:01,885] [WARNING] 遇到非有限 loss (NaN/Inf)，跳过该 batch
[2025-12-08 10:08:01,892] [WARNING] 遇到非有限 loss (NaN/Inf)，跳过该 batch
[2025-12-08 10:08:01,901] [WARNING] 遇到非有限 loss (NaN/Inf)，跳过该 batch
[2025-12-08 10:08:01,908] [WARNING] 遇到非有限 loss (NaN/Inf)，跳过该 batch
[2025-12-08 10:08:01,916] [WARNING] 遇到非有限 loss (NaN/Inf)，跳过该 batch
[2025-12-08 10:08:01,924] [WARNING] 遇到非有限 loss (NaN/Inf)，跳过该 batch
[2025-12-08 10:08:01,932] [WARNING] 遇到非有限 loss (NaN/Inf)，跳过该 batch
[2025-12-08 10:08:01,939] [WARNING] 遇到非有限 loss (NaN/Inf)，跳过该 batch
[2025-12-08 10:08:01,947] [WARNING] 遇到非有限 loss (NaN/Inf)，跳过该 batch
[2025-12-08 10:08:01,955] [WARNING] 遇到非有限 loss (NaN/Inf)，跳过该 batch
[2025-12-08 10:08:01,962] [WARNING] 遇到非有限 loss (NaN/Inf)，跳过该 batch
[2025-12-08 10:08:01,970] [WARNING] 遇到非有限 loss (NaN/Inf)，跳过该 batch
[2025-12-08 10:08:01,978] [WARNING] 遇到非有限 loss (NaN/Inf)，跳过该 batch
[2025-12-08 10:08:01,986] [WARNING] 遇到非有限 loss (NaN/Inf)，跳过该 batch
[2025-12-08 10:08:01,993] [WARNING] 遇到非有限 loss (NaN/Inf)，跳过该 batch
[2025-12-08 10:08:02,001] [WARNING] 遇到非有限 loss (NaN/Inf)，跳过该 batch
[2025-12-08 10:08:02,009] [WARNING] 遇到非有限 loss (NaN/Inf)，跳过该 batch
[2025-12-08 10:08:02,017] [WARNING] 遇到非有限 loss (NaN/Inf)，跳过该 batch
[2025-12-08 10:08:02,025] [WARNING] 遇到非有限 loss (NaN/Inf)，跳过该 batch
[2025-12-08 10:08:02,033] [WARNING] 遇到非有限 loss (NaN/Inf)，跳过该 batch
[2025-12-08 10:08:02,041] [WARNING] 遇到非有限 loss (NaN/Inf)，跳过该 batch
[2025-12-08 10:08:02,048] [WARNING] 遇到非有限 loss (NaN/Inf)，跳过该 batch
[2025-12-08 10:08:02,056] [WARNING] 遇到非有限 loss (NaN/Inf)，跳过该 batch
[2025-12-08 10:08:02,064] [WARNING] 遇到非有限 loss (NaN/Inf)，跳过该 batch
[2025-12-08 10:08:02,072] [WARNING] 遇到非有限 loss (NaN/Inf)，跳过该 batch
[2025-12-08 10:08:02,080] [WARNING] 遇到非有限 loss (NaN/Inf)，跳过该 batch
[2025-12-08 10:08:02,088] [WARNING] 遇到非有限 loss (NaN/Inf)，跳过该 batch
[2025-12-08 10:08:02,096] [WARNING] 遇到非有限 loss (NaN/Inf)，跳过该 batch
[2025-12-08 10:08:02,104] [WARNING] 遇到非有限 loss (NaN/Inf)，跳过该 batch
[2025-12-08 10:08:02,112] [WARNING] 遇到非有限 loss (NaN/Inf)，跳过该 batch
[2025-12-08 10:08:02,120] [WARNING] 遇到非有限 loss (NaN/Inf)，跳过该 batch
[2025-12-08 10:08:02,127] [WARNING] 遇到非有限 loss (NaN/Inf)，跳过该 batch
[2025-12-08 10:08:02,135] [WARNING] 遇到非有限 loss (NaN/Inf)，跳过该 batch
[2025-12-08 10:08:02,142] [WARNING] 遇到非有限 loss (NaN/Inf)，跳过该 batch
[2025-12-08 10:08:02,150] [WARNING] 遇到非有限 loss (NaN/Inf)，跳过该 batch
[2025-12-08 10:08:02,158] [WARNING] 遇到非有限 loss (NaN/Inf)，跳过该 batch
[2025-12-08 10:08:02,165] [WARNING] 遇到非有限 loss (NaN/Inf)，跳过该 batch
[2025-12-08 10:08:02,173] [WARNING] 遇到非有限 loss (NaN/Inf)，跳过该 batch
[2025-12-08 10:08:02,181] [WARNING] 遇到非有限 loss (NaN/Inf)，跳过该 batch
[2025-12-08 10:08:02,189] [WARNING] 遇到非有限 loss (NaN/Inf)，跳过该 batch
[2025-12-08 10:08:02,196] [WARNING] 遇到非有限 loss (NaN/Inf)，跳过该 batch
[2025-12-08 10:08:02,204] [WARNING] 遇到非有限 loss (NaN/Inf)，跳过该 batch
[2025-12-08 10:08:02,211] [WARNING] 遇到非有限 loss (NaN/Inf)，跳过该 batch
[2025-12-08 10:08:02,220] [WARNING] 遇到非有限 loss (NaN/Inf)，跳过该 batch
[2025-12-08 10:08:02,228] [WARNING] 遇到非有限 loss (NaN/Inf)，跳过该 batch
[2025-12-08 10:08:02,236] [WARNING] 遇到非有限 loss (NaN/Inf)，跳过该 batch
[2025-12-08 10:08:02,244] [WARNING] 遇到非有限 loss (NaN/Inf)，跳过该 batch
[2025-12-08 10:08:02,252] [WARNING] 遇到非有限 loss (NaN/Inf)，跳过该 batch
[2025-12-08 10:08:02,259] [WARNING] 遇到非有限 loss (NaN/Inf)，跳过该 batch
[2025-12-08 10:08:02,267] [WARNING] 遇到非有限 loss (NaN/Inf)，跳过该 batch
[2025-12-08 10:08:02,275] [WARNING] 遇到非有限 loss (NaN/Inf)，跳过该 batch
[2025-12-08 10:08:02,282] [WARNING] 遇到非有限 loss (NaN/Inf)，跳过该 batch
[2025-12-08 10:08:02,290] [WARNING] 遇到非有限 loss (NaN/Inf)，跳过该 batch
[2025-12-08 10:08:02,298] [WARNING] 遇到非有限 loss (NaN/Inf)，跳过该 batch
[2025-12-08 10:08:02,306] [WARNING] 遇到非有限 loss (NaN/Inf)，跳过该 batch
[2025-12-08 10:08:02,314] [WARNING] 遇到非有限 loss (NaN/Inf)，跳过该 batch
[2025-12-08 10:08:02,321] [WARNING] 遇到非有限 loss (NaN/Inf)，跳过该 batch
[2025-12-08 10:08:02,329] [WARNING] 遇到非有限 loss (NaN/Inf)，跳过该 batch
[2025-12-08 10:08:02,336] [WARNING] 遇到非有限 loss (NaN/Inf)，跳过该 batch
[2025-12-08 10:08:02,344] [WARNING] 遇到非有限 loss (NaN/Inf)，跳过该 batch
[2025-12-08 10:08:02,352] [WARNING] 遇到非有限 loss (NaN/Inf)，跳过该 batch
[2025-12-08 10:08:02,360] [WARNING] 遇到非有限 loss (NaN/Inf)，跳过该 batch
[2025-12-08 10:08:02,367] [WARNING] 遇到非有限 loss (NaN/Inf)，跳过该 batch
[2025-12-08 10:08:02,375] [WARNING] 遇到非有限 loss (NaN/Inf)，跳过该 batch
[2025-12-08 10:08:02,385] [WARNING] 遇到非有限 loss (NaN/Inf)，跳过该 batch
[2025-12-08 10:08:02,393] [WARNING] 遇到非有限 loss (NaN/Inf)，跳过该 batch
[2025-12-08 10:08:02,401] [WARNING] 遇到非有限 loss (NaN/Inf)，跳过该 batch
[2025-12-08 10:08:02,409] [WARNING] 遇到非有限 loss (NaN/Inf)，跳过该 batch
[2025-12-08 10:08:02,417] [WARNING] 遇到非有限 loss (NaN/Inf)，跳过该 batch
[2025-12-08 10:08:02,425] [WARNING] 遇到非有限 loss (NaN/Inf)，跳过该 batch
[2025-12-08 10:08:02,433] [WARNING] 遇到非有限 loss (NaN/Inf)，跳过该 batch
[2025-12-08 10:08:02,441] [WARNING] 遇到非有限 loss (NaN/Inf)，跳过该 batch
[2025-12-08 10:08:02,448] [WARNING] 遇到非有限 loss (NaN/Inf)，跳过该 batch
[2025-12-08 10:08:02,456] [WARNING] 遇到非有限 loss (NaN/Inf)，跳过该 batch
[2025-12-08 10:08:02,463] [WARNING] 遇到非有限 loss (NaN/Inf)，跳过该 batch
[2025-12-08 10:08:02,471] [WARNING] 遇到非有限 loss (NaN/Inf)，跳过该 batch
[2025-12-08 10:08:02,479] [WARNING] 遇到非有限 loss (NaN/Inf)，跳过该 batch
[2025-12-08 10:08:02,487] [WARNING] 遇到非有限 loss (NaN/Inf)，跳过该 batch
[2025-12-08 10:08:02,495] [WARNING] 遇到非有限 loss (NaN/Inf)，跳过该 batch
[2025-12-08 10:08:02,502] [WARNING] 遇到非有限 loss (NaN/Inf)，跳过该 batch
[2025-12-08 10:08:02,511] [WARNING] 遇到非有限 loss (NaN/Inf)，跳过该 batch
[2025-12-08 10:08:02,519] [WARNING] 遇到非有限 loss (NaN/Inf)，跳过该 batch
[2025-12-08 10:08:02,527] [WARNING] 遇到非有限 loss (NaN/Inf)，跳过该 batch
[2025-12-08 10:08:02,536] [WARNING] 遇到非有限 loss (NaN/Inf)，跳过该 batch
[2025-12-08 10:08:02,544] [WARNING] 遇到非有限 loss (NaN/Inf)，跳过该 batch
[2025-12-08 10:08:02,551] [WARNING] 遇到非有限 loss (NaN/Inf)，跳过该 batch
[2025-12-08 10:08:02,559] [WARNING] 遇到非有限 loss (NaN/Inf)，跳过该 batch
[2025-12-08 10:08:02,567] [WARNING] 遇到非有限 loss (NaN/Inf)，跳过该 batch
[2025-12-08 10:08:02,574] [WARNING] 遇到非有限 loss (NaN/Inf)，跳过该 batch
[2025-12-08 10:08:02,583] [WARNING] 遇到非有限 loss (NaN/Inf)，跳过该 batch
[2025-12-08 10:08:02,591] [WARNING] 遇到非有限 loss (NaN/Inf)，跳过该 batch
[2025-12-08 10:08:02,600] [WARNING] 遇到非有限 loss (NaN/Inf)，跳过该 batch
[2025-12-08 10:08:02,608] [WARNING] 遇到非有限 loss (NaN/Inf)，跳过该 batch
[2025-12-08 10:08:02,616] [WARNING] 遇到非有限 loss (NaN/Inf)，跳过该 batch
[2025-12-08 10:08:02,623] [WARNING] 遇到非有限 loss (NaN/Inf)，跳过该 batch
[2025-12-08 10:08:02,631] [WARNING] 遇到非有限 loss (NaN/Inf)，跳过该 batch
[2025-12-08 10:08:02,639] [WARNING] 遇到非有限 loss (NaN/Inf)，跳过该 batch
[2025-12-08 10:08:02,647] [WARNING] 遇到非有限 loss (NaN/Inf)，跳过该 batch
[2025-12-08 10:08:02,654] [WARNING] 遇到非有限 loss (NaN/Inf)，跳过该 batch
[2025-12-08 10:08:02,662] [WARNING] 遇到非有限 loss (NaN/Inf)，跳过该 batch
[2025-12-08 10:08:02,670] [WARNING] 遇到非有限 loss (NaN/Inf)，跳过该 batch
[2025-12-08 10:08:02,678] [WARNING] 遇到非有限 loss (NaN/Inf)，跳过该 batch
[2025-12-08 10:08:02,686] [WARNING] 遇到非有限 loss (NaN/Inf)，跳过该 batch
[2025-12-08 10:08:02,695] [WARNING] 遇到非有限 loss (NaN/Inf)，跳过该 batch
[2025-12-08 10:08:02,703] [WARNING] 遇到非有限 loss (NaN/Inf)，跳过该 batch
[2025-12-08 10:08:02,711] [WARNING] 遇到非有限 loss (NaN/Inf)，跳过该 batch
[2025-12-08 10:08:02,719] [WARNING] 遇到非有限 loss (NaN/Inf)，跳过该 batch
[2025-12-08 10:08:02,726] [WARNING] 遇到非有限 loss (NaN/Inf)，跳过该 batch
[2025-12-08 10:08:02,735] [WARNING] 遇到非有限 loss (NaN/Inf)，跳过该 batch
[2025-12-08 10:08:02,742] [WARNING] 遇到非有限 loss (NaN/Inf)，跳过该 batch
[2025-12-08 10:08:02,750] [WARNING] 遇到非有限 loss (NaN/Inf)，跳过该 batch
[2025-12-08 10:08:02,758] [WARNING] 遇到非有限 loss (NaN/Inf)，跳过该 batch
[2025-12-08 10:08:02,766] [WARNING] 遇到非有限 loss (NaN/Inf)，跳过该 batch
[2025-12-08 10:08:02,773] [WARNING] 遇到非有限 loss (NaN/Inf)，跳过该 batch
[2025-12-08 10:08:02,781] [WARNING] 遇到非有限 loss (NaN/Inf)，跳过该 batch
[2025-12-08 10:08:02,791] [WARNING] 遇到非有限 loss (NaN/Inf)，跳过该 batch
[2025-12-08 10:08:02,799] [WARNING] 遇到非有限 loss (NaN/Inf)，跳过该 batch
[2025-12-08 10:08:02,806] [WARNING] 遇到非有限 loss (NaN/Inf)，跳过该 batch
[2025-12-08 10:08:02,813] [WARNING] 遇到非有限 loss (NaN/Inf)，跳过该 batch
[2025-12-08 10:08:02,822] [WARNING] 遇到非有限 loss (NaN/Inf)，跳过该 batch
[2025-12-08 10:08:02,829] [WARNING] 遇到非有限 loss (NaN/Inf)，跳过该 batch
[2025-12-08 10:08:02,837] [WARNING] 遇到非有限 loss (NaN/Inf)，跳过该 batch
[2025-12-08 10:08:02,844] [WARNING] 遇到非有限 loss (NaN/Inf)，跳过该 batch
[2025-12-08 10:08:02,852] [WARNING] 遇到非有限 loss (NaN/Inf)，跳过该 batch
[2025-12-08 10:08:02,860] [WARNING] 遇到非有限 loss (NaN/Inf)，跳过该 batch
[2025-12-08 10:08:02,868] [WARNING] 遇到非有限 loss (NaN/Inf)，跳过该 batch
[2025-12-08 10:08:02,875] [WARNING] 遇到非有限 loss (NaN/Inf)，跳过该 batch
[2025-12-08 10:08:02,883] [WARNING] 遇到非有限 loss (NaN/Inf)，跳过该 batch
[2025-12-08 10:08:02,891] [WARNING] 遇到非有限 loss (NaN/Inf)，跳过该 batch
[2025-12-08 10:08:02,899] [WARNING] 遇到非有限 loss (NaN/Inf)，跳过该 batch
[2025-12-08 10:08:02,906] [WARNING] 遇到非有限 loss (NaN/Inf)，跳过该 batch
[2025-12-08 10:08:02,914] [WARNING] 遇到非有限 loss (NaN/Inf)，跳过该 batch
[2025-12-08 10:08:02,922] [WARNING] 遇到非有限 loss (NaN/Inf)，跳过该 batch
[2025-12-08 10:08:02,930] [WARNING] 遇到非有限 loss (NaN/Inf)，跳过该 batch
[2025-12-08 10:08:02,937] [WARNING] 遇到非有限 loss (NaN/Inf)，跳过该 batch
[2025-12-08 10:08:02,945] [WARNING] 遇到非有限 loss (NaN/Inf)，跳过该 batch
[2025-12-08 10:08:02,952] [WARNING] 遇到非有限 loss (NaN/Inf)，跳过该 batch
[2025-12-08 10:08:02,960] [WARNING] 遇到非有限 loss (NaN/Inf)，跳过该 batch
[2025-12-08 10:08:02,969] [WARNING] 遇到非有限 loss (NaN/Inf)，跳过该 batch
[2025-12-08 10:08:02,977] [WARNING] 遇到非有限 loss (NaN/Inf)，跳过该 batch
[2025-12-08 10:08:02,985] [WARNING] 遇到非有限 loss (NaN/Inf)，跳过该 batch
[2025-12-08 10:08:02,993] [WARNING] 遇到非有限 loss (NaN/Inf)，跳过该 batch
[2025-12-08 10:08:03,001] [WARNING] 遇到非有限 loss (NaN/Inf)，跳过该 batch
[2025-12-08 10:08:03,010] [WARNING] 遇到非有限 loss (NaN/Inf)，跳过该 batch
[2025-12-08 10:08:03,018] [WARNING] 遇到非有限 loss (NaN/Inf)，跳过该 batch
[2025-12-08 10:08:03,026] [WARNING] 遇到非有限 loss (NaN/Inf)，跳过该 batch
[2025-12-08 10:08:03,036] [WARNING] 遇到非有限 loss (NaN/Inf)，跳过该 batch
[2025-12-08 10:08:03,045] [WARNING] 遇到非有限 loss (NaN/Inf)，跳过该 batch
[2025-12-08 10:08:03,053] [WARNING] 遇到非有限 loss (NaN/Inf)，跳过该 batch
[2025-12-08 10:08:03,061] [WARNING] 遇到非有限 loss (NaN/Inf)，跳过该 batch
[2025-12-08 10:08:03,069] [WARNING] 遇到非有限 loss (NaN/Inf)，跳过该 batch
[2025-12-08 10:08:03,077] [WARNING] 遇到非有限 loss (NaN/Inf)，跳过该 batch
[2025-12-08 10:08:03,085] [WARNING] 遇到非有限 loss (NaN/Inf)，跳过该 batch
[2025-12-08 10:08:03,094] [WARNING] 遇到非有限 loss (NaN/Inf)，跳过该 batch
[2025-12-08 10:08:03,102] [WARNING] 遇到非有限 loss (NaN/Inf)，跳过该 batch
[2025-12-08 10:08:03,110] [WARNING] 遇到非有限 loss (NaN/Inf)，跳过该 batch
[2025-12-08 10:08:03,120] [WARNING] 遇到非有限 loss (NaN/Inf)，跳过该 batch
[2025-12-08 10:08:03,128] [WARNING] 遇到非有限 loss (NaN/Inf)，跳过该 batch
[2025-12-08 10:08:03,136] [WARNING] 遇到非有限 loss (NaN/Inf)，跳过该 batch
[2025-12-08 10:08:03,144] [WARNING] 遇到非有限 loss (NaN/Inf)，跳过该 batch
[2025-12-08 10:08:03,152] [WARNING] 遇到非有限 loss (NaN/Inf)，跳过该 batch
[2025-12-08 10:08:03,160] [WARNING] 遇到非有限 loss (NaN/Inf)，跳过该 batch
[2025-12-08 10:08:03,168] [WARNING] 遇到非有限 loss (NaN/Inf)，跳过该 batch
[2025-12-08 10:08:03,176] [WARNING] 遇到非有限 loss (NaN/Inf)，跳过该 batch
[2025-12-08 10:08:03,184] [WARNING] 遇到非有限 loss (NaN/Inf)，跳过该 batch
[2025-12-08 10:08:03,191] [WARNING] 遇到非有限 loss (NaN/Inf)，跳过该 batch
[2025-12-08 10:08:03,200] [WARNING] 遇到非有限 loss (NaN/Inf)，跳过该 batch
[2025-12-08 10:08:03,209] [WARNING] 遇到非有限 loss (NaN/Inf)，跳过该 batch
[2025-12-08 10:08:03,217] [WARNING] 遇到非有限 loss (NaN/Inf)，跳过该 batch
[2025-12-08 10:08:03,225] [WARNING] 遇到非有限 loss (NaN/Inf)，跳过该 batch
[2025-12-08 10:08:03,232] [WARNING] 遇到非有限 loss (NaN/Inf)，跳过该 batch
[2025-12-08 10:08:03,240] [WARNING] 遇到非有限 loss (NaN/Inf)，跳过该 batch
[2025-12-08 10:08:03,248] [WARNING] 遇到非有限 loss (NaN/Inf)，跳过该 batch
[2025-12-08 10:08:03,256] [WARNING] 遇到非有限 loss (NaN/Inf)，跳过该 batch
[2025-12-08 10:08:03,264] [WARNING] 遇到非有限 loss (NaN/Inf)，跳过该 batch
[2025-12-08 10:08:03,272] [WARNING] 遇到非有限 loss (NaN/Inf)，跳过该 batch
[2025-12-08 10:08:03,280] [WARNING] 遇到非有限 loss (NaN/Inf)，跳过该 batch
[2025-12-08 10:08:03,288] [WARNING] 遇到非有限 loss (NaN/Inf)，跳过该 batch
[2025-12-08 10:08:03,296] [WARNING] 遇到非有限 loss (NaN/Inf)，跳过该 batch
[2025-12-08 10:08:03,304] [WARNING] 遇到非有限 loss (NaN/Inf)，跳过该 batch
[2025-12-08 10:08:03,312] [WARNING] 遇到非有限 loss (NaN/Inf)，跳过该 batch
[2025-12-08 10:08:03,320] [WARNING] 遇到非有限 loss (NaN/Inf)，跳过该 batch
[2025-12-08 10:08:03,328] [WARNING] 遇到非有限 loss (NaN/Inf)，跳过该 batch
[2025-12-08 10:08:03,336] [WARNING] 遇到非有限 loss (NaN/Inf)，跳过该 batch
[2025-12-08 10:08:03,344] [WARNING] 遇到非有限 loss (NaN/Inf)，跳过该 batch
[2025-12-08 10:08:03,351] [WARNING] 遇到非有限 loss (NaN/Inf)，跳过该 batch
[2025-12-08 10:08:03,359] [WARNING] 遇到非有限 loss (NaN/Inf)，跳过该 batch
[2025-12-08 10:08:03,368] [WARNING] 遇到非有限 loss (NaN/Inf)，跳过该 batch
[2025-12-08 10:08:03,376] [WARNING] 遇到非有限 loss (NaN/Inf)，跳过该 batch
[2025-12-08 10:08:03,384] [WARNING] 遇到非有限 loss (NaN/Inf)，跳过该 batch
[2025-12-08 10:08:03,393] [WARNING] 遇到非有限 loss (NaN/Inf)，跳过该 batch
[2025-12-08 10:08:03,400] [WARNING] 遇到非有限 loss (NaN/Inf)，跳过该 batch
[2025-12-08 10:08:03,408] [WARNING] 遇到非有限 loss (NaN/Inf)，跳过该 batch
[2025-12-08 10:08:03,416] [WARNING] 遇到非有限 loss (NaN/Inf)，跳过该 batch
[2025-12-08 10:08:03,424] [WARNING] 遇到非有限 loss (NaN/Inf)，跳过该 batch
[2025-12-08 10:08:03,431] [WARNING] 遇到非有限 loss (NaN/Inf)，跳过该 batch
[2025-12-08 10:08:03,439] [WARNING] 遇到非有限 loss (NaN/Inf)，跳过该 batch
[2025-12-08 10:08:03,447] [WARNING] 遇到非有限 loss (NaN/Inf)，跳过该 batch
[2025-12-08 10:08:03,455] [WARNING] 遇到非有限 loss (NaN/Inf)，跳过该 batch
[2025-12-08 10:08:03,463] [WARNING] 遇到非有限 loss (NaN/Inf)，跳过该 batch
[2025-12-08 10:08:03,471] [WARNING] 遇到非有限 loss (NaN/Inf)，跳过该 batch
[2025-12-08 10:08:03,479] [WARNING] 遇到非有限 loss (NaN/Inf)，跳过该 batch
[2025-12-08 10:08:03,487] [WARNING] 遇到非有限 loss (NaN/Inf)，跳过该 batch
[2025-12-08 10:08:03,495] [WARNING] 遇到非有限 loss (NaN/Inf)，跳过该 batch
[2025-12-08 10:08:03,502] [WARNING] 遇到非有限 loss (NaN/Inf)，跳过该 batch
[2025-12-08 10:08:03,510] [WARNING] 遇到非有限 loss (NaN/Inf)，跳过该 batch
[2025-12-08 10:08:03,518] [WARNING] 遇到非有限 loss (NaN/Inf)，跳过该 batch
[2025-12-08 10:08:03,526] [WARNING] 遇到非有限 loss (NaN/Inf)，跳过该 batch
[2025-12-08 10:08:03,533] [WARNING] 遇到非有限 loss (NaN/Inf)，跳过该 batch
[2025-12-08 10:08:03,542] [WARNING] 遇到非有限 loss (NaN/Inf)，跳过该 batch
[2025-12-08 10:08:03,549] [WARNING] 遇到非有限 loss (NaN/Inf)，跳过该 batch
[2025-12-08 10:08:03,557] [WARNING] 遇到非有限 loss (NaN/Inf)，跳过该 batch
[2025-12-08 10:08:03,568] [WARNING] 遇到非有限 loss (NaN/Inf)，跳过该 batch
[2025-12-08 10:08:03,576] [WARNING] 遇到非有限 loss (NaN/Inf)，跳过该 batch
[2025-12-08 10:08:03,584] [WARNING] 遇到非有限 loss (NaN/Inf)，跳过该 batch
[2025-12-08 10:08:03,592] [WARNING] 遇到非有限 loss (NaN/Inf)，跳过该 batch
[2025-12-08 10:08:03,599] [WARNING] 遇到非有限 loss (NaN/Inf)，跳过该 batch
[2025-12-08 10:08:03,607] [WARNING] 遇到非有限 loss (NaN/Inf)，跳过该 batch
[2025-12-08 10:08:03,615] [WARNING] 遇到非有限 loss (NaN/Inf)，跳过该 batch
[2025-12-08 10:08:03,623] [WARNING] 遇到非有限 loss (NaN/Inf)，跳过该 batch
[2025-12-08 10:08:03,631] [WARNING] 遇到非有限 loss (NaN/Inf)，跳过该 batch
[2025-12-08 10:08:03,639] [WARNING] 遇到非有限 loss (NaN/Inf)，跳过该 batch
[2025-12-08 10:08:03,646] [WARNING] 遇到非有限 loss (NaN/Inf)，跳过该 batch
[2025-12-08 10:08:03,654] [WARNING] 遇到非有限 loss (NaN/Inf)，跳过该 batch
[2025-12-08 10:08:03,662] [WARNING] 遇到非有限 loss (NaN/Inf)，跳过该 batch
[2025-12-08 10:08:03,669] [WARNING] 遇到非有限 loss (NaN/Inf)，跳过该 batch
[2025-12-08 10:08:03,677] [WARNING] 遇到非有限 loss (NaN/Inf)，跳过该 batch
[2025-12-08 10:08:03,686] [WARNING] 遇到非有限 loss (NaN/Inf)，跳过该 batch
[2025-12-08 10:08:03,693] [WARNING] 遇到非有限 loss (NaN/Inf)，跳过该 batch
[2025-12-08 10:08:03,701] [WARNING] 遇到非有限 loss (NaN/Inf)，跳过该 batch
[2025-12-08 10:08:03,708] [WARNING] 遇到非有限 loss (NaN/Inf)，跳过该 batch
[2025-12-08 10:08:03,716] [WARNING] 遇到非有限 loss (NaN/Inf)，跳过该 batch
[2025-12-08 10:08:03,724] [WARNING] 遇到非有限 loss (NaN/Inf)，跳过该 batch
[2025-12-08 10:08:03,731] [WARNING] 遇到非有限 loss (NaN/Inf)，跳过该 batch
[2025-12-08 10:08:03,739] [WARNING] 遇到非有限 loss (NaN/Inf)，跳过该 batch
[2025-12-08 10:08:03,747] [WARNING] 遇到非有限 loss (NaN/Inf)，跳过该 batch
[2025-12-08 10:08:03,754] [WARNING] 遇到非有限 loss (NaN/Inf)，跳过该 batch
[2025-12-08 10:08:03,762] [WARNING] 遇到非有限 loss (NaN/Inf)，跳过该 batch
[2025-12-08 10:08:03,769] [WARNING] 遇到非有限 loss (NaN/Inf)，跳过该 batch
[2025-12-08 10:08:03,777] [WARNING] 遇到非有限 loss (NaN/Inf)，跳过该 batch
[2025-12-08 10:08:03,785] [WARNING] 遇到非有限 loss (NaN/Inf)，跳过该 batch
[2025-12-08 10:08:03,793] [WARNING] 遇到非有限 loss (NaN/Inf)，跳过该 batch
[2025-12-08 10:08:03,802] [WARNING] 遇到非有限 loss (NaN/Inf)，跳过该 batch
[2025-12-08 10:08:03,810] [WARNING] 遇到非有限 loss (NaN/Inf)，跳过该 batch
[2025-12-08 10:08:03,817] [WARNING] 遇到非有限 loss (NaN/Inf)，跳过该 batch
[2025-12-08 10:08:03,825] [WARNING] 遇到非有限 loss (NaN/Inf)，跳过该 batch
[2025-12-08 10:08:03,832] [WARNING] 遇到非有限 loss (NaN/Inf)，跳过该 batch
[2025-12-08 10:08:03,840] [WARNING] 遇到非有限 loss (NaN/Inf)，跳过该 batch
[2025-12-08 10:08:03,848] [WARNING] 遇到非有限 loss (NaN/Inf)，跳过该 batch
[2025-12-08 10:08:03,856] [WARNING] 遇到非有限 loss (NaN/Inf)，跳过该 batch
[2025-12-08 10:08:03,863] [WARNING] 遇到非有限 loss (NaN/Inf)，跳过该 batch
[2025-12-08 10:08:03,871] [WARNING] 遇到非有限 loss (NaN/Inf)，跳过该 batch
[2025-12-08 10:08:03,878] [WARNING] 遇到非有限 loss (NaN/Inf)，跳过该 batch
[2025-12-08 10:08:03,886] [WARNING] 遇到非有限 loss (NaN/Inf)，跳过该 batch
[2025-12-08 10:08:03,894] [WARNING] 遇到非有限 loss (NaN/Inf)，跳过该 batch
[2025-12-08 10:08:03,902] [WARNING] 遇到非有限 loss (NaN/Inf)，跳过该 batch
[2025-12-08 10:08:03,910] [WARNING] 遇到非有限 loss (NaN/Inf)，跳过该 batch
[2025-12-08 10:08:03,917] [WARNING] 遇到非有限 loss (NaN/Inf)，跳过该 batch
[2025-12-08 10:08:03,925] [WARNING] 遇到非有限 loss (NaN/Inf)，跳过该 batch
[2025-12-08 10:08:03,933] [WARNING] 遇到非有限 loss (NaN/Inf)，跳过该 batch
[2025-12-08 10:08:03,940] [WARNING] 遇到非有限 loss (NaN/Inf)，跳过该 batch
[2025-12-08 10:08:03,948] [WARNING] 遇到非有限 loss (NaN/Inf)，跳过该 batch
[2025-12-08 10:08:03,956] [WARNING] 遇到非有限 loss (NaN/Inf)，跳过该 batch
[2025-12-08 10:08:03,965] [WARNING] 遇到非有限 loss (NaN/Inf)，跳过该 batch
[2025-12-08 10:08:03,973] [WARNING] 遇到非有限 loss (NaN/Inf)，跳过该 batch
[2025-12-08 10:08:03,981] [WARNING] 遇到非有限 loss (NaN/Inf)，跳过该 batch
[2025-12-08 10:08:03,988] [WARNING] 遇到非有限 loss (NaN/Inf)，跳过该 batch
[2025-12-08 10:08:03,997] [WARNING] 遇到非有限 loss (NaN/Inf)，跳过该 batch
[2025-12-08 10:08:04,004] [WARNING] 遇到非有限 loss (NaN/Inf)，跳过该 batch
[2025-12-08 10:08:04,012] [WARNING] 遇到非有限 loss (NaN/Inf)，跳过该 batch
[2025-12-08 10:08:04,020] [WARNING] 遇到非有限 loss (NaN/Inf)，跳过该 batch
[2025-12-08 10:08:04,028] [WARNING] 遇到非有限 loss (NaN/Inf)，跳过该 batch
[2025-12-08 10:08:04,037] [WARNING] 遇到非有限 loss (NaN/Inf)，跳过该 batch
[2025-12-08 10:08:04,045] [WARNING] 遇到非有限 loss (NaN/Inf)，跳过该 batch
[2025-12-08 10:08:04,052] [WARNING] 遇到非有限 loss (NaN/Inf)，跳过该 batch
[2025-12-08 10:08:04,060] [WARNING] 遇到非有限 loss (NaN/Inf)，跳过该 batch
[2025-12-08 10:08:04,068] [WARNING] 遇到非有限 loss (NaN/Inf)，跳过该 batch
[2025-12-08 10:08:04,076] [WARNING] 遇到非有限 loss (NaN/Inf)，跳过该 batch
[2025-12-08 10:08:04,084] [WARNING] 遇到非有限 loss (NaN/Inf)，跳过该 batch
[2025-12-08 10:08:04,092] [WARNING] 遇到非有限 loss (NaN/Inf)，跳过该 batch
[2025-12-08 10:08:04,100] [WARNING] 遇到非有限 loss (NaN/Inf)，跳过该 batch
[2025-12-08 10:08:04,108] [WARNING] 遇到非有限 loss (NaN/Inf)，跳过该 batch
[2025-12-08 10:08:04,116] [WARNING] 遇到非有限 loss (NaN/Inf)，跳过该 batch
[2025-12-08 10:08:04,123] [WARNING] 遇到非有限 loss (NaN/Inf)，跳过该 batch
[2025-12-08 10:08:04,131] [WARNING] 遇到非有限 loss (NaN/Inf)，跳过该 batch
[2025-12-08 10:08:04,139] [WARNING] 遇到非有限 loss (NaN/Inf)，跳过该 batch
[2025-12-08 10:08:04,147] [WARNING] 遇到非有限 loss (NaN/Inf)，跳过该 batch
[2025-12-08 10:08:04,155] [WARNING] 遇到非有限 loss (NaN/Inf)，跳过该 batch
[2025-12-08 10:08:04,162] [WARNING] 遇到非有限 loss (NaN/Inf)，跳过该 batch
[2025-12-08 10:08:04,170] [WARNING] 遇到非有限 loss (NaN/Inf)，跳过该 batch
[2025-12-08 10:08:04,178] [WARNING] 遇到非有限 loss (NaN/Inf)，跳过该 batch
[2025-12-08 10:08:04,185] [WARNING] 遇到非有限 loss (NaN/Inf)，跳过该 batch
[2025-12-08 10:08:04,193] [WARNING] 遇到非有限 loss (NaN/Inf)，跳过该 batch
[2025-12-08 10:08:04,201] [WARNING] 遇到非有限 loss (NaN/Inf)，跳过该 batch
[2025-12-08 10:08:04,209] [WARNING] 遇到非有限 loss (NaN/Inf)，跳过该 batch
[2025-12-08 10:08:04,217] [WARNING] 遇到非有限 loss (NaN/Inf)，跳过该 batch
[2025-12-08 10:08:04,224] [WARNING] 遇到非有限 loss (NaN/Inf)，跳过该 batch
[2025-12-08 10:08:04,232] [WARNING] 遇到非有限 loss (NaN/Inf)，跳过该 batch
[2025-12-08 10:08:04,240] [WARNING] 遇到非有限 loss (NaN/Inf)，跳过该 batch
[2025-12-08 10:08:04,248] [WARNING] 遇到非有限 loss (NaN/Inf)，跳过该 batch
[2025-12-08 10:08:04,256] [WARNING] 遇到非有限 loss (NaN/Inf)，跳过该 batch
[2025-12-08 10:08:04,264] [WARNING] 遇到非有限 loss (NaN/Inf)，跳过该 batch
[2025-12-08 10:08:04,272] [WARNING] 遇到非有限 loss (NaN/Inf)，跳过该 batch
[2025-12-08 10:08:04,280] [WARNING] 遇到非有限 loss (NaN/Inf)，跳过该 batch
[2025-12-08 10:08:04,288] [WARNING] 遇到非有限 loss (NaN/Inf)，跳过该 batch
[2025-12-08 10:08:04,295] [WARNING] 遇到非有限 loss (NaN/Inf)，跳过该 batch
[2025-12-08 10:08:04,305] [WARNING] 遇到非有限 loss (NaN/Inf)，跳过该 batch
[2025-12-08 10:08:04,313] [WARNING] 遇到非有限 loss (NaN/Inf)，跳过该 batch
[2025-12-08 10:08:04,321] [WARNING] 遇到非有限 loss (NaN/Inf)，跳过该 batch
[2025-12-08 10:08:04,329] [WARNING] 遇到非有限 loss (NaN/Inf)，跳过该 batch
[2025-12-08 10:08:04,336] [WARNING] 遇到非有限 loss (NaN/Inf)，跳过该 batch
[2025-12-08 10:08:04,344] [WARNING] 遇到非有限 loss (NaN/Inf)，跳过该 batch
[2025-12-08 10:08:04,352] [WARNING] 遇到非有限 loss (NaN/Inf)，跳过该 batch
[2025-12-08 10:08:04,360] [WARNING] 遇到非有限 loss (NaN/Inf)，跳过该 batch
[2025-12-08 10:08:04,367] [WARNING] 遇到非有限 loss (NaN/Inf)，跳过该 batch
[2025-12-08 10:08:04,375] [WARNING] 遇到非有限 loss (NaN/Inf)，跳过该 batch
[2025-12-08 10:08:04,383] [WARNING] 遇到非有限 loss (NaN/Inf)，跳过该 batch
[2025-12-08 10:08:04,391] [WARNING] 遇到非有限 loss (NaN/Inf)，跳过该 batch
[2025-12-08 10:08:04,399] [WARNING] 遇到非有限 loss (NaN/Inf)，跳过该 batch
[2025-12-08 10:08:04,406] [WARNING] 遇到非有限 loss (NaN/Inf)，跳过该 batch
[2025-12-08 10:08:04,414] [WARNING] 遇到非有限 loss (NaN/Inf)，跳过该 batch
[2025-12-08 10:08:04,422] [WARNING] 遇到非有限 loss (NaN/Inf)，跳过该 batch
[2025-12-08 10:08:04,429] [WARNING] 遇到非有限 loss (NaN/Inf)，跳过该 batch
[2025-12-08 10:08:04,437] [WARNING] 遇到非有限 loss (NaN/Inf)，跳过该 batch
[2025-12-08 10:08:04,445] [WARNING] 遇到非有限 loss (NaN/Inf)，跳过该 batch
[2025-12-08 10:08:04,453] [WARNING] 遇到非有限 loss (NaN/Inf)，跳过该 batch
[2025-12-08 10:08:04,461] [WARNING] 遇到非有限 loss (NaN/Inf)，跳过该 batch
[2025-12-08 10:08:04,468] [WARNING] 遇到非有限 loss (NaN/Inf)，跳过该 batch
[2025-12-08 10:08:04,476] [WARNING] 遇到非有限 loss (NaN/Inf)，跳过该 batch
[2025-12-08 10:08:04,484] [WARNING] 遇到非有限 loss (NaN/Inf)，跳过该 batch
[2025-12-08 10:08:04,492] [WARNING] 遇到非有限 loss (NaN/Inf)，跳过该 batch
[2025-12-08 10:08:04,499] [WARNING] 遇到非有限 loss (NaN/Inf)，跳过该 batch
[2025-12-08 10:08:04,508] [WARNING] 遇到非有限 loss (NaN/Inf)，跳过该 batch
[2025-12-08 10:08:04,515] [WARNING] 遇到非有限 loss (NaN/Inf)，跳过该 batch
[2025-12-08 10:08:04,523] [WARNING] 遇到非有限 loss (NaN/Inf)，跳过该 batch
[2025-12-08 10:08:04,531] [WARNING] 遇到非有限 loss (NaN/Inf)，跳过该 batch
[2025-12-08 10:08:04,539] [WARNING] 遇到非有限 loss (NaN/Inf)，跳过该 batch
[2025-12-08 10:08:04,547] [WARNING] 遇到非有限 loss (NaN/Inf)，跳过该 batch
[2025-12-08 10:08:04,554] [WARNING] 遇到非有限 loss (NaN/Inf)，跳过该 batch
[2025-12-08 10:08:04,562] [WARNING] 遇到非有限 loss (NaN/Inf)，跳过该 batch
[2025-12-08 10:08:04,570] [WARNING] 遇到非有限 loss (NaN/Inf)，跳过该 batch
[2025-12-08 10:08:04,578] [WARNING] 遇到非有限 loss (NaN/Inf)，跳过该 batch
[2025-12-08 10:08:04,586] [WARNING] 遇到非有限 loss (NaN/Inf)，跳过该 batch
[2025-12-08 10:08:04,593] [WARNING] 遇到非有限 loss (NaN/Inf)，跳过该 batch
[2025-12-08 10:08:04,602] [WARNING] 遇到非有限 loss (NaN/Inf)，跳过该 batch
[2025-12-08 10:08:04,610] [WARNING] 遇到非有限 loss (NaN/Inf)，跳过该 batch
[2025-12-08 10:08:04,618] [WARNING] 遇到非有限 loss (NaN/Inf)，跳过该 batch
[2025-12-08 10:08:04,625] [WARNING] 遇到非有限 loss (NaN/Inf)，跳过该 batch
[2025-12-08 10:08:04,633] [WARNING] 遇到非有限 loss (NaN/Inf)，跳过该 batch
[2025-12-08 10:08:04,641] [WARNING] 遇到非有限 loss (NaN/Inf)，跳过该 batch
[2025-12-08 10:08:04,649] [WARNING] 遇到非有限 loss (NaN/Inf)，跳过该 batch
[2025-12-08 10:08:04,656] [WARNING] 遇到非有限 loss (NaN/Inf)，跳过该 batch
[2025-12-08 10:08:04,664] [WARNING] 遇到非有限 loss (NaN/Inf)，跳过该 batch
[2025-12-08 10:08:04,672] [WARNING] 遇到非有限 loss (NaN/Inf)，跳过该 batch
[2025-12-08 10:08:04,679] [WARNING] 遇到非有限 loss (NaN/Inf)，跳过该 batch
[2025-12-08 10:08:04,687] [WARNING] 遇到非有限 loss (NaN/Inf)，跳过该 batch
[2025-12-08 10:08:04,694] [WARNING] 遇到非有限 loss (NaN/Inf)，跳过该 batch
[2025-12-08 10:08:04,702] [WARNING] 遇到非有限 loss (NaN/Inf)，跳过该 batch
[2025-12-08 10:08:04,710] [WARNING] 遇到非有限 loss (NaN/Inf)，跳过该 batch
[2025-12-08 10:08:04,719] [WARNING] 遇到非有限 loss (NaN/Inf)，跳过该 batch
[2025-12-08 10:08:04,726] [WARNING] 遇到非有限 loss (NaN/Inf)，跳过该 batch
[2025-12-08 10:08:04,734] [WARNING] 遇到非有限 loss (NaN/Inf)，跳过该 batch
[2025-12-08 10:08:04,743] [WARNING] 遇到非有限 loss (NaN/Inf)，跳过该 batch
[2025-12-08 10:08:04,751] [WARNING] 遇到非有限 loss (NaN/Inf)，跳过该 batch
[2025-12-08 10:08:04,759] [WARNING] 遇到非有限 loss (NaN/Inf)，跳过该 batch
[2025-12-08 10:08:04,767] [WARNING] 遇到非有限 loss (NaN/Inf)，跳过该 batch
[2025-12-08 10:08:04,775] [WARNING] 遇到非有限 loss (NaN/Inf)，跳过该 batch
[2025-12-08 10:08:04,782] [WARNING] 遇到非有限 loss (NaN/Inf)，跳过该 batch
[2025-12-08 10:08:04,790] [WARNING] 遇到非有限 loss (NaN/Inf)，跳过该 batch
[2025-12-08 10:08:04,797] [WARNING] 遇到非有限 loss (NaN/Inf)，跳过该 batch
[2025-12-08 10:08:04,805] [WARNING] 遇到非有限 loss (NaN/Inf)，跳过该 batch
[2025-12-08 10:08:04,812] [WARNING] 遇到非有限 loss (NaN/Inf)，跳过该 batch
[2025-12-08 10:08:04,820] [WARNING] 遇到非有限 loss (NaN/Inf)，跳过该 batch
[2025-12-08 10:08:04,829] [WARNING] 遇到非有限 loss (NaN/Inf)，跳过该 batch
[2025-12-08 10:08:04,836] [WARNING] 遇到非有限 loss (NaN/Inf)，跳过该 batch
[2025-12-08 10:08:04,849] [WARNING] 遇到非有限 loss (NaN/Inf)，跳过该 batch
[2025-12-08 10:08:04,861] [WARNING] 遇到非有限 loss (NaN/Inf)，跳过该 batch
[2025-12-08 10:08:04,870] [WARNING] 遇到非有限 loss (NaN/Inf)，跳过该 batch
[2025-12-08 10:08:04,878] [WARNING] 遇到非有限 loss (NaN/Inf)，跳过该 batch
[2025-12-08 10:08:04,886] [WARNING] 遇到非有限 loss (NaN/Inf)，跳过该 batch
[2025-12-08 10:08:04,894] [WARNING] 遇到非有限 loss (NaN/Inf)，跳过该 batch
[2025-12-08 10:08:04,903] [WARNING] 遇到非有限 loss (NaN/Inf)，跳过该 batch
[2025-12-08 10:08:04,913] [WARNING] 遇到非有限 loss (NaN/Inf)，跳过该 batch
[2025-12-08 10:08:04,922] [WARNING] 遇到非有限 loss (NaN/Inf)，跳过该 batch
[2025-12-08 10:08:04,930] [WARNING] 遇到非有限 loss (NaN/Inf)，跳过该 batch
[2025-12-08 10:08:04,939] [WARNING] 遇到非有限 loss (NaN/Inf)，跳过该 batch
[2025-12-08 10:08:04,948] [WARNING] 遇到非有限 loss (NaN/Inf)，跳过该 batch
[2025-12-08 10:08:04,956] [WARNING] 遇到非有限 loss (NaN/Inf)，跳过该 batch
[2025-12-08 10:08:04,964] [WARNING] 遇到非有限 loss (NaN/Inf)，跳过该 batch
[2025-12-08 10:08:04,972] [WARNING] 遇到非有限 loss (NaN/Inf)，跳过该 batch
[2025-12-08 10:08:04,980] [WARNING] 遇到非有限 loss (NaN/Inf)，跳过该 batch
[2025-12-08 10:08:04,988] [WARNING] 遇到非有限 loss (NaN/Inf)，跳过该 batch
[2025-12-08 10:08:04,998] [WARNING] 遇到非有限 loss (NaN/Inf)，跳过该 batch
[2025-12-08 10:08:05,010] [WARNING] 遇到非有限 loss (NaN/Inf)，跳过该 batch
[2025-12-08 10:08:05,019] [WARNING] 遇到非有限 loss (NaN/Inf)，跳过该 batch
[2025-12-08 10:08:05,027] [WARNING] 遇到非有限 loss (NaN/Inf)，跳过该 batch
[2025-12-08 10:08:05,035] [WARNING] 遇到非有限 loss (NaN/Inf)，跳过该 batch
[2025-12-08 10:08:05,044] [WARNING] 遇到非有限 loss (NaN/Inf)，跳过该 batch
[2025-12-08 10:08:05,051] [WARNING] 遇到非有限 loss (NaN/Inf)，跳过该 batch
[2025-12-08 10:08:05,059] [WARNING] 遇到非有限 loss (NaN/Inf)，跳过该 batch
[2025-12-08 10:08:05,068] [WARNING] 遇到非有限 loss (NaN/Inf)，跳过该 batch
[2025-12-08 10:08:05,077] [WARNING] 遇到非有限 loss (NaN/Inf)，跳过该 batch
[2025-12-08 10:08:05,087] [WARNING] 遇到非有限 loss (NaN/Inf)，跳过该 batch
[2025-12-08 10:08:05,096] [WARNING] 遇到非有限 loss (NaN/Inf)，跳过该 batch
[2025-12-08 10:08:05,105] [WARNING] 遇到非有限 loss (NaN/Inf)，跳过该 batch
[2025-12-08 10:08:05,129] [WARNING] 遇到非有限 loss (NaN/Inf)，跳过该 batch
[2025-12-08 10:08:05,137] [WARNING] 遇到非有限 loss (NaN/Inf)，跳过该 batch
[2025-12-08 10:08:05,146] [WARNING] 遇到非有限 loss (NaN/Inf)，跳过该 batch
[2025-12-08 10:08:05,153] [WARNING] 遇到非有限 loss (NaN/Inf)，跳过该 batch
[2025-12-08 10:08:05,161] [WARNING] 遇到非有限 loss (NaN/Inf)，跳过该 batch
[2025-12-08 10:08:05,169] [WARNING] 遇到非有限 loss (NaN/Inf)，跳过该 batch
[2025-12-08 10:08:05,180] [WARNING] 遇到非有限 loss (NaN/Inf)，跳过该 batch
[2025-12-08 10:08:05,190] [WARNING] 遇到非有限 loss (NaN/Inf)，跳过该 batch
[2025-12-08 10:08:05,258] [INFO] 本 epoch（预测分支）平均训练损失: 0.000000
[2025-12-08 10:08:36,254] [INFO] [Eval] F1=0.8885, P=0.9256, R=0.8542, AUC=0.6618, thr=10.229253, point_adjust=True
[2025-12-08 10:08:36,509] [INFO] 已保存可视化图：./logs/smd_forecast/scores_epoch6.png
[2025-12-08 10:08:36,509] [INFO] ========== Epoch 7/50 ==========
[2025-12-08 10:08:36,713] [WARNING] 遇到非有限 loss (NaN/Inf)，跳过该 batch
[2025-12-08 10:08:36,721] [WARNING] 遇到非有限 loss (NaN/Inf)，跳过该 batch
[2025-12-08 10:08:36,732] [WARNING] 遇到非有限 loss (NaN/Inf)，跳过该 batch
[2025-12-08 10:08:36,739] [WARNING] 遇到非有限 loss (NaN/Inf)，跳过该 batch
[2025-12-08 10:08:36,746] [WARNING] 遇到非有限 loss (NaN/Inf)，跳过该 batch
[2025-12-08 10:08:36,753] [WARNING] 遇到非有限 loss (NaN/Inf)，跳过该 batch
[2025-12-08 10:08:36,762] [WARNING] 遇到非有限 loss (NaN/Inf)，跳过该 batch
[2025-12-08 10:08:36,770] [WARNING] 遇到非有限 loss (NaN/Inf)，跳过该 batch
[2025-12-08 10:08:36,778] [WARNING] 遇到非有限 loss (NaN/Inf)，跳过该 batch
[2025-12-08 10:08:36,785] [WARNING] 遇到非有限 loss (NaN/Inf)，跳过该 batch
[2025-12-08 10:08:36,793] [WARNING] 遇到非有限 loss (NaN/Inf)，跳过该 batch
[2025-12-08 10:08:36,801] [WARNING] 遇到非有限 loss (NaN/Inf)，跳过该 batch
[2025-12-08 10:08:36,810] [WARNING] 遇到非有限 loss (NaN/Inf)，跳过该 batch
[2025-12-08 10:08:36,818] [WARNING] 遇到非有限 loss (NaN/Inf)，跳过该 batch
[2025-12-08 10:08:36,826] [WARNING] 遇到非有限 loss (NaN/Inf)，跳过该 batch
[2025-12-08 10:08:36,834] [WARNING] 遇到非有限 loss (NaN/Inf)，跳过该 batch
[2025-12-08 10:08:36,843] [WARNING] 遇到非有限 loss (NaN/Inf)，跳过该 batch
[2025-12-08 10:08:36,851] [WARNING] 遇到非有限 loss (NaN/Inf)，跳过该 batch
[2025-12-08 10:08:36,859] [WARNING] 遇到非有限 loss (NaN/Inf)，跳过该 batch
[2025-12-08 10:08:36,867] [WARNING] 遇到非有限 loss (NaN/Inf)，跳过该 batch
[2025-12-08 10:08:36,875] [WARNING] 遇到非有限 loss (NaN/Inf)，跳过该 batch
[2025-12-08 10:08:36,882] [WARNING] 遇到非有限 loss (NaN/Inf)，跳过该 batch
[2025-12-08 10:08:36,891] [WARNING] 遇到非有限 loss (NaN/Inf)，跳过该 batch
[2025-12-08 10:08:36,899] [WARNING] 遇到非有限 loss (NaN/Inf)，跳过该 batch
[2025-12-08 10:08:36,906] [WARNING] 遇到非有限 loss (NaN/Inf)，跳过该 batch
[2025-12-08 10:08:36,915] [WARNING] 遇到非有限 loss (NaN/Inf)，跳过该 batch
[2025-12-08 10:08:36,923] [WARNING] 遇到非有限 loss (NaN/Inf)，跳过该 batch
[2025-12-08 10:08:36,932] [WARNING] 遇到非有限 loss (NaN/Inf)，跳过该 batch
[2025-12-08 10:08:36,940] [WARNING] 遇到非有限 loss (NaN/Inf)，跳过该 batch
[2025-12-08 10:08:36,948] [WARNING] 遇到非有限 loss (NaN/Inf)，跳过该 batch
[2025-12-08 10:08:36,957] [WARNING] 遇到非有限 loss (NaN/Inf)，跳过该 batch
[2025-12-08 10:08:36,965] [WARNING] 遇到非有限 loss (NaN/Inf)，跳过该 batch
[2025-12-08 10:08:36,973] [WARNING] 遇到非有限 loss (NaN/Inf)，跳过该 batch
[2025-12-08 10:08:36,981] [WARNING] 遇到非有限 loss (NaN/Inf)，跳过该 batch
[2025-12-08 10:08:36,989] [WARNING] 遇到非有限 loss (NaN/Inf)，跳过该 batch
[2025-12-08 10:08:36,999] [WARNING] 遇到非有限 loss (NaN/Inf)，跳过该 batch
[2025-12-08 10:08:37,008] [WARNING] 遇到非有限 loss (NaN/Inf)，跳过该 batch
[2025-12-08 10:08:37,017] [WARNING] 遇到非有限 loss (NaN/Inf)，跳过该 batch
[2025-12-08 10:08:37,025] [WARNING] 遇到非有限 loss (NaN/Inf)，跳过该 batch
[2025-12-08 10:08:37,034] [WARNING] 遇到非有限 loss (NaN/Inf)，跳过该 batch
[2025-12-08 10:08:37,042] [WARNING] 遇到非有限 loss (NaN/Inf)，跳过该 batch
[2025-12-08 10:08:37,049] [WARNING] 遇到非有限 loss (NaN/Inf)，跳过该 batch
[2025-12-08 10:08:37,058] [WARNING] 遇到非有限 loss (NaN/Inf)，跳过该 batch
[2025-12-08 10:08:37,066] [WARNING] 遇到非有限 loss (NaN/Inf)，跳过该 batch
[2025-12-08 10:08:37,074] [WARNING] 遇到非有限 loss (NaN/Inf)，跳过该 batch
[2025-12-08 10:08:37,082] [WARNING] 遇到非有限 loss (NaN/Inf)，跳过该 batch
[2025-12-08 10:08:37,090] [WARNING] 遇到非有限 loss (NaN/Inf)，跳过该 batch
[2025-12-08 10:08:37,098] [WARNING] 遇到非有限 loss (NaN/Inf)，跳过该 batch
[2025-12-08 10:08:37,107] [WARNING] 遇到非有限 loss (NaN/Inf)，跳过该 batch
[2025-12-08 10:08:37,115] [WARNING] 遇到非有限 loss (NaN/Inf)，跳过该 batch
[2025-12-08 10:08:37,124] [WARNING] 遇到非有限 loss (NaN/Inf)，跳过该 batch
[2025-12-08 10:08:37,131] [WARNING] 遇到非有限 loss (NaN/Inf)，跳过该 batch
[2025-12-08 10:08:37,140] [WARNING] 遇到非有限 loss (NaN/Inf)，跳过该 batch
[2025-12-08 10:08:37,148] [WARNING] 遇到非有限 loss (NaN/Inf)，跳过该 batch
[2025-12-08 10:08:37,156] [WARNING] 遇到非有限 loss (NaN/Inf)，跳过该 batch
[2025-12-08 10:08:37,163] [WARNING] 遇到非有限 loss (NaN/Inf)，跳过该 batch
[2025-12-08 10:08:37,172] [WARNING] 遇到非有限 loss (NaN/Inf)，跳过该 batch
[2025-12-08 10:08:37,179] [WARNING] 遇到非有限 loss (NaN/Inf)，跳过该 batch
[2025-12-08 10:08:37,188] [WARNING] 遇到非有限 loss (NaN/Inf)，跳过该 batch
[2025-12-08 10:08:37,196] [WARNING] 遇到非有限 loss (NaN/Inf)，跳过该 batch
[2025-12-08 10:08:37,204] [WARNING] 遇到非有限 loss (NaN/Inf)，跳过该 batch
[2025-12-08 10:08:37,213] [WARNING] 遇到非有限 loss (NaN/Inf)，跳过该 batch
[2025-12-08 10:08:37,220] [WARNING] 遇到非有限 loss (NaN/Inf)，跳过该 batch
[2025-12-08 10:08:37,229] [WARNING] 遇到非有限 loss (NaN/Inf)，跳过该 batch
[2025-12-08 10:08:37,237] [WARNING] 遇到非有限 loss (NaN/Inf)，跳过该 batch
[2025-12-08 10:08:37,245] [WARNING] 遇到非有限 loss (NaN/Inf)，跳过该 batch
[2025-12-08 10:08:37,253] [WARNING] 遇到非有限 loss (NaN/Inf)，跳过该 batch
[2025-12-08 10:08:37,261] [WARNING] 遇到非有限 loss (NaN/Inf)，跳过该 batch
[2025-12-08 10:08:37,269] [WARNING] 遇到非有限 loss (NaN/Inf)，跳过该 batch
[2025-12-08 10:08:37,277] [WARNING] 遇到非有限 loss (NaN/Inf)，跳过该 batch
[2025-12-08 10:08:37,286] [WARNING] 遇到非有限 loss (NaN/Inf)，跳过该 batch
[2025-12-08 10:08:37,295] [WARNING] 遇到非有限 loss (NaN/Inf)，跳过该 batch
[2025-12-08 10:08:37,304] [WARNING] 遇到非有限 loss (NaN/Inf)，跳过该 batch
[2025-12-08 10:08:37,313] [WARNING] 遇到非有限 loss (NaN/Inf)，跳过该 batch
[2025-12-08 10:08:37,321] [WARNING] 遇到非有限 loss (NaN/Inf)，跳过该 batch
[2025-12-08 10:08:37,329] [WARNING] 遇到非有限 loss (NaN/Inf)，跳过该 batch
[2025-12-08 10:08:37,337] [WARNING] 遇到非有限 loss (NaN/Inf)，跳过该 batch
[2025-12-08 10:08:37,345] [WARNING] 遇到非有限 loss (NaN/Inf)，跳过该 batch
[2025-12-08 10:08:37,353] [WARNING] 遇到非有限 loss (NaN/Inf)，跳过该 batch
[2025-12-08 10:08:37,361] [WARNING] 遇到非有限 loss (NaN/Inf)，跳过该 batch
[2025-12-08 10:08:37,370] [WARNING] 遇到非有限 loss (NaN/Inf)，跳过该 batch
[2025-12-08 10:08:37,378] [WARNING] 遇到非有限 loss (NaN/Inf)，跳过该 batch
[2025-12-08 10:08:37,386] [WARNING] 遇到非有限 loss (NaN/Inf)，跳过该 batch
[2025-12-08 10:08:37,395] [WARNING] 遇到非有限 loss (NaN/Inf)，跳过该 batch
[2025-12-08 10:08:37,404] [WARNING] 遇到非有限 loss (NaN/Inf)，跳过该 batch
[2025-12-08 10:08:37,412] [WARNING] 遇到非有限 loss (NaN/Inf)，跳过该 batch
[2025-12-08 10:08:37,420] [WARNING] 遇到非有限 loss (NaN/Inf)，跳过该 batch
[2025-12-08 10:08:37,428] [WARNING] 遇到非有限 loss (NaN/Inf)，跳过该 batch
[2025-12-08 10:08:37,436] [WARNING] 遇到非有限 loss (NaN/Inf)，跳过该 batch
[2025-12-08 10:08:37,444] [WARNING] 遇到非有限 loss (NaN/Inf)，跳过该 batch
[2025-12-08 10:08:37,453] [WARNING] 遇到非有限 loss (NaN/Inf)，跳过该 batch
[2025-12-08 10:08:37,461] [WARNING] 遇到非有限 loss (NaN/Inf)，跳过该 batch
[2025-12-08 10:08:37,469] [WARNING] 遇到非有限 loss (NaN/Inf)，跳过该 batch
[2025-12-08 10:08:37,478] [WARNING] 遇到非有限 loss (NaN/Inf)，跳过该 batch
[2025-12-08 10:08:37,487] [WARNING] 遇到非有限 loss (NaN/Inf)，跳过该 batch
[2025-12-08 10:08:37,495] [WARNING] 遇到非有限 loss (NaN/Inf)，跳过该 batch
[2025-12-08 10:08:37,504] [WARNING] 遇到非有限 loss (NaN/Inf)，跳过该 batch
[2025-12-08 10:08:37,512] [WARNING] 遇到非有限 loss (NaN/Inf)，跳过该 batch
[2025-12-08 10:08:37,520] [WARNING] 遇到非有限 loss (NaN/Inf)，跳过该 batch
[2025-12-08 10:08:37,528] [WARNING] 遇到非有限 loss (NaN/Inf)，跳过该 batch
[2025-12-08 10:08:37,537] [WARNING] 遇到非有限 loss (NaN/Inf)，跳过该 batch
[2025-12-08 10:08:37,545] [WARNING] 遇到非有限 loss (NaN/Inf)，跳过该 batch
[2025-12-08 10:08:37,554] [WARNING] 遇到非有限 loss (NaN/Inf)，跳过该 batch
[2025-12-08 10:08:37,562] [WARNING] 遇到非有限 loss (NaN/Inf)，跳过该 batch
[2025-12-08 10:08:37,570] [WARNING] 遇到非有限 loss (NaN/Inf)，跳过该 batch
[2025-12-08 10:08:37,579] [WARNING] 遇到非有限 loss (NaN/Inf)，跳过该 batch
[2025-12-08 10:08:37,588] [WARNING] 遇到非有限 loss (NaN/Inf)，跳过该 batch
[2025-12-08 10:08:37,596] [WARNING] 遇到非有限 loss (NaN/Inf)，跳过该 batch
[2025-12-08 10:08:37,604] [WARNING] 遇到非有限 loss (NaN/Inf)，跳过该 batch
[2025-12-08 10:08:37,613] [WARNING] 遇到非有限 loss (NaN/Inf)，跳过该 batch
[2025-12-08 10:08:37,621] [WARNING] 遇到非有限 loss (NaN/Inf)，跳过该 batch
[2025-12-08 10:08:37,629] [WARNING] 遇到非有限 loss (NaN/Inf)，跳过该 batch
[2025-12-08 10:08:37,638] [WARNING] 遇到非有限 loss (NaN/Inf)，跳过该 batch
[2025-12-08 10:08:37,646] [WARNING] 遇到非有限 loss (NaN/Inf)，跳过该 batch
[2025-12-08 10:08:37,655] [WARNING] 遇到非有限 loss (NaN/Inf)，跳过该 batch
[2025-12-08 10:08:37,663] [WARNING] 遇到非有限 loss (NaN/Inf)，跳过该 batch
[2025-12-08 10:08:37,672] [WARNING] 遇到非有限 loss (NaN/Inf)，跳过该 batch
[2025-12-08 10:08:37,681] [WARNING] 遇到非有限 loss (NaN/Inf)，跳过该 batch
[2025-12-08 10:08:37,689] [WARNING] 遇到非有限 loss (NaN/Inf)，跳过该 batch
[2025-12-08 10:08:37,697] [WARNING] 遇到非有限 loss (NaN/Inf)，跳过该 batch
[2025-12-08 10:08:37,705] [WARNING] 遇到非有限 loss (NaN/Inf)，跳过该 batch
[2025-12-08 10:08:37,714] [WARNING] 遇到非有限 loss (NaN/Inf)，跳过该 batch
[2025-12-08 10:08:37,722] [WARNING] 遇到非有限 loss (NaN/Inf)，跳过该 batch
[2025-12-08 10:08:37,730] [WARNING] 遇到非有限 loss (NaN/Inf)，跳过该 batch
[2025-12-08 10:08:37,739] [WARNING] 遇到非有限 loss (NaN/Inf)，跳过该 batch
[2025-12-08 10:08:37,747] [WARNING] 遇到非有限 loss (NaN/Inf)，跳过该 batch
[2025-12-08 10:08:37,755] [WARNING] 遇到非有限 loss (NaN/Inf)，跳过该 batch
[2025-12-08 10:08:37,764] [WARNING] 遇到非有限 loss (NaN/Inf)，跳过该 batch
[2025-12-08 10:08:37,772] [WARNING] 遇到非有限 loss (NaN/Inf)，跳过该 batch
[2025-12-08 10:08:37,780] [WARNING] 遇到非有限 loss (NaN/Inf)，跳过该 batch
[2025-12-08 10:08:37,790] [WARNING] 遇到非有限 loss (NaN/Inf)，跳过该 batch
[2025-12-08 10:08:37,798] [WARNING] 遇到非有限 loss (NaN/Inf)，跳过该 batch
[2025-12-08 10:08:37,806] [WARNING] 遇到非有限 loss (NaN/Inf)，跳过该 batch
[2025-12-08 10:08:37,814] [WARNING] 遇到非有限 loss (NaN/Inf)，跳过该 batch
[2025-12-08 10:08:37,822] [WARNING] 遇到非有限 loss (NaN/Inf)，跳过该 batch
[2025-12-08 10:08:37,830] [WARNING] 遇到非有限 loss (NaN/Inf)，跳过该 batch
[2025-12-08 10:08:37,838] [WARNING] 遇到非有限 loss (NaN/Inf)，跳过该 batch
[2025-12-08 10:08:37,846] [WARNING] 遇到非有限 loss (NaN/Inf)，跳过该 batch
[2025-12-08 10:08:37,854] [WARNING] 遇到非有限 loss (NaN/Inf)，跳过该 batch
[2025-12-08 10:08:37,863] [WARNING] 遇到非有限 loss (NaN/Inf)，跳过该 batch
[2025-12-08 10:08:37,871] [WARNING] 遇到非有限 loss (NaN/Inf)，跳过该 batch
[2025-12-08 10:08:37,879] [WARNING] 遇到非有限 loss (NaN/Inf)，跳过该 batch
[2025-12-08 10:08:37,887] [WARNING] 遇到非有限 loss (NaN/Inf)，跳过该 batch
[2025-12-08 10:08:37,896] [WARNING] 遇到非有限 loss (NaN/Inf)，跳过该 batch
[2025-12-08 10:08:37,905] [WARNING] 遇到非有限 loss (NaN/Inf)，跳过该 batch
[2025-12-08 10:08:37,914] [WARNING] 遇到非有限 loss (NaN/Inf)，跳过该 batch
[2025-12-08 10:08:37,923] [WARNING] 遇到非有限 loss (NaN/Inf)，跳过该 batch
[2025-12-08 10:08:37,932] [WARNING] 遇到非有限 loss (NaN/Inf)，跳过该 batch
[2025-12-08 10:08:37,940] [WARNING] 遇到非有限 loss (NaN/Inf)，跳过该 batch
[2025-12-08 10:08:37,948] [WARNING] 遇到非有限 loss (NaN/Inf)，跳过该 batch
[2025-12-08 10:08:37,958] [WARNING] 遇到非有限 loss (NaN/Inf)，跳过该 batch
[2025-12-08 10:08:37,967] [WARNING] 遇到非有限 loss (NaN/Inf)，跳过该 batch
[2025-12-08 10:08:37,976] [WARNING] 遇到非有限 loss (NaN/Inf)，跳过该 batch
[2025-12-08 10:08:37,986] [WARNING] 遇到非有限 loss (NaN/Inf)，跳过该 batch
[2025-12-08 10:08:37,995] [WARNING] 遇到非有限 loss (NaN/Inf)，跳过该 batch
[2025-12-08 10:08:38,006] [WARNING] 遇到非有限 loss (NaN/Inf)，跳过该 batch
[2025-12-08 10:08:38,015] [WARNING] 遇到非有限 loss (NaN/Inf)，跳过该 batch
[2025-12-08 10:08:38,024] [WARNING] 遇到非有限 loss (NaN/Inf)，跳过该 batch
[2025-12-08 10:08:38,033] [WARNING] 遇到非有限 loss (NaN/Inf)，跳过该 batch
[2025-12-08 10:08:38,041] [WARNING] 遇到非有限 loss (NaN/Inf)，跳过该 batch
[2025-12-08 10:08:38,051] [WARNING] 遇到非有限 loss (NaN/Inf)，跳过该 batch
[2025-12-08 10:08:38,059] [WARNING] 遇到非有限 loss (NaN/Inf)，跳过该 batch
[2025-12-08 10:08:38,068] [WARNING] 遇到非有限 loss (NaN/Inf)，跳过该 batch
[2025-12-08 10:08:38,076] [WARNING] 遇到非有限 loss (NaN/Inf)，跳过该 batch
[2025-12-08 10:08:38,085] [WARNING] 遇到非有限 loss (NaN/Inf)，跳过该 batch
[2025-12-08 10:08:38,094] [WARNING] 遇到非有限 loss (NaN/Inf)，跳过该 batch
[2025-12-08 10:08:38,103] [WARNING] 遇到非有限 loss (NaN/Inf)，跳过该 batch
[2025-12-08 10:08:38,112] [WARNING] 遇到非有限 loss (NaN/Inf)，跳过该 batch
[2025-12-08 10:08:38,121] [WARNING] 遇到非有限 loss (NaN/Inf)，跳过该 batch
[2025-12-08 10:08:38,130] [WARNING] 遇到非有限 loss (NaN/Inf)，跳过该 batch
[2025-12-08 10:08:38,138] [WARNING] 遇到非有限 loss (NaN/Inf)，跳过该 batch
[2025-12-08 10:08:38,147] [WARNING] 遇到非有限 loss (NaN/Inf)，跳过该 batch
[2025-12-08 10:08:38,156] [WARNING] 遇到非有限 loss (NaN/Inf)，跳过该 batch
[2025-12-08 10:08:38,164] [WARNING] 遇到非有限 loss (NaN/Inf)，跳过该 batch
[2025-12-08 10:08:38,172] [WARNING] 遇到非有限 loss (NaN/Inf)，跳过该 batch
[2025-12-08 10:08:38,184] [WARNING] 遇到非有限 loss (NaN/Inf)，跳过该 batch
[2025-12-08 10:08:38,193] [WARNING] 遇到非有限 loss (NaN/Inf)，跳过该 batch
[2025-12-08 10:08:38,200] [WARNING] 遇到非有限 loss (NaN/Inf)，跳过该 batch
[2025-12-08 10:08:38,209] [WARNING] 遇到非有限 loss (NaN/Inf)，跳过该 batch
[2025-12-08 10:08:38,217] [WARNING] 遇到非有限 loss (NaN/Inf)，跳过该 batch
[2025-12-08 10:08:38,227] [WARNING] 遇到非有限 loss (NaN/Inf)，跳过该 batch
[2025-12-08 10:08:38,236] [WARNING] 遇到非有限 loss (NaN/Inf)，跳过该 batch
[2025-12-08 10:08:38,245] [WARNING] 遇到非有限 loss (NaN/Inf)，跳过该 batch
[2025-12-08 10:08:38,253] [WARNING] 遇到非有限 loss (NaN/Inf)，跳过该 batch
[2025-12-08 10:08:38,261] [WARNING] 遇到非有限 loss (NaN/Inf)，跳过该 batch
[2025-12-08 10:08:38,269] [WARNING] 遇到非有限 loss (NaN/Inf)，跳过该 batch
[2025-12-08 10:08:38,277] [WARNING] 遇到非有限 loss (NaN/Inf)，跳过该 batch
[2025-12-08 10:08:38,286] [WARNING] 遇到非有限 loss (NaN/Inf)，跳过该 batch
[2025-12-08 10:08:38,294] [WARNING] 遇到非有限 loss (NaN/Inf)，跳过该 batch
[2025-12-08 10:08:38,302] [WARNING] 遇到非有限 loss (NaN/Inf)，跳过该 batch
[2025-12-08 10:08:38,310] [WARNING] 遇到非有限 loss (NaN/Inf)，跳过该 batch
[2025-12-08 10:08:38,318] [WARNING] 遇到非有限 loss (NaN/Inf)，跳过该 batch
[2025-12-08 10:08:38,327] [WARNING] 遇到非有限 loss (NaN/Inf)，跳过该 batch
[2025-12-08 10:08:38,335] [WARNING] 遇到非有限 loss (NaN/Inf)，跳过该 batch
[2025-12-08 10:08:38,343] [WARNING] 遇到非有限 loss (NaN/Inf)，跳过该 batch
[2025-12-08 10:08:38,352] [WARNING] 遇到非有限 loss (NaN/Inf)，跳过该 batch
[2025-12-08 10:08:38,360] [WARNING] 遇到非有限 loss (NaN/Inf)，跳过该 batch
[2025-12-08 10:08:38,368] [WARNING] 遇到非有限 loss (NaN/Inf)，跳过该 batch
[2025-12-08 10:08:38,376] [WARNING] 遇到非有限 loss (NaN/Inf)，跳过该 batch
[2025-12-08 10:08:38,384] [WARNING] 遇到非有限 loss (NaN/Inf)，跳过该 batch
[2025-12-08 10:08:38,392] [WARNING] 遇到非有限 loss (NaN/Inf)，跳过该 batch
[2025-12-08 10:08:38,400] [WARNING] 遇到非有限 loss (NaN/Inf)，跳过该 batch
[2025-12-08 10:08:38,409] [WARNING] 遇到非有限 loss (NaN/Inf)，跳过该 batch
[2025-12-08 10:08:38,418] [WARNING] 遇到非有限 loss (NaN/Inf)，跳过该 batch
[2025-12-08 10:08:38,427] [WARNING] 遇到非有限 loss (NaN/Inf)，跳过该 batch
[2025-12-08 10:08:38,435] [WARNING] 遇到非有限 loss (NaN/Inf)，跳过该 batch
[2025-12-08 10:08:38,443] [WARNING] 遇到非有限 loss (NaN/Inf)，跳过该 batch
[2025-12-08 10:08:38,451] [WARNING] 遇到非有限 loss (NaN/Inf)，跳过该 batch
[2025-12-08 10:08:38,459] [WARNING] 遇到非有限 loss (NaN/Inf)，跳过该 batch
[2025-12-08 10:08:38,467] [WARNING] 遇到非有限 loss (NaN/Inf)，跳过该 batch
[2025-12-08 10:08:38,475] [WARNING] 遇到非有限 loss (NaN/Inf)，跳过该 batch
[2025-12-08 10:08:38,483] [WARNING] 遇到非有限 loss (NaN/Inf)，跳过该 batch
[2025-12-08 10:08:38,492] [WARNING] 遇到非有限 loss (NaN/Inf)，跳过该 batch
[2025-12-08 10:08:38,501] [WARNING] 遇到非有限 loss (NaN/Inf)，跳过该 batch
[2025-12-08 10:08:38,509] [WARNING] 遇到非有限 loss (NaN/Inf)，跳过该 batch
[2025-12-08 10:08:38,518] [WARNING] 遇到非有限 loss (NaN/Inf)，跳过该 batch
[2025-12-08 10:08:38,526] [WARNING] 遇到非有限 loss (NaN/Inf)，跳过该 batch
[2025-12-08 10:08:38,534] [WARNING] 遇到非有限 loss (NaN/Inf)，跳过该 batch
[2025-12-08 10:08:38,542] [WARNING] 遇到非有限 loss (NaN/Inf)，跳过该 batch
[2025-12-08 10:08:38,551] [WARNING] 遇到非有限 loss (NaN/Inf)，跳过该 batch
[2025-12-08 10:08:38,559] [WARNING] 遇到非有限 loss (NaN/Inf)，跳过该 batch
[2025-12-08 10:08:38,567] [WARNING] 遇到非有限 loss (NaN/Inf)，跳过该 batch
[2025-12-08 10:08:38,576] [WARNING] 遇到非有限 loss (NaN/Inf)，跳过该 batch
[2025-12-08 10:08:38,585] [WARNING] 遇到非有限 loss (NaN/Inf)，跳过该 batch
[2025-12-08 10:08:38,594] [WARNING] 遇到非有限 loss (NaN/Inf)，跳过该 batch
[2025-12-08 10:08:38,602] [WARNING] 遇到非有限 loss (NaN/Inf)，跳过该 batch
[2025-12-08 10:08:38,610] [WARNING] 遇到非有限 loss (NaN/Inf)，跳过该 batch
[2025-12-08 10:08:38,618] [WARNING] 遇到非有限 loss (NaN/Inf)，跳过该 batch
[2025-12-08 10:08:38,627] [WARNING] 遇到非有限 loss (NaN/Inf)，跳过该 batch
[2025-12-08 10:08:38,634] [WARNING] 遇到非有限 loss (NaN/Inf)，跳过该 batch
[2025-12-08 10:08:38,642] [WARNING] 遇到非有限 loss (NaN/Inf)，跳过该 batch
[2025-12-08 10:08:38,650] [WARNING] 遇到非有限 loss (NaN/Inf)，跳过该 batch
[2025-12-08 10:08:38,658] [WARNING] 遇到非有限 loss (NaN/Inf)，跳过该 batch
[2025-12-08 10:08:38,665] [WARNING] 遇到非有限 loss (NaN/Inf)，跳过该 batch
[2025-12-08 10:08:38,674] [WARNING] 遇到非有限 loss (NaN/Inf)，跳过该 batch
[2025-12-08 10:08:38,682] [WARNING] 遇到非有限 loss (NaN/Inf)，跳过该 batch
[2025-12-08 10:08:38,691] [WARNING] 遇到非有限 loss (NaN/Inf)，跳过该 batch
[2025-12-08 10:08:38,699] [WARNING] 遇到非有限 loss (NaN/Inf)，跳过该 batch
[2025-12-08 10:08:38,707] [WARNING] 遇到非有限 loss (NaN/Inf)，跳过该 batch
[2025-12-08 10:08:38,714] [WARNING] 遇到非有限 loss (NaN/Inf)，跳过该 batch
[2025-12-08 10:08:38,723] [WARNING] 遇到非有限 loss (NaN/Inf)，跳过该 batch
[2025-12-08 10:08:38,730] [WARNING] 遇到非有限 loss (NaN/Inf)，跳过该 batch
[2025-12-08 10:08:38,738] [WARNING] 遇到非有限 loss (NaN/Inf)，跳过该 batch
[2025-12-08 10:08:38,746] [WARNING] 遇到非有限 loss (NaN/Inf)，跳过该 batch
[2025-12-08 10:08:38,754] [WARNING] 遇到非有限 loss (NaN/Inf)，跳过该 batch
[2025-12-08 10:08:38,762] [WARNING] 遇到非有限 loss (NaN/Inf)，跳过该 batch
[2025-12-08 10:08:38,771] [WARNING] 遇到非有限 loss (NaN/Inf)，跳过该 batch
[2025-12-08 10:08:38,779] [WARNING] 遇到非有限 loss (NaN/Inf)，跳过该 batch
[2025-12-08 10:08:38,787] [WARNING] 遇到非有限 loss (NaN/Inf)，跳过该 batch
[2025-12-08 10:08:38,795] [WARNING] 遇到非有限 loss (NaN/Inf)，跳过该 batch
[2025-12-08 10:08:38,804] [WARNING] 遇到非有限 loss (NaN/Inf)，跳过该 batch
[2025-12-08 10:08:38,812] [WARNING] 遇到非有限 loss (NaN/Inf)，跳过该 batch
[2025-12-08 10:08:38,820] [WARNING] 遇到非有限 loss (NaN/Inf)，跳过该 batch
[2025-12-08 10:08:38,828] [WARNING] 遇到非有限 loss (NaN/Inf)，跳过该 batch
[2025-12-08 10:08:38,836] [WARNING] 遇到非有限 loss (NaN/Inf)，跳过该 batch
[2025-12-08 10:08:38,844] [WARNING] 遇到非有限 loss (NaN/Inf)，跳过该 batch
[2025-12-08 10:08:38,852] [WARNING] 遇到非有限 loss (NaN/Inf)，跳过该 batch
[2025-12-08 10:08:38,861] [WARNING] 遇到非有限 loss (NaN/Inf)，跳过该 batch
[2025-12-08 10:08:38,869] [WARNING] 遇到非有限 loss (NaN/Inf)，跳过该 batch
[2025-12-08 10:08:38,877] [WARNING] 遇到非有限 loss (NaN/Inf)，跳过该 batch
[2025-12-08 10:08:38,885] [WARNING] 遇到非有限 loss (NaN/Inf)，跳过该 batch
[2025-12-08 10:08:38,894] [WARNING] 遇到非有限 loss (NaN/Inf)，跳过该 batch
[2025-12-08 10:08:38,902] [WARNING] 遇到非有限 loss (NaN/Inf)，跳过该 batch
[2025-12-08 10:08:38,910] [WARNING] 遇到非有限 loss (NaN/Inf)，跳过该 batch
[2025-12-08 10:08:38,918] [WARNING] 遇到非有限 loss (NaN/Inf)，跳过该 batch
[2025-12-08 10:08:38,927] [WARNING] 遇到非有限 loss (NaN/Inf)，跳过该 batch
[2025-12-08 10:08:38,936] [WARNING] 遇到非有限 loss (NaN/Inf)，跳过该 batch
[2025-12-08 10:08:38,944] [WARNING] 遇到非有限 loss (NaN/Inf)，跳过该 batch
[2025-12-08 10:08:38,952] [WARNING] 遇到非有限 loss (NaN/Inf)，跳过该 batch
[2025-12-08 10:08:38,960] [WARNING] 遇到非有限 loss (NaN/Inf)，跳过该 batch
[2025-12-08 10:08:38,968] [WARNING] 遇到非有限 loss (NaN/Inf)，跳过该 batch
[2025-12-08 10:08:38,976] [WARNING] 遇到非有限 loss (NaN/Inf)，跳过该 batch
[2025-12-08 10:08:38,984] [WARNING] 遇到非有限 loss (NaN/Inf)，跳过该 batch
[2025-12-08 10:08:38,992] [WARNING] 遇到非有限 loss (NaN/Inf)，跳过该 batch
[2025-12-08 10:08:39,000] [WARNING] 遇到非有限 loss (NaN/Inf)，跳过该 batch
[2025-12-08 10:08:39,009] [WARNING] 遇到非有限 loss (NaN/Inf)，跳过该 batch
[2025-12-08 10:08:39,017] [WARNING] 遇到非有限 loss (NaN/Inf)，跳过该 batch
[2025-12-08 10:08:39,026] [WARNING] 遇到非有限 loss (NaN/Inf)，跳过该 batch
[2025-12-08 10:08:39,033] [WARNING] 遇到非有限 loss (NaN/Inf)，跳过该 batch
[2025-12-08 10:08:39,041] [WARNING] 遇到非有限 loss (NaN/Inf)，跳过该 batch
[2025-12-08 10:08:39,049] [WARNING] 遇到非有限 loss (NaN/Inf)，跳过该 batch
[2025-12-08 10:08:39,058] [WARNING] 遇到非有限 loss (NaN/Inf)，跳过该 batch
[2025-12-08 10:08:39,065] [WARNING] 遇到非有限 loss (NaN/Inf)，跳过该 batch
[2025-12-08 10:08:39,074] [WARNING] 遇到非有限 loss (NaN/Inf)，跳过该 batch
[2025-12-08 10:08:39,082] [WARNING] 遇到非有限 loss (NaN/Inf)，跳过该 batch
[2025-12-08 10:08:39,091] [WARNING] 遇到非有限 loss (NaN/Inf)，跳过该 batch
[2025-12-08 10:08:39,099] [WARNING] 遇到非有限 loss (NaN/Inf)，跳过该 batch
[2025-12-08 10:08:39,107] [WARNING] 遇到非有限 loss (NaN/Inf)，跳过该 batch
[2025-12-08 10:08:39,115] [WARNING] 遇到非有限 loss (NaN/Inf)，跳过该 batch
[2025-12-08 10:08:39,123] [WARNING] 遇到非有限 loss (NaN/Inf)，跳过该 batch
[2025-12-08 10:08:39,131] [WARNING] 遇到非有限 loss (NaN/Inf)，跳过该 batch
[2025-12-08 10:08:39,139] [WARNING] 遇到非有限 loss (NaN/Inf)，跳过该 batch
[2025-12-08 10:08:39,147] [WARNING] 遇到非有限 loss (NaN/Inf)，跳过该 batch
[2025-12-08 10:08:39,155] [WARNING] 遇到非有限 loss (NaN/Inf)，跳过该 batch
[2025-12-08 10:08:39,185] [WARNING] 遇到非有限 loss (NaN/Inf)，跳过该 batch
[2025-12-08 10:08:39,194] [WARNING] 遇到非有限 loss (NaN/Inf)，跳过该 batch
[2025-12-08 10:08:39,204] [WARNING] 遇到非有限 loss (NaN/Inf)，跳过该 batch
[2025-12-08 10:08:39,212] [WARNING] 遇到非有限 loss (NaN/Inf)，跳过该 batch
[2025-12-08 10:08:39,220] [WARNING] 遇到非有限 loss (NaN/Inf)，跳过该 batch
[2025-12-08 10:08:39,228] [WARNING] 遇到非有限 loss (NaN/Inf)，跳过该 batch
[2025-12-08 10:08:39,236] [WARNING] 遇到非有限 loss (NaN/Inf)，跳过该 batch
[2025-12-08 10:08:39,243] [WARNING] 遇到非有限 loss (NaN/Inf)，跳过该 batch
[2025-12-08 10:08:39,252] [WARNING] 遇到非有限 loss (NaN/Inf)，跳过该 batch
[2025-12-08 10:08:39,261] [WARNING] 遇到非有限 loss (NaN/Inf)，跳过该 batch
[2025-12-08 10:08:39,269] [WARNING] 遇到非有限 loss (NaN/Inf)，跳过该 batch
[2025-12-08 10:08:39,278] [WARNING] 遇到非有限 loss (NaN/Inf)，跳过该 batch
[2025-12-08 10:08:39,286] [WARNING] 遇到非有限 loss (NaN/Inf)，跳过该 batch
[2025-12-08 10:08:39,294] [WARNING] 遇到非有限 loss (NaN/Inf)，跳过该 batch
[2025-12-08 10:08:39,308] [WARNING] 遇到非有限 loss (NaN/Inf)，跳过该 batch
[2025-12-08 10:08:39,318] [WARNING] 遇到非有限 loss (NaN/Inf)，跳过该 batch
[2025-12-08 10:08:39,326] [WARNING] 遇到非有限 loss (NaN/Inf)，跳过该 batch
[2025-12-08 10:08:39,336] [WARNING] 遇到非有限 loss (NaN/Inf)，跳过该 batch
[2025-12-08 10:08:39,347] [WARNING] 遇到非有限 loss (NaN/Inf)，跳过该 batch
[2025-12-08 10:08:39,357] [WARNING] 遇到非有限 loss (NaN/Inf)，跳过该 batch
[2025-12-08 10:08:39,366] [WARNING] 遇到非有限 loss (NaN/Inf)，跳过该 batch
[2025-12-08 10:08:39,375] [WARNING] 遇到非有限 loss (NaN/Inf)，跳过该 batch
[2025-12-08 10:08:39,386] [WARNING] 遇到非有限 loss (NaN/Inf)，跳过该 batch
[2025-12-08 10:08:39,396] [WARNING] 遇到非有限 loss (NaN/Inf)，跳过该 batch
[2025-12-08 10:08:39,407] [WARNING] 遇到非有限 loss (NaN/Inf)，跳过该 batch
[2025-12-08 10:08:39,419] [WARNING] 遇到非有限 loss (NaN/Inf)，跳过该 batch
[2025-12-08 10:08:39,428] [WARNING] 遇到非有限 loss (NaN/Inf)，跳过该 batch
[2025-12-08 10:08:39,444] [WARNING] 遇到非有限 loss (NaN/Inf)，跳过该 batch
[2025-12-08 10:08:39,454] [WARNING] 遇到非有限 loss (NaN/Inf)，跳过该 batch
[2025-12-08 10:08:39,463] [WARNING] 遇到非有限 loss (NaN/Inf)，跳过该 batch
[2025-12-08 10:08:39,471] [WARNING] 遇到非有限 loss (NaN/Inf)，跳过该 batch
[2025-12-08 10:08:39,479] [WARNING] 遇到非有限 loss (NaN/Inf)，跳过该 batch
[2025-12-08 10:08:39,497] [WARNING] 遇到非有限 loss (NaN/Inf)，跳过该 batch
[2025-12-08 10:08:39,513] [WARNING] 遇到非有限 loss (NaN/Inf)，跳过该 batch
[2025-12-08 10:08:39,522] [WARNING] 遇到非有限 loss (NaN/Inf)，跳过该 batch
[2025-12-08 10:08:39,532] [WARNING] 遇到非有限 loss (NaN/Inf)，跳过该 batch
[2025-12-08 10:08:39,541] [WARNING] 遇到非有限 loss (NaN/Inf)，跳过该 batch
[2025-12-08 10:08:39,550] [WARNING] 遇到非有限 loss (NaN/Inf)，跳过该 batch
[2025-12-08 10:08:39,558] [WARNING] 遇到非有限 loss (NaN/Inf)，跳过该 batch
[2025-12-08 10:08:39,569] [WARNING] 遇到非有限 loss (NaN/Inf)，跳过该 batch
[2025-12-08 10:08:39,578] [WARNING] 遇到非有限 loss (NaN/Inf)，跳过该 batch
[2025-12-08 10:08:39,607] [WARNING] 遇到非有限 loss (NaN/Inf)，跳过该 batch
[2025-12-08 10:08:39,617] [WARNING] 遇到非有限 loss (NaN/Inf)，跳过该 batch
[2025-12-08 10:08:39,625] [WARNING] 遇到非有限 loss (NaN/Inf)，跳过该 batch
[2025-12-08 10:08:39,634] [WARNING] 遇到非有限 loss (NaN/Inf)，跳过该 batch
[2025-12-08 10:08:39,642] [WARNING] 遇到非有限 loss (NaN/Inf)，跳过该 batch
[2025-12-08 10:08:39,650] [WARNING] 遇到非有限 loss (NaN/Inf)，跳过该 batch
[2025-12-08 10:08:39,658] [WARNING] 遇到非有限 loss (NaN/Inf)，跳过该 batch
[2025-12-08 10:08:39,667] [WARNING] 遇到非有限 loss (NaN/Inf)，跳过该 batch
[2025-12-08 10:08:39,675] [WARNING] 遇到非有限 loss (NaN/Inf)，跳过该 batch
[2025-12-08 10:08:39,688] [WARNING] 遇到非有限 loss (NaN/Inf)，跳过该 batch
[2025-12-08 10:08:39,699] [WARNING] 遇到非有限 loss (NaN/Inf)，跳过该 batch
[2025-12-08 10:08:39,707] [WARNING] 遇到非有限 loss (NaN/Inf)，跳过该 batch
[2025-12-08 10:08:39,715] [WARNING] 遇到非有限 loss (NaN/Inf)，跳过该 batch
[2025-12-08 10:08:39,723] [WARNING] 遇到非有限 loss (NaN/Inf)，跳过该 batch
[2025-12-08 10:08:39,731] [WARNING] 遇到非有限 loss (NaN/Inf)，跳过该 batch
[2025-12-08 10:08:39,739] [WARNING] 遇到非有限 loss (NaN/Inf)，跳过该 batch
[2025-12-08 10:08:39,748] [WARNING] 遇到非有限 loss (NaN/Inf)，跳过该 batch
[2025-12-08 10:08:39,756] [WARNING] 遇到非有限 loss (NaN/Inf)，跳过该 batch
[2025-12-08 10:08:39,765] [WARNING] 遇到非有限 loss (NaN/Inf)，跳过该 batch
[2025-12-08 10:08:39,775] [WARNING] 遇到非有限 loss (NaN/Inf)，跳过该 batch
[2025-12-08 10:08:39,785] [WARNING] 遇到非有限 loss (NaN/Inf)，跳过该 batch
[2025-12-08 10:08:39,795] [WARNING] 遇到非有限 loss (NaN/Inf)，跳过该 batch
[2025-12-08 10:08:39,803] [WARNING] 遇到非有限 loss (NaN/Inf)，跳过该 batch
[2025-12-08 10:08:39,813] [WARNING] 遇到非有限 loss (NaN/Inf)，跳过该 batch
[2025-12-08 10:08:39,822] [WARNING] 遇到非有限 loss (NaN/Inf)，跳过该 batch
[2025-12-08 10:08:39,831] [WARNING] 遇到非有限 loss (NaN/Inf)，跳过该 batch
[2025-12-08 10:08:39,840] [WARNING] 遇到非有限 loss (NaN/Inf)，跳过该 batch
[2025-12-08 10:08:39,850] [WARNING] 遇到非有限 loss (NaN/Inf)，跳过该 batch
[2025-12-08 10:08:39,858] [WARNING] 遇到非有限 loss (NaN/Inf)，跳过该 batch
[2025-12-08 10:08:39,866] [WARNING] 遇到非有限 loss (NaN/Inf)，跳过该 batch
[2025-12-08 10:08:39,874] [WARNING] 遇到非有限 loss (NaN/Inf)，跳过该 batch
[2025-12-08 10:08:39,882] [WARNING] 遇到非有限 loss (NaN/Inf)，跳过该 batch
[2025-12-08 10:08:39,890] [WARNING] 遇到非有限 loss (NaN/Inf)，跳过该 batch
[2025-12-08 10:08:39,899] [WARNING] 遇到非有限 loss (NaN/Inf)，跳过该 batch
[2025-12-08 10:08:39,907] [WARNING] 遇到非有限 loss (NaN/Inf)，跳过该 batch
[2025-12-08 10:08:39,915] [WARNING] 遇到非有限 loss (NaN/Inf)，跳过该 batch
[2025-12-08 10:08:39,923] [WARNING] 遇到非有限 loss (NaN/Inf)，跳过该 batch
[2025-12-08 10:08:39,931] [WARNING] 遇到非有限 loss (NaN/Inf)，跳过该 batch
[2025-12-08 10:08:39,939] [WARNING] 遇到非有限 loss (NaN/Inf)，跳过该 batch
[2025-12-08 10:08:39,948] [WARNING] 遇到非有限 loss (NaN/Inf)，跳过该 batch
[2025-12-08 10:08:39,968] [WARNING] 遇到非有限 loss (NaN/Inf)，跳过该 batch
[2025-12-08 10:08:39,982] [WARNING] 遇到非有限 loss (NaN/Inf)，跳过该 batch
[2025-12-08 10:08:39,992] [WARNING] 遇到非有限 loss (NaN/Inf)，跳过该 batch
[2025-12-08 10:08:40,000] [WARNING] 遇到非有限 loss (NaN/Inf)，跳过该 batch
[2025-12-08 10:08:40,009] [WARNING] 遇到非有限 loss (NaN/Inf)，跳过该 batch
[2025-12-08 10:08:40,017] [WARNING] 遇到非有限 loss (NaN/Inf)，跳过该 batch
[2025-12-08 10:08:40,025] [WARNING] 遇到非有限 loss (NaN/Inf)，跳过该 batch
[2025-12-08 10:08:40,045] [WARNING] 遇到非有限 loss (NaN/Inf)，跳过该 batch
[2025-12-08 10:08:40,066] [WARNING] 遇到非有限 loss (NaN/Inf)，跳过该 batch
[2025-12-08 10:08:40,076] [WARNING] 遇到非有限 loss (NaN/Inf)，跳过该 batch
[2025-12-08 10:08:40,087] [WARNING] 遇到非有限 loss (NaN/Inf)，跳过该 batch
[2025-12-08 10:08:40,096] [WARNING] 遇到非有限 loss (NaN/Inf)，跳过该 batch
[2025-12-08 10:08:40,105] [WARNING] 遇到非有限 loss (NaN/Inf)，跳过该 batch
[2025-12-08 10:08:40,114] [WARNING] 遇到非有限 loss (NaN/Inf)，跳过该 batch
[2025-12-08 10:08:40,138] [WARNING] 遇到非有限 loss (NaN/Inf)，跳过该 batch
[2025-12-08 10:08:40,149] [WARNING] 遇到非有限 loss (NaN/Inf)，跳过该 batch
[2025-12-08 10:08:40,157] [WARNING] 遇到非有限 loss (NaN/Inf)，跳过该 batch
[2025-12-08 10:08:40,165] [WARNING] 遇到非有限 loss (NaN/Inf)，跳过该 batch
[2025-12-08 10:08:40,173] [WARNING] 遇到非有限 loss (NaN/Inf)，跳过该 batch
[2025-12-08 10:08:40,181] [WARNING] 遇到非有限 loss (NaN/Inf)，跳过该 batch
[2025-12-08 10:08:40,194] [WARNING] 遇到非有限 loss (NaN/Inf)，跳过该 batch
[2025-12-08 10:08:40,203] [WARNING] 遇到非有限 loss (NaN/Inf)，跳过该 batch
[2025-12-08 10:08:40,212] [WARNING] 遇到非有限 loss (NaN/Inf)，跳过该 batch
[2025-12-08 10:08:40,221] [WARNING] 遇到非有限 loss (NaN/Inf)，跳过该 batch
[2025-12-08 10:08:40,230] [WARNING] 遇到非有限 loss (NaN/Inf)，跳过该 batch
[2025-12-08 10:08:40,237] [WARNING] 遇到非有限 loss (NaN/Inf)，跳过该 batch
[2025-12-08 10:08:40,246] [WARNING] 遇到非有限 loss (NaN/Inf)，跳过该 batch
[2025-12-08 10:08:40,253] [WARNING] 遇到非有限 loss (NaN/Inf)，跳过该 batch
[2025-12-08 10:08:40,261] [WARNING] 遇到非有限 loss (NaN/Inf)，跳过该 batch
[2025-12-08 10:08:40,271] [WARNING] 遇到非有限 loss (NaN/Inf)，跳过该 batch
[2025-12-08 10:08:40,280] [WARNING] 遇到非有限 loss (NaN/Inf)，跳过该 batch
[2025-12-08 10:08:40,288] [WARNING] 遇到非有限 loss (NaN/Inf)，跳过该 batch
[2025-12-08 10:08:40,298] [WARNING] 遇到非有限 loss (NaN/Inf)，跳过该 batch
[2025-12-08 10:08:40,306] [WARNING] 遇到非有限 loss (NaN/Inf)，跳过该 batch
[2025-12-08 10:08:40,314] [WARNING] 遇到非有限 loss (NaN/Inf)，跳过该 batch
[2025-12-08 10:08:40,322] [WARNING] 遇到非有限 loss (NaN/Inf)，跳过该 batch
[2025-12-08 10:08:40,330] [WARNING] 遇到非有限 loss (NaN/Inf)，跳过该 batch
[2025-12-08 10:08:40,338] [WARNING] 遇到非有限 loss (NaN/Inf)，跳过该 batch
[2025-12-08 10:08:40,347] [WARNING] 遇到非有限 loss (NaN/Inf)，跳过该 batch
[2025-12-08 10:08:40,355] [WARNING] 遇到非有限 loss (NaN/Inf)，跳过该 batch
[2025-12-08 10:08:40,378] [WARNING] 遇到非有限 loss (NaN/Inf)，跳过该 batch
[2025-12-08 10:08:40,387] [WARNING] 遇到非有限 loss (NaN/Inf)，跳过该 batch
[2025-12-08 10:08:40,395] [WARNING] 遇到非有限 loss (NaN/Inf)，跳过该 batch
[2025-12-08 10:08:40,404] [WARNING] 遇到非有限 loss (NaN/Inf)，跳过该 batch
[2025-12-08 10:08:40,412] [WARNING] 遇到非有限 loss (NaN/Inf)，跳过该 batch
[2025-12-08 10:08:40,421] [WARNING] 遇到非有限 loss (NaN/Inf)，跳过该 batch
[2025-12-08 10:08:40,432] [WARNING] 遇到非有限 loss (NaN/Inf)，跳过该 batch
[2025-12-08 10:08:40,441] [WARNING] 遇到非有限 loss (NaN/Inf)，跳过该 batch
[2025-12-08 10:08:40,450] [WARNING] 遇到非有限 loss (NaN/Inf)，跳过该 batch
[2025-12-08 10:08:40,458] [WARNING] 遇到非有限 loss (NaN/Inf)，跳过该 batch
[2025-12-08 10:08:40,466] [WARNING] 遇到非有限 loss (NaN/Inf)，跳过该 batch
[2025-12-08 10:08:40,475] [WARNING] 遇到非有限 loss (NaN/Inf)，跳过该 batch
[2025-12-08 10:08:40,483] [WARNING] 遇到非有限 loss (NaN/Inf)，跳过该 batch
[2025-12-08 10:08:40,492] [WARNING] 遇到非有限 loss (NaN/Inf)，跳过该 batch
[2025-12-08 10:08:40,502] [WARNING] 遇到非有限 loss (NaN/Inf)，跳过该 batch
[2025-12-08 10:08:40,514] [WARNING] 遇到非有限 loss (NaN/Inf)，跳过该 batch
[2025-12-08 10:08:40,523] [WARNING] 遇到非有限 loss (NaN/Inf)，跳过该 batch
[2025-12-08 10:08:40,534] [WARNING] 遇到非有限 loss (NaN/Inf)，跳过该 batch
[2025-12-08 10:08:40,544] [WARNING] 遇到非有限 loss (NaN/Inf)，跳过该 batch
[2025-12-08 10:08:40,564] [WARNING] 遇到非有限 loss (NaN/Inf)，跳过该 batch
[2025-12-08 10:08:40,574] [WARNING] 遇到非有限 loss (NaN/Inf)，跳过该 batch
[2025-12-08 10:08:40,584] [WARNING] 遇到非有限 loss (NaN/Inf)，跳过该 batch
[2025-12-08 10:08:40,593] [WARNING] 遇到非有限 loss (NaN/Inf)，跳过该 batch
[2025-12-08 10:08:40,602] [WARNING] 遇到非有限 loss (NaN/Inf)，跳过该 batch
[2025-12-08 10:08:40,611] [WARNING] 遇到非有限 loss (NaN/Inf)，跳过该 batch
[2025-12-08 10:08:40,619] [WARNING] 遇到非有限 loss (NaN/Inf)，跳过该 batch
[2025-12-08 10:08:40,629] [WARNING] 遇到非有限 loss (NaN/Inf)，跳过该 batch
[2025-12-08 10:08:40,638] [WARNING] 遇到非有限 loss (NaN/Inf)，跳过该 batch
[2025-12-08 10:08:40,648] [WARNING] 遇到非有限 loss (NaN/Inf)，跳过该 batch
[2025-12-08 10:08:40,657] [WARNING] 遇到非有限 loss (NaN/Inf)，跳过该 batch
[2025-12-08 10:08:40,667] [WARNING] 遇到非有限 loss (NaN/Inf)，跳过该 batch
[2025-12-08 10:08:40,676] [WARNING] 遇到非有限 loss (NaN/Inf)，跳过该 batch
[2025-12-08 10:08:40,686] [WARNING] 遇到非有限 loss (NaN/Inf)，跳过该 batch
[2025-12-08 10:08:40,695] [WARNING] 遇到非有限 loss (NaN/Inf)，跳过该 batch
[2025-12-08 10:08:40,704] [WARNING] 遇到非有限 loss (NaN/Inf)，跳过该 batch
[2025-12-08 10:08:40,713] [WARNING] 遇到非有限 loss (NaN/Inf)，跳过该 batch
[2025-12-08 10:08:40,723] [WARNING] 遇到非有限 loss (NaN/Inf)，跳过该 batch
[2025-12-08 10:08:40,733] [WARNING] 遇到非有限 loss (NaN/Inf)，跳过该 batch
[2025-12-08 10:08:40,742] [WARNING] 遇到非有限 loss (NaN/Inf)，跳过该 batch
[2025-12-08 10:08:40,751] [WARNING] 遇到非有限 loss (NaN/Inf)，跳过该 batch
[2025-12-08 10:08:40,760] [WARNING] 遇到非有限 loss (NaN/Inf)，跳过该 batch
[2025-12-08 10:08:40,769] [WARNING] 遇到非有限 loss (NaN/Inf)，跳过该 batch
[2025-12-08 10:08:40,778] [WARNING] 遇到非有限 loss (NaN/Inf)，跳过该 batch
[2025-12-08 10:08:40,787] [WARNING] 遇到非有限 loss (NaN/Inf)，跳过该 batch
[2025-12-08 10:08:40,795] [WARNING] 遇到非有限 loss (NaN/Inf)，跳过该 batch
[2025-12-08 10:08:40,803] [WARNING] 遇到非有限 loss (NaN/Inf)，跳过该 batch
[2025-12-08 10:08:40,813] [WARNING] 遇到非有限 loss (NaN/Inf)，跳过该 batch
[2025-12-08 10:08:40,823] [WARNING] 遇到非有限 loss (NaN/Inf)，跳过该 batch
[2025-12-08 10:08:40,831] [WARNING] 遇到非有限 loss (NaN/Inf)，跳过该 batch
[2025-12-08 10:08:40,839] [WARNING] 遇到非有限 loss (NaN/Inf)，跳过该 batch
[2025-12-08 10:08:40,848] [WARNING] 遇到非有限 loss (NaN/Inf)，跳过该 batch
[2025-12-08 10:08:40,857] [WARNING] 遇到非有限 loss (NaN/Inf)，跳过该 batch
[2025-12-08 10:08:40,866] [WARNING] 遇到非有限 loss (NaN/Inf)，跳过该 batch
[2025-12-08 10:08:40,876] [WARNING] 遇到非有限 loss (NaN/Inf)，跳过该 batch
[2025-12-08 10:08:40,885] [WARNING] 遇到非有限 loss (NaN/Inf)，跳过该 batch
[2025-12-08 10:08:40,894] [WARNING] 遇到非有限 loss (NaN/Inf)，跳过该 batch
[2025-12-08 10:08:40,903] [WARNING] 遇到非有限 loss (NaN/Inf)，跳过该 batch
[2025-12-08 10:08:40,911] [WARNING] 遇到非有限 loss (NaN/Inf)，跳过该 batch
[2025-12-08 10:08:40,920] [WARNING] 遇到非有限 loss (NaN/Inf)，跳过该 batch
[2025-12-08 10:08:40,929] [WARNING] 遇到非有限 loss (NaN/Inf)，跳过该 batch
[2025-12-08 10:08:40,938] [WARNING] 遇到非有限 loss (NaN/Inf)，跳过该 batch
[2025-12-08 10:08:40,947] [WARNING] 遇到非有限 loss (NaN/Inf)，跳过该 batch
[2025-12-08 10:08:40,955] [WARNING] 遇到非有限 loss (NaN/Inf)，跳过该 batch
[2025-12-08 10:08:40,965] [WARNING] 遇到非有限 loss (NaN/Inf)，跳过该 batch
[2025-12-08 10:08:40,974] [WARNING] 遇到非有限 loss (NaN/Inf)，跳过该 batch
[2025-12-08 10:08:40,983] [WARNING] 遇到非有限 loss (NaN/Inf)，跳过该 batch
[2025-12-08 10:08:40,992] [WARNING] 遇到非有限 loss (NaN/Inf)，跳过该 batch
[2025-12-08 10:08:41,001] [WARNING] 遇到非有限 loss (NaN/Inf)，跳过该 batch
[2025-12-08 10:08:41,010] [WARNING] 遇到非有限 loss (NaN/Inf)，跳过该 batch
[2025-12-08 10:08:41,019] [WARNING] 遇到非有限 loss (NaN/Inf)，跳过该 batch
[2025-12-08 10:08:41,028] [WARNING] 遇到非有限 loss (NaN/Inf)，跳过该 batch
[2025-12-08 10:08:41,037] [WARNING] 遇到非有限 loss (NaN/Inf)，跳过该 batch
[2025-12-08 10:08:41,045] [WARNING] 遇到非有限 loss (NaN/Inf)，跳过该 batch
[2025-12-08 10:08:41,052] [WARNING] 遇到非有限 loss (NaN/Inf)，跳过该 batch
[2025-12-08 10:08:41,061] [WARNING] 遇到非有限 loss (NaN/Inf)，跳过该 batch
[2025-12-08 10:08:41,071] [WARNING] 遇到非有限 loss (NaN/Inf)，跳过该 batch
[2025-12-08 10:08:41,080] [WARNING] 遇到非有限 loss (NaN/Inf)，跳过该 batch
[2025-12-08 10:08:41,089] [WARNING] 遇到非有限 loss (NaN/Inf)，跳过该 batch
[2025-12-08 10:08:41,098] [WARNING] 遇到非有限 loss (NaN/Inf)，跳过该 batch
[2025-12-08 10:08:41,108] [WARNING] 遇到非有限 loss (NaN/Inf)，跳过该 batch
[2025-12-08 10:08:41,116] [WARNING] 遇到非有限 loss (NaN/Inf)，跳过该 batch
[2025-12-08 10:08:41,125] [WARNING] 遇到非有限 loss (NaN/Inf)，跳过该 batch
[2025-12-08 10:08:41,133] [WARNING] 遇到非有限 loss (NaN/Inf)，跳过该 batch
[2025-12-08 10:08:41,142] [WARNING] 遇到非有限 loss (NaN/Inf)，跳过该 batch
[2025-12-08 10:08:41,151] [WARNING] 遇到非有限 loss (NaN/Inf)，跳过该 batch
[2025-12-08 10:08:41,160] [WARNING] 遇到非有限 loss (NaN/Inf)，跳过该 batch
[2025-12-08 10:08:41,170] [WARNING] 遇到非有限 loss (NaN/Inf)，跳过该 batch
[2025-12-08 10:08:41,180] [WARNING] 遇到非有限 loss (NaN/Inf)，跳过该 batch
[2025-12-08 10:08:41,189] [WARNING] 遇到非有限 loss (NaN/Inf)，跳过该 batch
[2025-12-08 10:08:41,202] [WARNING] 遇到非有限 loss (NaN/Inf)，跳过该 batch
[2025-12-08 10:08:41,210] [WARNING] 遇到非有限 loss (NaN/Inf)，跳过该 batch
[2025-12-08 10:08:41,218] [WARNING] 遇到非有限 loss (NaN/Inf)，跳过该 batch
[2025-12-08 10:08:41,226] [WARNING] 遇到非有限 loss (NaN/Inf)，跳过该 batch
[2025-12-08 10:08:41,237] [WARNING] 遇到非有限 loss (NaN/Inf)，跳过该 batch
[2025-12-08 10:08:41,247] [WARNING] 遇到非有限 loss (NaN/Inf)，跳过该 batch
[2025-12-08 10:08:41,256] [WARNING] 遇到非有限 loss (NaN/Inf)，跳过该 batch
[2025-12-08 10:08:41,266] [WARNING] 遇到非有限 loss (NaN/Inf)，跳过该 batch
[2025-12-08 10:08:41,275] [WARNING] 遇到非有限 loss (NaN/Inf)，跳过该 batch
[2025-12-08 10:08:41,283] [WARNING] 遇到非有限 loss (NaN/Inf)，跳过该 batch
[2025-12-08 10:08:41,291] [WARNING] 遇到非有限 loss (NaN/Inf)，跳过该 batch
[2025-12-08 10:08:41,299] [WARNING] 遇到非有限 loss (NaN/Inf)，跳过该 batch
[2025-12-08 10:08:41,308] [WARNING] 遇到非有限 loss (NaN/Inf)，跳过该 batch
[2025-12-08 10:08:41,316] [WARNING] 遇到非有限 loss (NaN/Inf)，跳过该 batch
[2025-12-08 10:08:41,324] [WARNING] 遇到非有限 loss (NaN/Inf)，跳过该 batch
[2025-12-08 10:08:41,332] [WARNING] 遇到非有限 loss (NaN/Inf)，跳过该 batch
[2025-12-08 10:08:41,340] [WARNING] 遇到非有限 loss (NaN/Inf)，跳过该 batch
[2025-12-08 10:08:41,349] [WARNING] 遇到非有限 loss (NaN/Inf)，跳过该 batch
[2025-12-08 10:08:41,356] [WARNING] 遇到非有限 loss (NaN/Inf)，跳过该 batch
[2025-12-08 10:08:41,364] [WARNING] 遇到非有限 loss (NaN/Inf)，跳过该 batch
[2025-12-08 10:08:41,373] [WARNING] 遇到非有限 loss (NaN/Inf)，跳过该 batch
[2025-12-08 10:08:41,381] [WARNING] 遇到非有限 loss (NaN/Inf)，跳过该 batch
[2025-12-08 10:08:41,389] [WARNING] 遇到非有限 loss (NaN/Inf)，跳过该 batch
[2025-12-08 10:08:41,397] [WARNING] 遇到非有限 loss (NaN/Inf)，跳过该 batch
[2025-12-08 10:08:41,405] [WARNING] 遇到非有限 loss (NaN/Inf)，跳过该 batch
[2025-12-08 10:08:41,413] [WARNING] 遇到非有限 loss (NaN/Inf)，跳过该 batch
[2025-12-08 10:08:41,422] [WARNING] 遇到非有限 loss (NaN/Inf)，跳过该 batch
[2025-12-08 10:08:41,430] [WARNING] 遇到非有限 loss (NaN/Inf)，跳过该 batch
[2025-12-08 10:08:41,438] [WARNING] 遇到非有限 loss (NaN/Inf)，跳过该 batch
[2025-12-08 10:08:41,446] [WARNING] 遇到非有限 loss (NaN/Inf)，跳过该 batch
[2025-12-08 10:08:41,454] [WARNING] 遇到非有限 loss (NaN/Inf)，跳过该 batch
[2025-12-08 10:08:41,462] [WARNING] 遇到非有限 loss (NaN/Inf)，跳过该 batch
[2025-12-08 10:08:41,470] [WARNING] 遇到非有限 loss (NaN/Inf)，跳过该 batch
[2025-12-08 10:08:41,480] [WARNING] 遇到非有限 loss (NaN/Inf)，跳过该 batch
[2025-12-08 10:08:41,490] [WARNING] 遇到非有限 loss (NaN/Inf)，跳过该 batch
[2025-12-08 10:08:41,500] [WARNING] 遇到非有限 loss (NaN/Inf)，跳过该 batch
[2025-12-08 10:08:41,508] [WARNING] 遇到非有限 loss (NaN/Inf)，跳过该 batch
[2025-12-08 10:08:41,516] [WARNING] 遇到非有限 loss (NaN/Inf)，跳过该 batch
[2025-12-08 10:08:41,525] [WARNING] 遇到非有限 loss (NaN/Inf)，跳过该 batch
[2025-12-08 10:08:41,535] [WARNING] 遇到非有限 loss (NaN/Inf)，跳过该 batch
[2025-12-08 10:08:41,543] [WARNING] 遇到非有限 loss (NaN/Inf)，跳过该 batch
[2025-12-08 10:08:41,551] [WARNING] 遇到非有限 loss (NaN/Inf)，跳过该 batch
[2025-12-08 10:08:41,558] [WARNING] 遇到非有限 loss (NaN/Inf)，跳过该 batch
[2025-12-08 10:08:41,566] [WARNING] 遇到非有限 loss (NaN/Inf)，跳过该 batch
[2025-12-08 10:08:41,574] [WARNING] 遇到非有限 loss (NaN/Inf)，跳过该 batch
[2025-12-08 10:08:41,583] [WARNING] 遇到非有限 loss (NaN/Inf)，跳过该 batch
[2025-12-08 10:08:41,594] [WARNING] 遇到非有限 loss (NaN/Inf)，跳过该 batch
[2025-12-08 10:08:41,604] [WARNING] 遇到非有限 loss (NaN/Inf)，跳过该 batch
[2025-12-08 10:08:41,613] [WARNING] 遇到非有限 loss (NaN/Inf)，跳过该 batch
[2025-12-08 10:08:41,621] [WARNING] 遇到非有限 loss (NaN/Inf)，跳过该 batch
[2025-12-08 10:08:41,629] [WARNING] 遇到非有限 loss (NaN/Inf)，跳过该 batch
[2025-12-08 10:08:41,638] [WARNING] 遇到非有限 loss (NaN/Inf)，跳过该 batch
[2025-12-08 10:08:41,646] [WARNING] 遇到非有限 loss (NaN/Inf)，跳过该 batch
[2025-12-08 10:08:41,654] [WARNING] 遇到非有限 loss (NaN/Inf)，跳过该 batch
[2025-12-08 10:08:41,662] [WARNING] 遇到非有限 loss (NaN/Inf)，跳过该 batch
[2025-12-08 10:08:41,670] [WARNING] 遇到非有限 loss (NaN/Inf)，跳过该 batch
[2025-12-08 10:08:41,678] [WARNING] 遇到非有限 loss (NaN/Inf)，跳过该 batch
[2025-12-08 10:08:41,689] [WARNING] 遇到非有限 loss (NaN/Inf)，跳过该 batch
[2025-12-08 10:08:41,698] [WARNING] 遇到非有限 loss (NaN/Inf)，跳过该 batch
[2025-12-08 10:08:41,709] [WARNING] 遇到非有限 loss (NaN/Inf)，跳过该 batch
[2025-12-08 10:08:41,717] [WARNING] 遇到非有限 loss (NaN/Inf)，跳过该 batch
[2025-12-08 10:08:41,725] [WARNING] 遇到非有限 loss (NaN/Inf)，跳过该 batch
[2025-12-08 10:08:41,734] [WARNING] 遇到非有限 loss (NaN/Inf)，跳过该 batch
[2025-12-08 10:08:41,741] [WARNING] 遇到非有限 loss (NaN/Inf)，跳过该 batch
[2025-12-08 10:08:41,749] [WARNING] 遇到非有限 loss (NaN/Inf)，跳过该 batch
[2025-12-08 10:08:41,758] [WARNING] 遇到非有限 loss (NaN/Inf)，跳过该 batch
[2025-12-08 10:08:41,766] [WARNING] 遇到非有限 loss (NaN/Inf)，跳过该 batch
[2025-12-08 10:08:41,776] [WARNING] 遇到非有限 loss (NaN/Inf)，跳过该 batch
[2025-12-08 10:08:41,786] [WARNING] 遇到非有限 loss (NaN/Inf)，跳过该 batch
[2025-12-08 10:08:41,796] [WARNING] 遇到非有限 loss (NaN/Inf)，跳过该 batch
[2025-12-08 10:08:41,805] [WARNING] 遇到非有限 loss (NaN/Inf)，跳过该 batch
[2025-12-08 10:08:41,814] [WARNING] 遇到非有限 loss (NaN/Inf)，跳过该 batch
[2025-12-08 10:08:41,822] [WARNING] 遇到非有限 loss (NaN/Inf)，跳过该 batch
[2025-12-08 10:08:41,831] [WARNING] 遇到非有限 loss (NaN/Inf)，跳过该 batch
[2025-12-08 10:08:41,839] [WARNING] 遇到非有限 loss (NaN/Inf)，跳过该 batch
[2025-12-08 10:08:41,846] [WARNING] 遇到非有限 loss (NaN/Inf)，跳过该 batch
[2025-12-08 10:08:41,854] [WARNING] 遇到非有限 loss (NaN/Inf)，跳过该 batch
[2025-12-08 10:08:41,864] [WARNING] 遇到非有限 loss (NaN/Inf)，跳过该 batch
[2025-12-08 10:08:41,875] [WARNING] 遇到非有限 loss (NaN/Inf)，跳过该 batch
[2025-12-08 10:08:41,884] [WARNING] 遇到非有限 loss (NaN/Inf)，跳过该 batch
[2025-12-08 10:08:41,893] [WARNING] 遇到非有限 loss (NaN/Inf)，跳过该 batch
[2025-12-08 10:08:41,902] [WARNING] 遇到非有限 loss (NaN/Inf)，跳过该 batch
[2025-12-08 10:08:41,910] [WARNING] 遇到非有限 loss (NaN/Inf)，跳过该 batch
[2025-12-08 10:08:41,918] [WARNING] 遇到非有限 loss (NaN/Inf)，跳过该 batch
[2025-12-08 10:08:41,927] [WARNING] 遇到非有限 loss (NaN/Inf)，跳过该 batch
[2025-12-08 10:08:41,936] [WARNING] 遇到非有限 loss (NaN/Inf)，跳过该 batch
[2025-12-08 10:08:41,944] [WARNING] 遇到非有限 loss (NaN/Inf)，跳过该 batch
[2025-12-08 10:08:41,955] [WARNING] 遇到非有限 loss (NaN/Inf)，跳过该 batch
[2025-12-08 10:08:41,965] [WARNING] 遇到非有限 loss (NaN/Inf)，跳过该 batch
[2025-12-08 10:08:41,974] [WARNING] 遇到非有限 loss (NaN/Inf)，跳过该 batch
[2025-12-08 10:08:41,982] [WARNING] 遇到非有限 loss (NaN/Inf)，跳过该 batch
[2025-12-08 10:08:41,991] [WARNING] 遇到非有限 loss (NaN/Inf)，跳过该 batch
[2025-12-08 10:08:41,999] [WARNING] 遇到非有限 loss (NaN/Inf)，跳过该 batch
[2025-12-08 10:08:42,008] [WARNING] 遇到非有限 loss (NaN/Inf)，跳过该 batch
[2025-12-08 10:08:42,016] [WARNING] 遇到非有限 loss (NaN/Inf)，跳过该 batch
[2025-12-08 10:08:42,025] [WARNING] 遇到非有限 loss (NaN/Inf)，跳过该 batch
[2025-12-08 10:08:42,038] [WARNING] 遇到非有限 loss (NaN/Inf)，跳过该 batch
[2025-12-08 10:08:42,047] [WARNING] 遇到非有限 loss (NaN/Inf)，跳过该 batch
[2025-12-08 10:08:42,056] [WARNING] 遇到非有限 loss (NaN/Inf)，跳过该 batch
[2025-12-08 10:08:42,065] [WARNING] 遇到非有限 loss (NaN/Inf)，跳过该 batch
[2025-12-08 10:08:42,073] [WARNING] 遇到非有限 loss (NaN/Inf)，跳过该 batch
[2025-12-08 10:08:42,081] [WARNING] 遇到非有限 loss (NaN/Inf)，跳过该 batch
[2025-12-08 10:08:42,089] [WARNING] 遇到非有限 loss (NaN/Inf)，跳过该 batch
[2025-12-08 10:08:42,097] [WARNING] 遇到非有限 loss (NaN/Inf)，跳过该 batch
[2025-12-08 10:08:42,105] [WARNING] 遇到非有限 loss (NaN/Inf)，跳过该 batch
[2025-12-08 10:08:42,113] [WARNING] 遇到非有限 loss (NaN/Inf)，跳过该 batch
[2025-12-08 10:08:42,123] [WARNING] 遇到非有限 loss (NaN/Inf)，跳过该 batch
[2025-12-08 10:08:42,132] [WARNING] 遇到非有限 loss (NaN/Inf)，跳过该 batch
[2025-12-08 10:08:42,141] [WARNING] 遇到非有限 loss (NaN/Inf)，跳过该 batch
[2025-12-08 10:08:42,149] [WARNING] 遇到非有限 loss (NaN/Inf)，跳过该 batch
[2025-12-08 10:08:42,161] [WARNING] 遇到非有限 loss (NaN/Inf)，跳过该 batch
[2025-12-08 10:08:42,171] [WARNING] 遇到非有限 loss (NaN/Inf)，跳过该 batch
[2025-12-08 10:08:42,180] [WARNING] 遇到非有限 loss (NaN/Inf)，跳过该 batch
[2025-12-08 10:08:42,188] [WARNING] 遇到非有限 loss (NaN/Inf)，跳过该 batch
[2025-12-08 10:08:42,196] [WARNING] 遇到非有限 loss (NaN/Inf)，跳过该 batch
[2025-12-08 10:08:42,204] [WARNING] 遇到非有限 loss (NaN/Inf)，跳过该 batch
[2025-12-08 10:08:42,215] [WARNING] 遇到非有限 loss (NaN/Inf)，跳过该 batch
[2025-12-08 10:08:42,224] [WARNING] 遇到非有限 loss (NaN/Inf)，跳过该 batch
[2025-12-08 10:08:42,232] [WARNING] 遇到非有限 loss (NaN/Inf)，跳过该 batch
[2025-12-08 10:08:42,241] [WARNING] 遇到非有限 loss (NaN/Inf)，跳过该 batch
[2025-12-08 10:08:42,249] [WARNING] 遇到非有限 loss (NaN/Inf)，跳过该 batch
[2025-12-08 10:08:42,257] [WARNING] 遇到非有限 loss (NaN/Inf)，跳过该 batch
[2025-12-08 10:08:42,265] [WARNING] 遇到非有限 loss (NaN/Inf)，跳过该 batch
[2025-12-08 10:08:42,274] [WARNING] 遇到非有限 loss (NaN/Inf)，跳过该 batch
[2025-12-08 10:08:42,282] [WARNING] 遇到非有限 loss (NaN/Inf)，跳过该 batch
[2025-12-08 10:08:42,290] [WARNING] 遇到非有限 loss (NaN/Inf)，跳过该 batch
[2025-12-08 10:08:42,300] [WARNING] 遇到非有限 loss (NaN/Inf)，跳过该 batch
[2025-12-08 10:08:42,309] [WARNING] 遇到非有限 loss (NaN/Inf)，跳过该 batch
[2025-12-08 10:08:42,318] [WARNING] 遇到非有限 loss (NaN/Inf)，跳过该 batch
[2025-12-08 10:08:42,327] [WARNING] 遇到非有限 loss (NaN/Inf)，跳过该 batch
[2025-12-08 10:08:42,336] [WARNING] 遇到非有限 loss (NaN/Inf)，跳过该 batch
[2025-12-08 10:08:42,344] [WARNING] 遇到非有限 loss (NaN/Inf)，跳过该 batch
[2025-12-08 10:08:42,352] [WARNING] 遇到非有限 loss (NaN/Inf)，跳过该 batch
[2025-12-08 10:08:42,360] [WARNING] 遇到非有限 loss (NaN/Inf)，跳过该 batch
[2025-12-08 10:08:42,368] [WARNING] 遇到非有限 loss (NaN/Inf)，跳过该 batch
[2025-12-08 10:08:42,376] [WARNING] 遇到非有限 loss (NaN/Inf)，跳过该 batch
[2025-12-08 10:08:42,386] [WARNING] 遇到非有限 loss (NaN/Inf)，跳过该 batch
[2025-12-08 10:08:42,396] [WARNING] 遇到非有限 loss (NaN/Inf)，跳过该 batch
[2025-12-08 10:08:42,405] [WARNING] 遇到非有限 loss (NaN/Inf)，跳过该 batch
[2025-12-08 10:08:42,414] [WARNING] 遇到非有限 loss (NaN/Inf)，跳过该 batch
[2025-12-08 10:08:42,422] [WARNING] 遇到非有限 loss (NaN/Inf)，跳过该 batch
[2025-12-08 10:08:42,430] [WARNING] 遇到非有限 loss (NaN/Inf)，跳过该 batch
[2025-12-08 10:08:42,439] [WARNING] 遇到非有限 loss (NaN/Inf)，跳过该 batch
[2025-12-08 10:08:42,447] [WARNING] 遇到非有限 loss (NaN/Inf)，跳过该 batch
[2025-12-08 10:08:42,455] [WARNING] 遇到非有限 loss (NaN/Inf)，跳过该 batch
[2025-12-08 10:08:42,463] [WARNING] 遇到非有限 loss (NaN/Inf)，跳过该 batch
[2025-12-08 10:08:42,472] [WARNING] 遇到非有限 loss (NaN/Inf)，跳过该 batch
[2025-12-08 10:08:42,482] [WARNING] 遇到非有限 loss (NaN/Inf)，跳过该 batch
[2025-12-08 10:08:42,490] [WARNING] 遇到非有限 loss (NaN/Inf)，跳过该 batch
[2025-12-08 10:08:42,500] [WARNING] 遇到非有限 loss (NaN/Inf)，跳过该 batch
[2025-12-08 10:08:42,508] [WARNING] 遇到非有限 loss (NaN/Inf)，跳过该 batch
[2025-12-08 10:08:42,516] [WARNING] 遇到非有限 loss (NaN/Inf)，跳过该 batch
[2025-12-08 10:08:42,525] [WARNING] 遇到非有限 loss (NaN/Inf)，跳过该 batch
[2025-12-08 10:08:42,536] [WARNING] 遇到非有限 loss (NaN/Inf)，跳过该 batch
[2025-12-08 10:08:42,549] [WARNING] 遇到非有限 loss (NaN/Inf)，跳过该 batch
[2025-12-08 10:08:42,561] [WARNING] 遇到非有限 loss (NaN/Inf)，跳过该 batch
[2025-12-08 10:08:42,572] [WARNING] 遇到非有限 loss (NaN/Inf)，跳过该 batch
[2025-12-08 10:08:42,581] [WARNING] 遇到非有限 loss (NaN/Inf)，跳过该 batch
[2025-12-08 10:08:42,589] [WARNING] 遇到非有限 loss (NaN/Inf)，跳过该 batch
[2025-12-08 10:08:42,597] [WARNING] 遇到非有限 loss (NaN/Inf)，跳过该 batch
[2025-12-08 10:08:42,606] [WARNING] 遇到非有限 loss (NaN/Inf)，跳过该 batch
[2025-12-08 10:08:42,614] [WARNING] 遇到非有限 loss (NaN/Inf)，跳过该 batch
[2025-12-08 10:08:42,622] [WARNING] 遇到非有限 loss (NaN/Inf)，跳过该 batch
[2025-12-08 10:08:42,630] [WARNING] 遇到非有限 loss (NaN/Inf)，跳过该 batch
[2025-12-08 10:08:42,641] [WARNING] 遇到非有限 loss (NaN/Inf)，跳过该 batch
[2025-12-08 10:08:42,652] [WARNING] 遇到非有限 loss (NaN/Inf)，跳过该 batch
[2025-12-08 10:08:42,660] [WARNING] 遇到非有限 loss (NaN/Inf)，跳过该 batch
[2025-12-08 10:08:42,669] [WARNING] 遇到非有限 loss (NaN/Inf)，跳过该 batch
[2025-12-08 10:08:42,677] [WARNING] 遇到非有限 loss (NaN/Inf)，跳过该 batch
[2025-12-08 10:08:42,684] [WARNING] 遇到非有限 loss (NaN/Inf)，跳过该 batch
[2025-12-08 10:08:42,692] [WARNING] 遇到非有限 loss (NaN/Inf)，跳过该 batch
[2025-12-08 10:08:42,705] [WARNING] 遇到非有限 loss (NaN/Inf)，跳过该 batch
[2025-12-08 10:08:42,715] [WARNING] 遇到非有限 loss (NaN/Inf)，跳过该 batch
[2025-12-08 10:08:42,724] [WARNING] 遇到非有限 loss (NaN/Inf)，跳过该 batch
[2025-12-08 10:08:42,733] [WARNING] 遇到非有限 loss (NaN/Inf)，跳过该 batch
[2025-12-08 10:08:42,741] [WARNING] 遇到非有限 loss (NaN/Inf)，跳过该 batch
[2025-12-08 10:08:42,750] [WARNING] 遇到非有限 loss (NaN/Inf)，跳过该 batch
[2025-12-08 10:08:42,758] [WARNING] 遇到非有限 loss (NaN/Inf)，跳过该 batch
[2025-12-08 10:08:42,766] [WARNING] 遇到非有限 loss (NaN/Inf)，跳过该 batch
[2025-12-08 10:08:42,774] [WARNING] 遇到非有限 loss (NaN/Inf)，跳过该 batch
[2025-12-08 10:08:42,784] [WARNING] 遇到非有限 loss (NaN/Inf)，跳过该 batch
[2025-12-08 10:08:42,794] [WARNING] 遇到非有限 loss (NaN/Inf)，跳过该 batch
[2025-12-08 10:08:42,803] [WARNING] 遇到非有限 loss (NaN/Inf)，跳过该 batch
[2025-12-08 10:08:42,811] [WARNING] 遇到非有限 loss (NaN/Inf)，跳过该 batch
[2025-12-08 10:08:42,819] [WARNING] 遇到非有限 loss (NaN/Inf)，跳过该 batch
[2025-12-08 10:08:42,827] [WARNING] 遇到非有限 loss (NaN/Inf)，跳过该 batch
[2025-12-08 10:08:42,836] [WARNING] 遇到非有限 loss (NaN/Inf)，跳过该 batch
[2025-12-08 10:08:42,844] [WARNING] 遇到非有限 loss (NaN/Inf)，跳过该 batch
[2025-12-08 10:08:42,852] [WARNING] 遇到非有限 loss (NaN/Inf)，跳过该 batch
[2025-12-08 10:08:42,860] [WARNING] 遇到非有限 loss (NaN/Inf)，跳过该 batch
[2025-12-08 10:08:42,870] [WARNING] 遇到非有限 loss (NaN/Inf)，跳过该 batch
[2025-12-08 10:08:42,880] [WARNING] 遇到非有限 loss (NaN/Inf)，跳过该 batch
[2025-12-08 10:08:42,890] [WARNING] 遇到非有限 loss (NaN/Inf)，跳过该 batch
[2025-12-08 10:08:42,899] [WARNING] 遇到非有限 loss (NaN/Inf)，跳过该 batch
[2025-12-08 10:08:42,907] [WARNING] 遇到非有限 loss (NaN/Inf)，跳过该 batch
[2025-12-08 10:08:42,915] [WARNING] 遇到非有限 loss (NaN/Inf)，跳过该 batch
[2025-12-08 10:08:42,923] [WARNING] 遇到非有限 loss (NaN/Inf)，跳过该 batch
[2025-12-08 10:08:42,932] [WARNING] 遇到非有限 loss (NaN/Inf)，跳过该 batch
[2025-12-08 10:08:42,939] [WARNING] 遇到非有限 loss (NaN/Inf)，跳过该 batch
[2025-12-08 10:08:42,948] [WARNING] 遇到非有限 loss (NaN/Inf)，跳过该 batch
[2025-12-08 10:08:42,958] [WARNING] 遇到非有限 loss (NaN/Inf)，跳过该 batch
[2025-12-08 10:08:42,967] [WARNING] 遇到非有限 loss (NaN/Inf)，跳过该 batch
[2025-12-08 10:08:42,976] [WARNING] 遇到非有限 loss (NaN/Inf)，跳过该 batch
[2025-12-08 10:08:42,985] [WARNING] 遇到非有限 loss (NaN/Inf)，跳过该 batch
[2025-12-08 10:08:42,993] [WARNING] 遇到非有限 loss (NaN/Inf)，跳过该 batch
[2025-12-08 10:08:43,001] [WARNING] 遇到非有限 loss (NaN/Inf)，跳过该 batch
[2025-12-08 10:08:43,010] [WARNING] 遇到非有限 loss (NaN/Inf)，跳过该 batch
[2025-12-08 10:08:43,018] [WARNING] 遇到非有限 loss (NaN/Inf)，跳过该 batch
[2025-12-08 10:08:43,026] [WARNING] 遇到非有限 loss (NaN/Inf)，跳过该 batch
[2025-12-08 10:08:43,034] [WARNING] 遇到非有限 loss (NaN/Inf)，跳过该 batch
[2025-12-08 10:08:43,043] [WARNING] 遇到非有限 loss (NaN/Inf)，跳过该 batch
[2025-12-08 10:08:43,052] [WARNING] 遇到非有限 loss (NaN/Inf)，跳过该 batch
[2025-12-08 10:08:43,063] [WARNING] 遇到非有限 loss (NaN/Inf)，跳过该 batch
[2025-12-08 10:08:43,071] [WARNING] 遇到非有限 loss (NaN/Inf)，跳过该 batch
[2025-12-08 10:08:43,080] [WARNING] 遇到非有限 loss (NaN/Inf)，跳过该 batch
[2025-12-08 10:08:43,088] [WARNING] 遇到非有限 loss (NaN/Inf)，跳过该 batch
[2025-12-08 10:08:43,096] [WARNING] 遇到非有限 loss (NaN/Inf)，跳过该 batch
[2025-12-08 10:08:43,104] [WARNING] 遇到非有限 loss (NaN/Inf)，跳过该 batch
[2025-12-08 10:08:43,112] [WARNING] 遇到非有限 loss (NaN/Inf)，跳过该 batch
[2025-12-08 10:08:43,121] [WARNING] 遇到非有限 loss (NaN/Inf)，跳过该 batch
[2025-12-08 10:08:43,131] [WARNING] 遇到非有限 loss (NaN/Inf)，跳过该 batch
[2025-12-08 10:08:43,139] [WARNING] 遇到非有限 loss (NaN/Inf)，跳过该 batch
[2025-12-08 10:08:43,148] [WARNING] 遇到非有限 loss (NaN/Inf)，跳过该 batch
[2025-12-08 10:08:43,156] [WARNING] 遇到非有限 loss (NaN/Inf)，跳过该 batch
[2025-12-08 10:08:43,165] [WARNING] 遇到非有限 loss (NaN/Inf)，跳过该 batch
[2025-12-08 10:08:43,174] [WARNING] 遇到非有限 loss (NaN/Inf)，跳过该 batch
[2025-12-08 10:08:43,182] [WARNING] 遇到非有限 loss (NaN/Inf)，跳过该 batch
[2025-12-08 10:08:43,190] [WARNING] 遇到非有限 loss (NaN/Inf)，跳过该 batch
[2025-12-08 10:08:43,199] [WARNING] 遇到非有限 loss (NaN/Inf)，跳过该 batch
[2025-12-08 10:08:43,208] [WARNING] 遇到非有限 loss (NaN/Inf)，跳过该 batch
[2025-12-08 10:08:43,217] [WARNING] 遇到非有限 loss (NaN/Inf)，跳过该 batch
[2025-12-08 10:08:43,225] [WARNING] 遇到非有限 loss (NaN/Inf)，跳过该 batch
[2025-12-08 10:08:43,235] [WARNING] 遇到非有限 loss (NaN/Inf)，跳过该 batch
[2025-12-08 10:08:43,243] [WARNING] 遇到非有限 loss (NaN/Inf)，跳过该 batch
[2025-12-08 10:08:43,251] [WARNING] 遇到非有限 loss (NaN/Inf)，跳过该 batch
[2025-12-08 10:08:43,259] [WARNING] 遇到非有限 loss (NaN/Inf)，跳过该 batch
[2025-12-08 10:08:43,268] [WARNING] 遇到非有限 loss (NaN/Inf)，跳过该 batch
[2025-12-08 10:08:43,276] [WARNING] 遇到非有限 loss (NaN/Inf)，跳过该 batch
[2025-12-08 10:08:43,284] [WARNING] 遇到非有限 loss (NaN/Inf)，跳过该 batch
[2025-12-08 10:08:43,295] [WARNING] 遇到非有限 loss (NaN/Inf)，跳过该 batch
[2025-12-08 10:08:43,304] [WARNING] 遇到非有限 loss (NaN/Inf)，跳过该 batch
[2025-12-08 10:08:43,313] [WARNING] 遇到非有限 loss (NaN/Inf)，跳过该 batch
[2025-12-08 10:08:43,321] [WARNING] 遇到非有限 loss (NaN/Inf)，跳过该 batch
[2025-12-08 10:08:43,330] [WARNING] 遇到非有限 loss (NaN/Inf)，跳过该 batch
[2025-12-08 10:08:43,338] [WARNING] 遇到非有限 loss (NaN/Inf)，跳过该 batch
[2025-12-08 10:08:43,346] [WARNING] 遇到非有限 loss (NaN/Inf)，跳过该 batch
[2025-12-08 10:08:43,355] [WARNING] 遇到非有限 loss (NaN/Inf)，跳过该 batch
[2025-12-08 10:08:43,364] [WARNING] 遇到非有限 loss (NaN/Inf)，跳过该 batch
[2025-12-08 10:08:43,372] [WARNING] 遇到非有限 loss (NaN/Inf)，跳过该 batch
[2025-12-08 10:08:43,382] [WARNING] 遇到非有限 loss (NaN/Inf)，跳过该 batch
[2025-12-08 10:08:43,390] [WARNING] 遇到非有限 loss (NaN/Inf)，跳过该 batch
[2025-12-08 10:08:43,400] [WARNING] 遇到非有限 loss (NaN/Inf)，跳过该 batch
[2025-12-08 10:08:43,409] [WARNING] 遇到非有限 loss (NaN/Inf)，跳过该 batch
[2025-12-08 10:08:43,417] [WARNING] 遇到非有限 loss (NaN/Inf)，跳过该 batch
[2025-12-08 10:08:43,425] [WARNING] 遇到非有限 loss (NaN/Inf)，跳过该 batch
[2025-12-08 10:08:43,433] [WARNING] 遇到非有限 loss (NaN/Inf)，跳过该 batch
[2025-12-08 10:08:43,441] [WARNING] 遇到非有限 loss (NaN/Inf)，跳过该 batch
[2025-12-08 10:08:43,449] [WARNING] 遇到非有限 loss (NaN/Inf)，跳过该 batch
[2025-12-08 10:08:43,458] [WARNING] 遇到非有限 loss (NaN/Inf)，跳过该 batch
[2025-12-08 10:08:43,468] [WARNING] 遇到非有限 loss (NaN/Inf)，跳过该 batch
[2025-12-08 10:08:43,477] [WARNING] 遇到非有限 loss (NaN/Inf)，跳过该 batch
[2025-12-08 10:08:43,486] [WARNING] 遇到非有限 loss (NaN/Inf)，跳过该 batch
[2025-12-08 10:08:43,494] [WARNING] 遇到非有限 loss (NaN/Inf)，跳过该 batch
[2025-12-08 10:08:43,503] [WARNING] 遇到非有限 loss (NaN/Inf)，跳过该 batch
[2025-12-08 10:08:43,511] [WARNING] 遇到非有限 loss (NaN/Inf)，跳过该 batch
[2025-12-08 10:08:43,519] [WARNING] 遇到非有限 loss (NaN/Inf)，跳过该 batch
[2025-12-08 10:08:43,527] [WARNING] 遇到非有限 loss (NaN/Inf)，跳过该 batch
[2025-12-08 10:08:43,535] [WARNING] 遇到非有限 loss (NaN/Inf)，跳过该 batch
[2025-12-08 10:08:43,545] [WARNING] 遇到非有限 loss (NaN/Inf)，跳过该 batch
[2025-12-08 10:08:43,555] [WARNING] 遇到非有限 loss (NaN/Inf)，跳过该 batch
[2025-12-08 10:08:43,564] [WARNING] 遇到非有限 loss (NaN/Inf)，跳过该 batch
[2025-12-08 10:08:43,573] [WARNING] 遇到非有限 loss (NaN/Inf)，跳过该 batch
[2025-12-08 10:08:43,581] [WARNING] 遇到非有限 loss (NaN/Inf)，跳过该 batch
[2025-12-08 10:08:43,590] [WARNING] 遇到非有限 loss (NaN/Inf)，跳过该 batch
[2025-12-08 10:08:43,597] [WARNING] 遇到非有限 loss (NaN/Inf)，跳过该 batch
[2025-12-08 10:08:43,605] [WARNING] 遇到非有限 loss (NaN/Inf)，跳过该 batch
[2025-12-08 10:08:43,616] [WARNING] 遇到非有限 loss (NaN/Inf)，跳过该 batch
[2025-12-08 10:08:43,625] [WARNING] 遇到非有限 loss (NaN/Inf)，跳过该 batch
[2025-12-08 10:08:43,633] [WARNING] 遇到非有限 loss (NaN/Inf)，跳过该 batch
[2025-12-08 10:08:43,641] [WARNING] 遇到非有限 loss (NaN/Inf)，跳过该 batch
[2025-12-08 10:08:43,649] [WARNING] 遇到非有限 loss (NaN/Inf)，跳过该 batch
[2025-12-08 10:08:43,657] [WARNING] 遇到非有限 loss (NaN/Inf)，跳过该 batch
[2025-12-08 10:08:43,666] [WARNING] 遇到非有限 loss (NaN/Inf)，跳过该 batch
[2025-12-08 10:08:43,674] [WARNING] 遇到非有限 loss (NaN/Inf)，跳过该 batch
[2025-12-08 10:08:43,682] [WARNING] 遇到非有限 loss (NaN/Inf)，跳过该 batch
[2025-12-08 10:08:43,690] [WARNING] 遇到非有限 loss (NaN/Inf)，跳过该 batch
[2025-12-08 10:08:43,698] [WARNING] 遇到非有限 loss (NaN/Inf)，跳过该 batch
[2025-12-08 10:08:43,706] [WARNING] 遇到非有限 loss (NaN/Inf)，跳过该 batch
[2025-12-08 10:08:43,714] [WARNING] 遇到非有限 loss (NaN/Inf)，跳过该 batch
[2025-12-08 10:08:43,722] [WARNING] 遇到非有限 loss (NaN/Inf)，跳过该 batch
[2025-12-08 10:08:43,729] [WARNING] 遇到非有限 loss (NaN/Inf)，跳过该 batch
[2025-12-08 10:08:43,738] [WARNING] 遇到非有限 loss (NaN/Inf)，跳过该 batch
[2025-12-08 10:08:43,745] [WARNING] 遇到非有限 loss (NaN/Inf)，跳过该 batch
[2025-12-08 10:08:43,754] [WARNING] 遇到非有限 loss (NaN/Inf)，跳过该 batch
[2025-12-08 10:08:43,762] [WARNING] 遇到非有限 loss (NaN/Inf)，跳过该 batch
[2025-12-08 10:08:43,770] [WARNING] 遇到非有限 loss (NaN/Inf)，跳过该 batch
[2025-12-08 10:08:43,778] [WARNING] 遇到非有限 loss (NaN/Inf)，跳过该 batch
[2025-12-08 10:08:43,787] [WARNING] 遇到非有限 loss (NaN/Inf)，跳过该 batch
[2025-12-08 10:08:43,795] [WARNING] 遇到非有限 loss (NaN/Inf)，跳过该 batch
[2025-12-08 10:08:43,803] [WARNING] 遇到非有限 loss (NaN/Inf)，跳过该 batch
[2025-12-08 10:08:43,811] [WARNING] 遇到非有限 loss (NaN/Inf)，跳过该 batch
[2025-12-08 10:08:43,819] [WARNING] 遇到非有限 loss (NaN/Inf)，跳过该 batch
[2025-12-08 10:08:43,827] [WARNING] 遇到非有限 loss (NaN/Inf)，跳过该 batch
[2025-12-08 10:08:43,835] [WARNING] 遇到非有限 loss (NaN/Inf)，跳过该 batch
[2025-12-08 10:08:43,843] [WARNING] 遇到非有限 loss (NaN/Inf)，跳过该 batch
[2025-12-08 10:08:43,851] [WARNING] 遇到非有限 loss (NaN/Inf)，跳过该 batch
[2025-12-08 10:08:43,860] [WARNING] 遇到非有限 loss (NaN/Inf)，跳过该 batch
[2025-12-08 10:08:43,869] [WARNING] 遇到非有限 loss (NaN/Inf)，跳过该 batch
[2025-12-08 10:08:43,877] [WARNING] 遇到非有限 loss (NaN/Inf)，跳过该 batch
[2025-12-08 10:08:43,885] [WARNING] 遇到非有限 loss (NaN/Inf)，跳过该 batch
[2025-12-08 10:08:43,893] [WARNING] 遇到非有限 loss (NaN/Inf)，跳过该 batch
[2025-12-08 10:08:43,901] [WARNING] 遇到非有限 loss (NaN/Inf)，跳过该 batch
[2025-12-08 10:08:43,909] [WARNING] 遇到非有限 loss (NaN/Inf)，跳过该 batch
[2025-12-08 10:08:43,917] [WARNING] 遇到非有限 loss (NaN/Inf)，跳过该 batch
[2025-12-08 10:08:43,925] [WARNING] 遇到非有限 loss (NaN/Inf)，跳过该 batch
[2025-12-08 10:08:43,933] [WARNING] 遇到非有限 loss (NaN/Inf)，跳过该 batch
[2025-12-08 10:08:43,941] [WARNING] 遇到非有限 loss (NaN/Inf)，跳过该 batch
[2025-12-08 10:08:43,950] [WARNING] 遇到非有限 loss (NaN/Inf)，跳过该 batch
[2025-12-08 10:08:43,958] [WARNING] 遇到非有限 loss (NaN/Inf)，跳过该 batch
[2025-12-08 10:08:43,967] [WARNING] 遇到非有限 loss (NaN/Inf)，跳过该 batch
[2025-12-08 10:08:43,975] [WARNING] 遇到非有限 loss (NaN/Inf)，跳过该 batch
[2025-12-08 10:08:43,983] [WARNING] 遇到非有限 loss (NaN/Inf)，跳过该 batch
[2025-12-08 10:08:43,990] [WARNING] 遇到非有限 loss (NaN/Inf)，跳过该 batch
[2025-12-08 10:08:43,999] [WARNING] 遇到非有限 loss (NaN/Inf)，跳过该 batch
[2025-12-08 10:08:44,006] [WARNING] 遇到非有限 loss (NaN/Inf)，跳过该 batch
[2025-12-08 10:08:44,014] [WARNING] 遇到非有限 loss (NaN/Inf)，跳过该 batch
[2025-12-08 10:08:44,022] [WARNING] 遇到非有限 loss (NaN/Inf)，跳过该 batch
[2025-12-08 10:08:44,030] [WARNING] 遇到非有限 loss (NaN/Inf)，跳过该 batch
[2025-12-08 10:08:44,040] [WARNING] 遇到非有限 loss (NaN/Inf)，跳过该 batch
[2025-12-08 10:08:44,048] [WARNING] 遇到非有限 loss (NaN/Inf)，跳过该 batch
[2025-12-08 10:08:44,056] [WARNING] 遇到非有限 loss (NaN/Inf)，跳过该 batch
[2025-12-08 10:08:44,064] [WARNING] 遇到非有限 loss (NaN/Inf)，跳过该 batch
[2025-12-08 10:08:44,072] [WARNING] 遇到非有限 loss (NaN/Inf)，跳过该 batch
[2025-12-08 10:08:44,080] [WARNING] 遇到非有限 loss (NaN/Inf)，跳过该 batch
[2025-12-08 10:08:44,088] [WARNING] 遇到非有限 loss (NaN/Inf)，跳过该 batch
[2025-12-08 10:08:44,096] [WARNING] 遇到非有限 loss (NaN/Inf)，跳过该 batch
[2025-12-08 10:08:44,104] [WARNING] 遇到非有限 loss (NaN/Inf)，跳过该 batch
[2025-12-08 10:08:44,113] [WARNING] 遇到非有限 loss (NaN/Inf)，跳过该 batch
[2025-12-08 10:08:44,121] [WARNING] 遇到非有限 loss (NaN/Inf)，跳过该 batch
[2025-12-08 10:08:44,130] [WARNING] 遇到非有限 loss (NaN/Inf)，跳过该 batch
[2025-12-08 10:08:44,139] [WARNING] 遇到非有限 loss (NaN/Inf)，跳过该 batch
[2025-12-08 10:08:44,147] [WARNING] 遇到非有限 loss (NaN/Inf)，跳过该 batch
[2025-12-08 10:08:44,155] [WARNING] 遇到非有限 loss (NaN/Inf)，跳过该 batch
[2025-12-08 10:08:44,163] [WARNING] 遇到非有限 loss (NaN/Inf)，跳过该 batch
[2025-12-08 10:08:44,170] [WARNING] 遇到非有限 loss (NaN/Inf)，跳过该 batch
[2025-12-08 10:08:44,178] [WARNING] 遇到非有限 loss (NaN/Inf)，跳过该 batch
[2025-12-08 10:08:44,191] [WARNING] 遇到非有限 loss (NaN/Inf)，跳过该 batch
[2025-12-08 10:08:44,200] [WARNING] 遇到非有限 loss (NaN/Inf)，跳过该 batch
[2025-12-08 10:08:44,208] [WARNING] 遇到非有限 loss (NaN/Inf)，跳过该 batch
[2025-12-08 10:08:44,217] [WARNING] 遇到非有限 loss (NaN/Inf)，跳过该 batch
[2025-12-08 10:08:44,226] [WARNING] 遇到非有限 loss (NaN/Inf)，跳过该 batch
[2025-12-08 10:08:44,234] [WARNING] 遇到非有限 loss (NaN/Inf)，跳过该 batch
[2025-12-08 10:08:44,242] [WARNING] 遇到非有限 loss (NaN/Inf)，跳过该 batch
[2025-12-08 10:08:44,250] [WARNING] 遇到非有限 loss (NaN/Inf)，跳过该 batch
[2025-12-08 10:08:44,258] [WARNING] 遇到非有限 loss (NaN/Inf)，跳过该 batch
[2025-12-08 10:08:44,266] [WARNING] 遇到非有限 loss (NaN/Inf)，跳过该 batch
[2025-12-08 10:08:44,274] [WARNING] 遇到非有限 loss (NaN/Inf)，跳过该 batch
[2025-12-08 10:08:44,296] [WARNING] 遇到非有限 loss (NaN/Inf)，跳过该 batch
[2025-12-08 10:08:44,306] [WARNING] 遇到非有限 loss (NaN/Inf)，跳过该 batch
[2025-12-08 10:08:44,314] [WARNING] 遇到非有限 loss (NaN/Inf)，跳过该 batch
[2025-12-08 10:08:44,321] [WARNING] 遇到非有限 loss (NaN/Inf)，跳过该 batch
[2025-12-08 10:08:44,329] [WARNING] 遇到非有限 loss (NaN/Inf)，跳过该 batch
[2025-12-08 10:08:44,337] [WARNING] 遇到非有限 loss (NaN/Inf)，跳过该 batch
[2025-12-08 10:08:44,344] [WARNING] 遇到非有限 loss (NaN/Inf)，跳过该 batch
[2025-12-08 10:08:44,352] [WARNING] 遇到非有限 loss (NaN/Inf)，跳过该 batch
[2025-12-08 10:08:44,430] [INFO] 本 epoch（预测分支）平均训练损失: 0.000000
[2025-12-08 10:09:15,133] [INFO] [Eval] F1=0.8885, P=0.9256, R=0.8542, AUC=0.6618, thr=10.229253, point_adjust=True
[2025-12-08 10:09:15,394] [INFO] 已保存可视化图：./logs/smd_forecast/scores_epoch7.png
[2025-12-08 10:09:15,395] [INFO] ========== Epoch 8/50 ==========
[2025-12-08 10:09:15,614] [WARNING] 遇到非有限 loss (NaN/Inf)，跳过该 batch
[2025-12-08 10:09:15,624] [WARNING] 遇到非有限 loss (NaN/Inf)，跳过该 batch
[2025-12-08 10:09:15,631] [WARNING] 遇到非有限 loss (NaN/Inf)，跳过该 batch
[2025-12-08 10:09:15,639] [WARNING] 遇到非有限 loss (NaN/Inf)，跳过该 batch
[2025-12-08 10:09:15,647] [WARNING] 遇到非有限 loss (NaN/Inf)，跳过该 batch
[2025-12-08 10:09:15,655] [WARNING] 遇到非有限 loss (NaN/Inf)，跳过该 batch
[2025-12-08 10:09:15,662] [WARNING] 遇到非有限 loss (NaN/Inf)，跳过该 batch
[2025-12-08 10:09:15,669] [WARNING] 遇到非有限 loss (NaN/Inf)，跳过该 batch
[2025-12-08 10:09:15,677] [WARNING] 遇到非有限 loss (NaN/Inf)，跳过该 batch
[2025-12-08 10:09:15,685] [WARNING] 遇到非有限 loss (NaN/Inf)，跳过该 batch
[2025-12-08 10:09:15,692] [WARNING] 遇到非有限 loss (NaN/Inf)，跳过该 batch
[2025-12-08 10:09:15,700] [WARNING] 遇到非有限 loss (NaN/Inf)，跳过该 batch
[2025-12-08 10:09:15,708] [WARNING] 遇到非有限 loss (NaN/Inf)，跳过该 batch
[2025-12-08 10:09:15,715] [WARNING] 遇到非有限 loss (NaN/Inf)，跳过该 batch
[2025-12-08 10:09:15,723] [WARNING] 遇到非有限 loss (NaN/Inf)，跳过该 batch
[2025-12-08 10:09:15,731] [WARNING] 遇到非有限 loss (NaN/Inf)，跳过该 batch
[2025-12-08 10:09:15,739] [WARNING] 遇到非有限 loss (NaN/Inf)，跳过该 batch
[2025-12-08 10:09:15,746] [WARNING] 遇到非有限 loss (NaN/Inf)，跳过该 batch
[2025-12-08 10:09:15,754] [WARNING] 遇到非有限 loss (NaN/Inf)，跳过该 batch
[2025-12-08 10:09:15,762] [WARNING] 遇到非有限 loss (NaN/Inf)，跳过该 batch
[2025-12-08 10:09:15,770] [WARNING] 遇到非有限 loss (NaN/Inf)，跳过该 batch
[2025-12-08 10:09:15,777] [WARNING] 遇到非有限 loss (NaN/Inf)，跳过该 batch
[2025-12-08 10:09:15,788] [WARNING] 遇到非有限 loss (NaN/Inf)，跳过该 batch
[2025-12-08 10:09:15,796] [WARNING] 遇到非有限 loss (NaN/Inf)，跳过该 batch
[2025-12-08 10:09:15,804] [WARNING] 遇到非有限 loss (NaN/Inf)，跳过该 batch
[2025-12-08 10:09:15,812] [WARNING] 遇到非有限 loss (NaN/Inf)，跳过该 batch
[2025-12-08 10:09:15,820] [WARNING] 遇到非有限 loss (NaN/Inf)，跳过该 batch
[2025-12-08 10:09:15,828] [WARNING] 遇到非有限 loss (NaN/Inf)，跳过该 batch
[2025-12-08 10:09:15,836] [WARNING] 遇到非有限 loss (NaN/Inf)，跳过该 batch
[2025-12-08 10:09:15,843] [WARNING] 遇到非有限 loss (NaN/Inf)，跳过该 batch
[2025-12-08 10:09:15,852] [WARNING] 遇到非有限 loss (NaN/Inf)，跳过该 batch
[2025-12-08 10:09:15,860] [WARNING] 遇到非有限 loss (NaN/Inf)，跳过该 batch
[2025-12-08 10:09:15,868] [WARNING] 遇到非有限 loss (NaN/Inf)，跳过该 batch
[2025-12-08 10:09:15,876] [WARNING] 遇到非有限 loss (NaN/Inf)，跳过该 batch
[2025-12-08 10:09:15,883] [WARNING] 遇到非有限 loss (NaN/Inf)，跳过该 batch
[2025-12-08 10:09:15,891] [WARNING] 遇到非有限 loss (NaN/Inf)，跳过该 batch
[2025-12-08 10:09:15,899] [WARNING] 遇到非有限 loss (NaN/Inf)，跳过该 batch
[2025-12-08 10:09:15,907] [WARNING] 遇到非有限 loss (NaN/Inf)，跳过该 batch
[2025-12-08 10:09:15,915] [WARNING] 遇到非有限 loss (NaN/Inf)，跳过该 batch
[2025-12-08 10:09:15,925] [WARNING] 遇到非有限 loss (NaN/Inf)，跳过该 batch
[2025-12-08 10:09:15,933] [WARNING] 遇到非有限 loss (NaN/Inf)，跳过该 batch
[2025-12-08 10:09:15,941] [WARNING] 遇到非有限 loss (NaN/Inf)，跳过该 batch
[2025-12-08 10:09:15,949] [WARNING] 遇到非有限 loss (NaN/Inf)，跳过该 batch
[2025-12-08 10:09:15,957] [WARNING] 遇到非有限 loss (NaN/Inf)，跳过该 batch
[2025-12-08 10:09:15,965] [WARNING] 遇到非有限 loss (NaN/Inf)，跳过该 batch
[2025-12-08 10:09:15,972] [WARNING] 遇到非有限 loss (NaN/Inf)，跳过该 batch
[2025-12-08 10:09:15,980] [WARNING] 遇到非有限 loss (NaN/Inf)，跳过该 batch
[2025-12-08 10:09:15,988] [WARNING] 遇到非有限 loss (NaN/Inf)，跳过该 batch
[2025-12-08 10:09:15,996] [WARNING] 遇到非有限 loss (NaN/Inf)，跳过该 batch
[2025-12-08 10:09:16,004] [WARNING] 遇到非有限 loss (NaN/Inf)，跳过该 batch
[2025-12-08 10:09:16,011] [WARNING] 遇到非有限 loss (NaN/Inf)，跳过该 batch
[2025-12-08 10:09:16,019] [WARNING] 遇到非有限 loss (NaN/Inf)，跳过该 batch
[2025-12-08 10:09:16,027] [WARNING] 遇到非有限 loss (NaN/Inf)，跳过该 batch
[2025-12-08 10:09:16,035] [WARNING] 遇到非有限 loss (NaN/Inf)，跳过该 batch
[2025-12-08 10:09:16,043] [WARNING] 遇到非有限 loss (NaN/Inf)，跳过该 batch
[2025-12-08 10:09:16,051] [WARNING] 遇到非有限 loss (NaN/Inf)，跳过该 batch
[2025-12-08 10:09:16,058] [WARNING] 遇到非有限 loss (NaN/Inf)，跳过该 batch
[2025-12-08 10:09:16,066] [WARNING] 遇到非有限 loss (NaN/Inf)，跳过该 batch
[2025-12-08 10:09:16,074] [WARNING] 遇到非有限 loss (NaN/Inf)，跳过该 batch
[2025-12-08 10:09:16,082] [WARNING] 遇到非有限 loss (NaN/Inf)，跳过该 batch
[2025-12-08 10:09:16,090] [WARNING] 遇到非有限 loss (NaN/Inf)，跳过该 batch
[2025-12-08 10:09:16,098] [WARNING] 遇到非有限 loss (NaN/Inf)，跳过该 batch
[2025-12-08 10:09:16,105] [WARNING] 遇到非有限 loss (NaN/Inf)，跳过该 batch
[2025-12-08 10:09:16,113] [WARNING] 遇到非有限 loss (NaN/Inf)，跳过该 batch
[2025-12-08 10:09:16,121] [WARNING] 遇到非有限 loss (NaN/Inf)，跳过该 batch
[2025-12-08 10:09:16,129] [WARNING] 遇到非有限 loss (NaN/Inf)，跳过该 batch
[2025-12-08 10:09:16,137] [WARNING] 遇到非有限 loss (NaN/Inf)，跳过该 batch
[2025-12-08 10:09:16,145] [WARNING] 遇到非有限 loss (NaN/Inf)，跳过该 batch
[2025-12-08 10:09:16,152] [WARNING] 遇到非有限 loss (NaN/Inf)，跳过该 batch
[2025-12-08 10:09:16,160] [WARNING] 遇到非有限 loss (NaN/Inf)，跳过该 batch
[2025-12-08 10:09:16,168] [WARNING] 遇到非有限 loss (NaN/Inf)，跳过该 batch
[2025-12-08 10:09:16,176] [WARNING] 遇到非有限 loss (NaN/Inf)，跳过该 batch
[2025-12-08 10:09:16,184] [WARNING] 遇到非有限 loss (NaN/Inf)，跳过该 batch
[2025-12-08 10:09:16,191] [WARNING] 遇到非有限 loss (NaN/Inf)，跳过该 batch
[2025-12-08 10:09:16,199] [WARNING] 遇到非有限 loss (NaN/Inf)，跳过该 batch
[2025-12-08 10:09:16,207] [WARNING] 遇到非有限 loss (NaN/Inf)，跳过该 batch
[2025-12-08 10:09:16,215] [WARNING] 遇到非有限 loss (NaN/Inf)，跳过该 batch
[2025-12-08 10:09:16,223] [WARNING] 遇到非有限 loss (NaN/Inf)，跳过该 batch
[2025-12-08 10:09:16,230] [WARNING] 遇到非有限 loss (NaN/Inf)，跳过该 batch
[2025-12-08 10:09:16,239] [WARNING] 遇到非有限 loss (NaN/Inf)，跳过该 batch
[2025-12-08 10:09:16,246] [WARNING] 遇到非有限 loss (NaN/Inf)，跳过该 batch
[2025-12-08 10:09:16,254] [WARNING] 遇到非有限 loss (NaN/Inf)，跳过该 batch
[2025-12-08 10:09:16,262] [WARNING] 遇到非有限 loss (NaN/Inf)，跳过该 batch
[2025-12-08 10:09:16,270] [WARNING] 遇到非有限 loss (NaN/Inf)，跳过该 batch
[2025-12-08 10:09:16,278] [WARNING] 遇到非有限 loss (NaN/Inf)，跳过该 batch
[2025-12-08 10:09:16,286] [WARNING] 遇到非有限 loss (NaN/Inf)，跳过该 batch
[2025-12-08 10:09:16,293] [WARNING] 遇到非有限 loss (NaN/Inf)，跳过该 batch
[2025-12-08 10:09:16,301] [WARNING] 遇到非有限 loss (NaN/Inf)，跳过该 batch
[2025-12-08 10:09:16,309] [WARNING] 遇到非有限 loss (NaN/Inf)，跳过该 batch
[2025-12-08 10:09:16,317] [WARNING] 遇到非有限 loss (NaN/Inf)，跳过该 batch
[2025-12-08 10:09:16,325] [WARNING] 遇到非有限 loss (NaN/Inf)，跳过该 batch
[2025-12-08 10:09:16,333] [WARNING] 遇到非有限 loss (NaN/Inf)，跳过该 batch
[2025-12-08 10:09:16,342] [WARNING] 遇到非有限 loss (NaN/Inf)，跳过该 batch
[2025-12-08 10:09:16,350] [WARNING] 遇到非有限 loss (NaN/Inf)，跳过该 batch
[2025-12-08 10:09:16,358] [WARNING] 遇到非有限 loss (NaN/Inf)，跳过该 batch
[2025-12-08 10:09:16,366] [WARNING] 遇到非有限 loss (NaN/Inf)，跳过该 batch
[2025-12-08 10:09:16,373] [WARNING] 遇到非有限 loss (NaN/Inf)，跳过该 batch
[2025-12-08 10:09:16,381] [WARNING] 遇到非有限 loss (NaN/Inf)，跳过该 batch
[2025-12-08 10:09:16,389] [WARNING] 遇到非有限 loss (NaN/Inf)，跳过该 batch
[2025-12-08 10:09:16,397] [WARNING] 遇到非有限 loss (NaN/Inf)，跳过该 batch
[2025-12-08 10:09:16,405] [WARNING] 遇到非有限 loss (NaN/Inf)，跳过该 batch
[2025-12-08 10:09:16,413] [WARNING] 遇到非有限 loss (NaN/Inf)，跳过该 batch
[2025-12-08 10:09:16,420] [WARNING] 遇到非有限 loss (NaN/Inf)，跳过该 batch
[2025-12-08 10:09:16,428] [WARNING] 遇到非有限 loss (NaN/Inf)，跳过该 batch
[2025-12-08 10:09:16,436] [WARNING] 遇到非有限 loss (NaN/Inf)，跳过该 batch
[2025-12-08 10:09:16,445] [WARNING] 遇到非有限 loss (NaN/Inf)，跳过该 batch
[2025-12-08 10:09:16,452] [WARNING] 遇到非有限 loss (NaN/Inf)，跳过该 batch
[2025-12-08 10:09:16,460] [WARNING] 遇到非有限 loss (NaN/Inf)，跳过该 batch
[2025-12-08 10:09:16,468] [WARNING] 遇到非有限 loss (NaN/Inf)，跳过该 batch
[2025-12-08 10:09:16,476] [WARNING] 遇到非有限 loss (NaN/Inf)，跳过该 batch
[2025-12-08 10:09:16,484] [WARNING] 遇到非有限 loss (NaN/Inf)，跳过该 batch
[2025-12-08 10:09:16,492] [WARNING] 遇到非有限 loss (NaN/Inf)，跳过该 batch
[2025-12-08 10:09:16,499] [WARNING] 遇到非有限 loss (NaN/Inf)，跳过该 batch
[2025-12-08 10:09:16,507] [WARNING] 遇到非有限 loss (NaN/Inf)，跳过该 batch
[2025-12-08 10:09:16,515] [WARNING] 遇到非有限 loss (NaN/Inf)，跳过该 batch
[2025-12-08 10:09:16,522] [WARNING] 遇到非有限 loss (NaN/Inf)，跳过该 batch
[2025-12-08 10:09:16,530] [WARNING] 遇到非有限 loss (NaN/Inf)，跳过该 batch
[2025-12-08 10:09:16,538] [WARNING] 遇到非有限 loss (NaN/Inf)，跳过该 batch
[2025-12-08 10:09:16,546] [WARNING] 遇到非有限 loss (NaN/Inf)，跳过该 batch
[2025-12-08 10:09:16,554] [WARNING] 遇到非有限 loss (NaN/Inf)，跳过该 batch
[2025-12-08 10:09:16,561] [WARNING] 遇到非有限 loss (NaN/Inf)，跳过该 batch
[2025-12-08 10:09:16,569] [WARNING] 遇到非有限 loss (NaN/Inf)，跳过该 batch
[2025-12-08 10:09:16,577] [WARNING] 遇到非有限 loss (NaN/Inf)，跳过该 batch
[2025-12-08 10:09:16,585] [WARNING] 遇到非有限 loss (NaN/Inf)，跳过该 batch
[2025-12-08 10:09:16,592] [WARNING] 遇到非有限 loss (NaN/Inf)，跳过该 batch
[2025-12-08 10:09:16,600] [WARNING] 遇到非有限 loss (NaN/Inf)，跳过该 batch
[2025-12-08 10:09:16,608] [WARNING] 遇到非有限 loss (NaN/Inf)，跳过该 batch
[2025-12-08 10:09:16,616] [WARNING] 遇到非有限 loss (NaN/Inf)，跳过该 batch
[2025-12-08 10:09:16,623] [WARNING] 遇到非有限 loss (NaN/Inf)，跳过该 batch
[2025-12-08 10:09:16,631] [WARNING] 遇到非有限 loss (NaN/Inf)，跳过该 batch
[2025-12-08 10:09:16,639] [WARNING] 遇到非有限 loss (NaN/Inf)，跳过该 batch
[2025-12-08 10:09:16,647] [WARNING] 遇到非有限 loss (NaN/Inf)，跳过该 batch
[2025-12-08 10:09:16,654] [WARNING] 遇到非有限 loss (NaN/Inf)，跳过该 batch
[2025-12-08 10:09:16,662] [WARNING] 遇到非有限 loss (NaN/Inf)，跳过该 batch
[2025-12-08 10:09:16,670] [WARNING] 遇到非有限 loss (NaN/Inf)，跳过该 batch
[2025-12-08 10:09:16,678] [WARNING] 遇到非有限 loss (NaN/Inf)，跳过该 batch
[2025-12-08 10:09:16,686] [WARNING] 遇到非有限 loss (NaN/Inf)，跳过该 batch
[2025-12-08 10:09:16,693] [WARNING] 遇到非有限 loss (NaN/Inf)，跳过该 batch
[2025-12-08 10:09:16,701] [WARNING] 遇到非有限 loss (NaN/Inf)，跳过该 batch
[2025-12-08 10:09:16,709] [WARNING] 遇到非有限 loss (NaN/Inf)，跳过该 batch
[2025-12-08 10:09:16,716] [WARNING] 遇到非有限 loss (NaN/Inf)，跳过该 batch
[2025-12-08 10:09:16,724] [WARNING] 遇到非有限 loss (NaN/Inf)，跳过该 batch
[2025-12-08 10:09:16,732] [WARNING] 遇到非有限 loss (NaN/Inf)，跳过该 batch
[2025-12-08 10:09:16,741] [WARNING] 遇到非有限 loss (NaN/Inf)，跳过该 batch
[2025-12-08 10:09:16,750] [WARNING] 遇到非有限 loss (NaN/Inf)，跳过该 batch
[2025-12-08 10:09:16,759] [WARNING] 遇到非有限 loss (NaN/Inf)，跳过该 batch
[2025-12-08 10:09:16,767] [WARNING] 遇到非有限 loss (NaN/Inf)，跳过该 batch
[2025-12-08 10:09:16,776] [WARNING] 遇到非有限 loss (NaN/Inf)，跳过该 batch
[2025-12-08 10:09:16,784] [WARNING] 遇到非有限 loss (NaN/Inf)，跳过该 batch
[2025-12-08 10:09:16,792] [WARNING] 遇到非有限 loss (NaN/Inf)，跳过该 batch
[2025-12-08 10:09:16,800] [WARNING] 遇到非有限 loss (NaN/Inf)，跳过该 batch
[2025-12-08 10:09:16,808] [WARNING] 遇到非有限 loss (NaN/Inf)，跳过该 batch
[2025-12-08 10:09:16,816] [WARNING] 遇到非有限 loss (NaN/Inf)，跳过该 batch
[2025-12-08 10:09:16,828] [WARNING] 遇到非有限 loss (NaN/Inf)，跳过该 batch
[2025-12-08 10:09:16,836] [WARNING] 遇到非有限 loss (NaN/Inf)，跳过该 batch
[2025-12-08 10:09:16,844] [WARNING] 遇到非有限 loss (NaN/Inf)，跳过该 batch
[2025-12-08 10:09:16,852] [WARNING] 遇到非有限 loss (NaN/Inf)，跳过该 batch
[2025-12-08 10:09:16,861] [WARNING] 遇到非有限 loss (NaN/Inf)，跳过该 batch
[2025-12-08 10:09:16,869] [WARNING] 遇到非有限 loss (NaN/Inf)，跳过该 batch
[2025-12-08 10:09:16,878] [WARNING] 遇到非有限 loss (NaN/Inf)，跳过该 batch
[2025-12-08 10:09:16,886] [WARNING] 遇到非有限 loss (NaN/Inf)，跳过该 batch
[2025-12-08 10:09:16,895] [WARNING] 遇到非有限 loss (NaN/Inf)，跳过该 batch
[2025-12-08 10:09:16,903] [WARNING] 遇到非有限 loss (NaN/Inf)，跳过该 batch
[2025-12-08 10:09:16,912] [WARNING] 遇到非有限 loss (NaN/Inf)，跳过该 batch
[2025-12-08 10:09:16,920] [WARNING] 遇到非有限 loss (NaN/Inf)，跳过该 batch
[2025-12-08 10:09:16,929] [WARNING] 遇到非有限 loss (NaN/Inf)，跳过该 batch
[2025-12-08 10:09:16,937] [WARNING] 遇到非有限 loss (NaN/Inf)，跳过该 batch
[2025-12-08 10:09:16,946] [WARNING] 遇到非有限 loss (NaN/Inf)，跳过该 batch
[2025-12-08 10:09:16,953] [WARNING] 遇到非有限 loss (NaN/Inf)，跳过该 batch
[2025-12-08 10:09:16,961] [WARNING] 遇到非有限 loss (NaN/Inf)，跳过该 batch
[2025-12-08 10:09:16,969] [WARNING] 遇到非有限 loss (NaN/Inf)，跳过该 batch
[2025-12-08 10:09:16,977] [WARNING] 遇到非有限 loss (NaN/Inf)，跳过该 batch
[2025-12-08 10:09:16,985] [WARNING] 遇到非有限 loss (NaN/Inf)，跳过该 batch
[2025-12-08 10:09:16,992] [WARNING] 遇到非有限 loss (NaN/Inf)，跳过该 batch
[2025-12-08 10:09:17,000] [WARNING] 遇到非有限 loss (NaN/Inf)，跳过该 batch
[2025-12-08 10:09:17,008] [WARNING] 遇到非有限 loss (NaN/Inf)，跳过该 batch
[2025-12-08 10:09:17,016] [WARNING] 遇到非有限 loss (NaN/Inf)，跳过该 batch
[2025-12-08 10:09:17,025] [WARNING] 遇到非有限 loss (NaN/Inf)，跳过该 batch
[2025-12-08 10:09:17,033] [WARNING] 遇到非有限 loss (NaN/Inf)，跳过该 batch
[2025-12-08 10:09:17,041] [WARNING] 遇到非有限 loss (NaN/Inf)，跳过该 batch
[2025-12-08 10:09:17,048] [WARNING] 遇到非有限 loss (NaN/Inf)，跳过该 batch
[2025-12-08 10:09:17,056] [WARNING] 遇到非有限 loss (NaN/Inf)，跳过该 batch
[2025-12-08 10:09:17,064] [WARNING] 遇到非有限 loss (NaN/Inf)，跳过该 batch
[2025-12-08 10:09:17,072] [WARNING] 遇到非有限 loss (NaN/Inf)，跳过该 batch
[2025-12-08 10:09:17,080] [WARNING] 遇到非有限 loss (NaN/Inf)，跳过该 batch
[2025-12-08 10:09:17,088] [WARNING] 遇到非有限 loss (NaN/Inf)，跳过该 batch
[2025-12-08 10:09:17,096] [WARNING] 遇到非有限 loss (NaN/Inf)，跳过该 batch
[2025-12-08 10:09:17,105] [WARNING] 遇到非有限 loss (NaN/Inf)，跳过该 batch
[2025-12-08 10:09:17,113] [WARNING] 遇到非有限 loss (NaN/Inf)，跳过该 batch
[2025-12-08 10:09:17,120] [WARNING] 遇到非有限 loss (NaN/Inf)，跳过该 batch
[2025-12-08 10:09:17,128] [WARNING] 遇到非有限 loss (NaN/Inf)，跳过该 batch
[2025-12-08 10:09:17,136] [WARNING] 遇到非有限 loss (NaN/Inf)，跳过该 batch
[2025-12-08 10:09:17,144] [WARNING] 遇到非有限 loss (NaN/Inf)，跳过该 batch
[2025-12-08 10:09:17,152] [WARNING] 遇到非有限 loss (NaN/Inf)，跳过该 batch
[2025-12-08 10:09:17,160] [WARNING] 遇到非有限 loss (NaN/Inf)，跳过该 batch
[2025-12-08 10:09:17,168] [WARNING] 遇到非有限 loss (NaN/Inf)，跳过该 batch
[2025-12-08 10:09:17,177] [WARNING] 遇到非有限 loss (NaN/Inf)，跳过该 batch
[2025-12-08 10:09:17,185] [WARNING] 遇到非有限 loss (NaN/Inf)，跳过该 batch
[2025-12-08 10:09:17,193] [WARNING] 遇到非有限 loss (NaN/Inf)，跳过该 batch
[2025-12-08 10:09:17,201] [WARNING] 遇到非有限 loss (NaN/Inf)，跳过该 batch
[2025-12-08 10:09:17,209] [WARNING] 遇到非有限 loss (NaN/Inf)，跳过该 batch
[2025-12-08 10:09:17,217] [WARNING] 遇到非有限 loss (NaN/Inf)，跳过该 batch
[2025-12-08 10:09:17,224] [WARNING] 遇到非有限 loss (NaN/Inf)，跳过该 batch
[2025-12-08 10:09:17,232] [WARNING] 遇到非有限 loss (NaN/Inf)，跳过该 batch
[2025-12-08 10:09:17,241] [WARNING] 遇到非有限 loss (NaN/Inf)，跳过该 batch
[2025-12-08 10:09:17,249] [WARNING] 遇到非有限 loss (NaN/Inf)，跳过该 batch
[2025-12-08 10:09:17,257] [WARNING] 遇到非有限 loss (NaN/Inf)，跳过该 batch
[2025-12-08 10:09:17,265] [WARNING] 遇到非有限 loss (NaN/Inf)，跳过该 batch
[2025-12-08 10:09:17,273] [WARNING] 遇到非有限 loss (NaN/Inf)，跳过该 batch
[2025-12-08 10:09:17,281] [WARNING] 遇到非有限 loss (NaN/Inf)，跳过该 batch
[2025-12-08 10:09:17,289] [WARNING] 遇到非有限 loss (NaN/Inf)，跳过该 batch
[2025-12-08 10:09:17,297] [WARNING] 遇到非有限 loss (NaN/Inf)，跳过该 batch
[2025-12-08 10:09:17,305] [WARNING] 遇到非有限 loss (NaN/Inf)，跳过该 batch
[2025-12-08 10:09:17,313] [WARNING] 遇到非有限 loss (NaN/Inf)，跳过该 batch
[2025-12-08 10:09:17,321] [WARNING] 遇到非有限 loss (NaN/Inf)，跳过该 batch
[2025-12-08 10:09:17,329] [WARNING] 遇到非有限 loss (NaN/Inf)，跳过该 batch
[2025-12-08 10:09:17,337] [WARNING] 遇到非有限 loss (NaN/Inf)，跳过该 batch
[2025-12-08 10:09:17,345] [WARNING] 遇到非有限 loss (NaN/Inf)，跳过该 batch
[2025-12-08 10:09:17,353] [WARNING] 遇到非有限 loss (NaN/Inf)，跳过该 batch
[2025-12-08 10:09:17,361] [WARNING] 遇到非有限 loss (NaN/Inf)，跳过该 batch
[2025-12-08 10:09:17,369] [WARNING] 遇到非有限 loss (NaN/Inf)，跳过该 batch
[2025-12-08 10:09:17,377] [WARNING] 遇到非有限 loss (NaN/Inf)，跳过该 batch
[2025-12-08 10:09:17,385] [WARNING] 遇到非有限 loss (NaN/Inf)，跳过该 batch
[2025-12-08 10:09:17,393] [WARNING] 遇到非有限 loss (NaN/Inf)，跳过该 batch
[2025-12-08 10:09:17,402] [WARNING] 遇到非有限 loss (NaN/Inf)，跳过该 batch
[2025-12-08 10:09:17,413] [WARNING] 遇到非有限 loss (NaN/Inf)，跳过该 batch
[2025-12-08 10:09:17,422] [WARNING] 遇到非有限 loss (NaN/Inf)，跳过该 batch
[2025-12-08 10:09:17,430] [WARNING] 遇到非有限 loss (NaN/Inf)，跳过该 batch
[2025-12-08 10:09:17,438] [WARNING] 遇到非有限 loss (NaN/Inf)，跳过该 batch
[2025-12-08 10:09:17,445] [WARNING] 遇到非有限 loss (NaN/Inf)，跳过该 batch
[2025-12-08 10:09:17,453] [WARNING] 遇到非有限 loss (NaN/Inf)，跳过该 batch
[2025-12-08 10:09:17,461] [WARNING] 遇到非有限 loss (NaN/Inf)，跳过该 batch
[2025-12-08 10:09:17,469] [WARNING] 遇到非有限 loss (NaN/Inf)，跳过该 batch
[2025-12-08 10:09:17,476] [WARNING] 遇到非有限 loss (NaN/Inf)，跳过该 batch
[2025-12-08 10:09:17,484] [WARNING] 遇到非有限 loss (NaN/Inf)，跳过该 batch
[2025-12-08 10:09:17,492] [WARNING] 遇到非有限 loss (NaN/Inf)，跳过该 batch
[2025-12-08 10:09:17,500] [WARNING] 遇到非有限 loss (NaN/Inf)，跳过该 batch
[2025-12-08 10:09:17,508] [WARNING] 遇到非有限 loss (NaN/Inf)，跳过该 batch
[2025-12-08 10:09:17,515] [WARNING] 遇到非有限 loss (NaN/Inf)，跳过该 batch
[2025-12-08 10:09:17,523] [WARNING] 遇到非有限 loss (NaN/Inf)，跳过该 batch
[2025-12-08 10:09:17,531] [WARNING] 遇到非有限 loss (NaN/Inf)，跳过该 batch
[2025-12-08 10:09:17,539] [WARNING] 遇到非有限 loss (NaN/Inf)，跳过该 batch
[2025-12-08 10:09:17,547] [WARNING] 遇到非有限 loss (NaN/Inf)，跳过该 batch
[2025-12-08 10:09:17,555] [WARNING] 遇到非有限 loss (NaN/Inf)，跳过该 batch
[2025-12-08 10:09:17,563] [WARNING] 遇到非有限 loss (NaN/Inf)，跳过该 batch
[2025-12-08 10:09:17,570] [WARNING] 遇到非有限 loss (NaN/Inf)，跳过该 batch
[2025-12-08 10:09:17,578] [WARNING] 遇到非有限 loss (NaN/Inf)，跳过该 batch
[2025-12-08 10:09:17,586] [WARNING] 遇到非有限 loss (NaN/Inf)，跳过该 batch
[2025-12-08 10:09:17,594] [WARNING] 遇到非有限 loss (NaN/Inf)，跳过该 batch
[2025-12-08 10:09:17,602] [WARNING] 遇到非有限 loss (NaN/Inf)，跳过该 batch
[2025-12-08 10:09:17,609] [WARNING] 遇到非有限 loss (NaN/Inf)，跳过该 batch
[2025-12-08 10:09:17,618] [WARNING] 遇到非有限 loss (NaN/Inf)，跳过该 batch
[2025-12-08 10:09:17,626] [WARNING] 遇到非有限 loss (NaN/Inf)，跳过该 batch
[2025-12-08 10:09:17,633] [WARNING] 遇到非有限 loss (NaN/Inf)，跳过该 batch
[2025-12-08 10:09:17,641] [WARNING] 遇到非有限 loss (NaN/Inf)，跳过该 batch
[2025-12-08 10:09:17,649] [WARNING] 遇到非有限 loss (NaN/Inf)，跳过该 batch
[2025-12-08 10:09:17,657] [WARNING] 遇到非有限 loss (NaN/Inf)，跳过该 batch
[2025-12-08 10:09:17,665] [WARNING] 遇到非有限 loss (NaN/Inf)，跳过该 batch
[2025-12-08 10:09:17,672] [WARNING] 遇到非有限 loss (NaN/Inf)，跳过该 batch
[2025-12-08 10:09:17,680] [WARNING] 遇到非有限 loss (NaN/Inf)，跳过该 batch
[2025-12-08 10:09:17,688] [WARNING] 遇到非有限 loss (NaN/Inf)，跳过该 batch
[2025-12-08 10:09:17,696] [WARNING] 遇到非有限 loss (NaN/Inf)，跳过该 batch
[2025-12-08 10:09:17,704] [WARNING] 遇到非有限 loss (NaN/Inf)，跳过该 batch
[2025-12-08 10:09:17,712] [WARNING] 遇到非有限 loss (NaN/Inf)，跳过该 batch
[2025-12-08 10:09:17,720] [WARNING] 遇到非有限 loss (NaN/Inf)，跳过该 batch
[2025-12-08 10:09:17,728] [WARNING] 遇到非有限 loss (NaN/Inf)，跳过该 batch
[2025-12-08 10:09:17,735] [WARNING] 遇到非有限 loss (NaN/Inf)，跳过该 batch
[2025-12-08 10:09:17,743] [WARNING] 遇到非有限 loss (NaN/Inf)，跳过该 batch
[2025-12-08 10:09:17,751] [WARNING] 遇到非有限 loss (NaN/Inf)，跳过该 batch
[2025-12-08 10:09:17,759] [WARNING] 遇到非有限 loss (NaN/Inf)，跳过该 batch
[2025-12-08 10:09:17,766] [WARNING] 遇到非有限 loss (NaN/Inf)，跳过该 batch
[2025-12-08 10:09:17,774] [WARNING] 遇到非有限 loss (NaN/Inf)，跳过该 batch
[2025-12-08 10:09:17,782] [WARNING] 遇到非有限 loss (NaN/Inf)，跳过该 batch
[2025-12-08 10:09:17,790] [WARNING] 遇到非有限 loss (NaN/Inf)，跳过该 batch
[2025-12-08 10:09:17,798] [WARNING] 遇到非有限 loss (NaN/Inf)，跳过该 batch
[2025-12-08 10:09:17,806] [WARNING] 遇到非有限 loss (NaN/Inf)，跳过该 batch
[2025-12-08 10:09:17,813] [WARNING] 遇到非有限 loss (NaN/Inf)，跳过该 batch
[2025-12-08 10:09:17,821] [WARNING] 遇到非有限 loss (NaN/Inf)，跳过该 batch
[2025-12-08 10:09:17,829] [WARNING] 遇到非有限 loss (NaN/Inf)，跳过该 batch
[2025-12-08 10:09:17,837] [WARNING] 遇到非有限 loss (NaN/Inf)，跳过该 batch
[2025-12-08 10:09:17,844] [WARNING] 遇到非有限 loss (NaN/Inf)，跳过该 batch
[2025-12-08 10:09:17,852] [WARNING] 遇到非有限 loss (NaN/Inf)，跳过该 batch
[2025-12-08 10:09:17,860] [WARNING] 遇到非有限 loss (NaN/Inf)，跳过该 batch
[2025-12-08 10:09:17,867] [WARNING] 遇到非有限 loss (NaN/Inf)，跳过该 batch
[2025-12-08 10:09:17,875] [WARNING] 遇到非有限 loss (NaN/Inf)，跳过该 batch
[2025-12-08 10:09:17,883] [WARNING] 遇到非有限 loss (NaN/Inf)，跳过该 batch
[2025-12-08 10:09:17,891] [WARNING] 遇到非有限 loss (NaN/Inf)，跳过该 batch
[2025-12-08 10:09:17,899] [WARNING] 遇到非有限 loss (NaN/Inf)，跳过该 batch
[2025-12-08 10:09:17,907] [WARNING] 遇到非有限 loss (NaN/Inf)，跳过该 batch
[2025-12-08 10:09:17,914] [WARNING] 遇到非有限 loss (NaN/Inf)，跳过该 batch
[2025-12-08 10:09:17,922] [WARNING] 遇到非有限 loss (NaN/Inf)，跳过该 batch
[2025-12-08 10:09:17,930] [WARNING] 遇到非有限 loss (NaN/Inf)，跳过该 batch
[2025-12-08 10:09:17,937] [WARNING] 遇到非有限 loss (NaN/Inf)，跳过该 batch
[2025-12-08 10:09:17,945] [WARNING] 遇到非有限 loss (NaN/Inf)，跳过该 batch
[2025-12-08 10:09:17,953] [WARNING] 遇到非有限 loss (NaN/Inf)，跳过该 batch
[2025-12-08 10:09:17,961] [WARNING] 遇到非有限 loss (NaN/Inf)，跳过该 batch
[2025-12-08 10:09:17,968] [WARNING] 遇到非有限 loss (NaN/Inf)，跳过该 batch
[2025-12-08 10:09:17,976] [WARNING] 遇到非有限 loss (NaN/Inf)，跳过该 batch
[2025-12-08 10:09:17,984] [WARNING] 遇到非有限 loss (NaN/Inf)，跳过该 batch
[2025-12-08 10:09:17,991] [WARNING] 遇到非有限 loss (NaN/Inf)，跳过该 batch
[2025-12-08 10:09:17,999] [WARNING] 遇到非有限 loss (NaN/Inf)，跳过该 batch
[2025-12-08 10:09:18,007] [WARNING] 遇到非有限 loss (NaN/Inf)，跳过该 batch
[2025-12-08 10:09:18,015] [WARNING] 遇到非有限 loss (NaN/Inf)，跳过该 batch
[2025-12-08 10:09:18,022] [WARNING] 遇到非有限 loss (NaN/Inf)，跳过该 batch
[2025-12-08 10:09:18,030] [WARNING] 遇到非有限 loss (NaN/Inf)，跳过该 batch
[2025-12-08 10:09:18,038] [WARNING] 遇到非有限 loss (NaN/Inf)，跳过该 batch
[2025-12-08 10:09:18,045] [WARNING] 遇到非有限 loss (NaN/Inf)，跳过该 batch
[2025-12-08 10:09:18,053] [WARNING] 遇到非有限 loss (NaN/Inf)，跳过该 batch
[2025-12-08 10:09:18,061] [WARNING] 遇到非有限 loss (NaN/Inf)，跳过该 batch
[2025-12-08 10:09:18,069] [WARNING] 遇到非有限 loss (NaN/Inf)，跳过该 batch
[2025-12-08 10:09:18,077] [WARNING] 遇到非有限 loss (NaN/Inf)，跳过该 batch
[2025-12-08 10:09:18,084] [WARNING] 遇到非有限 loss (NaN/Inf)，跳过该 batch
[2025-12-08 10:09:18,092] [WARNING] 遇到非有限 loss (NaN/Inf)，跳过该 batch
[2025-12-08 10:09:18,100] [WARNING] 遇到非有限 loss (NaN/Inf)，跳过该 batch
[2025-12-08 10:09:18,107] [WARNING] 遇到非有限 loss (NaN/Inf)，跳过该 batch
[2025-12-08 10:09:18,115] [WARNING] 遇到非有限 loss (NaN/Inf)，跳过该 batch
[2025-12-08 10:09:18,123] [WARNING] 遇到非有限 loss (NaN/Inf)，跳过该 batch
[2025-12-08 10:09:18,131] [WARNING] 遇到非有限 loss (NaN/Inf)，跳过该 batch
[2025-12-08 10:09:18,138] [WARNING] 遇到非有限 loss (NaN/Inf)，跳过该 batch
[2025-12-08 10:09:18,146] [WARNING] 遇到非有限 loss (NaN/Inf)，跳过该 batch
[2025-12-08 10:09:18,154] [WARNING] 遇到非有限 loss (NaN/Inf)，跳过该 batch
[2025-12-08 10:09:18,162] [WARNING] 遇到非有限 loss (NaN/Inf)，跳过该 batch
[2025-12-08 10:09:18,169] [WARNING] 遇到非有限 loss (NaN/Inf)，跳过该 batch
[2025-12-08 10:09:18,177] [WARNING] 遇到非有限 loss (NaN/Inf)，跳过该 batch
[2025-12-08 10:09:18,185] [WARNING] 遇到非有限 loss (NaN/Inf)，跳过该 batch
[2025-12-08 10:09:18,192] [WARNING] 遇到非有限 loss (NaN/Inf)，跳过该 batch
[2025-12-08 10:09:18,200] [WARNING] 遇到非有限 loss (NaN/Inf)，跳过该 batch
[2025-12-08 10:09:18,208] [WARNING] 遇到非有限 loss (NaN/Inf)，跳过该 batch
[2025-12-08 10:09:18,216] [WARNING] 遇到非有限 loss (NaN/Inf)，跳过该 batch
[2025-12-08 10:09:18,224] [WARNING] 遇到非有限 loss (NaN/Inf)，跳过该 batch
[2025-12-08 10:09:18,231] [WARNING] 遇到非有限 loss (NaN/Inf)，跳过该 batch
[2025-12-08 10:09:18,239] [WARNING] 遇到非有限 loss (NaN/Inf)，跳过该 batch
[2025-12-08 10:09:18,247] [WARNING] 遇到非有限 loss (NaN/Inf)，跳过该 batch
[2025-12-08 10:09:18,255] [WARNING] 遇到非有限 loss (NaN/Inf)，跳过该 batch
[2025-12-08 10:09:18,262] [WARNING] 遇到非有限 loss (NaN/Inf)，跳过该 batch
[2025-12-08 10:09:18,270] [WARNING] 遇到非有限 loss (NaN/Inf)，跳过该 batch
[2025-12-08 10:09:18,278] [WARNING] 遇到非有限 loss (NaN/Inf)，跳过该 batch
[2025-12-08 10:09:18,285] [WARNING] 遇到非有限 loss (NaN/Inf)，跳过该 batch
[2025-12-08 10:09:18,293] [WARNING] 遇到非有限 loss (NaN/Inf)，跳过该 batch
[2025-12-08 10:09:18,301] [WARNING] 遇到非有限 loss (NaN/Inf)，跳过该 batch
[2025-12-08 10:09:18,309] [WARNING] 遇到非有限 loss (NaN/Inf)，跳过该 batch
[2025-12-08 10:09:18,317] [WARNING] 遇到非有限 loss (NaN/Inf)，跳过该 batch
[2025-12-08 10:09:18,324] [WARNING] 遇到非有限 loss (NaN/Inf)，跳过该 batch
[2025-12-08 10:09:18,332] [WARNING] 遇到非有限 loss (NaN/Inf)，跳过该 batch
[2025-12-08 10:09:18,340] [WARNING] 遇到非有限 loss (NaN/Inf)，跳过该 batch
[2025-12-08 10:09:18,348] [WARNING] 遇到非有限 loss (NaN/Inf)，跳过该 batch
[2025-12-08 10:09:18,355] [WARNING] 遇到非有限 loss (NaN/Inf)，跳过该 batch
[2025-12-08 10:09:18,363] [WARNING] 遇到非有限 loss (NaN/Inf)，跳过该 batch
[2025-12-08 10:09:18,371] [WARNING] 遇到非有限 loss (NaN/Inf)，跳过该 batch
[2025-12-08 10:09:18,379] [WARNING] 遇到非有限 loss (NaN/Inf)，跳过该 batch
[2025-12-08 10:09:18,386] [WARNING] 遇到非有限 loss (NaN/Inf)，跳过该 batch
[2025-12-08 10:09:18,394] [WARNING] 遇到非有限 loss (NaN/Inf)，跳过该 batch
[2025-12-08 10:09:18,402] [WARNING] 遇到非有限 loss (NaN/Inf)，跳过该 batch
[2025-12-08 10:09:18,410] [WARNING] 遇到非有限 loss (NaN/Inf)，跳过该 batch
[2025-12-08 10:09:18,418] [WARNING] 遇到非有限 loss (NaN/Inf)，跳过该 batch
[2025-12-08 10:09:18,425] [WARNING] 遇到非有限 loss (NaN/Inf)，跳过该 batch
[2025-12-08 10:09:18,433] [WARNING] 遇到非有限 loss (NaN/Inf)，跳过该 batch
[2025-12-08 10:09:18,441] [WARNING] 遇到非有限 loss (NaN/Inf)，跳过该 batch
[2025-12-08 10:09:18,449] [WARNING] 遇到非有限 loss (NaN/Inf)，跳过该 batch
[2025-12-08 10:09:18,456] [WARNING] 遇到非有限 loss (NaN/Inf)，跳过该 batch
[2025-12-08 10:09:18,464] [WARNING] 遇到非有限 loss (NaN/Inf)，跳过该 batch
[2025-12-08 10:09:18,472] [WARNING] 遇到非有限 loss (NaN/Inf)，跳过该 batch
[2025-12-08 10:09:18,480] [WARNING] 遇到非有限 loss (NaN/Inf)，跳过该 batch
[2025-12-08 10:09:18,487] [WARNING] 遇到非有限 loss (NaN/Inf)，跳过该 batch
[2025-12-08 10:09:18,495] [WARNING] 遇到非有限 loss (NaN/Inf)，跳过该 batch
[2025-12-08 10:09:18,503] [WARNING] 遇到非有限 loss (NaN/Inf)，跳过该 batch
[2025-12-08 10:09:18,511] [WARNING] 遇到非有限 loss (NaN/Inf)，跳过该 batch
[2025-12-08 10:09:18,519] [WARNING] 遇到非有限 loss (NaN/Inf)，跳过该 batch
[2025-12-08 10:09:18,526] [WARNING] 遇到非有限 loss (NaN/Inf)，跳过该 batch
[2025-12-08 10:09:18,534] [WARNING] 遇到非有限 loss (NaN/Inf)，跳过该 batch
[2025-12-08 10:09:18,542] [WARNING] 遇到非有限 loss (NaN/Inf)，跳过该 batch
[2025-12-08 10:09:18,550] [WARNING] 遇到非有限 loss (NaN/Inf)，跳过该 batch
[2025-12-08 10:09:18,558] [WARNING] 遇到非有限 loss (NaN/Inf)，跳过该 batch
[2025-12-08 10:09:18,565] [WARNING] 遇到非有限 loss (NaN/Inf)，跳过该 batch
[2025-12-08 10:09:18,573] [WARNING] 遇到非有限 loss (NaN/Inf)，跳过该 batch
[2025-12-08 10:09:18,581] [WARNING] 遇到非有限 loss (NaN/Inf)，跳过该 batch
[2025-12-08 10:09:18,589] [WARNING] 遇到非有限 loss (NaN/Inf)，跳过该 batch
[2025-12-08 10:09:18,596] [WARNING] 遇到非有限 loss (NaN/Inf)，跳过该 batch
[2025-12-08 10:09:18,604] [WARNING] 遇到非有限 loss (NaN/Inf)，跳过该 batch
[2025-12-08 10:09:18,612] [WARNING] 遇到非有限 loss (NaN/Inf)，跳过该 batch
[2025-12-08 10:09:18,620] [WARNING] 遇到非有限 loss (NaN/Inf)，跳过该 batch
[2025-12-08 10:09:18,627] [WARNING] 遇到非有限 loss (NaN/Inf)，跳过该 batch
[2025-12-08 10:09:18,635] [WARNING] 遇到非有限 loss (NaN/Inf)，跳过该 batch
[2025-12-08 10:09:18,643] [WARNING] 遇到非有限 loss (NaN/Inf)，跳过该 batch
[2025-12-08 10:09:18,651] [WARNING] 遇到非有限 loss (NaN/Inf)，跳过该 batch
[2025-12-08 10:09:18,658] [WARNING] 遇到非有限 loss (NaN/Inf)，跳过该 batch
[2025-12-08 10:09:18,666] [WARNING] 遇到非有限 loss (NaN/Inf)，跳过该 batch
[2025-12-08 10:09:18,674] [WARNING] 遇到非有限 loss (NaN/Inf)，跳过该 batch
[2025-12-08 10:09:18,681] [WARNING] 遇到非有限 loss (NaN/Inf)，跳过该 batch
[2025-12-08 10:09:18,689] [WARNING] 遇到非有限 loss (NaN/Inf)，跳过该 batch
[2025-12-08 10:09:18,697] [WARNING] 遇到非有限 loss (NaN/Inf)，跳过该 batch
[2025-12-08 10:09:18,705] [WARNING] 遇到非有限 loss (NaN/Inf)，跳过该 batch
[2025-12-08 10:09:18,712] [WARNING] 遇到非有限 loss (NaN/Inf)，跳过该 batch
[2025-12-08 10:09:18,720] [WARNING] 遇到非有限 loss (NaN/Inf)，跳过该 batch
[2025-12-08 10:09:18,728] [WARNING] 遇到非有限 loss (NaN/Inf)，跳过该 batch
[2025-12-08 10:09:18,736] [WARNING] 遇到非有限 loss (NaN/Inf)，跳过该 batch
[2025-12-08 10:09:18,743] [WARNING] 遇到非有限 loss (NaN/Inf)，跳过该 batch
[2025-12-08 10:09:18,751] [WARNING] 遇到非有限 loss (NaN/Inf)，跳过该 batch
[2025-12-08 10:09:18,759] [WARNING] 遇到非有限 loss (NaN/Inf)，跳过该 batch
[2025-12-08 10:09:18,767] [WARNING] 遇到非有限 loss (NaN/Inf)，跳过该 batch
[2025-12-08 10:09:18,774] [WARNING] 遇到非有限 loss (NaN/Inf)，跳过该 batch
[2025-12-08 10:09:18,782] [WARNING] 遇到非有限 loss (NaN/Inf)，跳过该 batch
[2025-12-08 10:09:18,790] [WARNING] 遇到非有限 loss (NaN/Inf)，跳过该 batch
[2025-12-08 10:09:18,798] [WARNING] 遇到非有限 loss (NaN/Inf)，跳过该 batch
[2025-12-08 10:09:18,806] [WARNING] 遇到非有限 loss (NaN/Inf)，跳过该 batch
[2025-12-08 10:09:18,813] [WARNING] 遇到非有限 loss (NaN/Inf)，跳过该 batch
[2025-12-08 10:09:18,821] [WARNING] 遇到非有限 loss (NaN/Inf)，跳过该 batch
[2025-12-08 10:09:18,829] [WARNING] 遇到非有限 loss (NaN/Inf)，跳过该 batch
[2025-12-08 10:09:18,837] [WARNING] 遇到非有限 loss (NaN/Inf)，跳过该 batch
[2025-12-08 10:09:18,845] [WARNING] 遇到非有限 loss (NaN/Inf)，跳过该 batch
[2025-12-08 10:09:18,852] [WARNING] 遇到非有限 loss (NaN/Inf)，跳过该 batch
[2025-12-08 10:09:18,860] [WARNING] 遇到非有限 loss (NaN/Inf)，跳过该 batch
[2025-12-08 10:09:18,868] [WARNING] 遇到非有限 loss (NaN/Inf)，跳过该 batch
[2025-12-08 10:09:18,876] [WARNING] 遇到非有限 loss (NaN/Inf)，跳过该 batch
[2025-12-08 10:09:18,883] [WARNING] 遇到非有限 loss (NaN/Inf)，跳过该 batch
[2025-12-08 10:09:18,891] [WARNING] 遇到非有限 loss (NaN/Inf)，跳过该 batch
[2025-12-08 10:09:18,899] [WARNING] 遇到非有限 loss (NaN/Inf)，跳过该 batch
[2025-12-08 10:09:18,907] [WARNING] 遇到非有限 loss (NaN/Inf)，跳过该 batch
[2025-12-08 10:09:18,915] [WARNING] 遇到非有限 loss (NaN/Inf)，跳过该 batch
[2025-12-08 10:09:18,923] [WARNING] 遇到非有限 loss (NaN/Inf)，跳过该 batch
[2025-12-08 10:09:18,931] [WARNING] 遇到非有限 loss (NaN/Inf)，跳过该 batch
[2025-12-08 10:09:18,939] [WARNING] 遇到非有限 loss (NaN/Inf)，跳过该 batch
[2025-12-08 10:09:18,947] [WARNING] 遇到非有限 loss (NaN/Inf)，跳过该 batch
[2025-12-08 10:09:18,954] [WARNING] 遇到非有限 loss (NaN/Inf)，跳过该 batch
[2025-12-08 10:09:18,962] [WARNING] 遇到非有限 loss (NaN/Inf)，跳过该 batch
[2025-12-08 10:09:18,970] [WARNING] 遇到非有限 loss (NaN/Inf)，跳过该 batch
[2025-12-08 10:09:18,978] [WARNING] 遇到非有限 loss (NaN/Inf)，跳过该 batch
[2025-12-08 10:09:18,985] [WARNING] 遇到非有限 loss (NaN/Inf)，跳过该 batch
[2025-12-08 10:09:18,993] [WARNING] 遇到非有限 loss (NaN/Inf)，跳过该 batch
[2025-12-08 10:09:19,001] [WARNING] 遇到非有限 loss (NaN/Inf)，跳过该 batch
[2025-12-08 10:09:19,009] [WARNING] 遇到非有限 loss (NaN/Inf)，跳过该 batch
[2025-12-08 10:09:19,017] [WARNING] 遇到非有限 loss (NaN/Inf)，跳过该 batch
